# Blender 4.4.3
# www.blender.org
mtllib torso_link3.mtl
o torso_link3
v -0.037606 -0.037353 0.047900
v -0.044081 -0.041626 0.047900
v -0.044305 -0.040305 0.047900
v -0.037477 -0.037477 0.047900
v -0.036530 -0.038984 0.047900
v -0.036305 -0.040305 0.047900
v -0.037606 -0.043258 0.047900
v -0.039328 -0.044184 0.047900
v -0.041282 -0.044184 0.047900
v -0.041282 -0.036426 0.047900
v -0.039328 -0.036426 0.047900
v -0.043004 -0.037353 0.047900
v -0.044081 -0.038984 0.047900
v -0.036530 -0.041626 0.047900
v -0.043004 -0.043258 0.047900
v 0.037353 -0.037606 0.047900
v 0.043258 -0.043004 0.047900
v 0.041626 -0.044081 0.047900
v 0.037477 -0.037477 0.047900
v 0.038984 -0.036530 0.047900
v 0.040305 -0.036305 0.047900
v 0.038984 -0.044081 0.047900
v 0.037353 -0.043004 0.047900
v 0.036426 -0.041283 0.047900
v 0.044184 -0.039328 0.047900
v 0.044184 -0.041283 0.047900
v 0.043258 -0.037606 0.047900
v 0.041626 -0.036530 0.047900
v 0.040305 -0.044305 0.047900
v 0.036426 -0.039328 0.047900
v 0.037606 0.037353 0.047900
v 0.037477 0.037477 0.047900
v 0.044081 0.041626 0.047900
v 0.036530 0.038984 0.047900
v 0.036305 0.040305 0.047900
v 0.036530 0.041626 0.047900
v 0.044081 0.038984 0.047900
v 0.043004 0.037353 0.047900
v 0.041282 0.036426 0.047900
v 0.043004 0.043257 0.047900
v 0.041282 0.044184 0.047900
v 0.039328 0.044184 0.047900
v 0.037606 0.043257 0.047900
v 0.044305 0.040305 0.047900
v 0.039328 0.036426 0.047900
v -0.037353 0.037606 0.047900
v -0.041626 0.044081 0.047900
v -0.040305 0.044305 0.047900
v -0.037477 0.037477 0.047900
v -0.038984 0.036529 0.047900
v -0.040305 0.036305 0.047900
v -0.043258 0.037606 0.047900
v -0.044184 0.039328 0.047900
v -0.044184 0.041282 0.047900
v -0.036426 0.041282 0.047900
v -0.036426 0.039328 0.047900
v -0.037353 0.043004 0.047900
v -0.038984 0.044081 0.047900
v -0.041626 0.036529 0.047900
v -0.043258 0.043004 0.047900
v 0.002650 0.069000 0.029983
v 0.002650 0.069000 0.033100
v 0.002448 0.070014 0.030000
v 0.002501 0.069875 0.033100
v 0.001788 0.070956 0.033100
v 0.000647 0.071570 0.033100
v 0.001014 0.071448 0.030083
v 0.001874 0.070874 0.030042
v -0.000648 0.071570 0.033100
v -0.000000 0.071650 0.030100
v 0.000647 0.071570 0.030093
v -0.001874 0.070874 0.030042
v -0.001015 0.071448 0.030083
v -0.000648 0.071570 0.030093
v -0.001788 0.070956 0.033100
v -0.002501 0.069875 0.033100
v -0.002439 0.070036 0.030001
v -0.002650 0.069000 0.033100
v -0.002650 0.069000 0.029983
v -0.002448 0.067986 0.030000
v -0.002501 0.068125 0.033100
v -0.001788 0.067044 0.033100
v -0.000648 0.066430 0.033100
v -0.001015 0.066552 0.030083
v -0.001874 0.067126 0.030042
v 0.000647 0.066430 0.033100
v -0.000000 0.066350 0.030100
v -0.000648 0.066430 0.030093
v 0.001874 0.067126 0.030042
v 0.001014 0.066552 0.030083
v 0.000647 0.066430 0.030093
v 0.001788 0.067044 0.033100
v 0.002501 0.068125 0.033100
v 0.002439 0.067964 0.030001
v -0.022068 0.074800 0.020423
v -0.022436 0.075300 0.020761
v -0.018908 0.074800 0.023391
v -0.019223 0.075300 0.023780
v -0.013173 0.074800 0.027053
v -0.013393 0.075300 0.027502
v -0.006761 0.074800 0.029328
v -0.006873 0.075300 0.029816
v -0.000000 0.074800 0.030100
v -0.000000 0.075300 0.030600
v 0.006760 0.074800 0.029328
v 0.006873 0.075300 0.029816
v 0.013173 0.074800 0.027053
v 0.013393 0.075300 0.027502
v 0.018908 0.074800 0.023391
v 0.019223 0.075300 0.023780
v 0.022068 0.074800 0.020423
v 0.022436 0.075300 0.020761
v -0.036305 -0.040305 0.033400
v -0.036530 -0.041626 0.033400
v -0.037606 -0.043258 0.033400
v -0.039328 -0.044184 0.033400
v -0.041282 -0.044184 0.033400
v -0.043004 -0.043258 0.033400
v -0.044081 -0.041626 0.033400
v -0.044305 -0.040305 0.033400
v -0.036530 -0.038984 0.033400
v -0.044081 -0.038984 0.033400
v -0.043004 -0.037353 0.033400
v -0.041282 -0.036426 0.033400
v -0.039328 -0.036426 0.033400
v -0.037606 -0.037353 0.033400
v 0.040305 -0.036305 0.033400
v 0.041626 -0.036530 0.033400
v 0.043258 -0.037606 0.033400
v 0.044184 -0.039328 0.033400
v 0.044184 -0.041283 0.033400
v 0.043258 -0.043004 0.033400
v 0.041626 -0.044081 0.033400
v 0.040305 -0.044305 0.033400
v 0.038984 -0.036530 0.033400
v 0.038984 -0.044081 0.033400
v 0.037353 -0.043004 0.033400
v 0.036426 -0.041283 0.033400
v 0.036426 -0.039328 0.033400
v 0.037353 -0.037606 0.033400
v 0.036305 0.040305 0.033400
v 0.036530 0.041626 0.033400
v 0.037606 0.043258 0.033400
v 0.039328 0.044184 0.033400
v 0.041282 0.044184 0.033400
v 0.043004 0.043258 0.033400
v 0.044081 0.041626 0.033400
v 0.044305 0.040305 0.033400
v 0.036530 0.038984 0.033400
v 0.044081 0.038984 0.033400
v 0.043004 0.037353 0.033400
v 0.041282 0.036426 0.033400
v 0.039328 0.036426 0.033400
v 0.037606 0.037353 0.033400
v -0.040305 0.036305 0.033400
v -0.041626 0.036530 0.033400
v -0.043258 0.037606 0.033400
v -0.044184 0.039328 0.033400
v -0.044184 0.041282 0.033400
v -0.043258 0.043004 0.033400
v -0.041626 0.044081 0.033400
v -0.040305 0.044305 0.033400
v -0.038984 0.036530 0.033400
v -0.038984 0.044081 0.033400
v -0.037353 0.043004 0.033400
v -0.036426 0.041282 0.033400
v -0.036426 0.039328 0.033400
v -0.037353 0.037606 0.033400
v -0.005108 0.069000 0.033100
v -0.004827 0.067349 0.033100
v -0.003481 0.065309 0.033100
v -0.001330 0.064152 0.033100
v 0.001114 0.064152 0.033100
v 0.003265 0.065309 0.033100
v 0.004611 0.067349 0.033100
v 0.004892 0.069000 0.033100
v 0.004611 0.070651 0.033100
v 0.003265 0.072691 0.033100
v 0.001114 0.073848 0.033100
v -0.001330 0.073848 0.033100
v -0.003481 0.072691 0.033100
v -0.004827 0.070651 0.033100
v -0.022603 0.075300 0.020642
v -0.022402 0.074800 0.020184
v -0.022804 0.075300 0.020600
v -0.022804 0.074800 0.020100
v 0.021903 0.063000 0.020600
v -0.021903 0.063000 0.020600
v -0.018908 0.063000 0.023391
v 0.006760 0.063000 0.029328
v 0.013173 0.063000 0.027053
v 0.018908 0.063000 0.023391
v -0.000000 0.063000 0.030100
v -0.013173 0.063000 0.027053
v -0.006761 0.063000 0.029328
v -0.022068 0.062822 0.020423
v 0.022068 0.062823 0.020423
v 0.022803 0.075300 0.020600
v 0.022803 0.074800 0.020100
v 0.022603 0.075300 0.020642
v 0.022402 0.074800 0.020184
v 0.027749 0.075300 0.020600
v 0.025876 0.075300 0.022918
v 0.020495 0.075300 0.027853
v 0.014195 0.075300 0.031544
v 0.007260 0.075300 0.033828
v -0.000000 0.075300 0.034600
v -0.007260 0.075300 0.033828
v -0.014196 0.075300 0.031544
v -0.020495 0.075300 0.027853
v -0.025876 0.075300 0.022918
v -0.027749 0.075300 0.020600
v 0.028517 0.074800 0.020392
v 0.028225 0.074800 0.020100
v -0.028225 0.074800 0.020100
v -0.028517 0.074800 0.020392
v -0.038005 -0.040305 0.033400
v -0.038134 -0.039546 0.033400
v -0.038753 -0.038607 0.033400
v -0.039743 -0.038075 0.033400
v -0.040867 -0.038075 0.033400
v -0.041857 -0.038607 0.033400
v -0.042476 -0.039546 0.033400
v -0.042605 -0.040305 0.033400
v -0.042476 -0.041065 0.033400
v -0.041857 -0.042003 0.033400
v -0.040867 -0.042535 0.033400
v -0.039743 -0.042535 0.033400
v -0.038753 -0.042003 0.033400
v -0.038134 -0.041065 0.033400
v 0.042476 -0.041065 0.033400
v 0.041857 -0.042003 0.033400
v 0.040867 -0.042535 0.033400
v 0.040305 -0.042605 0.033400
v 0.039743 -0.042535 0.033400
v 0.038753 -0.042003 0.033400
v 0.038134 -0.041065 0.033400
v 0.038005 -0.040305 0.033400
v 0.038134 -0.039546 0.033400
v 0.038753 -0.038607 0.033400
v 0.039743 -0.038075 0.033400
v 0.040305 -0.038005 0.033400
v 0.040867 -0.038075 0.033400
v 0.041857 -0.038607 0.033400
v 0.042476 -0.039546 0.033400
v 0.042605 -0.040305 0.033400
v 0.038005 0.040305 0.033400
v 0.038134 0.039545 0.033400
v 0.038753 0.038607 0.033400
v 0.039743 0.038075 0.033400
v 0.040867 0.038075 0.033400
v 0.041857 0.038607 0.033400
v 0.042476 0.039545 0.033400
v 0.042605 0.040305 0.033400
v 0.042476 0.041065 0.033400
v 0.041857 0.042003 0.033400
v 0.040867 0.042535 0.033400
v 0.039743 0.042535 0.033400
v 0.038753 0.042003 0.033400
v 0.038134 0.041065 0.033400
v -0.038134 0.039545 0.033400
v -0.038753 0.038607 0.033400
v -0.039743 0.038075 0.033400
v -0.040305 0.038005 0.033400
v -0.040867 0.038075 0.033400
v -0.041857 0.038607 0.033400
v -0.042476 0.039545 0.033400
v -0.042605 0.040305 0.033400
v -0.042476 0.041065 0.033400
v -0.041857 0.042003 0.033400
v -0.040867 0.042535 0.033400
v -0.040305 0.042605 0.033400
v -0.039743 0.042535 0.033400
v -0.038753 0.042003 0.033400
v -0.038134 0.041065 0.033400
v -0.038005 0.040305 0.033400
v 0.000549 0.064043 0.035096
v -0.000000 0.064001 0.035100
v -0.003835 0.065667 0.034889
v -0.003482 0.065309 0.034927
v -0.002733 0.064744 0.034993
v -0.001418 0.064175 0.035071
v -0.004630 0.066867 0.034792
v -0.005047 0.068219 0.034734
v -0.005108 0.069000 0.034725
v 0.004892 0.069000 0.034757
v 0.004688 0.067586 0.034785
v 0.004090 0.066285 0.034860
v 0.003265 0.065309 0.034947
v 0.001114 0.064152 0.035082
v 0.001928 0.064433 0.035047
v 0.003145 0.065203 0.034958
v 0.003758 0.072170 0.034898
v 0.003265 0.072691 0.034947
v -0.000782 0.073954 0.035091
v -0.000000 0.073999 0.035100
v 0.002697 0.073139 0.034996
v 0.001409 0.073764 0.035072
v 0.001114 0.073848 0.035082
v 0.004501 0.070938 0.034809
v 0.004862 0.069550 0.034761
v -0.004904 0.070413 0.034755
v -0.004306 0.071716 0.034834
v -0.003481 0.072691 0.034927
v -0.001330 0.073848 0.035075
v -0.002143 0.073567 0.035034
v -0.003360 0.072798 0.034938
v 0.020792 0.074800 0.028255
v 0.026251 0.074800 0.023249
v 0.024990 0.074800 0.024605
v 0.007365 0.074800 0.034316
v 0.012775 0.074800 0.032685
v 0.014401 0.074800 0.032000
v 0.019310 0.074800 0.029291
v -0.000000 0.074800 0.035100
v -0.007366 0.074800 0.034316
v -0.012703 0.074800 0.032714
v -0.014401 0.074800 0.032000
v -0.019208 0.074800 0.029358
v -0.020792 0.074800 0.028255
v -0.024873 0.074800 0.024724
v -0.026251 0.074800 0.023249
v -0.022804 0.062500 0.020100
v -0.022466 0.062559 0.020159
v -0.022150 0.062742 0.020343
v 0.022462 0.062560 0.020160
v 0.022803 0.062500 0.020100
v -0.000000 0.062500 0.020100
v 0.022100 0.062789 0.020389
v 0.028517 0.056320 0.020392
v 0.028225 0.056319 0.020100
v -0.028517 0.056319 0.020392
v -0.028225 0.056319 0.020100
v 0.049000 -0.000000 0.020600
v 0.049500 -0.000000 0.020100
v 0.048970 -0.001710 0.020600
v 0.049470 -0.001728 0.020100
v 0.047744 -0.011023 0.020600
v 0.048231 -0.011135 0.020100
v 0.044764 -0.019930 0.020600
v 0.045220 -0.020134 0.020100
v 0.040138 -0.028105 0.020600
v 0.040548 -0.028392 0.020100
v 0.034038 -0.035248 0.020600
v 0.034386 -0.035607 0.020100
v 0.026687 -0.041095 0.020600
v 0.026960 -0.041514 0.020100
v 0.018356 -0.045432 0.020600
v 0.018543 -0.045896 0.020100
v 0.009350 -0.048100 0.020600
v 0.009445 -0.048591 0.020100
v -0.000000 -0.049000 0.020600
v -0.000000 -0.049500 0.020100
v -0.009350 -0.048100 0.020600
v -0.009445 -0.048591 0.020100
v -0.018356 -0.045432 0.020600
v -0.018543 -0.045896 0.020100
v -0.026687 -0.041095 0.020600
v -0.026960 -0.041514 0.020100
v -0.034038 -0.035248 0.020600
v -0.034386 -0.035607 0.020100
v -0.040138 -0.028105 0.020600
v -0.040548 -0.028392 0.020100
v -0.044764 -0.019930 0.020600
v -0.045221 -0.020134 0.020100
v -0.047744 -0.011023 0.020600
v -0.048231 -0.011135 0.020100
v -0.048970 -0.001710 0.020600
v -0.049470 -0.001728 0.020100
v -0.049000 -0.000000 0.020600
v -0.049500 -0.000000 0.020100
v -0.048970 0.001710 0.020600
v -0.049470 0.001728 0.020100
v -0.047744 0.011023 0.020600
v -0.048231 0.011135 0.020100
v -0.044764 0.019930 0.020600
v -0.045221 0.020133 0.020100
v -0.040138 0.028105 0.020600
v -0.040548 0.028392 0.020100
v -0.034038 0.035248 0.020600
v -0.034386 0.035607 0.020100
v -0.026687 0.041095 0.020600
v -0.026960 0.041514 0.020100
v -0.018356 0.045432 0.020600
v -0.018543 0.045896 0.020100
v -0.009350 0.048100 0.020600
v -0.009445 0.048591 0.020100
v -0.000000 0.049000 0.020600
v -0.000000 0.049500 0.020100
v 0.009350 0.048100 0.020600
v 0.009445 0.048591 0.020100
v 0.018356 0.045432 0.020600
v 0.018543 0.045896 0.020100
v 0.026687 0.041095 0.020600
v 0.026960 0.041514 0.020100
v 0.034038 0.035248 0.020600
v 0.034386 0.035607 0.020100
v 0.040138 0.028105 0.020600
v 0.040548 0.028392 0.020100
v 0.044764 0.019930 0.020600
v 0.045220 0.020133 0.020100
v 0.047744 0.011023 0.020600
v 0.048231 0.011135 0.020100
v 0.048970 0.001710 0.020600
v 0.049470 0.001728 0.020100
v -0.038005 -0.040305 0.020100
v -0.038134 -0.041065 0.020100
v -0.038753 -0.042003 0.020100
v -0.039743 -0.042535 0.020100
v -0.040867 -0.042535 0.020100
v -0.041857 -0.042003 0.020100
v -0.042476 -0.041065 0.020100
v -0.042605 -0.040305 0.020100
v -0.042476 -0.039545 0.020100
v -0.041857 -0.038607 0.020100
v -0.040867 -0.038075 0.020100
v -0.039743 -0.038075 0.020100
v -0.038753 -0.038607 0.020100
v -0.038134 -0.039545 0.020100
v 0.042605 -0.040305 0.020100
v 0.042476 -0.041065 0.020100
v 0.041857 -0.042003 0.020100
v 0.040867 -0.042535 0.020100
v 0.039743 -0.042535 0.020100
v 0.038005 -0.040305 0.020100
v 0.038134 -0.041065 0.020100
v 0.038753 -0.042003 0.020100
v 0.038134 -0.039545 0.020100
v 0.038753 -0.038607 0.020100
v 0.039743 -0.038075 0.020100
v 0.040867 -0.038075 0.020100
v 0.042476 -0.039545 0.020100
v 0.041857 -0.038607 0.020100
v 0.042605 0.040305 0.020100
v 0.042476 0.039545 0.020100
v 0.041857 0.038607 0.020100
v 0.040867 0.038075 0.020100
v 0.039743 0.038075 0.020100
v 0.038753 0.038607 0.020100
v 0.038134 0.039545 0.020100
v 0.038005 0.040305 0.020100
v 0.038134 0.041065 0.020100
v 0.038753 0.042003 0.020100
v 0.039743 0.042535 0.020100
v 0.040867 0.042535 0.020100
v 0.041857 0.042003 0.020100
v 0.042476 0.041065 0.020100
v -0.038005 0.040305 0.020100
v -0.038134 0.039545 0.020100
v -0.038753 0.038607 0.020100
v -0.039743 0.038075 0.020100
v -0.040867 0.038075 0.020100
v -0.042605 0.040305 0.020100
v -0.042476 0.039545 0.020100
v -0.041857 0.038607 0.020100
v -0.042476 0.041065 0.020100
v -0.041857 0.042003 0.020100
v -0.040867 0.042535 0.020100
v -0.039743 0.042535 0.020100
v -0.038134 0.041065 0.020100
v -0.038753 0.042003 0.020100
v -0.004786 0.048766 0.041600
v -0.009350 0.048100 0.041600
v -0.010060 0.047956 0.041600
v -0.010475 0.047867 0.041602
v -0.010889 0.047775 0.041600
v -0.012136 0.047473 0.041793
v -0.013093 0.047218 0.042300
v -0.013805 0.047015 0.042300
v -0.002323 0.048945 0.041600
v -0.000000 0.049000 0.041600
v 0.004749 0.048769 0.041600
v 0.008386 0.048277 0.041600
v 0.013093 0.047218 0.042300
v 0.012136 0.047473 0.041793
v 0.013805 0.047015 0.042300
v 0.010475 0.047867 0.041602
v 0.010060 0.047956 0.041600
v 0.009350 0.048100 0.041600
v 0.010889 0.047775 0.041600
v 0.049000 -0.000000 0.042300
v -0.049000 -0.000000 0.042300
v -0.048501 0.006973 0.042300
v -0.046305 0.016026 0.042300
v -0.047744 0.011023 0.042300
v -0.042435 0.024500 0.042300
v -0.044764 0.019930 0.042300
v -0.037032 0.032088 0.042300
v -0.040138 0.028105 0.042300
v -0.030290 0.038517 0.042300
v -0.034038 0.035248 0.042300
v -0.018356 0.045432 0.042300
v -0.022453 0.043553 0.042300
v -0.026687 0.041095 0.042300
v 0.022453 0.043553 0.042300
v 0.018356 0.045432 0.042300
v 0.030290 0.038517 0.042300
v 0.026687 0.041095 0.042300
v 0.037032 0.032088 0.042300
v 0.034038 0.035248 0.042300
v 0.042435 0.024500 0.042300
v 0.040138 0.028105 0.042300
v 0.048501 0.006973 0.042300
v 0.047744 0.011023 0.042300
v 0.046305 0.016026 0.042300
v 0.044764 0.019930 0.042300
v 0.048944 -0.002332 0.042300
v 0.047619 -0.011552 0.042300
v 0.047744 -0.011023 0.042300
v 0.044572 -0.020355 0.042300
v 0.044764 -0.019930 0.042300
v 0.039914 -0.028423 0.042300
v 0.040138 -0.028105 0.042300
v 0.033814 -0.035463 0.042300
v 0.034038 -0.035248 0.042300
v 0.026491 -0.041221 0.042300
v 0.026687 -0.041095 0.042300
v -0.000000 -0.049000 0.042300
v 0.009273 -0.048115 0.042300
v 0.018211 -0.045490 0.042300
v 0.018356 -0.045432 0.042300
v -0.018211 -0.045490 0.042300
v -0.009273 -0.048115 0.042300
v -0.026491 -0.041221 0.042300
v -0.018356 -0.045432 0.042300
v -0.033814 -0.035463 0.042300
v -0.026687 -0.041095 0.042300
v -0.039914 -0.028423 0.042300
v -0.034038 -0.035248 0.042300
v -0.044572 -0.020355 0.042300
v -0.040138 -0.028105 0.042300
v -0.048945 -0.002332 0.042300
v -0.047744 -0.011023 0.042300
v -0.047619 -0.011552 0.042300
v -0.044764 -0.019930 0.042300
v 0.005679 0.063231 0.034636
v 0.004149 0.063356 0.034853
v -0.000000 0.063500 0.035100
v 0.026208 0.057494 0.023297
v 0.023276 0.058814 0.026239
v 0.019997 0.060076 0.028825
v 0.019312 0.060313 0.029290
v 0.016402 0.061218 0.031019
v 0.012527 0.062179 0.032782
v 0.008420 0.062906 0.034072
v -0.005645 0.063234 0.034642
v -0.004329 0.063344 0.034831
v -0.020059 0.060055 0.028782
v -0.019211 0.060347 0.029356
v -0.016492 0.061192 0.030971
v -0.012646 0.062153 0.032736
v -0.008570 0.062885 0.034035
v -0.026225 0.057486 0.023279
v -0.023313 0.058799 0.026206
v 0.028560 0.056009 0.020408
v 0.028685 0.055718 0.020453
v 0.028402 0.055502 0.020100
v 0.028880 0.055476 0.020518
v 0.028894 0.054856 0.020100
v 0.029127 0.055298 0.020600
v -0.028560 0.056007 0.020408
v -0.028269 0.055905 0.020100
v -0.028399 0.055509 0.020100
v -0.028687 0.055715 0.020453
v -0.028610 0.055153 0.020100
v -0.028884 0.055472 0.020520
v -0.028894 0.054855 0.020100
v -0.029127 0.055298 0.020600
v -0.058248 0.021241 0.020100
v -0.060968 0.011263 0.020100
v -0.061992 0.000972 0.020100
v -0.062000 -0.000000 0.020100
v -0.048066 0.039162 0.020100
v -0.040887 0.046607 0.020100
v -0.053907 0.030628 0.020100
v -0.032571 0.052755 0.020100
v -0.049270 -0.037635 0.020100
v -0.042329 -0.045302 0.020100
v -0.034210 -0.051708 0.020100
v -0.025139 -0.056675 0.020100
v -0.005171 -0.061784 0.020100
v -0.015369 -0.060065 0.020100
v -0.054841 -0.028922 0.020100
v -0.058885 -0.019404 0.020100
v -0.061292 -0.009346 0.020100
v 0.049271 -0.037635 0.020100
v 0.042329 -0.045302 0.020100
v 0.025139 -0.056675 0.020100
v 0.015369 -0.060065 0.020100
v 0.005171 -0.061784 0.020100
v -0.000000 -0.062000 0.020100
v 0.034210 -0.051707 0.020100
v 0.061292 -0.009345 0.020100
v 0.054841 -0.028922 0.020100
v 0.058886 -0.019404 0.020100
v 0.062000 -0.000000 0.020100
v 0.061992 0.000973 0.020100
v 0.060968 0.011264 0.020100
v 0.058248 0.021241 0.020100
v 0.040887 0.046607 0.020100
v 0.048066 0.039162 0.020100
v 0.032571 0.052755 0.020100
v 0.053907 0.030628 0.020100
v 0.010944 0.048018 0.041850
v 0.011000 0.048262 0.042100
v 0.010586 0.048353 0.042100
v 0.010171 0.048444 0.042100
v 0.007644 0.048653 0.041850
v 0.004309 0.049061 0.041850
v 0.004330 0.049310 0.042100
v 0.003212 0.049396 0.042100
v 0.000328 0.049249 0.041850
v -0.004621 0.049284 0.042100
v -0.010171 0.048444 0.042100
v -0.010944 0.048018 0.041850
v -0.010586 0.048353 0.042100
v -0.011000 0.048262 0.042100
v -0.004811 0.049014 0.041850
v 0.000329 0.049499 0.042100
v 0.013946 0.047495 0.042800
v 0.013067 0.047744 0.042800
v -0.037410 0.032416 0.042800
v -0.042868 0.024750 0.042800
v -0.030599 0.038910 0.042800
v -0.022682 0.043997 0.042800
v -0.013067 0.047744 0.042800
v -0.013946 0.047495 0.042800
v 0.022682 0.043997 0.042800
v 0.037410 0.032416 0.042800
v 0.030599 0.038910 0.042800
v 0.046778 0.016190 0.042800
v 0.042868 0.024750 0.042800
v 0.048996 0.007045 0.042800
v 0.049500 -0.000000 0.042800
v 0.049444 -0.002355 0.042800
v 0.048105 -0.011670 0.042800
v 0.045027 -0.020563 0.042800
v 0.040322 -0.028713 0.042800
v 0.034159 -0.035825 0.042800
v 0.026762 -0.041642 0.042800
v 0.018397 -0.045954 0.042800
v 0.009368 -0.048606 0.042800
v -0.000000 -0.049500 0.042800
v -0.009368 -0.048606 0.042800
v -0.018397 -0.045954 0.042800
v -0.026762 -0.041642 0.042800
v -0.034159 -0.035825 0.042800
v -0.040322 -0.028713 0.042800
v -0.045027 -0.020563 0.042800
v -0.048105 -0.011670 0.042800
v -0.049444 -0.002355 0.042800
v -0.049500 -0.000000 0.042800
v -0.048996 0.007045 0.042800
v -0.046778 0.016190 0.042800
v 0.012085 0.048049 0.042303
v 0.012926 0.047894 0.042800
v 0.004132 0.062981 0.034929
v -0.000000 0.063122 0.035175
v -0.000000 0.062793 0.035393
v 0.008390 0.062539 0.034153
v 0.012487 0.061824 0.032869
v 0.016359 0.060878 0.031113
v 0.019956 0.059754 0.028924
v 0.023241 0.058508 0.026340
v 0.026184 0.057204 0.023396
v 0.026235 0.056936 0.023552
v 0.026356 0.056723 0.023748
v 0.016468 0.060357 0.031591
v 0.020245 0.059130 0.029645
v 0.020089 0.059245 0.029365
v 0.023564 0.057888 0.026986
v 0.023395 0.058013 0.026739
v 0.025030 0.057269 0.025581
v 0.026533 0.056588 0.023960
v 0.008447 0.061999 0.034683
v 0.012682 0.061200 0.033715
v 0.012571 0.061292 0.033377
v 0.015294 0.060600 0.032574
v 0.016605 0.060254 0.031902
v -0.000000 0.062500 0.036100
v 0.004200 0.062359 0.035846
v 0.004161 0.062435 0.035472
v 0.005145 0.062288 0.035719
v 0.008525 0.061916 0.035043
v 0.023282 0.058228 0.026513
v 0.019987 0.059462 0.029112
v 0.016381 0.060575 0.031313
v 0.012502 0.061511 0.033078
v 0.008399 0.062217 0.034367
v 0.004136 0.062654 0.035147
v -0.000000 0.062574 0.035722
v -0.004341 0.062423 0.035450
v -0.008676 0.061895 0.035004
v -0.005144 0.062288 0.035719
v -0.004382 0.062346 0.035824
v -0.008597 0.061978 0.034645
v -0.012691 0.061267 0.033330
v -0.012803 0.061175 0.033668
v -0.015295 0.060600 0.032574
v -0.016558 0.060332 0.031543
v -0.016696 0.060229 0.031853
v -0.020151 0.059224 0.029322
v -0.020307 0.059109 0.029601
v -0.023433 0.057998 0.026706
v -0.023601 0.057873 0.026952
v -0.025030 0.057269 0.025582
v -0.026373 0.056715 0.023729
v -0.026550 0.056581 0.023941
v -0.026251 0.056928 0.023533
v -0.020018 0.059732 0.028881
v -0.023278 0.058493 0.026307
v -0.026201 0.057196 0.023377
v -0.016448 0.060853 0.031066
v -0.012606 0.061799 0.032824
v -0.008539 0.062518 0.034116
v -0.004312 0.062968 0.034908
v -0.023319 0.058213 0.026481
v -0.020049 0.059441 0.029069
v -0.016471 0.060550 0.031266
v -0.012621 0.061486 0.033032
v -0.008548 0.062197 0.034330
v -0.004316 0.062642 0.035125
v -0.061786 -0.009421 0.020600
v -0.032834 0.053181 0.020600
v 0.032834 0.053181 0.020600
v 0.034040 0.052417 0.020600
v 0.041217 0.046983 0.020600
v 0.042167 0.046132 0.020600
v 0.048453 0.039478 0.020600
v 0.049155 0.038602 0.020600
v 0.054341 0.030875 0.020600
v 0.054814 0.030028 0.020600
v 0.058718 0.021413 0.020600
v 0.058993 0.020642 0.020600
v 0.062498 -0.000468 0.020600
v 0.061460 0.011355 0.020600
v 0.061577 0.010700 0.020600
v 0.062492 0.000980 0.020600
v 0.062500 -0.000000 0.020600
v 0.061786 -0.009421 0.020600
v 0.061577 -0.010700 0.020600
v 0.059360 -0.019560 0.020600
v 0.058993 -0.020642 0.020600
v 0.055283 -0.029155 0.020600
v 0.054814 -0.030028 0.020600
v 0.049668 -0.037939 0.020600
v 0.049155 -0.038602 0.020600
v 0.042671 -0.045667 0.020600
v 0.042167 -0.046132 0.020600
v 0.034486 -0.052124 0.020600
v 0.034040 -0.052417 0.020600
v 0.005213 -0.062282 0.020600
v 0.015493 -0.060549 0.020600
v 0.025342 -0.057132 0.020600
v -0.025342 -0.057132 0.020600
v -0.015493 -0.060549 0.020600
v -0.005213 -0.062282 0.020600
v -0.034040 -0.052417 0.020600
v -0.034486 -0.052125 0.020600
v -0.042167 -0.046132 0.020600
v -0.042671 -0.045667 0.020600
v -0.049155 -0.038602 0.020600
v -0.049668 -0.037939 0.020600
v -0.054814 -0.030028 0.020600
v -0.055283 -0.029155 0.020600
v -0.058993 -0.020642 0.020600
v -0.059360 -0.019560 0.020600
v -0.061577 -0.010700 0.020600
v -0.062500 -0.000000 0.020600
v -0.062498 0.000467 0.020600
v -0.062492 0.000980 0.020600
v -0.061577 0.010700 0.020600
v -0.061460 0.011354 0.020600
v -0.058993 0.020642 0.020600
v -0.058718 0.021412 0.020600
v -0.054814 0.030028 0.020600
v -0.054341 0.030875 0.020600
v -0.049155 0.038602 0.020600
v -0.048453 0.039478 0.020600
v -0.042167 0.046132 0.020600
v -0.041217 0.046983 0.020600
v -0.034040 0.052417 0.020600
v 0.009326 0.060789 0.042100
v 0.011000 0.060508 0.042100
v 0.011179 0.061492 0.041100
v -0.011090 0.061003 0.041597
v -0.011000 0.060508 0.042100
v -0.009326 0.060789 0.042100
v 0.004770 0.061819 0.041596
v 0.000980 0.062492 0.041100
v 0.000972 0.061995 0.041596
v -0.002852 0.062435 0.041100
v -0.002829 0.061938 0.041596
v -0.003740 0.062388 0.041100
v -0.003711 0.061892 0.041596
v -0.005137 0.062288 0.041100
v -0.009505 0.061773 0.041100
v -0.011179 0.061492 0.041100
v 0.009505 0.061773 0.041100
v 0.005137 0.062288 0.041100
v 0.004808 0.062315 0.041100
v 0.005692 0.061236 0.042100
v -0.004358 0.061345 0.042100
v 0.000650 0.061497 0.042100
v 0.012103 0.060350 0.042310
v 0.012614 0.061214 0.041420
v 0.013044 0.060222 0.042904
v 0.013841 0.060948 0.042282
v 0.013702 0.060133 0.043797
v 0.014660 0.060756 0.043538
v 0.014969 0.060681 0.044973
v 0.013991 0.060095 0.044866
v 0.013998 0.060094 0.045000
v -0.011108 0.060492 0.042102
v -0.012187 0.060338 0.042345
v -0.012614 0.061214 0.041420
v -0.013841 0.060948 0.042282
v -0.013104 0.060214 0.042962
v -0.014660 0.060756 0.043538
v -0.013735 0.060129 0.043867
v -0.014969 0.060681 0.044972
v -0.013998 0.060094 0.045000
v -0.012926 0.047894 0.042800
v -0.012085 0.048049 0.042303
v -0.012926 0.050368 0.042800
v -0.012926 0.051392 0.042800
v -0.014685 0.049883 0.042800
v 0.012926 0.051392 0.042800
v 0.012926 0.050368 0.042800
v 0.014685 0.049883 0.042800
v 0.020217 0.047909 0.042800
v 0.028676 0.043378 0.042800
v 0.036159 0.037370 0.042800
v 0.042410 0.030090 0.042800
v 0.047217 0.021785 0.042800
v 0.050416 0.012738 0.042800
v 0.051898 0.003257 0.042800
v -0.017335 0.049025 0.042800
v -0.026049 0.045005 0.042800
v -0.033875 0.039453 0.042800
v -0.040547 0.032556 0.042800
v -0.045839 0.024551 0.042800
v -0.049570 0.015710 0.042800
v -0.051613 0.006335 0.042800
v -0.052000 -0.000000 0.042800
v -0.051898 -0.003257 0.042800
v -0.050416 -0.012738 0.042800
v -0.047217 -0.021785 0.042800
v -0.042410 -0.030090 0.042800
v -0.036159 -0.037370 0.042800
v -0.028676 -0.043378 0.042800
v -0.020217 -0.047909 0.042800
v -0.011070 -0.050808 0.042800
v -0.001545 -0.051977 0.042800
v 0.008032 -0.051376 0.042800
v 0.017335 -0.049025 0.042800
v 0.026048 -0.045005 0.042800
v 0.033875 -0.039453 0.042800
v 0.040547 -0.032556 0.042800
v 0.045839 -0.024552 0.042800
v 0.049570 -0.015711 0.042800
v 0.051613 -0.006335 0.042800
v 0.015275 0.049706 0.043956
v 0.015443 0.049654 0.044837
v 0.013998 0.051103 0.045000
v 0.013707 0.051184 0.043806
v 0.014862 0.049831 0.043061
v 0.013915 0.051126 0.044392
v -0.013918 0.051126 0.044403
v -0.013998 0.051103 0.045000
v -0.015443 0.049654 0.044837
v -0.015280 0.049704 0.043973
v -0.014869 0.049829 0.043071
v -0.013710 0.051183 0.043813
v 0.014267 0.060017 0.046145
v 0.015711 0.060493 0.046457
v 0.015252 0.060610 0.045927
v 0.015181 0.060628 0.045798
v 0.014943 0.059813 0.047087
v 0.015902 0.059500 0.047693
v 0.016453 0.060295 0.046840
v 0.016997 0.059105 0.047900
v 0.017273 0.060066 0.046900
v 0.014845 0.050866 0.046991
v 0.014235 0.051037 0.046072
v 0.016859 0.050246 0.047897
v 0.015744 0.050602 0.047626
v 0.016350 0.049802 0.047153
v 0.015432 0.050058 0.046309
v 0.016231 0.049402 0.046532
v 0.016751 0.049228 0.046856
v 0.016739 0.049794 0.047407
v 0.017040 0.049129 0.046900
v 0.016997 0.050201 0.047900
v 0.015710 0.049570 0.045790
v -0.061744 -0.009690 0.046900
v -0.062500 -0.000000 0.046900
v -0.061577 -0.010700 0.046900
v -0.059219 -0.019985 0.046900
v -0.058993 -0.020643 0.046900
v -0.054989 -0.029706 0.046900
v -0.054814 -0.030028 0.046900
v -0.049178 -0.038572 0.046900
v -0.049155 -0.038602 0.046900
v -0.042167 -0.046132 0.046900
v -0.041952 -0.046328 0.046900
v -0.034040 -0.052417 0.046900
v -0.033519 -0.052752 0.046900
v -0.024993 -0.057285 0.046900
v -0.024122 -0.057658 0.046900
v -0.015271 -0.060606 0.046900
v -0.014031 -0.060905 0.046900
v -0.005137 -0.062289 0.046900
v -0.003536 -0.062400 0.046900
v 0.005137 -0.062289 0.046900
v 0.007061 -0.062100 0.046900
v 0.015271 -0.060606 0.046900
v 0.017454 -0.060013 0.046900
v 0.024993 -0.057285 0.046900
v 0.027345 -0.056201 0.046900
v 0.034040 -0.052417 0.046900
v 0.036450 -0.050771 0.046900
v 0.042167 -0.046132 0.046900
v 0.044506 -0.043880 0.046900
v 0.049155 -0.038602 0.046900
v 0.051281 -0.035728 0.046900
v 0.054814 -0.030028 0.046900
v 0.056582 -0.026547 0.046900
v 0.058993 -0.020643 0.046900
v 0.060254 -0.016603 0.046900
v 0.061577 -0.010700 0.046900
v 0.062500 -0.000000 0.046900
v 0.062194 -0.006181 0.046900
v 0.024993 0.057285 0.046900
v 0.019145 0.059495 0.046900
v -0.024993 0.057285 0.046900
v -0.022481 0.058317 0.046900
v -0.017273 0.060066 0.046900
v -0.016463 0.060293 0.046843
v -0.015711 0.060493 0.046457
v -0.015176 0.060629 0.045789
v -0.032013 0.053679 0.046900
v -0.034040 0.052417 0.046900
v -0.040624 0.047497 0.046900
v -0.042167 0.046132 0.046900
v -0.048067 0.039948 0.046900
v -0.049155 0.038601 0.046900
v -0.054127 0.031250 0.046900
v -0.054814 0.030028 0.046900
v -0.058629 0.021653 0.046900
v -0.058993 0.020642 0.046900
v -0.061445 0.011433 0.046900
v -0.061577 0.010699 0.046900
v -0.062494 0.000884 0.046900
v 0.034040 0.052417 0.046900
v 0.028925 0.055404 0.046900
v 0.062498 0.000467 0.046900
v 0.062344 0.004419 0.046900
v 0.061577 0.010699 0.046900
v 0.060700 0.014891 0.046900
v 0.058993 0.020642 0.046900
v 0.057310 0.024935 0.046900
v 0.054814 0.030028 0.046900
v 0.052272 0.034262 0.046900
v 0.049155 0.038601 0.046900
v 0.045730 0.042603 0.046900
v 0.042167 0.046132 0.046900
v 0.037872 0.049719 0.046900
v -0.014261 0.060018 0.046132
v -0.016997 0.059105 0.047900
v -0.015915 0.059496 0.047698
v -0.014943 0.059813 0.047087
v -0.016997 0.050201 0.047900
v -0.016742 0.049794 0.047408
v -0.016355 0.049801 0.047156
v -0.014032 0.051094 0.045361
v -0.014210 0.051044 0.046012
v -0.015035 0.050247 0.045862
v -0.014360 0.051002 0.046332
v -0.014912 0.050847 0.047057
v -0.015651 0.049972 0.046536
v -0.015052 0.050806 0.047185
v -0.016006 0.050521 0.047732
v -0.015513 0.049632 0.045257
v -0.017040 0.049129 0.046900
v -0.016546 0.049297 0.046769
v -0.015976 0.049485 0.046237
v 0.019117 0.048358 0.046900
v -0.019117 0.048358 0.046900
v -0.026049 0.045005 0.046900
v -0.027657 0.044035 0.046900
v -0.033875 0.039453 0.046900
v -0.035260 0.038219 0.046900
v -0.040547 0.032556 0.046900
v -0.041669 0.031108 0.046900
v -0.045839 0.024551 0.046900
v -0.046665 0.022944 0.046900
v -0.049570 0.015710 0.046900
v -0.050080 0.014001 0.046900
v -0.051613 0.006334 0.046900
v -0.051798 0.004584 0.046900
v -0.051898 -0.003257 0.046900
v -0.051760 -0.004988 0.046900
v -0.050416 -0.012738 0.046900
v -0.049969 -0.014391 0.046900
v -0.047217 -0.021785 0.046900
v -0.046485 -0.023306 0.046900
v -0.042410 -0.030090 0.046900
v -0.041425 -0.031432 0.046900
v -0.036159 -0.037370 0.046900
v -0.034962 -0.038493 0.046900
v -0.028676 -0.043378 0.046900
v -0.027314 -0.044249 0.046900
v -0.020217 -0.047909 0.046900
v -0.018740 -0.048506 0.046900
v -0.011070 -0.050808 0.046900
v -0.009532 -0.051119 0.046900
v -0.001545 -0.051977 0.046900
v -0.000000 -0.052000 0.046900
v 0.008032 -0.051376 0.046900
v 0.009532 -0.051119 0.046900
v 0.017335 -0.049025 0.046900
v 0.018740 -0.048506 0.046900
v 0.026048 -0.045005 0.046900
v 0.027314 -0.044249 0.046900
v 0.033875 -0.039453 0.046900
v 0.034962 -0.038493 0.046900
v 0.040547 -0.032556 0.046900
v 0.041425 -0.031432 0.046900
v 0.045839 -0.024552 0.046900
v 0.046485 -0.023306 0.046900
v 0.049570 -0.015711 0.046900
v 0.049969 -0.014391 0.046900
v 0.051613 -0.006335 0.046900
v 0.051760 -0.004988 0.046900
v 0.051898 0.003257 0.046900
v 0.051798 0.004584 0.046900
v 0.050416 0.012738 0.046900
v 0.050080 0.014001 0.046900
v 0.047217 0.021785 0.046900
v 0.046665 0.022944 0.046900
v 0.042410 0.030090 0.046900
v 0.041669 0.031108 0.046900
v 0.036159 0.037370 0.046900
v 0.035260 0.038219 0.046900
v 0.028676 0.043378 0.046900
v 0.027657 0.044035 0.046900
v 0.020217 0.047909 0.046900
v 0.061500 -0.000000 0.047900
v 0.061198 -0.006082 0.047900
v 0.018839 0.058543 0.047900
v -0.022121 0.057384 0.047900
v -0.057691 0.021307 0.047900
v -0.053261 0.030750 0.047900
v -0.060462 0.011250 0.047900
v -0.061494 0.000870 0.047900
v -0.061500 -0.000000 0.047900
v -0.060756 -0.009535 0.047900
v -0.058271 -0.019666 0.047900
v -0.054109 -0.029231 0.047900
v -0.048391 -0.037955 0.047900
v -0.041281 -0.045587 0.047900
v -0.032983 -0.051908 0.047900
v -0.023736 -0.056735 0.047900
v -0.013806 -0.059930 0.047900
v -0.003479 -0.061402 0.047900
v 0.006948 -0.061106 0.047900
v 0.017175 -0.059053 0.047900
v 0.026908 -0.055301 0.047900
v 0.035867 -0.049958 0.047900
v 0.043794 -0.043178 0.047900
v 0.050461 -0.035156 0.047900
v 0.055676 -0.026122 0.047900
v 0.059290 -0.016337 0.047900
v 0.061346 0.004348 0.047900
v 0.059729 0.014653 0.047900
v 0.056393 0.024536 0.047900
v 0.051436 0.033714 0.047900
v 0.044998 0.041922 0.047900
v 0.037266 0.048923 0.047900
v 0.028462 0.054518 0.047900
v -0.031501 0.052820 0.047900
v -0.039974 0.046737 0.047900
v -0.047298 0.039309 0.047900
v 0.019485 0.049288 0.047900
v 0.028189 0.044882 0.047900
v 0.035938 0.038954 0.047900
v 0.042470 0.031707 0.047900
v 0.047562 0.023385 0.047900
v 0.051043 0.014270 0.047900
v 0.052794 0.004673 0.047900
v 0.052756 -0.005084 0.047900
v 0.050930 -0.014668 0.047900
v 0.047379 -0.023755 0.047900
v 0.042222 -0.032036 0.047900
v 0.035634 -0.039233 0.047900
v 0.027839 -0.045100 0.047900
v 0.019101 -0.049439 0.047900
v 0.009715 -0.052102 0.047900
v -0.000000 -0.053000 0.047900
v -0.009715 -0.052102 0.047900
v -0.019101 -0.049439 0.047900
v -0.027839 -0.045100 0.047900
v -0.035634 -0.039233 0.047900
v -0.042222 -0.032036 0.047900
v -0.047379 -0.023755 0.047900
v -0.050930 -0.014668 0.047900
v -0.052756 -0.005084 0.047900
v -0.052794 0.004673 0.047900
v -0.051043 0.014270 0.047900
v -0.047562 0.023385 0.047900
v -0.042470 0.031707 0.047900
v -0.035938 0.038954 0.047900
v -0.028189 0.044882 0.047900
v -0.019485 0.049288 0.047900
v -0.024993 0.057285 0.047900
v -0.015271 0.060606 0.047900
v -0.062500 -0.000000 0.047900
v -0.062498 0.000467 0.047900
v -0.061577 0.010699 0.047900
v -0.058993 0.020642 0.047900
v -0.054814 0.030028 0.047900
v -0.049155 0.038601 0.047900
v -0.042167 0.046132 0.047900
v -0.034040 0.052417 0.047900
v -0.005137 0.062288 0.047900
v 0.005137 0.062288 0.047900
v 0.015271 0.060606 0.047900
v 0.024993 0.057285 0.047900
v 0.034040 0.052417 0.047900
v 0.042167 0.046132 0.047900
v 0.049155 0.038601 0.047900
v 0.054814 0.030028 0.047900
v 0.058993 0.020642 0.047900
v 0.061577 0.010699 0.047900
v 0.062498 0.000467 0.047900
v 0.062500 -0.000000 0.047900
v 0.062498 -0.000468 0.047900
v 0.061577 -0.010700 0.047900
v 0.058993 -0.020643 0.047900
v 0.054814 -0.030028 0.047900
v 0.049155 -0.038602 0.047900
v 0.042167 -0.046132 0.047900
v 0.034040 -0.052417 0.047900
v 0.024993 -0.057285 0.047900
v 0.015271 -0.060606 0.047900
v 0.005137 -0.062289 0.047900
v -0.005137 -0.062289 0.047900
v -0.015271 -0.060606 0.047900
v -0.024993 -0.057285 0.047900
v -0.034040 -0.052417 0.047900
v -0.042167 -0.046132 0.047900
v -0.049155 -0.038602 0.047900
v -0.054814 -0.030028 0.047900
v -0.058993 -0.020643 0.047900
v -0.061577 -0.010700 0.047900
v -0.062498 -0.000468 0.047900
v 0.062500 -0.000000 0.060900
v 0.062498 0.000467 0.060900
v 0.061577 0.010699 0.060900
v 0.058993 0.020642 0.060900
v 0.054814 0.030028 0.060900
v 0.049155 0.038601 0.060900
v 0.042167 0.046132 0.060900
v 0.034040 0.052417 0.060900
v 0.024993 0.057285 0.060900
v 0.015271 0.060606 0.060900
v 0.005137 0.062288 0.060900
v -0.005137 0.062288 0.060900
v -0.015271 0.060606 0.060900
v -0.024993 0.057285 0.060900
v -0.034040 0.052417 0.060900
v -0.042167 0.046132 0.060900
v -0.049155 0.038601 0.060900
v -0.054814 0.030028 0.060900
v -0.058993 0.020642 0.060900
v -0.061577 0.010699 0.060900
v -0.062498 0.000467 0.060900
v -0.062500 -0.000000 0.060900
v -0.062498 -0.000468 0.060900
v -0.061577 -0.010700 0.060900
v -0.058993 -0.020643 0.060900
v -0.054814 -0.030028 0.060900
v -0.049155 -0.038602 0.060900
v -0.042167 -0.046133 0.060900
v -0.034040 -0.052417 0.060900
v -0.024993 -0.057285 0.060900
v -0.015271 -0.060606 0.060900
v -0.005137 -0.062289 0.060900
v 0.005137 -0.062289 0.060900
v 0.015271 -0.060606 0.060900
v 0.024993 -0.057285 0.060900
v 0.034040 -0.052417 0.060900
v 0.042167 -0.046133 0.060900
v 0.049155 -0.038602 0.060900
v 0.054814 -0.030028 0.060900
v 0.058993 -0.020643 0.060900
v 0.061577 -0.010700 0.060900
v 0.062498 -0.000468 0.060900
v -0.009706 -0.023039 0.060900
v -0.003313 -0.024780 0.060900
v 0.003313 -0.024780 0.060900
v 0.009706 0.023039 0.060900
v 0.015418 0.019679 0.060900
v -0.015418 -0.019680 0.060900
v 0.020046 -0.014938 0.060900
v 0.023267 -0.009147 0.060900
v 0.024852 -0.002713 0.060900
v 0.003313 0.024779 0.060900
v -0.003313 0.024779 0.060900
v -0.020046 0.014938 0.060900
v -0.023267 0.009147 0.060900
v -0.024852 0.002713 0.060900
v 0.023267 0.009147 0.060900
v 0.020046 0.014938 0.060900
v 0.009706 -0.023039 0.060900
v 0.015418 -0.019680 0.060900
v -0.009706 0.023039 0.060900
v -0.015418 0.019679 0.060900
v 0.025000 -0.000000 0.060900
v 0.024852 0.002713 0.060900
v -0.023267 -0.009147 0.060900
v -0.020046 -0.014938 0.060900
v -0.025000 -0.000000 0.060900
v -0.024852 -0.002713 0.060900
v -0.025000 -0.000000 0.070900
v -0.024852 -0.002713 0.070900
v -0.023267 -0.009147 0.070900
v -0.020046 -0.014938 0.070900
v -0.015418 -0.019680 0.070900
v -0.009706 -0.023039 0.070900
v -0.003313 -0.024780 0.070900
v 0.003313 -0.024780 0.070900
v 0.009706 -0.023039 0.070900
v 0.015418 -0.019680 0.070900
v 0.020046 -0.014938 0.070900
v 0.023267 -0.009147 0.070900
v 0.024852 -0.002713 0.070900
v 0.025000 -0.000000 0.070900
v -0.024852 0.002713 0.070900
v 0.024852 0.002713 0.070900
v 0.023267 0.009147 0.070900
v 0.020046 0.014938 0.070900
v 0.015418 0.019679 0.070900
v 0.009706 0.023039 0.070900
v 0.003313 0.024779 0.070900
v -0.003313 0.024779 0.070900
v -0.009706 0.023039 0.070900
v -0.015418 0.019679 0.070900
v -0.023267 0.009147 0.070900
v -0.020046 0.014938 0.070900
v 0.050120 -0.026560 0.035100
v 0.047897 -0.030040 0.035100
v 0.049964 -0.026460 0.035100
v 0.047741 -0.029940 0.035100
v 0.048807 -0.026187 0.035100
v 0.049315 -0.026219 0.035100
v 0.049799 -0.026375 0.035100
v 0.049054 -0.030313 0.035100
v 0.048546 -0.030281 0.035100
v 0.048062 -0.030126 0.035100
v 0.050497 -0.026902 0.035100
v 0.050779 -0.027325 0.035100
v 0.050949 -0.027805 0.035100
v 0.050997 -0.028312 0.035100
v 0.050414 -0.029690 0.035100
v 0.050017 -0.030008 0.035100
v 0.049554 -0.030221 0.035100
v 0.050919 -0.028815 0.035100
v 0.050721 -0.029284 0.035100
v 0.046942 -0.027685 0.035100
v 0.047140 -0.027217 0.035100
v 0.047447 -0.026810 0.035100
v 0.047364 -0.029598 0.035100
v 0.047082 -0.029175 0.035100
v 0.047844 -0.026492 0.035100
v 0.048306 -0.026279 0.035100
v 0.046912 -0.028695 0.035100
v 0.046864 -0.028188 0.035100
v 0.049964 -0.026460 0.047900
v 0.050120 -0.026560 0.047900
v 0.050497 -0.026902 0.047900
v 0.050779 -0.027325 0.047900
v 0.050949 -0.027805 0.047900
v 0.050997 -0.028312 0.047900
v 0.050919 -0.028815 0.047900
v 0.050721 -0.029284 0.047900
v 0.050414 -0.029690 0.047900
v 0.050017 -0.030008 0.047900
v 0.049554 -0.030221 0.047900
v 0.049054 -0.030313 0.047900
v 0.048546 -0.030281 0.047900
v 0.048062 -0.030126 0.047900
v 0.047897 -0.030040 0.047900
v 0.047741 -0.029940 0.047900
v 0.047364 -0.029598 0.047900
v 0.047082 -0.029175 0.047900
v 0.046912 -0.028695 0.047900
v 0.046864 -0.028188 0.047900
v 0.046942 -0.027685 0.047900
v 0.047140 -0.027217 0.047900
v 0.047447 -0.026811 0.047900
v 0.047844 -0.026492 0.047900
v 0.048306 -0.026279 0.047900
v 0.048807 -0.026187 0.047900
v 0.049315 -0.026219 0.047900
v 0.049799 -0.026375 0.047900
v -0.050120 0.026560 0.035100
v -0.047897 0.030040 0.035100
v -0.049964 0.026460 0.035100
v -0.047741 0.029940 0.035100
v -0.049799 0.026374 0.035100
v -0.049315 0.026219 0.035100
v -0.047844 0.026492 0.035100
v -0.048306 0.026279 0.035100
v -0.048807 0.026187 0.035100
v -0.050779 0.027325 0.035100
v -0.050949 0.027805 0.035100
v -0.050414 0.029690 0.035100
v -0.049554 0.030220 0.035100
v -0.049054 0.030313 0.035100
v -0.050497 0.026902 0.035100
v -0.048546 0.030281 0.035100
v -0.048062 0.030125 0.035100
v -0.046864 0.028188 0.035100
v -0.046942 0.027685 0.035100
v -0.046912 0.028695 0.035100
v -0.047364 0.029598 0.035100
v -0.047082 0.029175 0.035100
v -0.047140 0.027216 0.035100
v -0.047447 0.026810 0.035100
v -0.050997 0.028312 0.035100
v -0.050919 0.028815 0.035100
v -0.050721 0.029283 0.035100
v -0.050017 0.030008 0.035100
v -0.049964 0.026460 0.047900
v -0.050120 0.026560 0.047900
v -0.050497 0.026902 0.047900
v -0.050779 0.027325 0.047900
v -0.050949 0.027805 0.047900
v -0.050997 0.028312 0.047900
v -0.050919 0.028815 0.047900
v -0.050721 0.029283 0.047900
v -0.050414 0.029690 0.047900
v -0.050017 0.030008 0.047900
v -0.049554 0.030220 0.047900
v -0.049054 0.030313 0.047900
v -0.048546 0.030281 0.047900
v -0.048062 0.030125 0.047900
v -0.047897 0.030040 0.047900
v -0.047741 0.029940 0.047900
v -0.047364 0.029598 0.047900
v -0.047082 0.029175 0.047900
v -0.046912 0.028695 0.047900
v -0.046864 0.028188 0.047900
v -0.046942 0.027685 0.047900
v -0.047140 0.027216 0.047900
v -0.047447 0.026810 0.047900
v -0.047844 0.026492 0.047900
v -0.048306 0.026279 0.047900
v -0.048807 0.026187 0.047900
v -0.049315 0.026219 0.047900
v -0.049799 0.026374 0.047900
v -0.048062 -0.030126 0.035100
v -0.050120 -0.026560 0.035100
v -0.047897 -0.030040 0.035100
v -0.049964 -0.026460 0.035100
v -0.047741 -0.029940 0.035100
v -0.049799 -0.026375 0.035100
v -0.049315 -0.026219 0.035100
v -0.048807 -0.026187 0.035100
v -0.047082 -0.029175 0.035100
v -0.047364 -0.029598 0.035100
v -0.047140 -0.027217 0.035100
v -0.048546 -0.030281 0.035100
v -0.049054 -0.030313 0.035100
v -0.050497 -0.026902 0.035100
v -0.049554 -0.030221 0.035100
v -0.050017 -0.030008 0.035100
v -0.050414 -0.029690 0.035100
v -0.050721 -0.029284 0.035100
v -0.050919 -0.028815 0.035100
v -0.050997 -0.028312 0.035100
v -0.048306 -0.026279 0.035100
v -0.047844 -0.026492 0.035100
v -0.047447 -0.026810 0.035100
v -0.050949 -0.027805 0.035100
v -0.050779 -0.027325 0.035100
v -0.046912 -0.028695 0.035100
v -0.046942 -0.027685 0.035100
v -0.046864 -0.028188 0.035100
v -0.047897 -0.030040 0.047900
v -0.048062 -0.030126 0.047900
v -0.048546 -0.030281 0.047900
v -0.049054 -0.030313 0.047900
v -0.049554 -0.030221 0.047900
v -0.050017 -0.030008 0.047900
v -0.050414 -0.029690 0.047900
v -0.050721 -0.029284 0.047900
v -0.050919 -0.028815 0.047900
v -0.050997 -0.028312 0.047900
v -0.050949 -0.027805 0.047900
v -0.050779 -0.027325 0.047900
v -0.050497 -0.026902 0.047900
v -0.050120 -0.026560 0.047900
v -0.049964 -0.026460 0.047900
v -0.049799 -0.026375 0.047900
v -0.049315 -0.026219 0.047900
v -0.048807 -0.026187 0.047900
v -0.048306 -0.026279 0.047900
v -0.047844 -0.026492 0.047900
v -0.047447 -0.026811 0.047900
v -0.047140 -0.027217 0.047900
v -0.046942 -0.027685 0.047900
v -0.046864 -0.028188 0.047900
v -0.046912 -0.028695 0.047900
v -0.047082 -0.029175 0.047900
v -0.047364 -0.029598 0.047900
v -0.047741 -0.029940 0.047900
v 0.048062 0.030125 0.035100
v 0.050120 0.026560 0.035100
v 0.047897 0.030040 0.035100
v 0.049964 0.026460 0.035100
v 0.047741 0.029940 0.035100
v 0.049799 0.026374 0.035100
v 0.049315 0.026219 0.035100
v 0.048807 0.026187 0.035100
v 0.048306 0.026279 0.035100
v 0.048546 0.030281 0.035100
v 0.049054 0.030313 0.035100
v 0.050497 0.026902 0.035100
v 0.049554 0.030220 0.035100
v 0.050017 0.030008 0.035100
v 0.046912 0.028695 0.035100
v 0.047082 0.029175 0.035100
v 0.047447 0.026810 0.035100
v 0.047844 0.026492 0.035100
v 0.047364 0.029598 0.035100
v 0.050414 0.029690 0.035100
v 0.050721 0.029283 0.035100
v 0.050919 0.028815 0.035100
v 0.050997 0.028312 0.035100
v 0.050949 0.027805 0.035100
v 0.050779 0.027325 0.035100
v 0.047140 0.027216 0.035100
v 0.046942 0.027685 0.035100
v 0.046864 0.028188 0.035100
v 0.047897 0.030040 0.047900
v 0.048062 0.030125 0.047900
v 0.048546 0.030281 0.047900
v 0.049054 0.030313 0.047900
v 0.049554 0.030220 0.047900
v 0.050017 0.030008 0.047900
v 0.050414 0.029690 0.047900
v 0.050721 0.029283 0.047900
v 0.050919 0.028815 0.047900
v 0.050997 0.028312 0.047900
v 0.050949 0.027805 0.047900
v 0.050779 0.027325 0.047900
v 0.050497 0.026902 0.047900
v 0.050120 0.026560 0.047900
v 0.049964 0.026460 0.047900
v 0.049799 0.026374 0.047900
v 0.049315 0.026219 0.047900
v 0.048807 0.026187 0.047900
v 0.048306 0.026279 0.047900
v 0.047844 0.026492 0.047900
v 0.047447 0.026810 0.047900
v 0.047140 0.027216 0.047900
v 0.046942 0.027685 0.047900
v 0.046864 0.028188 0.047900
v 0.046912 0.028695 0.047900
v 0.047082 0.029175 0.047900
v 0.047364 0.029598 0.047900
v 0.047741 0.029940 0.047900
v -0.033000 0.074196 -0.001900
v -0.033000 0.073869 -0.001955
v -0.033000 0.071570 -0.000547
v -0.033000 0.064446 0.002334
v -0.033000 0.064304 -0.002034
v -0.033000 0.064146 0.002160
v -0.033000 0.063804 -0.001900
v -0.033000 0.063804 0.002100
v -0.033000 0.061091 0.002100
v -0.033000 0.067363 0.004825
v -0.033000 0.069000 0.005100
v -0.033000 0.065703 0.003860
v -0.033000 0.064670 0.002600
v -0.033000 0.069000 0.002750
v -0.033000 0.068125 0.002601
v -0.033000 0.067044 0.001888
v -0.033000 0.066430 0.000748
v -0.033000 0.066430 -0.000547
v -0.033000 0.060091 0.001100
v -0.033000 0.060225 0.001600
v -0.033000 0.060384 0.001807
v -0.033000 0.075238 -0.002554
v -0.033000 0.075007 0.002393
v -0.033000 0.075300 -0.002900
v -0.033000 0.075238 0.002754
v -0.033000 0.075300 0.003100
v -0.033000 0.073540 0.002345
v -0.033000 0.073871 0.002155
v -0.033000 0.071570 0.000748
v -0.033000 0.074196 0.002100
v -0.033000 0.074646 -0.001962
v -0.033000 0.074300 -0.001900
v -0.033000 0.069875 0.002601
v -0.033000 0.070628 0.004828
v -0.033000 0.070956 0.001888
v -0.033000 0.072280 0.003874
v -0.033000 0.073330 0.002600
v -0.033000 0.073537 -0.002148
v -0.033000 0.073330 -0.002400
v -0.033000 0.070956 -0.001688
v -0.033000 0.072280 -0.003673
v -0.033000 0.069875 -0.002401
v -0.033000 0.070628 -0.004627
v -0.033000 0.069000 -0.002550
v -0.033000 0.069000 -0.004900
v -0.033000 0.068125 -0.002401
v -0.033000 0.067372 -0.004627
v -0.033000 0.067044 -0.001688
v -0.033000 0.065720 -0.003673
v -0.033000 0.064670 -0.002400
v -0.033000 0.075007 -0.002193
v -0.033000 0.074646 0.002162
v -0.033000 0.074300 0.002100
v -0.033000 0.060591 -0.001766
v -0.033000 0.060384 -0.001607
v -0.033000 0.061091 -0.001900
v -0.033000 0.060591 0.001966
v -0.033000 0.060091 -0.000900
v -0.033000 0.060225 -0.001400
v -0.034671 0.067550 0.004885
v -0.034641 0.069000 0.005100
v -0.034752 0.066221 0.004257
v -0.034856 0.065131 0.003268
v -0.034911 0.064670 0.002600
v -0.029901 0.067954 -0.002335
v -0.029883 0.069000 -0.002550
v -0.029942 0.067122 -0.001770
v -0.029983 0.066550 -0.000911
v -0.029993 0.066430 -0.000548
v -0.029942 0.067123 0.001970
v -0.029983 0.066550 0.001111
v -0.029993 0.066430 0.000748
v -0.030000 0.066350 0.000100
v -0.029900 0.067982 0.002547
v -0.029883 0.069000 0.002750
v 0.024495 0.075300 0.019600
v 0.029064 0.075300 0.019600
v 0.024100 0.075300 0.018794
v -0.034868 0.075300 -0.002940
v -0.034871 0.075300 -0.002900
v -0.029790 0.075300 0.006643
v -0.033275 0.075300 -0.010752
v -0.034871 0.075300 0.003100
v -0.034651 0.075300 0.005029
v -0.027621 0.075300 0.013035
v -0.032637 0.075300 0.012743
v -0.024100 0.075300 0.018794
v -0.028961 0.075300 -0.007758
v -0.029956 0.075300 -0.018001
v -0.029445 0.075300 -0.007348
v -0.029716 0.075300 -0.006773
v -0.030500 0.075300 -0.000069
v 0.029445 0.075300 0.007548
v 0.028961 0.075300 0.007959
v 0.032637 0.075300 0.012743
v 0.028350 0.075300 0.008132
v 0.025726 0.075300 0.014467
v 0.026035 0.075300 0.015022
v 0.026087 0.075300 0.015654
v 0.025872 0.075300 0.016252
v -0.028350 0.075300 -0.007932
v -0.025726 0.075300 -0.014267
v -0.026035 0.075300 -0.014821
v -0.024106 0.075300 0.019414
v -0.024008 0.075300 0.019215
v -0.024279 0.075300 0.019551
v -0.024006 0.075300 0.018994
v -0.024495 0.075300 0.019600
v -0.029065 0.075300 0.019600
v -0.003986 0.075300 -0.034672
v -0.005672 0.075300 -0.027830
v -0.001750 0.075300 -0.028346
v 0.025082 0.075300 -0.024310
v 0.021172 0.075300 -0.021676
v 0.029956 0.075300 -0.018001
v 0.021286 0.075300 -0.021051
v 0.021131 0.075300 -0.020436
v 0.024106 0.075300 0.019414
v 0.024279 0.075300 0.019551
v 0.024008 0.075300 0.019215
v 0.024006 0.075300 0.018994
v -0.025356 0.075300 -0.013175
v -0.025432 0.075300 -0.013758
v -0.025510 0.075300 -0.012608
v -0.027024 0.075300 -0.008953
v -0.027317 0.075300 -0.008443
v -0.027782 0.075300 -0.008084
v -0.006260 0.075300 -0.027828
v -0.006804 0.075300 -0.028052
v -0.007219 0.075300 -0.028468
v -0.007675 0.075300 -0.028910
v 0.029715 0.075300 0.006974
v 0.034651 0.075300 0.005029
v 0.030498 0.075300 -0.000251
v 0.034868 0.075300 -0.002940
v 0.029549 0.075300 -0.007455
v 0.033275 0.075300 -0.010752
v 0.026924 0.075300 -0.014230
v 0.026514 0.075300 -0.014715
v 0.027782 0.075300 0.008284
v 0.027316 0.075300 0.008643
v 0.027024 0.075300 0.009153
v -0.026087 0.075300 -0.015454
v -0.025872 0.075300 -0.016052
v -0.025083 0.075300 -0.024310
v -0.021318 0.075300 -0.021713
v -0.018908 0.075300 -0.029353
v -0.015553 0.075300 -0.026137
v -0.011752 0.075300 -0.032868
v -0.008905 0.075300 -0.029071
v -0.008273 0.075300 -0.029124
v -0.001182 0.075300 -0.028496
v -0.000715 0.075300 -0.028854
v -0.000421 0.075300 -0.029363
v -0.000095 0.075300 -0.029908
v 0.000427 0.075300 -0.030269
v 0.003986 0.075300 -0.034672
v 0.001052 0.075300 -0.030382
v 0.011752 0.075300 -0.032868
v 0.008232 0.075300 -0.029268
v 0.018908 0.075300 -0.029353
v 0.014945 0.075300 -0.026487
v 0.020810 0.075300 -0.022197
v 0.025305 0.075300 -0.014996
v 0.025940 0.075300 -0.014986
v 0.025432 0.075300 0.013958
v 0.025356 0.075300 0.013375
v 0.025510 0.075300 0.012808
v 0.024174 0.075300 -0.015221
v 0.024717 0.075300 -0.014996
v 0.023760 0.075300 -0.015638
v 0.021352 0.075300 -0.018777
v 0.021056 0.075300 -0.019285
v 0.020979 0.075300 -0.019868
v 0.028895 0.075050 0.019851
v 0.024495 0.074800 0.020100
v 0.028723 0.074800 0.020100
v 0.047495 -0.039853 0.020100
v 0.041926 -0.040305 0.020100
v 0.041709 -0.041116 0.020100
v 0.039853 -0.047495 0.020100
v 0.009657 -0.048549 0.020100
v 0.018943 -0.045732 0.020100
v 0.038901 -0.041116 0.020100
v 0.027501 -0.041158 0.020100
v 0.038684 -0.040305 0.020100
v 0.035002 -0.035002 0.020100
v 0.041116 -0.041709 0.020100
v 0.040305 -0.041926 0.020100
v 0.031000 -0.053694 0.020100
v 0.039495 -0.041709 0.020100
v 0.021205 -0.058261 0.020100
v 0.010766 -0.061058 0.020100
v 0.045732 -0.018943 0.020100
v 0.048549 -0.009657 0.020100
v 0.041709 -0.039495 0.020100
v 0.053694 -0.031000 0.020100
v 0.041116 -0.038901 0.020100
v 0.058261 -0.021205 0.020100
v 0.061058 -0.010766 0.020100
v 0.038901 -0.039495 0.020100
v 0.039495 -0.038901 0.020100
v 0.041158 -0.027501 0.020100
v 0.040305 -0.038684 0.020100
v -0.047495 -0.039853 0.020100
v -0.039853 -0.047495 0.020100
v -0.041116 -0.041709 0.020100
v -0.009657 -0.048549 0.020100
v -0.018943 -0.045732 0.020100
v -0.038901 -0.041116 0.020100
v -0.021205 -0.058261 0.020100
v -0.010766 -0.061058 0.020100
v -0.031000 -0.053694 0.020100
v -0.039495 -0.041709 0.020100
v -0.040305 -0.041926 0.020100
v -0.035002 -0.035002 0.020100
v -0.038901 -0.039495 0.020100
v -0.027501 -0.041158 0.020100
v -0.038684 -0.040305 0.020100
v -0.041709 -0.041116 0.020100
v -0.041926 -0.040305 0.020100
v -0.053694 -0.031000 0.020100
v -0.041709 -0.039495 0.020100
v -0.058261 -0.021205 0.020100
v -0.041116 -0.038901 0.020100
v -0.061058 -0.010766 0.020100
v -0.048549 -0.009657 0.020100
v -0.045732 -0.018943 0.020100
v -0.041158 -0.027501 0.020100
v -0.040305 -0.038684 0.020100
v -0.039495 -0.038901 0.020100
v -0.041709 0.041116 0.020100
v -0.041116 0.041709 0.020100
v -0.042924 0.044738 0.020100
v -0.034625 0.051430 0.020100
v -0.024495 0.074800 0.020100
v -0.028723 0.074800 0.020100
v -0.024495 0.062500 0.020100
v -0.028723 0.054945 0.020100
v -0.048549 0.009657 0.020100
v -0.045732 0.018943 0.020100
v -0.061573 0.007262 0.020100
v -0.041116 0.038901 0.020100
v -0.040305 0.038684 0.020100
v -0.041158 0.027501 0.020100
v -0.039495 0.038901 0.020100
v -0.035002 0.035002 0.020100
v -0.038901 0.039495 0.020100
v -0.041926 0.040305 0.020100
v -0.049955 0.036723 0.020100
v -0.041709 0.039495 0.020100
v -0.055507 0.027621 0.020100
v -0.059419 0.017703 0.020100
v -0.040305 0.041926 0.020100
v -0.039495 0.041709 0.020100
v -0.038901 0.041116 0.020100
v -0.038684 0.040305 0.020100
v -0.027501 0.041158 0.020100
v -0.018943 0.045732 0.020100
v -0.009657 0.048549 0.020100
v 0.009657 0.048549 0.020100
v 0.028723 0.054945 0.020100
v 0.024495 0.062500 0.020100
v 0.038901 0.041116 0.020100
v 0.018943 0.045732 0.020100
v 0.038684 0.040305 0.020100
v 0.027501 0.041158 0.020100
v 0.038901 0.039495 0.020100
v 0.035002 0.035002 0.020100
v 0.039495 0.038901 0.020100
v 0.034625 0.051431 0.020100
v 0.039495 0.041709 0.020100
v 0.040305 0.041926 0.020100
v 0.042924 0.044738 0.020100
v 0.041116 0.041709 0.020100
v 0.041709 0.041116 0.020100
v 0.049954 0.036723 0.020100
v 0.041926 0.040305 0.020100
v 0.055507 0.027621 0.020100
v 0.041709 0.039495 0.020100
v 0.059419 0.017703 0.020100
v 0.041116 0.038901 0.020100
v 0.061573 0.007262 0.020100
v 0.040305 0.038684 0.020100
v 0.041158 0.027501 0.020100
v 0.045732 0.018943 0.020100
v 0.048549 0.009657 0.020100
v -0.028895 0.075049 0.019851
v -0.034943 0.074300 0.002100
v -0.034882 0.075292 0.002975
v -0.034936 0.074762 0.002213
v -0.034925 0.075007 0.002393
v -0.034916 0.075115 0.002520
v -0.034899 0.075238 0.002754
v -0.034943 0.074196 0.002100
v 0.005100 0.069000 -0.034526
v 0.005100 0.069000 -0.032900
v 0.004955 0.070195 -0.034548
v 0.004820 0.070651 -0.032900
v 0.004423 0.071513 -0.034619
v 0.004029 0.072093 -0.034667
v 0.003473 0.072691 -0.032900
v 0.003495 0.072671 -0.034725
v 0.002306 0.073487 -0.034824
v 0.001322 0.073849 -0.032900
v 0.001322 0.073848 -0.034875
v -0.001122 0.073849 -0.032900
v -0.000468 0.073968 -0.034897
v 0.000937 0.073929 -0.034887
v -0.003273 0.072691 -0.034747
v -0.003026 0.072902 -0.034769
v -0.003273 0.072691 -0.032900
v -0.001877 0.073593 -0.034850
v -0.001122 0.073848 -0.034882
v -0.004900 0.069000 -0.032900
v -0.004900 0.069000 -0.034555
v -0.004619 0.070651 -0.032900
v -0.004676 0.070480 -0.034586
v -0.004057 0.071779 -0.034664
v 0.004019 0.065895 -0.034669
v 0.003524 0.065357 -0.034722
v 0.003524 0.065357 -0.032900
v -0.004755 0.067805 -0.034576
v -0.004616 0.067339 -0.032900
v -0.004221 0.066485 -0.034644
v -0.003255 0.065293 -0.032900
v -0.003292 0.065326 -0.034745
v -0.002100 0.064510 -0.034837
v -0.001083 0.064142 -0.032900
v -0.001083 0.064142 -0.034883
v 0.001375 0.064165 -0.032900
v 0.000677 0.064033 -0.034893
v -0.000728 0.064069 -0.034892
v 0.003218 0.065091 -0.034752
v 0.002085 0.064411 -0.034838
v 0.001375 0.064165 -0.034873
v 0.004847 0.067428 -0.032900
v 0.004877 0.067521 -0.034559
v 0.004257 0.066222 -0.034640
v -0.029901 0.070045 0.002535
v -0.029942 0.070878 0.001970
v -0.029983 0.071450 0.001111
v -0.029993 0.071570 0.000748
v -0.029942 0.070877 -0.001770
v -0.029983 0.071450 -0.000910
v -0.029993 0.071570 -0.000548
v -0.030000 0.071650 0.000100
v -0.029900 0.070018 -0.002346
v -0.031968 0.053706 0.015627
v -0.034904 0.051845 0.019600
v -0.029785 0.054946 0.019600
v 0.028602 0.055571 -0.021149
v 0.031101 0.054212 -0.017149
v 0.030966 0.054290 -0.060400
v -0.061204 0.012664 -0.053168
v -0.061393 0.011711 0.019600
v -0.060988 0.013666 -0.053168
v -0.059898 0.017846 0.019600
v -0.060755 0.014664 -0.053168
v -0.058465 0.022092 0.019600
v 0.035269 0.051598 -0.003356
v 0.035404 0.051506 0.001565
v 0.039839 0.048157 0.019600
v 0.033077 0.053030 -0.012809
v 0.034482 0.052127 -0.008184
v 0.039839 0.048157 -0.060400
v 0.031434 0.054020 -0.060400
v 0.034878 0.051863 0.006444
v 0.033718 0.052624 0.011163
v 0.034904 0.051845 0.019600
v 0.031968 0.053706 0.015627
v 0.029785 0.054946 0.019600
v 0.010746 0.061569 -0.060400
v 0.010765 0.061566 -0.034198
v 0.011607 0.061413 -0.060400
v 0.014139 0.060880 -0.032910
v 0.021171 0.058805 -0.060400
v 0.018350 0.059746 -0.030696
v 0.021201 0.058794 -0.028744
v 0.021836 0.058562 -0.060400
v 0.022192 0.058427 -0.027964
v 0.025622 0.057007 -0.024767
v -0.021201 0.058794 -0.028744
v -0.018352 0.059745 -0.030695
v -0.021171 0.058805 -0.060400
v -0.014140 0.060879 -0.032909
v -0.019868 0.059258 -0.060400
v -0.010765 0.061566 -0.034198
v -0.010746 0.061569 -0.060400
v -0.009619 0.061755 -0.034548
v -0.009550 0.061766 -0.060400
v -0.004870 0.062310 -0.035558
v 0.000000 0.062500 -0.060400
v -0.000001 0.062500 -0.035900
v 0.001044 0.062491 -0.060400
v 0.004869 0.062310 -0.035558
v 0.009617 0.061756 -0.034548
v -0.031101 0.054212 -0.017149
v -0.028603 0.055571 -0.021148
v -0.030966 0.054290 -0.060400
v -0.025622 0.057007 -0.024766
v -0.022193 0.058427 -0.027964
v -0.029613 0.055040 -0.060400
v -0.034879 0.051863 0.006445
v -0.035404 0.051506 0.001565
v -0.039839 0.048157 0.019600
v -0.033719 0.052624 0.011163
v -0.035270 0.051598 -0.003356
v -0.034482 0.052127 -0.008184
v -0.039839 0.048157 -0.060400
v -0.033077 0.053030 -0.012809
v -0.038502 0.049232 -0.060400
v -0.062187 0.006250 -0.060400
v -0.062500 0.000000 -0.060400
v -0.062500 -0.000000 0.019600
v -0.062070 0.007320 0.019600
v -0.061393 0.011711 -0.060400
v -0.061204 0.012664 -0.060400
v -0.043271 0.045099 0.019600
v -0.046281 0.042004 -0.060400
v -0.047525 0.040590 0.019600
v -0.047525 0.040591 -0.060400
v -0.050357 0.037019 0.019600
v -0.052723 0.033563 -0.060400
v -0.053796 0.031815 0.019600
v -0.053796 0.031815 -0.060400
v -0.055955 0.027844 0.019600
v -0.057644 0.024154 -0.060400
v -0.058465 0.022092 -0.060400
v -0.060755 0.014664 -0.060400
v 0.040125 0.047919 -0.060400
v 0.043271 0.045099 0.019600
v 0.047525 0.040591 -0.060400
v 0.047525 0.040590 0.019600
v 0.047658 0.040435 -0.060400
v 0.050357 0.037019 0.019600
v 0.053796 0.031815 -0.060400
v 0.053796 0.031815 0.019600
v 0.053815 0.031784 -0.060400
v 0.055955 0.027844 0.019600
v 0.058418 0.022216 -0.060400
v 0.058465 0.022092 -0.060400
v 0.058465 0.022092 0.019600
v 0.059898 0.017846 0.019600
v 0.061336 0.012006 -0.060400
v 0.061393 0.011711 -0.060400
v 0.062500 -0.000000 0.019600
v 0.062500 0.000000 -0.060400
v 0.062492 0.000982 0.019600
v 0.062483 0.001450 -0.060400
v 0.062070 0.007320 0.019600
v 0.061393 0.011711 0.019600
v -0.061550 -0.010853 0.019600
v -0.058731 -0.021376 0.019600
v -0.054127 -0.031250 0.019600
v -0.047878 -0.040174 0.019600
v -0.040174 -0.047878 0.019600
v -0.031250 -0.054127 0.019600
v -0.021376 -0.058731 0.019600
v -0.010853 -0.061551 0.019600
v -0.000000 -0.062500 0.019600
v 0.010853 -0.061551 0.019600
v 0.021376 -0.058731 0.019600
v 0.031250 -0.054127 0.019600
v 0.040174 -0.047878 0.019600
v 0.047878 -0.040174 0.019600
v 0.054127 -0.031250 0.019600
v 0.058731 -0.021376 0.019600
v 0.061550 -0.010853 0.019600
v 0.029901 0.070046 -0.002335
v 0.029883 0.069000 -0.002550
v 0.033000 0.069000 -0.002550
v 0.033000 0.069875 -0.002401
v 0.033000 0.070956 -0.001688
v 0.029942 0.070878 -0.001770
v 0.029983 0.071450 -0.000911
v 0.033000 0.071570 -0.000547
v 0.029993 0.071570 -0.000548
v 0.029942 0.070878 0.001970
v 0.029983 0.071450 0.001111
v 0.033000 0.071570 0.000748
v 0.029993 0.071570 0.000748
v 0.030000 0.071650 0.000100
v 0.033000 0.070956 0.001888
v 0.033000 0.069875 0.002601
v 0.029900 0.070018 0.002547
v 0.033000 0.069000 0.002750
v 0.029883 0.069000 0.002750
v 0.029901 0.067954 0.002535
v 0.033000 0.068167 0.002616
v 0.033000 0.067069 0.001915
v 0.033000 0.066438 0.000776
v 0.029983 0.066550 0.001111
v 0.029942 0.067122 0.001970
v 0.033000 0.066425 -0.000527
v 0.030000 0.066350 0.000100
v 0.029992 0.066437 0.000776
v 0.029942 0.067123 -0.001770
v 0.029983 0.066550 -0.000910
v 0.029993 0.066425 -0.000527
v 0.033000 0.067035 -0.001678
v 0.033000 0.068120 -0.002399
v 0.029900 0.067982 -0.002346
v -0.029228 0.074800 -0.006661
v -0.029228 0.063000 -0.006661
v -0.027169 0.074800 0.012823
v -0.023705 0.074800 0.018487
v -0.023705 0.063000 0.018487
v -0.029302 0.063000 0.006536
v -0.029989 0.063000 -0.000732
v -0.029302 0.074800 0.006536
v -0.030000 0.074800 -0.000066
v -0.026880 0.063000 0.013422
v 0.023705 0.074800 0.018487
v 0.023517 0.074800 0.018888
v 0.023522 0.074800 0.019331
v 0.023716 0.074800 0.019728
v 0.024063 0.074800 0.020002
v 0.025448 0.074800 0.015987
v 0.025591 0.074800 0.015589
v 0.025557 0.074800 0.015167
v 0.025351 0.074800 0.014797
v 0.025062 0.074800 0.012585
v 0.024857 0.074800 0.013341
v 0.024958 0.074800 0.014119
v 0.026550 0.074800 0.008994
v 0.028318 0.074800 0.007633
v 0.027561 0.074800 0.007836
v 0.026940 0.074800 0.008314
v 0.028725 0.074800 0.007518
v 0.029048 0.074800 0.007244
v 0.029228 0.074800 0.006861
v 0.026482 0.074800 -0.013995
v 0.029065 0.074800 -0.007331
v 0.029743 0.074800 -0.003816
v 0.029934 0.074800 0.002082
v 0.029998 0.074800 -0.000245
v 0.026209 0.074800 -0.014318
v 0.025826 0.074800 -0.014499
v 0.025403 0.074800 -0.014506
v 0.023343 0.074800 -0.015362
v 0.023896 0.074800 -0.014806
v 0.024619 0.074800 -0.014505
v 0.020977 0.074800 -0.018446
v 0.020683 0.074800 -0.020657
v 0.020480 0.074800 -0.019900
v 0.020583 0.074800 -0.019123
v 0.020786 0.074800 -0.021068
v 0.020710 0.074800 -0.021484
v 0.020469 0.074800 -0.021832
v 0.001034 0.074800 -0.029882
v 0.014700 0.074800 -0.026051
v 0.011480 0.074800 -0.027616
v 0.008097 0.074800 -0.028786
v 0.000618 0.074800 -0.029807
v 0.000270 0.074800 -0.029566
v 0.000053 0.074800 -0.029203
v -0.001719 0.074800 -0.027847
v -0.000962 0.074800 -0.028048
v -0.000339 0.074800 -0.028524
v -0.005573 0.074800 -0.027340
v -0.007635 0.074800 -0.028191
v -0.007081 0.074800 -0.027636
v -0.006357 0.074800 -0.027337
v -0.007939 0.074800 -0.028485
v -0.008338 0.074800 -0.028628
v -0.008759 0.074800 -0.028593
v -0.025448 0.074800 -0.015787
v -0.015298 0.074800 -0.025706
v -0.018263 0.074800 -0.023700
v -0.020968 0.074800 -0.021356
v -0.025591 0.074800 -0.015389
v -0.025557 0.074800 -0.014967
v -0.025351 0.074800 -0.014597
v -0.025063 0.074800 -0.012385
v -0.024857 0.074800 -0.013141
v -0.024959 0.074800 -0.013918
v -0.026550 0.074800 -0.008794
v -0.028318 0.074800 -0.007433
v -0.027561 0.074800 -0.007636
v -0.026940 0.074800 -0.008114
v -0.028725 0.074800 -0.007317
v -0.029048 0.074800 -0.007043
v -0.024064 0.074800 0.020002
v -0.023717 0.074800 0.019728
v -0.023522 0.074800 0.019330
v -0.023518 0.074800 0.018888
v -0.023725 0.062861 0.019738
v -0.023959 0.062656 0.019944
v 0.023629 0.063000 0.019600
v -0.023629 0.063000 0.019600
v 0.023728 0.062858 0.019742
v 0.023821 0.062761 0.019839
v -0.024119 0.062573 0.020027
v -0.024339 0.062512 0.020088
v 0.024150 0.062561 0.020039
v 0.049000 -0.000000 0.019600
v 0.048970 -0.001710 0.019600
v 0.048058 -0.009559 0.019600
v 0.047744 -0.011023 0.019600
v 0.045270 -0.018752 0.019600
v 0.044764 -0.019930 0.019600
v 0.040742 -0.027223 0.019600
v 0.040138 -0.028105 0.019600
v 0.034648 -0.034648 0.019600
v 0.034038 -0.035248 0.019600
v 0.027223 -0.040742 0.019600
v 0.026687 -0.041095 0.019600
v 0.018751 -0.045270 0.019600
v 0.018356 -0.045432 0.019600
v 0.009559 -0.048059 0.019600
v -0.000000 -0.049000 0.019600
v -0.009559 -0.048059 0.019600
v -0.018356 -0.045432 0.019600
v -0.018751 -0.045270 0.019600
v -0.026687 -0.041095 0.019600
v -0.027223 -0.040742 0.019600
v -0.034038 -0.035248 0.019600
v -0.034648 -0.034648 0.019600
v -0.040138 -0.028105 0.019600
v -0.040742 -0.027223 0.019600
v -0.044764 -0.019930 0.019600
v -0.045270 -0.018752 0.019600
v -0.047744 -0.011023 0.019600
v -0.048058 -0.009559 0.019600
v -0.048970 -0.001710 0.019600
v -0.049000 -0.000000 0.019600
v -0.048970 0.001710 0.019600
v -0.048058 0.009559 0.019600
v -0.047744 0.011023 0.019600
v -0.045270 0.018751 0.019600
v -0.044764 0.019930 0.019600
v -0.040742 0.027223 0.019600
v -0.040138 0.028105 0.019600
v -0.034648 0.034648 0.019600
v -0.034038 0.035248 0.019600
v -0.027223 0.040742 0.019600
v -0.026687 0.041095 0.019600
v -0.018751 0.045270 0.019600
v -0.018356 0.045432 0.019600
v -0.009559 0.048058 0.019600
v -0.000000 0.049000 0.019600
v 0.009559 0.048058 0.019600
v 0.018356 0.045432 0.019600
v 0.018751 0.045270 0.019600
v 0.026687 0.041095 0.019600
v 0.027223 0.040742 0.019600
v 0.034038 0.035248 0.019600
v 0.034648 0.034648 0.019600
v 0.040138 0.028105 0.019600
v 0.040742 0.027223 0.019600
v 0.044764 0.019930 0.019600
v 0.045270 0.018751 0.019600
v 0.047744 0.011023 0.019600
v 0.048058 0.009559 0.019600
v 0.048970 0.001710 0.019600
v -0.041926 0.040305 0.005100
v -0.041709 0.041116 0.005100
v -0.041116 0.041709 0.005100
v -0.040305 0.041926 0.005100
v -0.039495 0.041709 0.005100
v -0.038901 0.041116 0.005100
v -0.038684 0.040305 0.005100
v -0.038901 0.039495 0.005100
v -0.039495 0.038901 0.005100
v -0.040305 0.038684 0.005100
v -0.041116 0.038901 0.005100
v -0.041709 0.039495 0.005100
v -0.041926 -0.040305 0.005100
v -0.041709 -0.039495 0.005100
v -0.041116 -0.038901 0.005100
v -0.040305 -0.038684 0.005100
v -0.039495 -0.038901 0.005100
v -0.038901 -0.039495 0.005100
v -0.038684 -0.040305 0.005100
v -0.038901 -0.041116 0.005100
v -0.039495 -0.041709 0.005100
v -0.040305 -0.041926 0.005100
v -0.041116 -0.041709 0.005100
v -0.041709 -0.041116 0.005100
v 0.038684 0.040305 0.005100
v 0.038901 0.041116 0.005100
v 0.039495 0.041709 0.005100
v 0.040305 0.041926 0.005100
v 0.041116 0.041709 0.005100
v 0.041709 0.041116 0.005100
v 0.041926 0.040305 0.005100
v 0.041709 0.039495 0.005100
v 0.041116 0.038901 0.005100
v 0.040305 0.038684 0.005100
v 0.039495 0.038901 0.005100
v 0.038901 0.039495 0.005100
v 0.038684 -0.040305 0.005100
v 0.038901 -0.039495 0.005100
v 0.039495 -0.038901 0.005100
v 0.040305 -0.038684 0.005100
v 0.041116 -0.038901 0.005100
v 0.041709 -0.039495 0.005100
v 0.041926 -0.040305 0.005100
v 0.041709 -0.041116 0.005100
v 0.041116 -0.041709 0.005100
v 0.040305 -0.041926 0.005100
v 0.039495 -0.041709 0.005100
v 0.038901 -0.041116 0.005100
v 0.025062 0.063000 0.012585
v 0.024857 0.063000 0.013341
v 0.024958 0.063000 0.014119
v 0.025351 0.063000 0.014797
v 0.028318 0.063000 0.007633
v 0.027561 0.063000 0.007836
v 0.026940 0.063000 0.008314
v 0.026550 0.063000 0.008994
v 0.023343 0.063000 -0.015362
v 0.023896 0.063000 -0.014806
v 0.024619 0.063000 -0.014505
v 0.025403 0.063000 -0.014506
v 0.020683 0.063000 -0.020657
v 0.020480 0.063000 -0.019900
v 0.020583 0.063000 -0.019123
v 0.020977 0.063000 -0.018446
v -0.001719 0.066983 -0.027847
v -0.001719 0.063000 -0.027847
v -0.000997 0.063000 -0.028031
v -0.000389 0.066379 -0.028469
v -0.000627 0.066425 -0.028255
v -0.000989 0.066541 -0.028035
v -0.000313 0.063000 -0.028554
v 0.000053 0.063000 -0.029203
v 0.000053 0.066350 -0.029203
v -0.005573 0.063000 -0.027340
v -0.001794 0.067049 -0.027842
v -0.002420 0.067920 -0.027795
v -0.002650 0.069000 -0.027774
v -0.001719 0.071017 -0.027847
v -0.001818 0.070929 -0.027841
v -0.002434 0.070048 -0.027794
v -0.007635 0.063000 -0.028191
v -0.007081 0.063000 -0.027636
v -0.006357 0.063000 -0.027337
v -0.025063 0.063000 -0.012385
v -0.024857 0.063000 -0.013141
v -0.024959 0.063000 -0.013918
v -0.025351 0.063000 -0.014597
v -0.026550 0.063000 -0.008794
v -0.028318 0.063000 -0.007433
v -0.027561 0.063000 -0.007636
v -0.026940 0.063000 -0.008114
v 0.000691 0.071558 -0.029834
v 0.001034 0.071440 -0.029882
v 0.000299 0.071633 -0.029596
v 0.000053 0.071649 -0.029203
v -0.000309 0.071632 -0.028559
v -0.000620 0.071576 -0.028260
v -0.000961 0.071469 -0.028048
v -0.001001 0.071453 -0.028029
v -0.060492 0.014664 -0.060656
v -0.060501 0.014664 -0.053167
v -0.060501 0.013619 -0.053167
v -0.060616 0.013154 -0.053168
v -0.060932 0.012796 -0.053168
v 0.018746 -0.027158 -0.060900
v 0.019901 -0.027865 -0.060900
v 0.011702 -0.030855 -0.060900
v -0.029376 0.054599 -0.060900
v -0.033226 0.048211 -0.060900
v -0.038194 0.048838 -0.060900
v -0.036389 -0.011143 -0.060900
v -0.039024 -0.010220 -0.060900
v -0.033226 0.000000 -0.060900
v -0.052302 0.033295 -0.060900
v -0.042864 0.021889 -0.060900
v -0.057183 0.023961 -0.060900
v -0.045161 0.019593 -0.060900
v -0.060414 0.013935 -0.060900
v -0.046001 0.016455 -0.060900
v -0.060492 0.013592 -0.060900
v -0.045161 0.013318 -0.060900
v -0.060572 0.013229 -0.060900
v -0.061689 0.006200 -0.060900
v -0.034821 0.012543 -0.060900
v -0.033610 0.015059 -0.060900
v -0.033610 0.017852 -0.060900
v -0.034821 0.020367 -0.060900
v -0.033226 0.033226 -0.060900
v -0.037005 0.022108 -0.060900
v -0.039727 0.022730 -0.060900
v -0.037005 0.010803 -0.060900
v -0.062000 0.000002 -0.060900
v -0.042864 0.011022 -0.060900
v -0.039727 0.010181 -0.060900
v -0.037655 -0.022377 -0.060900
v -0.035290 -0.020892 -0.060900
v -0.033226 -0.027865 -0.060900
v -0.041799 -0.010533 -0.060900
v -0.044163 -0.012019 -0.060900
v -0.045649 -0.014383 -0.060900
v -0.045962 -0.017158 -0.060900
v -0.057952 -0.022035 -0.060900
v -0.045039 -0.019793 -0.060900
v -0.053274 -0.031716 -0.060900
v -0.043065 -0.021768 -0.060900
v -0.040429 -0.022690 -0.060900
v -0.033805 -0.018528 -0.060900
v -0.033492 -0.015753 -0.060900
v -0.034414 -0.013117 -0.060900
v -0.060888 -0.011691 -0.060900
v -0.061992 -0.001000 -0.060900
v -0.061992 -0.000996 -0.060900
v -0.030423 -0.054022 -0.060900
v -0.039299 -0.047954 -0.060900
v -0.033226 -0.033226 -0.060900
v -0.046993 -0.040443 -0.060900
v -0.010181 -0.039727 -0.060900
v -0.011022 -0.036590 -0.060900
v -0.000654 -0.033226 -0.060900
v -0.013318 -0.034293 -0.060900
v -0.016455 -0.033452 -0.060900
v -0.027865 -0.033226 -0.060900
v -0.019593 -0.034293 -0.060900
v -0.021889 -0.036590 -0.060900
v -0.022730 -0.039727 -0.060900
v -0.010802 -0.042449 -0.060900
v 0.000498 -0.061998 -0.060900
v -0.012543 -0.044632 -0.060900
v -0.015059 -0.045844 -0.060900
v -0.010221 -0.061152 -0.060900
v -0.017852 -0.045844 -0.060900
v -0.020632 -0.058466 -0.060900
v -0.020367 -0.044632 -0.060900
v -0.022108 -0.042449 -0.060900
v 0.019901 -0.033226 -0.060900
v 0.015753 -0.033492 -0.060900
v 0.013117 -0.034414 -0.060900
v 0.012019 -0.044163 -0.060900
v 0.011202 -0.060980 -0.060900
v 0.014383 -0.045649 -0.060900
v 0.021569 -0.058127 -0.060900
v 0.011143 -0.036389 -0.060900
v 0.010221 -0.039024 -0.060900
v 0.010533 -0.041799 -0.060900
v 0.033226 -0.033226 -0.060900
v 0.031287 -0.053527 -0.060900
v 0.027865 -0.033226 -0.060900
v 0.022690 -0.040429 -0.060900
v 0.017158 -0.045962 -0.060900
v 0.019794 -0.045039 -0.060900
v 0.021768 -0.043065 -0.060900
v 0.022378 -0.037654 -0.060900
v 0.020892 -0.035290 -0.060900
v 0.018528 -0.033805 -0.060900
v 0.053776 -0.030856 -0.060900
v 0.047637 -0.039683 -0.060900
v 0.040064 -0.047316 -0.060900
v 0.033226 -0.027865 -0.060900
v 0.036590 -0.021889 -0.060900
v 0.039727 -0.022730 -0.060900
v 0.042449 -0.010802 -0.060900
v 0.039727 -0.010181 -0.060900
v 0.033226 0.000000 -0.060900
v 0.036590 -0.011022 -0.060900
v 0.034293 -0.013318 -0.060900
v 0.033453 -0.016455 -0.060900
v 0.034293 -0.019592 -0.060900
v 0.044632 -0.012543 -0.060900
v 0.062000 0.000000 -0.060900
v 0.045844 -0.015059 -0.060900
v 0.061068 -0.010712 -0.060900
v 0.045844 -0.017851 -0.060900
v 0.058299 -0.021101 -0.060900
v 0.044632 -0.020367 -0.060900
v 0.042449 -0.022108 -0.060900
v 0.036389 0.011143 -0.060900
v 0.039024 0.010221 -0.060900
v 0.057951 0.022038 -0.060900
v 0.060845 0.011910 -0.060900
v 0.045649 0.014383 -0.060900
v 0.061983 0.001438 -0.060900
v 0.044163 0.012019 -0.060900
v 0.041799 0.010533 -0.060900
v 0.045962 0.017158 -0.060900
v 0.045039 0.019794 -0.060900
v 0.053384 0.031530 -0.060900
v 0.043065 0.021768 -0.060900
v 0.047276 0.040112 -0.060900
v 0.040429 0.022690 -0.060900
v 0.033226 0.033226 -0.060900
v 0.037655 0.022378 -0.060900
v 0.035290 0.020892 -0.060900
v 0.033805 0.018528 -0.060900
v 0.033492 0.015753 -0.060900
v 0.034414 0.013117 -0.060900
v 0.019901 0.048211 -0.060900
v 0.021661 0.058093 -0.060900
v 0.031182 0.053588 -0.060900
v 0.001035 0.061991 -0.060900
v 0.011514 0.060922 -0.060900
v 0.012973 0.058621 -0.060900
v 0.015023 0.058072 -0.060900
v 0.016523 0.056571 -0.060900
v 0.012973 0.050421 -0.060900
v 0.015023 0.050971 -0.060900
v 0.016523 0.052471 -0.060900
v 0.017073 0.054521 -0.060900
v 0.010923 0.058072 -0.060900
v 0.009422 0.056571 -0.060900
v -0.009474 0.061272 -0.060900
v 0.008873 0.054521 -0.060900
v -0.000654 0.048211 -0.060900
v 0.009422 0.052471 -0.060900
v 0.010923 0.050971 -0.060900
v -0.045911 0.041668 -0.060900
v -0.029220 0.015336 -0.060900
v -0.032041 0.007897 -0.060900
v -0.003978 0.032759 -0.060900
v -0.011702 0.030856 -0.060900
v -0.027865 0.033226 -0.060900
v -0.018746 0.027159 -0.060900
v -0.024701 0.021883 -0.060900
v 0.032041 0.007897 -0.060900
v 0.029220 0.015336 -0.060900
v 0.027865 0.033226 -0.060900
v 0.024701 0.021883 -0.060900
v 0.019901 0.033226 -0.060900
v 0.018746 0.027159 -0.060900
v 0.011702 0.030856 -0.060900
v 0.027865 -0.027865 -0.060900
v 0.024701 -0.021883 -0.060900
v 0.029220 -0.015336 -0.060900
v 0.032041 -0.007897 -0.060900
v 0.033000 0.000000 -0.060900
v -0.027865 -0.027865 -0.060900
v -0.018746 -0.027158 -0.060900
v -0.011702 -0.030855 -0.060900
v -0.003978 -0.032759 -0.060900
v 0.003978 -0.032759 -0.060900
v -0.033000 0.000000 -0.060900
v -0.032041 -0.007897 -0.060900
v -0.029220 -0.015336 -0.060900
v -0.024701 -0.021883 -0.060900
v 0.019593 0.045161 -0.060900
v 0.016455 0.046001 -0.060900
v 0.010802 0.037005 -0.060900
v 0.012543 0.034821 -0.060900
v -0.000654 0.033226 -0.060900
v 0.013318 0.045161 -0.060900
v 0.011022 0.042864 -0.060900
v 0.010181 0.039727 -0.060900
v 0.015059 0.033610 -0.060900
v 0.003978 0.032759 -0.060900
v 0.022730 0.039727 -0.060900
v 0.021889 0.042864 -0.060900
v 0.027865 0.048211 -0.060900
v 0.039804 0.047536 -0.060900
v 0.033226 0.048211 -0.060900
v 0.017852 0.033610 -0.060900
v 0.020367 0.034821 -0.060900
v 0.022108 0.037005 -0.060900
v -0.027865 0.048211 -0.060900
v -0.019709 0.058784 -0.060900
v -0.015753 0.033492 -0.060900
v -0.013117 0.034414 -0.060900
v -0.012019 0.044164 -0.060900
v -0.014383 0.045649 -0.060900
v -0.017158 0.045962 -0.060900
v -0.019794 0.045039 -0.060900
v -0.020892 0.035290 -0.060900
v -0.018528 0.033805 -0.060900
v -0.021768 0.043065 -0.060900
v -0.022690 0.040429 -0.060900
v -0.022378 0.037655 -0.060900
v -0.011143 0.036389 -0.060900
v -0.010221 0.039024 -0.060900
v -0.010533 0.041799 -0.060900
v -0.062241 -0.001000 -0.060651
v 0.061560 -0.010798 -0.060400
v -0.062492 -0.001004 -0.060400
v -0.061550 -0.010853 -0.060400
v 0.058769 -0.021271 -0.060400
v 0.058731 -0.021376 -0.060400
v 0.054210 -0.031105 -0.060400
v 0.054127 -0.031250 -0.060400
v 0.048021 -0.040003 -0.060400
v 0.047878 -0.040174 -0.060400
v 0.040388 -0.047698 -0.060400
v 0.040174 -0.047878 -0.060400
v 0.031539 -0.053958 -0.060400
v 0.031250 -0.054127 -0.060400
v 0.021743 -0.058596 -0.060400
v 0.021376 -0.058731 -0.060400
v 0.011292 -0.061471 -0.060400
v 0.010853 -0.061550 -0.060400
v 0.000502 -0.062498 -0.060400
v 0.000000 -0.062500 -0.060400
v -0.010303 -0.061645 -0.060400
v -0.010853 -0.061550 -0.060400
v -0.020799 -0.058938 -0.060400
v -0.021376 -0.058731 -0.060400
v -0.030668 -0.054458 -0.060400
v -0.031250 -0.054127 -0.060400
v -0.039616 -0.048341 -0.060400
v -0.040174 -0.047878 -0.060400
v -0.047372 -0.040769 -0.060400
v -0.047878 -0.040174 -0.060400
v -0.053703 -0.031972 -0.060400
v -0.054127 -0.031250 -0.060400
v -0.058420 -0.022213 -0.060400
v -0.058731 -0.021376 -0.060400
v -0.061379 -0.011786 -0.060400
v -0.048733 -0.005104 -0.050600
v -0.047744 -0.011023 -0.050600
v -0.049000 0.000000 -0.050600
v -0.048970 -0.001710 -0.050600
v -0.048838 -0.003979 -0.050600
v -0.044764 -0.019930 -0.050600
v -0.040138 -0.028105 -0.050600
v -0.034038 -0.035248 -0.050600
v -0.026687 -0.041095 -0.050600
v -0.018356 -0.045432 -0.050600
v -0.009350 -0.048100 -0.050600
v 0.003937 -0.048841 -0.050600
v 0.000000 -0.049000 -0.050600
v -0.003945 -0.048841 -0.050600
v -0.004835 -0.048761 -0.050600
v 0.004806 -0.048764 -0.051100
v 0.004806 -0.048764 -0.050600
v 0.009350 -0.048100 -0.050600
v 0.013917 -0.046982 -0.050600
v 0.018356 -0.045432 -0.050600
v 0.048844 -0.003905 -0.050600
v 0.048774 -0.004704 -0.051100
v 0.048774 -0.004704 -0.050600
v 0.022626 -0.043463 -0.050600
v 0.026687 -0.041095 -0.050600
v 0.030503 -0.038348 -0.050600
v 0.034038 -0.035248 -0.050600
v 0.037260 -0.031823 -0.050600
v 0.040138 -0.028105 -0.050600
v 0.042647 -0.024129 -0.050600
v 0.044764 -0.019930 -0.050600
v 0.046468 -0.015548 -0.050600
v 0.047744 -0.011023 -0.050600
v 0.048362 -0.007880 -0.050600
v 0.049000 0.000000 -0.050600
v 0.048970 -0.001710 -0.050600
v 0.048970 0.001710 -0.050600
v 0.048774 0.004704 -0.050600
v 0.048774 0.004704 -0.051100
v 0.048844 0.003906 -0.050600
v 0.007085 0.048485 -0.050600
v 0.009350 0.048100 -0.050600
v 0.013917 0.046982 -0.050600
v 0.018356 0.045432 -0.050600
v 0.022626 0.043464 -0.050600
v 0.026687 0.041095 -0.050600
v 0.030503 0.038348 -0.050600
v 0.034038 0.035248 -0.050600
v 0.037260 0.031823 -0.050600
v 0.040138 0.028105 -0.050600
v 0.042647 0.024129 -0.050600
v 0.044764 0.019930 -0.050600
v 0.046468 0.015548 -0.050600
v 0.047744 0.011023 -0.050600
v -0.003945 0.048841 -0.050600
v 0.000000 0.049000 -0.050600
v 0.003937 0.048842 -0.050600
v 0.005947 0.048638 -0.050600
v 0.004806 0.048764 -0.050600
v 0.004806 0.048764 -0.051100
v -0.004835 0.048761 -0.050600
v -0.009350 0.048100 -0.050600
v -0.018356 0.045432 -0.050600
v -0.026687 0.041095 -0.050600
v -0.034038 0.035248 -0.050600
v -0.040138 0.028105 -0.050600
v -0.044764 0.019930 -0.050600
v -0.047744 0.011023 -0.050600
v -0.048733 0.005104 -0.050600
v -0.048838 0.003979 -0.050600
v -0.048970 0.001710 -0.050600
v -0.040305 -0.040305 0.004164
v -0.032500 0.000000 -0.060400
v -0.031556 0.007778 -0.060400
v -0.028777 0.015104 -0.060400
v -0.024327 0.021552 -0.060400
v -0.018462 0.026747 -0.060400
v -0.011525 0.030388 -0.060400
v -0.003917 0.032263 -0.060400
v 0.003917 0.032263 -0.060400
v 0.011525 0.030388 -0.060400
v 0.018462 0.026747 -0.060400
v 0.024327 0.021552 -0.060400
v 0.028777 0.015104 -0.060400
v 0.031556 0.007778 -0.060400
v 0.032500 0.000000 -0.060400
v 0.031556 -0.007778 -0.060400
v 0.028777 -0.015103 -0.060400
v 0.024327 -0.021551 -0.060400
v 0.018462 -0.026747 -0.060400
v 0.011525 -0.030388 -0.060400
v 0.003917 -0.032263 -0.060400
v -0.003917 -0.032263 -0.060400
v -0.011525 -0.030388 -0.060400
v -0.018462 -0.026747 -0.060400
v -0.024327 -0.021551 -0.060400
v -0.028777 -0.015103 -0.060400
v -0.031556 -0.007778 -0.060400
v 0.019255 0.039727 -0.057100
v 0.018880 0.041127 -0.057100
v 0.018201 0.041916 -0.057100
v 0.017855 0.042152 -0.057100
v 0.017078 0.042457 -0.057100
v 0.016455 0.042527 -0.057100
v 0.015832 0.042457 -0.057100
v 0.013655 0.039727 -0.057100
v 0.014031 0.041127 -0.057100
v 0.014710 0.041916 -0.057100
v 0.015055 0.042152 -0.057100
v 0.013933 0.038512 -0.057100
v 0.014031 0.038327 -0.057100
v 0.014710 0.037538 -0.057100
v 0.015055 0.037302 -0.057100
v 0.015832 0.036997 -0.057100
v 0.016455 0.036927 -0.057100
v 0.017078 0.036997 -0.057100
v 0.017855 0.037302 -0.057100
v 0.018201 0.037538 -0.057100
v 0.018978 0.038512 -0.057100
v 0.018880 0.038327 -0.057100
v -0.014475 0.041707 -0.057100
v -0.015531 0.042370 -0.057100
v -0.015731 0.042432 -0.057100
v -0.016769 0.042509 -0.057100
v -0.017180 0.042432 -0.057100
v -0.017945 0.042098 -0.057100
v -0.018435 0.041707 -0.057100
v -0.018826 0.041217 -0.057100
v -0.019160 0.040452 -0.057100
v -0.019238 0.040040 -0.057100
v -0.018435 0.037747 -0.057100
v -0.019098 0.038802 -0.057100
v -0.019160 0.039002 -0.057100
v -0.013813 0.040652 -0.057100
v -0.013673 0.039413 -0.057100
v -0.014085 0.038237 -0.057100
v -0.014966 0.037356 -0.057100
v -0.016142 0.036944 -0.057100
v -0.017380 0.037084 -0.057100
v -0.039727 0.019255 -0.057100
v -0.041127 0.018880 -0.057100
v -0.041916 0.018201 -0.057100
v -0.042152 0.017855 -0.057100
v -0.042457 0.017079 -0.057100
v -0.042527 0.016455 -0.057100
v -0.042457 0.015832 -0.057100
v -0.039727 0.013655 -0.057100
v -0.041127 0.014031 -0.057100
v -0.041916 0.014710 -0.057100
v -0.042152 0.015055 -0.057100
v -0.038512 0.013933 -0.057100
v -0.038327 0.014031 -0.057100
v -0.037538 0.014710 -0.057100
v -0.037302 0.015055 -0.057100
v -0.036997 0.015832 -0.057100
v -0.036927 0.016455 -0.057100
v -0.036997 0.017079 -0.057100
v -0.037302 0.017855 -0.057100
v -0.037538 0.018201 -0.057100
v -0.038512 0.018978 -0.057100
v -0.038327 0.018880 -0.057100
v -0.037747 -0.018435 -0.057100
v -0.038802 -0.019098 -0.057100
v -0.040040 -0.019238 -0.057100
v -0.041217 -0.018826 -0.057100
v -0.042098 -0.017945 -0.057100
v -0.042509 -0.016769 -0.057100
v -0.042370 -0.015531 -0.057100
v -0.041707 -0.014475 -0.057100
v -0.037084 -0.017380 -0.057100
v -0.037022 -0.017180 -0.057100
v -0.036944 -0.016142 -0.057100
v -0.037022 -0.015731 -0.057100
v -0.037356 -0.014966 -0.057100
v -0.037747 -0.014475 -0.057100
v -0.038237 -0.014084 -0.057100
v -0.039002 -0.013751 -0.057100
v -0.039413 -0.013673 -0.057100
v -0.040652 -0.013812 -0.057100
v -0.040452 -0.013751 -0.057100
v -0.019255 -0.039727 -0.057100
v -0.018978 -0.040942 -0.057100
v -0.018880 -0.041127 -0.057100
v -0.018201 -0.041916 -0.057100
v -0.017855 -0.042152 -0.057100
v -0.017078 -0.042457 -0.057100
v -0.016455 -0.042527 -0.057100
v -0.015832 -0.042457 -0.057100
v -0.015055 -0.042152 -0.057100
v -0.014710 -0.041916 -0.057100
v -0.013655 -0.039727 -0.057100
v -0.013933 -0.040942 -0.057100
v -0.014031 -0.041127 -0.057100
v -0.014031 -0.038327 -0.057100
v -0.014710 -0.037538 -0.057100
v -0.015055 -0.037302 -0.057100
v -0.015832 -0.036997 -0.057100
v -0.016455 -0.036927 -0.057100
v -0.017078 -0.036997 -0.057100
v -0.018880 -0.038327 -0.057100
v -0.018201 -0.037538 -0.057100
v -0.017855 -0.037302 -0.057100
v 0.014475 -0.041707 -0.057100
v 0.015531 -0.042370 -0.057100
v 0.015731 -0.042431 -0.057100
v 0.016769 -0.042509 -0.057100
v 0.017180 -0.042431 -0.057100
v 0.017945 -0.042098 -0.057100
v 0.018435 -0.041707 -0.057100
v 0.018826 -0.041216 -0.057100
v 0.019160 -0.040451 -0.057100
v 0.019238 -0.040040 -0.057100
v 0.018435 -0.037747 -0.057100
v 0.019098 -0.038802 -0.057100
v 0.019160 -0.039002 -0.057100
v 0.013813 -0.040652 -0.057100
v 0.013673 -0.039413 -0.057100
v 0.014085 -0.038237 -0.057100
v 0.014966 -0.037356 -0.057100
v 0.016142 -0.036944 -0.057100
v 0.017380 -0.037084 -0.057100
v 0.039727 -0.013655 -0.057100
v 0.040942 -0.013933 -0.057100
v 0.041916 -0.014710 -0.057100
v 0.042457 -0.015832 -0.057100
v 0.042457 -0.017078 -0.057100
v 0.041916 -0.018201 -0.057100
v 0.040942 -0.018978 -0.057100
v 0.039727 -0.019255 -0.057100
v 0.038327 -0.018880 -0.057100
v 0.037302 -0.017855 -0.057100
v 0.036927 -0.016455 -0.057100
v 0.037302 -0.015055 -0.057100
v 0.038327 -0.014030 -0.057100
v 0.041707 0.014476 -0.057100
v 0.042370 0.015531 -0.057100
v 0.042431 0.015731 -0.057100
v 0.042509 0.016769 -0.057100
v 0.042431 0.017180 -0.057100
v 0.042098 0.017945 -0.057100
v 0.041707 0.018435 -0.057100
v 0.041217 0.018826 -0.057100
v 0.040452 0.019160 -0.057100
v 0.040040 0.019238 -0.057100
v 0.037747 0.018435 -0.057100
v 0.038802 0.019098 -0.057100
v 0.039002 0.019160 -0.057100
v 0.040652 0.013813 -0.057100
v 0.039413 0.013673 -0.057100
v 0.038237 0.014085 -0.057100
v 0.037356 0.014966 -0.057100
v 0.036944 0.016142 -0.057100
v 0.037084 0.017380 -0.057100
v -0.003997 -0.048889 -0.050600
v -0.004537 -0.049201 -0.050600
v -0.005157 -0.049266 -0.050600
v -0.048853 -0.003996 -0.050600
v -0.014581 -0.047333 -0.050600
v -0.023453 -0.043615 -0.050600
v -0.031439 -0.038252 -0.050600
v -0.038239 -0.031447 -0.050600
v -0.043595 -0.023456 -0.050600
v -0.047305 -0.014581 -0.050600
v -0.049231 -0.005156 -0.050600
v -0.049165 -0.004536 -0.050600
v 0.004094 -0.048207 -0.051100
v 0.004000 -0.047783 -0.051100
v 0.003500 -0.047783 -0.050600
v 0.003642 -0.048419 -0.050600
v 0.004415 -0.048593 -0.051100
v 0.047818 -0.003500 -0.050600
v 0.047818 -0.004000 -0.051100
v 0.048409 -0.003621 -0.050600
v 0.048212 -0.004081 -0.051100
v 0.048585 -0.004358 -0.051100
v -0.004000 -0.047774 -0.051100
v -0.003500 -0.047774 -0.050600
v -0.004000 -0.039000 -0.051100
v -0.003500 -0.039000 -0.050600
v -0.003630 -0.048385 -0.050600
v -0.004086 -0.048181 -0.051100
v -0.004331 -0.048518 -0.051100
v -0.005105 -0.048769 -0.051100
v -0.004691 -0.048726 -0.051100
v 0.003500 -0.039000 -0.050600
v 0.004000 -0.039000 -0.051100
v 0.003850 -0.037914 -0.051100
v 0.003163 -0.037501 -0.050600
v 0.003487 -0.038700 -0.050600
v 0.003076 -0.036442 -0.051100
v 0.001531 -0.035304 -0.051100
v 0.001339 -0.035766 -0.050600
v 0.003615 -0.037287 -0.051100
v 0.002416 -0.036468 -0.050600
v 0.001211 -0.035716 -0.050600
v 0.000780 -0.035077 -0.051100
v -0.000000 -0.035500 -0.050600
v 0.000000 -0.035000 -0.051100
v -0.003264 -0.037737 -0.050600
v -0.003540 -0.037137 -0.051100
v -0.000501 -0.035031 -0.051100
v -0.000988 -0.035642 -0.050600
v -0.001130 -0.035163 -0.051100
v -0.002271 -0.035707 -0.051100
v -0.002124 -0.036218 -0.050600
v -0.002583 -0.036638 -0.050600
v 0.004000 -0.047783 -0.055600
v 0.004000 -0.039000 -0.055600
v 0.024701 -0.021883 -0.055600
v 0.018746 -0.027158 -0.055600
v 0.034963 -0.026128 -0.055600
v -0.014966 0.037356 -0.055600
v -0.016142 0.036944 -0.055600
v -0.003076 0.036443 -0.055600
v -0.034183 0.035124 -0.055600
v -0.026128 0.034963 -0.055600
v -0.031122 0.037866 -0.055600
v -0.035124 -0.034182 -0.055600
v -0.034963 -0.026128 -0.055600
v -0.037852 -0.031130 -0.055600
v 0.048561 -0.004331 -0.055600
v 0.048225 -0.004086 -0.055600
v 0.048769 -0.004691 -0.055600
v 0.047818 -0.004000 -0.055600
v 0.039727 -0.019255 -0.055600
v 0.038327 -0.018880 -0.055600
v 0.037469 -0.003695 -0.055600
v 0.035924 -0.002557 -0.055600
v 0.038327 -0.014030 -0.055600
v 0.035150 -0.001086 -0.055600
v 0.037302 -0.015055 -0.055600
v 0.034963 0.000000 -0.055600
v 0.036927 -0.016455 -0.055600
v 0.037302 -0.017855 -0.055600
v 0.040942 -0.013933 -0.055600
v 0.045673 -0.004000 -0.055600
v 0.039727 -0.013655 -0.055600
v 0.039000 -0.004000 -0.055600
v 0.038220 -0.003923 -0.055600
v 0.041464 -0.026248 -0.055600
v 0.043223 -0.023240 -0.055600
v 0.040942 -0.018978 -0.055600
v 0.041916 -0.014710 -0.055600
v 0.046904 -0.014445 -0.055600
v 0.048813 -0.005104 -0.055600
v 0.042457 -0.015832 -0.055600
v 0.042457 -0.017078 -0.055600
v 0.041916 -0.018201 -0.055600
v 0.037910 -0.031157 -0.055600
v 0.034261 -0.035125 -0.055600
v 0.017380 -0.037084 -0.055600
v 0.018435 -0.037747 -0.055600
v 0.019160 -0.039002 -0.055600
v 0.031165 -0.037896 -0.055600
v 0.023244 -0.043202 -0.055600
v 0.019160 -0.040451 -0.055600
v 0.018435 -0.041707 -0.055600
v 0.014446 -0.046876 -0.055600
v 0.000000 -0.034963 -0.055600
v 0.000780 -0.035077 -0.055600
v 0.001531 -0.035304 -0.055600
v 0.003076 -0.036442 -0.055600
v 0.004086 -0.048189 -0.055600
v 0.004330 -0.048525 -0.055600
v 0.004690 -0.048733 -0.055600
v 0.013813 -0.040652 -0.055600
v 0.014475 -0.041707 -0.055600
v 0.005103 -0.048777 -0.055600
v 0.015731 -0.042431 -0.055600
v 0.017180 -0.042431 -0.055600
v 0.016142 -0.036944 -0.055600
v 0.014966 -0.037356 -0.055600
v 0.013673 -0.039413 -0.055600
v 0.003850 -0.037914 -0.055600
v 0.014085 -0.038237 -0.055600
v -0.023216 -0.043175 -0.055600
v -0.014433 -0.046855 -0.055600
v -0.016455 -0.042527 -0.055600
v -0.005105 -0.048769 -0.055600
v -0.004691 -0.048726 -0.055600
v -0.004331 -0.048518 -0.055600
v -0.015055 -0.042152 -0.055600
v -0.004000 -0.047774 -0.055600
v -0.004086 -0.048181 -0.055600
v -0.003540 -0.037137 -0.055600
v -0.013933 -0.038512 -0.055600
v -0.004000 -0.039000 -0.055600
v -0.013655 -0.039727 -0.055600
v -0.014031 -0.041127 -0.055600
v -0.002271 -0.035707 -0.055600
v -0.026128 -0.034963 -0.055600
v -0.000501 -0.035031 -0.055600
v 0.000000 -0.035000 -0.055600
v -0.017855 -0.042152 -0.055600
v -0.018880 -0.041127 -0.055600
v -0.026248 -0.041398 -0.055600
v -0.019255 -0.039727 -0.055600
v -0.018978 -0.038512 -0.055600
v -0.018201 -0.037538 -0.055600
v -0.017078 -0.036997 -0.055600
v -0.015832 -0.036997 -0.055600
v -0.014710 -0.037538 -0.055600
v -0.039002 -0.013751 -0.055600
v -0.035460 -0.001862 -0.055600
v -0.036729 -0.003292 -0.055600
v -0.046828 -0.014434 -0.055600
v -0.043154 -0.023220 -0.055600
v -0.042098 -0.017945 -0.055600
v -0.037022 -0.017180 -0.055600
v -0.037022 -0.015731 -0.055600
v -0.034963 0.000000 -0.055600
v -0.037747 -0.014475 -0.055600
v -0.037747 -0.018435 -0.055600
v -0.038802 -0.019098 -0.055600
v -0.040040 -0.019238 -0.055600
v -0.041217 -0.018826 -0.055600
v -0.048146 -0.004086 -0.055600
v -0.048482 -0.004331 -0.055600
v -0.040452 -0.013751 -0.055600
v -0.048690 -0.004691 -0.055600
v -0.041707 -0.014475 -0.055600
v -0.048734 -0.005104 -0.055600
v -0.042370 -0.015531 -0.055600
v -0.042509 -0.016769 -0.055600
v -0.038499 -0.003969 -0.055600
v -0.039000 -0.004000 -0.055600
v -0.047739 -0.004000 -0.055600
v -0.035000 0.000000 -0.055600
v -0.035150 0.001086 -0.055600
v -0.038220 0.003923 -0.055600
v -0.037469 0.003696 -0.055600
v -0.038327 0.014031 -0.055600
v -0.048482 0.004331 -0.055600
v -0.048146 0.004086 -0.055600
v -0.047739 0.004000 -0.055600
v -0.046828 0.014434 -0.055600
v -0.042457 0.015832 -0.055600
v -0.042457 0.017079 -0.055600
v -0.035924 0.002558 -0.055600
v -0.037302 0.015055 -0.055600
v -0.036927 0.016455 -0.055600
v -0.035124 0.034182 -0.055600
v -0.037302 0.017855 -0.055600
v -0.043154 0.023220 -0.055600
v -0.039000 0.004000 -0.055600
v -0.039727 0.013655 -0.055600
v -0.040942 0.013933 -0.055600
v -0.041916 0.018201 -0.055600
v -0.040942 0.018978 -0.055600
v -0.037852 0.031130 -0.055600
v -0.039727 0.019255 -0.055600
v -0.038327 0.018880 -0.055600
v -0.041916 0.014710 -0.055600
v -0.048734 0.005104 -0.055600
v -0.048690 0.004691 -0.055600
v -0.032041 0.007897 -0.055600
v -0.029220 0.015336 -0.055600
v -0.024701 0.021883 -0.055600
v -0.018435 0.037747 -0.055600
v -0.019160 0.039002 -0.055600
v -0.023216 0.043175 -0.055600
v 0.000000 0.034963 -0.055600
v -0.017380 0.037084 -0.055600
v -0.019160 0.040452 -0.055600
v -0.018435 0.041707 -0.055600
v -0.014433 0.046855 -0.055600
v -0.017180 0.042432 -0.055600
v -0.015731 0.042432 -0.055600
v -0.014475 0.041707 -0.055600
v -0.004000 0.045655 -0.055600
v -0.013813 0.040652 -0.055600
v -0.004000 0.039000 -0.055600
v -0.013673 0.039413 -0.055600
v -0.003850 0.037914 -0.055600
v -0.014085 0.038237 -0.055600
v -0.004000 0.047775 -0.055600
v -0.004086 0.048181 -0.055600
v -0.004331 0.048518 -0.055600
v -0.005105 0.048769 -0.055600
v -0.004691 0.048726 -0.055600
v 0.000501 0.035031 -0.055600
v 0.000000 0.035000 -0.055600
v -0.000780 0.035077 -0.055600
v -0.001531 0.035305 -0.055600
v 0.016455 0.036927 -0.055600
v 0.034261 0.035125 -0.055600
v 0.017855 0.037302 -0.055600
v 0.015055 0.037302 -0.055600
v 0.014031 0.038327 -0.055600
v 0.002271 0.035708 -0.055600
v 0.003540 0.037138 -0.055600
v 0.004000 0.039000 -0.055600
v 0.013655 0.039727 -0.055600
v 0.004000 0.047783 -0.055600
v 0.013933 0.040942 -0.055600
v 0.014710 0.041916 -0.055600
v 0.015832 0.042457 -0.055600
v 0.017078 0.042457 -0.055600
v 0.014446 0.046876 -0.055600
v 0.023244 0.043202 -0.055600
v 0.018201 0.041916 -0.055600
v 0.018978 0.040942 -0.055600
v 0.031165 0.037896 -0.055600
v 0.019255 0.039727 -0.055600
v 0.018880 0.038327 -0.055600
v 0.005103 0.048778 -0.055600
v 0.004690 0.048734 -0.055600
v 0.004330 0.048526 -0.055600
v 0.004086 0.048189 -0.055600
v 0.024701 0.021883 -0.055600
v 0.035125 0.034262 -0.055600
v 0.018746 0.027159 -0.055600
v 0.029220 0.015336 -0.055600
v 0.032041 0.007897 -0.055600
v 0.045673 0.004000 -0.055600
v 0.041707 0.014476 -0.055600
v 0.040652 0.013813 -0.055600
v 0.036944 0.016142 -0.055600
v 0.037084 0.017380 -0.055600
v 0.037747 0.018435 -0.055600
v 0.039002 0.019160 -0.055600
v 0.037910 0.031157 -0.055600
v 0.043223 0.023240 -0.055600
v 0.040452 0.019160 -0.055600
v 0.041707 0.018435 -0.055600
v 0.046904 0.014445 -0.055600
v 0.042431 0.017180 -0.055600
v 0.042431 0.015731 -0.055600
v 0.039000 0.004000 -0.055600
v 0.039413 0.013673 -0.055600
v 0.038499 0.003969 -0.055600
v 0.036729 0.003293 -0.055600
v 0.038237 0.014085 -0.055600
v 0.037356 0.014966 -0.055600
v 0.035460 0.001863 -0.055600
v 0.035000 0.000000 -0.055600
v 0.048561 0.004331 -0.055600
v 0.048769 0.004691 -0.055600
v 0.048225 0.004086 -0.055600
v 0.048813 0.005104 -0.055600
v 0.047818 0.004000 -0.055600
v -0.018746 0.027159 -0.055600
v -0.011702 0.030856 -0.055600
v -0.003978 0.032759 -0.055600
v 0.003978 0.032759 -0.055600
v 0.011702 0.030856 -0.055600
v -0.024701 -0.021883 -0.055600
v -0.026128 -0.026128 -0.055600
v -0.031122 -0.037866 -0.055600
v -0.029220 -0.015336 -0.055600
v -0.032041 -0.007897 -0.055600
v -0.033000 0.000000 -0.055600
v 0.011702 -0.030855 -0.055600
v 0.003978 -0.032759 -0.055600
v -0.003978 -0.032759 -0.055600
v -0.011702 -0.030855 -0.055600
v -0.018746 -0.027158 -0.055600
v 0.033000 0.000000 -0.055600
v 0.032041 -0.007897 -0.055600
v 0.029220 -0.015336 -0.055600
v 0.039000 -0.004000 -0.051100
v -0.005105 0.048769 -0.051100
v -0.005157 0.049266 -0.050600
v -0.014433 0.046855 -0.051100
v -0.014581 0.047333 -0.050600
v -0.023216 0.043175 -0.051100
v -0.023453 0.043615 -0.050600
v -0.031122 0.037866 -0.051100
v -0.031439 0.038252 -0.050600
v -0.037852 0.031130 -0.051100
v -0.038239 0.031447 -0.050600
v -0.043154 0.023220 -0.051100
v -0.043595 0.023457 -0.050600
v -0.046828 0.014434 -0.051100
v -0.047305 0.014581 -0.050600
v -0.048734 0.005104 -0.051100
v -0.049231 0.005156 -0.050600
v -0.004086 0.048181 -0.051100
v -0.004000 0.047775 -0.051100
v -0.003500 0.047775 -0.050600
v -0.004537 0.049201 -0.050600
v -0.004691 0.048726 -0.051100
v -0.003997 0.048889 -0.050600
v -0.004331 0.048518 -0.051100
v -0.003630 0.048385 -0.050600
v 0.005103 0.048778 -0.050600
v 0.007471 0.048473 -0.050600
v 0.048813 0.005104 -0.050600
v 0.048086 0.009821 -0.050600
v 0.046904 0.014445 -0.050600
v 0.045277 0.018932 -0.050600
v 0.043223 0.023240 -0.050600
v 0.040759 0.027328 -0.050600
v 0.037910 0.031157 -0.050600
v 0.034702 0.034691 -0.050600
v 0.031165 0.037896 -0.050600
v 0.027334 0.040742 -0.050600
v 0.023244 0.043202 -0.050600
v 0.018934 0.045253 -0.050600
v 0.014446 0.046876 -0.050600
v 0.009821 0.048054 -0.050600
v 0.004000 0.047783 -0.051100
v 0.004094 0.048207 -0.051100
v 0.004415 0.048594 -0.051100
v 0.003500 0.047783 -0.050600
v 0.003642 0.048419 -0.050600
v -0.003500 0.039000 -0.050600
v -0.004000 0.039000 -0.051100
v 0.032500 0.000000 -0.056100
v 0.031556 0.007778 -0.056100
v 0.028777 0.015104 -0.056100
v 0.024327 0.021552 -0.056100
v 0.018462 0.026747 -0.056100
v 0.011525 0.030388 -0.056100
v 0.003917 0.032263 -0.056100
v -0.003917 0.032263 -0.056100
v -0.011525 0.030388 -0.056100
v -0.018462 0.026747 -0.056100
v -0.024327 0.021552 -0.056100
v -0.028777 0.015104 -0.056100
v -0.031556 0.007778 -0.056100
v -0.032500 0.000000 -0.056100
v -0.031556 -0.007778 -0.056100
v -0.028777 -0.015103 -0.056100
v -0.024327 -0.021551 -0.056100
v -0.018462 -0.026747 -0.056100
v -0.011525 -0.030388 -0.056100
v -0.003917 -0.032263 -0.056100
v 0.003917 -0.032263 -0.056100
v 0.011525 -0.030388 -0.056100
v 0.018462 -0.026747 -0.056100
v 0.024327 -0.021551 -0.056100
v 0.028777 -0.015103 -0.056100
v 0.031556 -0.007778 -0.056100
v 0.004000 0.039000 -0.051100
v 0.000000 0.035000 -0.051100
v 0.003540 0.037138 -0.051100
v 0.002271 0.035708 -0.051100
v 0.001508 0.035295 -0.051100
v 0.000501 0.035031 -0.051100
v -0.000780 0.035077 -0.051100
v -0.001531 0.035305 -0.051100
v -0.001847 0.035452 -0.051100
v -0.003076 0.036443 -0.051100
v -0.003850 0.037914 -0.051100
v 0.003500 0.039000 -0.050600
v 0.003301 0.037836 -0.050600
v 0.002668 0.036735 -0.050600
v 0.002405 0.036458 -0.050600
v 0.001319 0.035758 -0.050600
v 0.000000 0.035500 -0.050600
v 0.000099 0.035501 -0.050600
v -0.001339 0.035766 -0.050600
v -0.003264 0.037736 -0.050600
v -0.002595 0.036651 -0.050600
v -0.001616 0.035895 -0.050600
v -0.048734 -0.005104 -0.051100
v -0.046828 -0.014434 -0.051100
v -0.043154 -0.023220 -0.051100
v -0.037852 -0.031130 -0.051100
v -0.023216 -0.043175 -0.051100
v -0.031122 -0.037866 -0.051100
v -0.014433 -0.046855 -0.051100
v 0.038220 -0.003923 -0.051100
v 0.037469 -0.003695 -0.051100
v 0.035924 -0.002557 -0.051100
v 0.035150 -0.001086 -0.051100
v 0.035000 0.000000 -0.051100
v 0.039000 0.004000 -0.051100
v 0.035460 0.001863 -0.051100
v 0.036729 0.003293 -0.051100
v 0.037556 0.003730 -0.051100
v 0.038499 0.003969 -0.051100
v 0.047818 0.004000 -0.051100
v 0.048585 0.004358 -0.051100
v 0.048212 0.004081 -0.051100
v -0.048853 0.003996 -0.050600
v -0.049165 0.004536 -0.050600
v -0.047739 0.004000 -0.051100
v -0.048146 0.004086 -0.051100
v -0.048482 0.004331 -0.051100
v -0.048690 0.004691 -0.051100
v -0.039000 0.004000 -0.051100
v -0.038220 0.003923 -0.051100
v -0.037469 0.003696 -0.051100
v -0.037186 0.003565 -0.051100
v -0.035924 0.002558 -0.051100
v -0.035150 0.001086 -0.051100
v -0.035000 0.000000 -0.051100
v -0.039000 -0.004000 -0.051100
v -0.035460 -0.001862 -0.051100
v -0.036729 -0.003292 -0.051100
v -0.037492 -0.003705 -0.051100
v -0.038499 -0.003969 -0.051100
v -0.047739 -0.004000 -0.051100
v -0.048146 -0.004086 -0.051100
v -0.048482 -0.004331 -0.051100
v -0.048690 -0.004691 -0.051100
v 0.039000 -0.003500 -0.050600
v 0.037661 -0.003234 -0.050600
v 0.035736 -0.001264 -0.050600
v 0.035500 0.000000 -0.050600
v 0.037388 -0.003107 -0.050600
v 0.036405 -0.002348 -0.050600
v 0.035643 0.000992 -0.050600
v 0.036220 0.002127 -0.050600
v 0.036637 0.002582 -0.050600
v 0.037737 0.003264 -0.050600
v 0.039000 0.003500 -0.050600
v 0.047818 0.003500 -0.050600
v 0.048409 0.003621 -0.050600
v 0.005103 -0.048777 -0.050600
v 0.009821 -0.048054 -0.050600
v 0.014446 -0.046876 -0.050600
v 0.018934 -0.045253 -0.050600
v 0.023244 -0.043202 -0.050600
v 0.027334 -0.040742 -0.050600
v 0.031165 -0.037896 -0.050600
v 0.034702 -0.034691 -0.050600
v 0.037910 -0.031157 -0.050600
v 0.040759 -0.027328 -0.050600
v 0.043223 -0.023240 -0.050600
v 0.045277 -0.018932 -0.050600
v 0.046904 -0.014445 -0.050600
v 0.048086 -0.009821 -0.050600
v 0.048813 -0.005104 -0.050600
v -0.047739 0.003500 -0.050600
v -0.048349 0.003630 -0.050600
v -0.039000 0.003500 -0.050600
v -0.037661 0.003234 -0.050600
v -0.037413 0.003120 -0.050600
v -0.036428 0.002374 -0.050600
v -0.035749 0.001297 -0.050600
v -0.035501 0.000074 -0.050600
v -0.035500 0.000000 -0.050600
v -0.035700 -0.001166 -0.050600
v -0.038901 -0.003499 -0.050600
v -0.039000 -0.003500 -0.050600
v -0.036333 -0.002266 -0.050600
v -0.036595 -0.002542 -0.050600
v -0.037681 -0.003242 -0.050600
v -0.047739 -0.003500 -0.050600
v -0.048349 -0.003630 -0.050600
v 0.010288 0.052971 -0.040900
v 0.015766 0.055866 -0.040900
v 0.016073 0.054521 -0.040900
v 0.009873 0.054521 -0.040900
v 0.010180 0.055866 -0.040900
v 0.011040 0.056945 -0.040900
v 0.014906 0.056945 -0.040900
v 0.013663 0.057544 -0.040900
v 0.012283 0.057544 -0.040900
v 0.012973 0.051421 -0.040900
v 0.011423 0.051837 -0.040900
v 0.014523 0.051837 -0.040900
v 0.015657 0.052971 -0.040900
v 0.009873 0.054521 -0.059900
v 0.010288 0.052971 -0.059900
v 0.011423 0.051837 -0.059900
v 0.012973 0.051421 -0.059900
v 0.014523 0.051837 -0.059900
v 0.015657 0.052971 -0.059900
v 0.016073 0.054521 -0.059900
v 0.015657 0.056071 -0.059900
v 0.014906 0.056945 -0.059900
v 0.014523 0.057206 -0.059900
v 0.013663 0.057544 -0.059900
v 0.012973 0.057621 -0.059900
v 0.012283 0.057544 -0.059900
v 0.011423 0.057206 -0.059900
v 0.011040 0.056945 -0.059900
v 0.010288 0.056071 -0.059900
v -0.060492 0.014143 -0.060777
v -0.060492 0.013622 -0.060893
v -0.060496 0.013620 -0.057034
v -0.060879 0.012834 -0.057034
v -0.060760 0.012940 -0.060777
v -0.060637 0.013109 -0.057034
v -0.060510 0.013457 -0.057034
v -0.002650 0.069000 -0.032900
v -0.002501 0.069875 -0.032900
v -0.001788 0.070956 -0.032900
v -0.000648 0.071570 -0.032900
v 0.000647 0.071570 -0.032900
v 0.001788 0.070956 -0.032900
v 0.002501 0.069875 -0.032900
v 0.002650 0.069000 -0.032900
v 0.002501 0.068125 -0.032900
v 0.001788 0.067044 -0.032900
v 0.000647 0.066430 -0.032900
v -0.000648 0.066430 -0.032900
v -0.001788 0.067044 -0.032900
v -0.002501 0.068125 -0.032900
v 0.001788 0.070956 -0.029847
v 0.001914 0.070833 -0.029839
v 0.002434 0.070047 -0.029801
v 0.002650 0.069000 -0.029783
v 0.002435 0.067955 -0.029801
v 0.001912 0.067166 -0.029839
v 0.001034 0.066560 -0.029882
v 0.001788 0.067044 -0.029847
v 0.000307 0.066368 -0.029604
v 0.000701 0.066444 -0.029837
v -0.029048 0.063000 -0.007043
v -0.028725 0.063000 -0.007317
v -0.025448 0.063000 -0.015787
v -0.025591 0.063000 -0.015389
v -0.025557 0.063000 -0.014967
v -0.013251 0.063000 -0.026815
v -0.008759 0.063000 -0.028593
v -0.022568 0.063000 -0.019665
v -0.018263 0.063000 -0.023701
v -0.007939 0.063000 -0.028485
v -0.008338 0.063000 -0.028628
v 0.000638 0.063000 -0.029815
v 0.001034 0.063000 -0.029882
v 0.000255 0.063000 -0.029550
v 0.016684 0.063000 -0.024833
v 0.020469 0.063000 -0.021832
v 0.005833 0.063000 -0.029327
v 0.011480 0.063000 -0.027616
v 0.020786 0.063000 -0.021068
v 0.020710 0.063000 -0.021484
v 0.025826 0.063000 -0.014499
v 0.026209 0.063000 -0.014318
v 0.026482 0.063000 -0.013995
v 0.029228 0.063000 0.006861
v 0.029934 0.063000 0.002082
v 0.029743 0.063000 -0.003816
v 0.028401 0.063000 -0.009562
v 0.028725 0.063000 0.007518
v 0.029048 0.063000 0.007244
v 0.025557 0.063000 0.015167
v 0.025591 0.063000 0.015589
v 0.025448 0.063000 0.015987
v -0.023534 0.063000 0.018823
v -0.023517 0.063000 0.019309
v 0.023517 0.063000 0.019309
v 0.023534 0.063000 0.018823
v 0.023705 0.063000 0.018487
v 0.033000 0.069000 0.005100
v 0.033000 0.067349 0.004819
v 0.033000 0.065309 0.003473
v 0.033000 0.064152 0.001322
v 0.033000 0.064152 -0.001122
v 0.033000 0.065309 -0.003273
v 0.033000 0.067349 -0.004619
v 0.033000 0.069000 -0.004900
v 0.033000 0.070651 -0.004619
v 0.033000 0.072691 -0.003273
v 0.033000 0.073848 -0.001122
v 0.033000 0.073848 0.001322
v 0.033000 0.072691 0.003473
v 0.033000 0.070651 0.004819
v 0.034641 0.069000 -0.004900
v 0.034856 0.065130 -0.003066
v 0.034837 0.065309 -0.003273
v 0.034752 0.066222 -0.004058
v 0.034671 0.067551 -0.004686
v 0.034947 0.064381 -0.001815
v 0.034979 0.064151 -0.001122
v 0.034997 0.064023 -0.000386
v 0.034986 0.064095 0.001076
v 0.034920 0.064593 0.002462
v 0.034837 0.065310 0.003473
v 0.034641 0.069000 0.005100
v 0.034655 0.068024 0.005005
v 0.034721 0.066648 0.004513
v 0.034821 0.065465 0.003635
v 0.034671 0.070449 0.004886
v 0.034752 0.071778 0.004258
v 0.034837 0.072691 0.003474
v 0.034947 0.073619 0.002015
v 0.034856 0.072870 0.003266
v 0.034996 0.073977 0.000586
v 0.034979 0.073849 0.001322
v 0.034837 0.072691 -0.003273
v 0.034865 0.072946 -0.002971
v 0.034920 0.073407 -0.002262
v 0.034986 0.073905 -0.000876
v 0.034654 0.069976 -0.004805
v 0.034721 0.071352 -0.004312
v 0.034821 0.072536 -0.003435
v -0.034943 0.074300 -0.001900
v -0.034943 0.074407 -0.001906
v -0.034908 0.075184 -0.002433
v -0.034925 0.075007 -0.002193
v -0.034933 0.074861 -0.002072
v -0.034939 0.074646 -0.001962
v -0.034943 0.074196 -0.001900
v -0.034936 0.073735 -0.002012
v -0.034928 0.073537 -0.002148
v -0.034916 0.073375 -0.002329
v -0.034911 0.073330 -0.002400
v -0.034672 0.070449 -0.004685
v -0.034641 0.069000 -0.004900
v -0.034752 0.071779 -0.004057
v -0.034857 0.072869 -0.003067
v -0.034911 0.073330 0.002600
v -0.034934 0.073660 0.002256
v -0.034940 0.073871 0.002155
v -0.034943 0.074114 0.002103
v -0.034809 0.072414 0.003753
v -0.034711 0.071202 0.004589
v -0.034650 0.069801 0.005036
v -0.029460 0.055804 0.018997
v -0.029344 0.055516 0.019306
v -0.029098 0.055369 0.019551
v -0.029401 0.055292 0.019477
v -0.029580 0.055083 0.019577
v -0.031577 0.054565 0.015196
v -0.031582 0.054304 0.015272
v 0.031784 0.053858 0.015496
v 0.029497 0.055161 0.019548
v 0.031652 0.054062 0.015375
v 0.029367 0.055369 0.019425
v 0.031582 0.054304 0.015272
v 0.029354 0.055597 0.019229
v -0.031653 0.054062 0.015375
v -0.031785 0.053858 0.015496
v 0.029460 0.055804 0.018997
v 0.031577 0.054565 0.015196
v 0.032634 0.053903 0.012751
v 0.033323 0.053216 0.010913
v 0.033306 0.053466 0.010856
v 0.034477 0.052450 0.006302
v 0.035000 0.052090 0.001532
v 0.034651 0.052555 0.005033
v 0.034452 0.052693 0.006268
v 0.034082 0.052716 -0.007998
v 0.034838 0.052423 -0.003260
v 0.034866 0.052183 -0.003278
v 0.034868 0.052403 -0.002940
v 0.034971 0.052330 0.001524
v 0.030720 0.054814 -0.016753
v 0.032672 0.053879 -0.012450
v 0.032684 0.053624 -0.012516
v 0.033273 0.053488 -0.010759
v 0.034061 0.052961 -0.007954
v 0.025083 0.058023 -0.024310
v 0.025309 0.057919 -0.024076
v 0.025281 0.057621 -0.024177
v 0.028253 0.056460 -0.020558
v 0.028238 0.056179 -0.020653
v 0.029954 0.055525 -0.018004
v 0.030721 0.055080 -0.016670
v 0.033536 0.052781 0.011072
v 0.034697 0.052022 0.006393
v 0.035223 0.051666 0.001553
v 0.035088 0.051757 -0.003328
v 0.034300 0.052285 -0.008116
v 0.032893 0.053185 -0.012702
v 0.030918 0.054362 -0.017002
v 0.028421 0.055714 -0.020962
v 0.025446 0.057141 -0.024541
v 0.022027 0.058550 -0.027700
v 0.018202 0.059856 -0.030396
v 0.021921 0.059362 -0.027185
v 0.021883 0.059045 -0.027287
v 0.018911 0.060448 -0.029351
v 0.018083 0.060366 -0.029940
v 0.018126 0.060701 -0.029841
v 0.013924 0.061500 -0.032085
v 0.013966 0.061854 -0.031993
v 0.009530 0.061842 -0.034189
v 0.014017 0.060978 -0.032577
v 0.011758 0.062338 -0.032866
v 0.009466 0.062375 -0.033671
v 0.009500 0.062744 -0.033586
v 0.004790 0.062928 -0.034646
v 0.004809 0.063307 -0.034568
v -0.009468 0.062375 -0.033670
v -0.004811 0.063307 -0.034568
v -0.004792 0.062928 -0.034646
v -0.003987 0.063367 -0.034672
v -0.000001 0.063117 -0.034976
v -0.000001 0.063500 -0.034900
v 0.003987 0.063368 -0.034672
v 0.004823 0.062389 -0.035182
v -0.000001 0.062576 -0.035517
v -0.004824 0.062389 -0.035182
v -0.009531 0.061842 -0.034189
v -0.014018 0.060977 -0.032576
v -0.018911 0.060448 -0.029351
v -0.018128 0.060701 -0.029840
v -0.018084 0.060365 -0.029939
v -0.013968 0.061853 -0.031992
v -0.013926 0.061500 -0.032084
v -0.011759 0.062338 -0.032866
v -0.009501 0.062743 -0.033586
v -0.018204 0.059856 -0.030395
v -0.022028 0.058550 -0.027700
v -0.021922 0.059362 -0.027184
v -0.021884 0.059045 -0.027287
v -0.025083 0.058023 -0.024310
v -0.025281 0.057621 -0.024177
v -0.025309 0.057919 -0.024076
v -0.028239 0.056179 -0.020653
v -0.028253 0.056460 -0.020558
v -0.029954 0.055525 -0.018004
v -0.030720 0.054813 -0.016752
v -0.030721 0.055080 -0.016669
v -0.032684 0.053624 -0.012516
v -0.032673 0.053878 -0.012450
v -0.033273 0.053488 -0.010759
v -0.034083 0.052715 -0.007997
v -0.034061 0.052961 -0.007954
v -0.034866 0.052183 -0.003278
v -0.034838 0.052423 -0.003260
v -0.025446 0.057141 -0.024541
v -0.028422 0.055714 -0.020961
v -0.030918 0.054362 -0.017002
v -0.032894 0.053185 -0.012701
v -0.034300 0.052285 -0.008116
v -0.035088 0.051757 -0.003328
v -0.035223 0.051665 0.001553
v -0.034697 0.052021 0.006393
v -0.033536 0.052781 0.011072
v 0.033401 0.052982 0.010986
v 0.034560 0.052221 0.006344
v 0.035085 0.051864 0.001542
v 0.034951 0.051956 -0.003301
v 0.034164 0.052486 -0.008053
v 0.032760 0.053388 -0.012602
v 0.030787 0.054568 -0.016866
v 0.028296 0.055923 -0.020792
v 0.025328 0.057353 -0.024338
v 0.021920 0.058764 -0.027466
v 0.018109 0.060072 -0.030133
v 0.013942 0.061194 -0.032289
v 0.009477 0.062059 -0.033882
v 0.004795 0.062606 -0.034862
v -0.000001 0.062793 -0.035193
v -0.004797 0.062606 -0.034862
v -0.009478 0.062059 -0.033881
v -0.013943 0.061194 -0.032288
v -0.018111 0.060071 -0.030132
v -0.021921 0.058764 -0.027465
v -0.025328 0.057352 -0.024337
v -0.028296 0.055923 -0.020791
v -0.030788 0.054568 -0.016866
v -0.032760 0.053388 -0.012601
v -0.034164 0.052485 -0.008052
v -0.034951 0.051956 -0.003301
v -0.035086 0.051864 0.001542
v -0.034560 0.052221 0.006345
v -0.033401 0.052982 0.010987
v -0.035000 0.052090 0.001532
v -0.034477 0.052449 0.006302
v -0.033323 0.053216 0.010913
v -0.032634 0.053903 0.012751
v -0.033306 0.053466 0.010856
v -0.034452 0.052692 0.006269
v -0.034651 0.052555 0.005033
v -0.034971 0.052330 0.001524
v -0.034868 0.052403 -0.002940
v 0.029098 0.055369 0.019551
v -0.034911 0.064670 -0.002400
v -0.034865 0.065056 -0.002974
v -0.034809 0.065585 -0.003552
v -0.034711 0.066798 -0.004389
v -0.034650 0.068199 -0.004835
v -0.034930 0.064214 0.002315
v -0.034936 0.064265 0.002213
v -0.034940 0.064129 0.002155
v -0.034916 0.064625 0.002529
v -0.034928 0.064460 0.002345
v -0.034943 0.063804 0.002100
v -0.034943 0.061091 0.002100
v -0.034949 0.060627 0.001986
v -0.034958 0.060384 0.001807
v -0.034965 0.060270 0.001672
v -0.034974 0.060153 0.001446
v -0.034980 0.060106 0.001276
v -0.034986 0.060091 0.001100
v -0.034986 0.060091 -0.000900
v -0.034969 0.060205 -0.001364
v -0.034958 0.060384 -0.001607
v -0.034953 0.060519 -0.001721
v -0.034946 0.060745 -0.001838
v -0.034944 0.060914 -0.001884
v -0.034943 0.061091 -0.001900
v -0.034943 0.063804 -0.001900
v -0.034943 0.063886 -0.001903
v -0.034940 0.064129 -0.001954
v -0.034934 0.064340 -0.002056
v 0.025239 0.063250 0.015850
v 0.025451 0.063500 0.015982
v 0.025362 0.063500 0.016124
v -0.028778 0.063000 -0.006387
v -0.029266 0.063500 -0.006497
v -0.028741 0.063000 -0.006548
v -0.029228 0.063500 -0.006661
v 0.022019 0.063000 0.019732
v 0.024939 0.063000 0.015857
v 0.025026 0.063000 0.015718
v 0.023581 0.063500 0.018645
v 0.022392 0.063500 0.020065
v 0.018502 0.063000 0.023077
v 0.020344 0.063500 0.022148
v 0.018815 0.063500 0.023466
v 0.014484 0.063000 0.025799
v 0.016592 0.063500 0.025094
v 0.014730 0.063500 0.026235
v 0.010075 0.063000 0.027826
v 0.012421 0.063500 0.027408
v 0.010246 0.063500 0.028296
v 0.007935 0.063500 0.029032
v 0.005393 0.063000 0.029103
v 0.005484 0.063500 0.029595
v 0.003249 0.063500 0.029924
v 0.000565 0.063000 0.029595
v 0.000574 0.063500 0.030095
v -0.000000 0.063000 0.029600
v -0.000000 0.063500 0.030100
v -0.004279 0.063000 0.029288
v -0.004351 0.063500 0.029783
v -0.009006 0.063000 0.028192
v -0.007124 0.063500 0.029242
v -0.009159 0.063500 0.028668
v -0.013490 0.063000 0.026335
v -0.011809 0.063500 0.027678
v -0.013719 0.063500 0.026780
v -0.017609 0.063000 0.023768
v -0.016174 0.063500 0.025367
v -0.017907 0.063500 0.024169
v -0.021251 0.063000 0.020561
v -0.020101 0.063500 0.022371
v -0.021611 0.063500 0.020908
v -0.024318 0.063000 0.016800
v -0.023482 0.063500 0.018771
v -0.024730 0.063500 0.017083
v -0.026727 0.063000 0.012587
v -0.026227 0.063500 0.014665
v -0.027180 0.063500 0.012799
v -0.028413 0.063000 0.008036
v -0.028262 0.063500 0.010164
v -0.028894 0.063500 0.008171
v -0.029329 0.063000 0.003270
v -0.029530 0.063500 0.005390
v -0.029826 0.063500 0.003324
v -0.029500 0.063000 0.000102
v -0.029998 0.063500 0.000473
v -0.029452 0.063000 -0.001581
v -0.029951 0.063500 -0.001610
v -0.029652 0.063500 -0.004454
v -0.028670 0.063000 -0.006713
v -0.028353 0.063500 -0.007430
v -0.027995 0.063500 -0.007401
v -0.028125 0.063000 -0.006918
v -0.028304 0.063000 -0.006933
v -0.028512 0.063000 -0.006864
v -0.028769 0.063500 -0.007293
v -0.029086 0.063500 -0.006990
v -0.027611 0.063000 -0.006872
v -0.026780 0.063500 -0.008075
v -0.026302 0.063000 -0.007929
v -0.026936 0.063500 -0.007768
v -0.026535 0.063000 -0.007469
v -0.027653 0.063500 -0.007371
v -0.027489 0.063500 -0.007398
v -0.027009 0.063000 -0.007055
v -0.027252 0.063500 -0.007493
v -0.027046 0.063500 -0.007644
v -0.025869 0.063500 -0.010615
v -0.025407 0.063000 -0.010424
v -0.024717 0.063500 -0.013055
v -0.024276 0.063000 -0.012821
v -0.024115 0.063000 -0.013311
v -0.024454 0.063000 -0.014493
v -0.024836 0.063500 -0.014171
v -0.024850 0.063000 -0.014824
v -0.025100 0.063500 -0.014391
v -0.024610 0.063500 -0.013382
v -0.024600 0.063500 -0.013548
v -0.024158 0.063000 -0.013938
v -0.024639 0.063500 -0.013801
v -0.024740 0.063500 -0.014035
v -0.025448 0.063500 -0.015787
v -0.025024 0.063000 -0.015522
v -0.025090 0.063000 -0.015359
v -0.025579 0.063500 -0.015460
v -0.025086 0.063000 -0.015139
v -0.025571 0.063500 -0.015020
v -0.024987 0.063000 -0.014941
v -0.025375 0.063500 -0.014626
v -0.023330 0.063500 -0.018761
v -0.022941 0.063000 -0.018447
v -0.020080 0.063500 -0.022189
v -0.019745 0.063000 -0.021817
v -0.016333 0.063500 -0.025064
v -0.016060 0.063000 -0.024645
v -0.012180 0.063500 -0.027316
v -0.011977 0.063000 -0.026859
v -0.008759 0.063500 -0.028593
v -0.008613 0.063000 -0.028114
v -0.011413 0.063000 -0.027103
v -0.007501 0.063500 -0.027895
v -0.007984 0.063000 -0.027766
v -0.008061 0.063000 -0.027928
v -0.007655 0.063500 -0.028220
v -0.008225 0.063000 -0.028074
v -0.007982 0.063500 -0.028511
v -0.008435 0.063000 -0.028135
v -0.008402 0.063500 -0.028634
v -0.007767 0.063000 -0.027298
v -0.006713 0.063000 -0.026664
v -0.006654 0.063500 -0.027161
v -0.006197 0.063000 -0.026693
v -0.006310 0.063500 -0.027180
v -0.007357 0.063500 -0.027583
v -0.007251 0.063500 -0.027455
v -0.007308 0.063000 -0.026868
v -0.007050 0.063500 -0.027297
v -0.006816 0.063500 -0.027194
v -0.003655 0.063500 -0.027660
v -0.003590 0.063000 -0.027165
v -0.000966 0.063500 -0.027883
v -0.000948 0.063000 -0.027384
v -0.000000 0.063500 -0.028883
v 0.000500 0.063000 -0.028883
v -0.000059 0.063500 -0.028544
v 0.000411 0.063000 -0.028374
v -0.000281 0.063500 -0.028188
v 0.000079 0.063000 -0.027840
v -0.000629 0.063500 -0.027954
v -0.000444 0.063000 -0.027490
v 0.001034 0.063500 -0.029882
v 0.001017 0.063000 -0.029382
v 0.000843 0.063000 -0.029357
v 0.000686 0.063500 -0.029832
v 0.000654 0.063000 -0.029244
v 0.000309 0.063500 -0.029605
v 0.000533 0.063000 -0.029060
v 0.000065 0.063500 -0.029238
v 0.004691 0.063500 -0.029531
v 0.004613 0.063000 -0.029037
v 0.009263 0.063500 -0.028434
v 0.009155 0.063000 -0.027943
v 0.009311 0.063500 -0.028419
v 0.011278 0.063000 -0.027159
v 0.013627 0.063500 -0.026627
v 0.013468 0.063000 -0.026146
v 0.013697 0.063500 -0.026591
v 0.017653 0.063500 -0.024156
v 0.017444 0.063000 -0.023690
v 0.017739 0.063500 -0.024093
v 0.020469 0.063500 -0.021832
v 0.020128 0.063000 -0.021466
v 0.020494 0.063500 -0.020394
v 0.020140 0.063000 -0.020747
v 0.020242 0.063000 -0.020895
v 0.020698 0.063500 -0.020689
v 0.020287 0.063000 -0.021110
v 0.020787 0.063500 -0.021118
v 0.020235 0.063000 -0.021322
v 0.020683 0.063500 -0.021544
v 0.019844 0.063000 -0.020325
v 0.019822 0.063000 -0.019095
v 0.020282 0.063500 -0.019292
v 0.020104 0.063000 -0.018663
v 0.020470 0.063500 -0.019004
v 0.020296 0.063500 -0.020112
v 0.020238 0.063500 -0.019957
v 0.019701 0.063000 -0.019713
v 0.020201 0.063500 -0.019704
v 0.020229 0.063500 -0.019450
v 0.022214 0.063500 -0.016945
v 0.021817 0.063000 -0.016641
v 0.023751 0.063500 -0.014728
v 0.023327 0.063000 -0.014463
v 0.023672 0.063000 -0.014079
v 0.025100 0.063500 -0.014391
v 0.025350 0.063000 -0.013958
v 0.024777 0.063500 -0.014273
v 0.024865 0.063000 -0.013781
v 0.023981 0.063500 -0.014472
v 0.024120 0.063500 -0.014380
v 0.024236 0.063000 -0.013802
v 0.024358 0.063500 -0.014287
v 0.024611 0.063500 -0.014257
v 0.026482 0.063500 -0.013995
v 0.026041 0.063000 -0.013760
v 0.025932 0.063000 -0.013899
v 0.026265 0.063500 -0.014272
v 0.025740 0.063000 -0.014005
v 0.025880 0.063500 -0.014485
v 0.025520 0.063000 -0.014019
v 0.025440 0.063500 -0.014512
v 0.028984 0.063250 0.006808
v 0.028740 0.063000 0.006751
v 0.029324 0.063000 0.003315
v 0.028007 0.063500 -0.010652
v 0.027540 0.063000 -0.010473
v 0.029343 0.063500 -0.006143
v 0.028864 0.063000 -0.005991
v 0.029353 0.063500 -0.006094
v 0.029959 0.063500 -0.001459
v 0.029464 0.063000 -0.001356
v 0.029227 0.063500 0.006865
v 0.029821 0.063500 0.003370
v 0.029833 0.063500 0.003263
v 0.029963 0.063500 -0.001381
v 0.029088 0.063500 0.007187
v 0.028354 0.063500 0.007630
v 0.027995 0.063500 0.007601
v 0.028124 0.063000 0.007118
v 0.028304 0.063000 0.007133
v 0.028512 0.063000 0.007063
v 0.028771 0.063500 0.007491
v 0.028671 0.063000 0.006911
v 0.027611 0.063000 0.007073
v 0.026535 0.063000 0.007669
v 0.026935 0.063500 0.007969
v 0.026302 0.063000 0.008129
v 0.026780 0.063500 0.008275
v 0.027652 0.063500 0.007571
v 0.027489 0.063500 0.007598
v 0.027009 0.063000 0.007256
v 0.027251 0.063500 0.007693
v 0.027046 0.063500 0.007844
v 0.025869 0.063500 0.010815
v 0.025407 0.063000 0.010624
v 0.024717 0.063500 0.013256
v 0.024276 0.063000 0.013021
v 0.024115 0.063000 0.013511
v 0.025100 0.063500 0.014591
v 0.024850 0.063000 0.015024
v 0.024836 0.063500 0.014371
v 0.024454 0.063000 0.014694
v 0.024610 0.063500 0.013582
v 0.024600 0.063500 0.013748
v 0.024158 0.063000 0.014139
v 0.024638 0.063500 0.014001
v 0.024739 0.063500 0.014235
v 0.025239 0.063250 0.015850
v 0.025090 0.063000 0.015557
v 0.025580 0.063500 0.015656
v 0.025085 0.063000 0.015337
v 0.025570 0.063500 0.015217
v 0.024987 0.063000 0.015141
v 0.025374 0.063500 0.014825
v 0.029960 0.074800 -0.001452
v 0.029960 0.079300 -0.001452
v 0.029960 0.079300 0.001652
v 0.029956 0.067870 -0.001523
v 0.029972 0.067474 -0.001187
v 0.029976 0.067403 -0.001104
v 0.029992 0.067098 -0.000600
v 0.029997 0.066996 -0.000297
v 0.030000 0.066943 0.000001
v 0.029995 0.066975 0.000620
v 0.029980 0.067187 0.001202
v 0.029962 0.067474 0.001603
v 0.029958 0.067557 0.001688
v 0.029937 0.068051 0.002044
v 0.029924 0.068605 0.002237
v 0.029227 0.074800 0.006865
v 0.029708 0.074800 0.004274
v 0.029833 0.074800 0.003263
v 0.029921 0.069000 0.002275
v 0.029928 0.069612 0.002182
v 0.029943 0.070131 0.001939
v 0.029962 0.070526 0.001602
v 0.029966 0.070597 0.001520
v 0.029986 0.070902 0.001016
v 0.029960 0.074800 0.001652
v 0.029994 0.071004 0.000713
v 0.029998 0.071057 0.000415
v 0.029998 0.071025 -0.000204
v 0.029987 0.070813 -0.000786
v 0.029972 0.070526 -0.001187
v 0.029968 0.070443 -0.001272
v 0.029950 0.069949 -0.001628
v 0.029936 0.069000 -0.001859
v 0.029942 0.068388 -0.001767
v 0.029938 0.069395 -0.001822
v 0.029464 0.074800 -0.005545
v 0.029343 0.074800 -0.006143
v 0.028165 0.074800 -0.010231
v 0.027999 0.074800 -0.010673
v 0.026482 0.074800 -0.013995
v 0.020469 0.074800 -0.021832
v 0.017791 0.074800 -0.024055
v 0.017653 0.074800 -0.024156
v 0.013831 0.074800 -0.026521
v 0.013627 0.074800 -0.026626
v 0.009536 0.074800 -0.028344
v 0.009263 0.074800 -0.028434
v 0.005011 0.074800 -0.029478
v 0.004669 0.074800 -0.029534
v 0.001034 0.078800 -0.029882
v 0.001552 0.078800 -0.029860
v 0.001552 0.074800 -0.029860
v 0.001034 0.067152 -0.029882
v 0.001540 0.067510 -0.029860
v 0.001873 0.067925 -0.029841
v 0.002098 0.068443 -0.029826
v 0.002175 0.069000 -0.029821
v 0.002082 0.069614 -0.029828
v 0.001810 0.070172 -0.029845
v 0.001502 0.070526 -0.029862
v 0.001383 0.070627 -0.029868
v 0.001034 0.070848 -0.029882
v 0.020699 0.074800 -0.020691
v 0.020494 0.074800 -0.020394
v 0.020680 0.074800 -0.021550
v 0.020786 0.074800 -0.021123
v 0.020470 0.074800 -0.019004
v 0.022214 0.074800 -0.016945
v 0.023751 0.074800 -0.014728
v 0.026259 0.074800 -0.014277
v 0.025100 0.074800 -0.014391
v 0.025875 0.074800 -0.014487
v 0.025438 0.074800 -0.014512
v 0.024777 0.074800 -0.014273
v 0.024611 0.074800 -0.014257
v 0.024358 0.074800 -0.014287
v 0.024120 0.074800 -0.014380
v 0.023981 0.074800 -0.014472
v 0.020296 0.074800 -0.020112
v 0.020238 0.074800 -0.019957
v 0.020201 0.074800 -0.019704
v 0.020229 0.074800 -0.019450
v 0.020282 0.074800 -0.019292
v -0.030000 0.066943 0.000199
v -0.029951 0.063500 -0.001610
v -0.029996 0.066975 -0.000420
v -0.029980 0.067187 -0.001002
v -0.029962 0.067474 -0.001402
v -0.029958 0.067557 -0.001487
v -0.029937 0.068050 -0.001844
v -0.029924 0.068605 -0.002037
v -0.029921 0.069000 -0.002075
v -0.029709 0.074800 -0.004072
v -0.029266 0.063500 -0.006497
v -0.029228 0.074800 -0.006661
v -0.029928 0.069612 -0.001982
v -0.029944 0.070130 -0.001739
v -0.029963 0.070526 -0.001402
v -0.029967 0.070597 -0.001320
v -0.029986 0.070902 -0.000816
v -0.029960 0.074800 -0.001452
v -0.029994 0.071004 -0.000513
v -0.029998 0.071057 -0.000214
v -0.029998 0.078800 0.000473
v -0.029960 0.078800 -0.001452
v -0.029998 0.071009 0.000477
v -0.029999 0.071025 0.000405
v -0.029936 0.069000 0.002059
v -0.029942 0.068388 0.001967
v -0.029939 0.069394 0.002022
v -0.029956 0.067869 0.001723
v -0.029973 0.067474 0.001387
v -0.029826 0.063500 0.003324
v -0.029976 0.067403 0.001304
v -0.029992 0.067097 0.000800
v -0.029998 0.066991 0.000479
v -0.029960 0.078800 0.001652
v -0.029960 0.074800 0.001652
v -0.029739 0.074800 0.004050
v -0.029987 0.070813 0.000986
v -0.029530 0.074800 0.005390
v -0.029969 0.070443 0.001472
v -0.029950 0.069949 0.001829
v -0.028701 0.074800 0.008833
v -0.028894 0.063500 0.008171
v -0.028262 0.074800 0.010164
v -0.026899 0.074800 0.013384
v -0.027180 0.063500 0.012799
v -0.026227 0.074800 0.014665
v -0.024381 0.074800 0.017581
v -0.024730 0.063500 0.017083
v -0.023482 0.074800 0.018771
v -0.021213 0.074800 0.021313
v -0.021611 0.063500 0.020908
v -0.020101 0.074800 0.022371
v -0.017481 0.074800 0.024480
v -0.017907 0.063500 0.024169
v -0.016174 0.074800 0.025367
v -0.013284 0.074800 0.026999
v -0.013719 0.063500 0.026780
v -0.011809 0.074800 0.027678
v -0.008733 0.074800 0.028801
v -0.009159 0.063500 0.028668
v -0.007124 0.074800 0.029242
v -0.004351 0.063500 0.029783
v -0.003950 0.074800 0.029839
v -0.001661 0.067636 0.030054
v -0.001996 0.068159 0.030034
v -0.000000 0.066936 0.030100
v -0.000615 0.066996 0.030094
v -0.001503 0.067474 0.030062
v -0.001187 0.067237 0.030077
v -0.002161 0.068755 0.030022
v -0.002175 0.069000 0.030021
v -0.002082 0.069612 0.030028
v -0.001810 0.070173 0.030045
v -0.001502 0.070526 0.030062
v -0.001384 0.070626 0.030068
v -0.001552 0.074800 0.030060
v -0.000843 0.070932 0.030088
v -0.000613 0.071004 0.030094
v -0.000000 0.079300 0.030100
v -0.001552 0.079300 0.030060
v -0.000000 0.071064 0.030100
v -0.000235 0.071063 0.030099
v -0.025581 0.074800 -0.015453
v -0.025448 0.074800 -0.015787
v -0.025100 0.074800 -0.014391
v -0.025374 0.074800 -0.014624
v -0.025570 0.074800 -0.015015
v -0.007656 0.074800 -0.028221
v -0.007501 0.074800 -0.027895
v -0.008759 0.074800 -0.028593
v -0.008410 0.074800 -0.028635
v -0.007987 0.074800 -0.028513
v -0.012200 0.074800 -0.027307
v -0.023397 0.074800 -0.018678
v -0.020138 0.074800 -0.022136
v -0.016375 0.074800 -0.025037
v -0.024740 0.074800 -0.014035
v -0.024600 0.074800 -0.013548
v -0.024717 0.074800 -0.013055
v -0.026780 0.074800 -0.008075
v -0.025869 0.074800 -0.010615
v -0.001294 0.070526 -0.027870
v -0.001616 0.070151 -0.027853
v -0.003933 0.074800 -0.027622
v -0.001868 0.069632 -0.027838
v -0.001967 0.069000 -0.027831
v -0.001874 0.068386 -0.027837
v -0.001602 0.067828 -0.027854
v -0.000966 0.067229 -0.027883
v -0.001174 0.067372 -0.027875
v -0.001294 0.067474 -0.027870
v -0.001556 0.078800 -0.027857
v -0.000966 0.078800 -0.027883
v -0.001556 0.074800 -0.027857
v -0.000966 0.070771 -0.027883
v -0.001219 0.070591 -0.027873
v -0.006310 0.074800 -0.027180
v -0.006816 0.074800 -0.027194
v -0.007251 0.074800 -0.027455
v -0.027995 0.074800 -0.007401
v -0.027489 0.074800 -0.007398
v -0.027046 0.074800 -0.007644
v -0.028353 0.063500 -0.007430
v -0.028393 0.074800 -0.007426
v -0.028769 0.063500 -0.007293
v -0.028769 0.074800 -0.007293
v -0.029086 0.063500 -0.006990
v -0.029063 0.074800 -0.007023
v 0.001287 0.070526 0.030072
v 0.001551 0.070234 0.030060
v 0.004489 0.074800 0.029762
v 0.000397 0.071005 0.030097
v 0.000606 0.070940 0.030094
v 0.001552 0.074800 0.030060
v 0.001113 0.070668 0.030079
v 0.001818 0.069750 0.030045
v 0.001952 0.069177 0.030036
v 0.001959 0.069000 0.030036
v 0.001867 0.068388 0.030042
v 0.001644 0.067902 0.030055
v 0.001287 0.067474 0.030072
v 0.001233 0.067427 0.030075
v 0.000774 0.067130 0.030090
v 0.000574 0.063500 0.030095
v 0.000170 0.066952 0.030100
v 0.000397 0.066996 0.030097
v 0.001552 0.079300 0.030060
v 0.025451 0.074800 0.015982
v 0.025362 0.063500 0.016124
v 0.023767 0.074800 0.018406
v 0.023581 0.074800 0.018645
v 0.022392 0.063500 0.020065
v 0.020703 0.074800 0.021812
v 0.020344 0.074800 0.022148
v 0.018815 0.063500 0.023466
v 0.017155 0.074800 0.024711
v 0.016592 0.074800 0.025094
v 0.014730 0.063500 0.026235
v 0.013208 0.074800 0.027036
v 0.012421 0.074800 0.027408
v 0.010246 0.063500 0.028296
v 0.008953 0.074800 0.028733
v 0.007935 0.074800 0.029032
v 0.005484 0.063500 0.029594
v 0.029065 0.074800 0.007220
v 0.028771 0.074800 0.007491
v 0.028394 0.074800 0.007626
v 0.027995 0.074800 0.007601
v 0.026780 0.074800 0.008275
v 0.025868 0.074800 0.010815
v 0.024717 0.074800 0.013256
v 0.025587 0.074800 0.015616
v 0.025570 0.074800 0.015217
v 0.025399 0.074800 0.014856
v 0.025100 0.074800 0.014591
v 0.024600 0.074800 0.013748
v 0.024739 0.074800 0.014235
v 0.027046 0.074800 0.007844
v 0.027489 0.074800 0.007598
v 0.000655 0.067007 -0.029821
v 0.000316 0.066944 -0.029612
v 0.000305 0.066943 -0.029602
v 0.000083 0.066933 -0.029281
v 0.000064 0.066934 -0.029236
v -0.000000 0.066936 -0.028883
v -0.000092 0.066942 -0.028463
v -0.000347 0.066982 -0.028125
v -0.000696 0.067093 -0.027930
v -0.000000 0.063000 -0.027074
v 0.027196 0.063000 0.000100
v -0.014864 0.063000 -0.008128
v -0.015244 0.063000 -0.010041
v -0.014046 0.063000 -0.013945
v -0.015244 0.063000 -0.006214
v -0.014046 0.063000 0.000100
v -0.016328 0.063000 -0.004592
v -0.017950 0.063000 -0.003508
v -0.016328 0.063000 -0.011663
v -0.017950 0.063000 -0.012747
v -0.019864 0.063000 -0.013128
v -0.019864 0.063000 -0.003128
v -0.021777 0.063000 -0.003508
v -0.023399 0.063000 -0.004592
v -0.024483 0.063000 -0.006214
v -0.024864 0.063000 -0.008128
v -0.024483 0.063000 -0.010041
v -0.023399 0.063000 -0.011663
v -0.021777 0.063000 -0.012747
v -0.023399 0.063000 0.011863
v -0.023399 0.063000 0.004792
v -0.024483 0.063000 0.006414
v -0.024864 0.063000 0.008328
v -0.024483 0.063000 0.010241
v -0.021777 0.063000 0.012947
v -0.019864 0.063000 0.013328
v -0.014046 0.063000 0.014146
v -0.014864 0.063000 0.008328
v -0.015244 0.063000 0.006414
v -0.016328 0.063000 0.004792
v -0.017950 0.063000 0.012947
v -0.016328 0.063000 0.011863
v -0.015244 0.063000 0.010241
v -0.017950 0.063000 0.003708
v -0.019864 0.063000 0.003328
v -0.021777 0.063000 0.003708
v -0.011763 0.063000 0.016428
v -0.012847 0.063000 0.018050
v -0.013228 0.063000 0.019963
v -0.012847 0.063000 0.021877
v -0.004692 0.063000 0.023499
v -0.006314 0.063000 0.024583
v -0.008228 0.063000 0.024963
v -0.010141 0.063000 0.024583
v -0.011763 0.063000 0.023499
v -0.003608 0.063000 0.021877
v -0.003228 0.063000 0.019963
v -0.000000 0.063000 0.014146
v -0.003608 0.063000 0.018050
v -0.004692 0.063000 0.016428
v -0.006314 0.063000 0.015344
v -0.008228 0.063000 0.014963
v -0.010141 0.063000 0.015344
v 0.012847 0.063000 0.018050
v 0.011763 0.063000 0.016428
v 0.014045 0.063000 0.014146
v 0.013228 0.063000 0.019963
v 0.004692 0.063000 0.016428
v 0.003608 0.063000 0.018050
v 0.003228 0.063000 0.019963
v 0.006314 0.063000 0.024583
v 0.008228 0.063000 0.024963
v 0.010141 0.063000 0.024583
v 0.011763 0.063000 0.023499
v 0.012847 0.063000 0.021877
v 0.003608 0.063000 0.021877
v 0.004692 0.063000 0.023499
v 0.010141 0.063000 0.015344
v 0.008228 0.063000 0.014963
v 0.006314 0.063000 0.015344
v 0.017950 0.063000 0.003708
v 0.016328 0.063000 0.004792
v 0.014045 0.063000 0.000100
v 0.015244 0.063000 0.006414
v 0.016328 0.063000 0.011863
v 0.015244 0.063000 0.010241
v 0.014863 0.063000 0.008328
v 0.019863 0.063000 0.003328
v 0.021777 0.063000 0.003708
v 0.017950 0.063000 0.012947
v 0.019863 0.063000 0.013328
v 0.021777 0.063000 0.012947
v 0.023399 0.063000 0.004792
v 0.024483 0.063000 0.006414
v 0.024863 0.063000 0.008328
v 0.024483 0.063000 0.010241
v 0.023399 0.063000 0.011863
v 0.014045 0.063000 -0.013945
v 0.016328 0.063000 -0.011663
v 0.015244 0.063000 -0.010041
v 0.015244 0.063000 -0.006214
v 0.016328 0.063000 -0.004592
v 0.014863 0.063000 -0.008128
v 0.023399 0.063000 -0.011663
v 0.023399 0.063000 -0.004592
v 0.024483 0.063000 -0.006214
v 0.024863 0.063000 -0.008128
v 0.021777 0.063000 -0.012747
v 0.019863 0.063000 -0.013128
v 0.017950 0.063000 -0.012747
v 0.017950 0.063000 -0.003508
v 0.019863 0.063000 -0.003128
v 0.021777 0.063000 -0.003508
v 0.024483 0.063000 -0.010041
v 0.012847 0.063000 -0.021677
v 0.011763 0.063000 -0.023299
v 0.004692 0.063000 -0.023299
v 0.003608 0.063000 -0.021677
v 0.003228 0.063000 -0.019763
v -0.000000 0.063000 -0.013945
v 0.003608 0.063000 -0.017850
v 0.004692 0.063000 -0.016228
v 0.006314 0.063000 -0.015144
v 0.008228 0.063000 -0.014763
v 0.010141 0.063000 -0.015144
v 0.011763 0.063000 -0.016228
v 0.012847 0.063000 -0.017850
v 0.013228 0.063000 -0.019763
v 0.010141 0.063000 -0.024383
v 0.008228 0.063000 -0.024763
v 0.006314 0.063000 -0.024383
v -0.008228 0.063000 -0.024763
v -0.010141 0.063000 -0.024383
v -0.011763 0.063000 -0.023299
v -0.012847 0.063000 -0.021677
v -0.013228 0.063000 -0.019763
v -0.012847 0.063000 -0.017850
v -0.011763 0.063000 -0.016228
v -0.010141 0.063000 -0.015144
v -0.008228 0.063000 -0.014763
v -0.006314 0.063000 -0.015144
v -0.004692 0.063000 -0.016228
v -0.004692 0.063000 -0.023299
v -0.006314 0.063000 -0.024383
v -0.003608 0.063000 -0.017850
v -0.003228 0.063000 -0.019763
v -0.003608 0.063000 -0.021677
v -0.000000 0.063000 0.000100
v 0.002500 0.078800 -0.028861
v 0.002500 0.075300 -0.028861
v 0.002442 0.075300 -0.029196
v 0.001889 0.074858 -0.029782
v 0.002029 0.078800 -0.029709
v 0.002225 0.078800 -0.029550
v 0.002215 0.075056 -0.029562
v 0.002397 0.075300 -0.029302
v 0.002374 0.078800 -0.029346
v 0.002442 0.078800 -0.029196
v 0.029883 0.074857 -0.001787
v 0.029726 0.074997 -0.002046
v 0.029599 0.079030 -0.002170
v 0.029402 0.075300 -0.002297
v 0.029299 0.078859 -0.002341
v 0.029827 0.079300 -0.001900
v 0.029885 0.079300 -0.001783
v 0.029911 0.074834 -0.001714
v 0.029296 0.075300 -0.002342
v 0.028961 0.075300 -0.002400
v 0.028961 0.078800 -0.002400
v 0.028973 0.075300 -0.005450
v 0.027695 0.075300 -0.010059
v 0.026041 0.075300 -0.013760
v 0.020128 0.075300 -0.021466
v 0.004928 0.075300 -0.028985
v 0.017494 0.075300 -0.023653
v 0.013600 0.075300 -0.026078
v 0.009377 0.075300 -0.027870
v 0.020233 0.075300 -0.021326
v 0.020287 0.075300 -0.021112
v 0.020243 0.075300 -0.020896
v 0.020140 0.075300 -0.020747
v 0.019844 0.075300 -0.020325
v 0.019822 0.075300 -0.019095
v 0.020104 0.075300 -0.018663
v 0.019701 0.075300 -0.019713
v 0.021817 0.075300 -0.016641
v 0.023327 0.075300 -0.014463
v 0.023672 0.075300 -0.014079
v 0.024865 0.075300 -0.013781
v 0.025350 0.075300 -0.013958
v 0.024236 0.075300 -0.013802
v 0.025519 0.075300 -0.014019
v 0.025737 0.075300 -0.014006
v 0.025854 0.075300 -0.013956
v 0.025930 0.075300 -0.013901
v 0.002442 0.075300 0.029396
v 0.002397 0.075300 0.029502
v 0.004414 0.075300 0.029268
v 0.018026 0.075300 0.000461
v 0.018000 0.075300 0.000100
v 0.014045 0.075300 0.000100
v 0.011028 0.075300 -0.019763
v 0.014045 0.075300 -0.013945
v 0.010652 0.075300 -0.018363
v 0.009628 0.075300 -0.017338
v 0.008228 0.075300 -0.016963
v -0.000000 0.075300 -0.013945
v 0.006828 0.075300 -0.017338
v 0.005803 0.075300 -0.018363
v 0.006482 0.075300 -0.021952
v 0.007604 0.075300 -0.022493
v 0.005705 0.075300 -0.020978
v 0.002500 0.075300 -0.020400
v 0.005428 0.075300 -0.019763
v 0.002224 0.075300 -0.019258
v 0.001455 0.075300 -0.018367
v 0.000361 0.075300 -0.017926
v -0.000000 0.075300 -0.017900
v 0.008851 0.075300 -0.022493
v 0.009973 0.075300 -0.021952
v 0.010750 0.075300 -0.020978
v 0.018276 0.075300 -0.001042
v 0.019045 0.075300 -0.001933
v 0.017220 0.075300 -0.009052
v 0.017883 0.075300 -0.010108
v 0.018938 0.075300 -0.010770
v 0.020177 0.075300 -0.010910
v 0.021353 0.075300 -0.010498
v 0.022234 0.075300 -0.009617
v 0.017492 0.075300 -0.006638
v 0.017081 0.075300 -0.007814
v 0.022646 0.075300 -0.008441
v 0.022506 0.075300 -0.007203
v 0.026033 0.075300 -0.002400
v 0.021843 0.075300 -0.006148
v 0.020500 0.075300 -0.002400
v 0.020788 0.075300 -0.005485
v 0.020139 0.075300 -0.002374
v 0.019550 0.075300 -0.005345
v 0.018374 0.075300 -0.005757
v 0.014045 0.075300 0.014146
v 0.024309 0.075300 0.014490
v 0.024100 0.075300 0.013760
v 0.021078 0.075300 0.010850
v 0.019863 0.075300 0.011128
v 0.018467 0.075300 0.001555
v 0.018648 0.075300 0.010850
v 0.017674 0.075300 0.010074
v 0.017133 0.075300 0.008951
v 0.017133 0.075300 0.007705
v 0.019357 0.075300 0.002324
v 0.017674 0.075300 0.006582
v 0.018648 0.075300 0.005805
v 0.019863 0.075300 0.005528
v 0.022052 0.075300 0.010074
v 0.024276 0.075300 0.013021
v 0.022593 0.075300 0.008951
v 0.025407 0.075300 0.010624
v 0.022593 0.075300 0.007705
v 0.026302 0.075300 0.008129
v 0.022052 0.075300 0.006582
v 0.026033 0.075300 0.002600
v 0.021078 0.075300 0.005805
v 0.020500 0.075300 0.002600
v 0.026700 0.075300 0.007483
v 0.027365 0.075300 0.007114
v 0.028961 0.075300 0.002600
v 0.028124 0.075300 0.007118
v 0.028324 0.075300 0.007131
v 0.028512 0.075300 0.007063
v 0.029402 0.075300 0.002497
v 0.029296 0.075300 0.002542
v 0.029213 0.075300 0.004205
v 0.028740 0.075300 0.006751
v 0.028659 0.075300 0.006928
v 0.020358 0.075300 0.021450
v 0.023371 0.075300 0.018101
v 0.024850 0.075300 0.015025
v 0.016869 0.075300 0.024301
v 0.025085 0.075300 0.015337
v 0.024999 0.075300 0.015157
v 0.025093 0.075300 0.015537
v 0.025026 0.075300 0.015718
v 0.002033 0.075300 0.019145
v 0.001142 0.075300 0.018376
v -0.000000 0.075300 0.014146
v -0.000000 0.075300 0.018100
v 0.009152 0.075300 0.017321
v 0.010207 0.075300 0.017984
v 0.010870 0.075300 0.019039
v 0.011010 0.075300 0.020277
v 0.010598 0.075300 0.021453
v 0.012988 0.075300 0.026587
v 0.009717 0.075300 0.022334
v 0.008541 0.075300 0.022746
v 0.002500 0.075300 0.026133
v 0.007303 0.075300 0.022606
v 0.006248 0.075300 0.021943
v 0.002500 0.075300 0.020600
v 0.005585 0.075300 0.020888
v 0.002474 0.075300 0.020239
v 0.005445 0.075300 0.019650
v 0.005857 0.075300 0.018474
v 0.006738 0.075300 0.017593
v 0.007914 0.075300 0.017181
v 0.002500 0.075300 0.029061
v 0.008804 0.075300 0.028256
v -0.005803 0.075300 0.021363
v -0.006828 0.075300 0.022388
v -0.002500 0.075300 0.026133
v -0.010653 0.075300 0.021363
v -0.017190 0.075300 0.024074
v -0.009628 0.075300 0.022388
v -0.013063 0.075300 0.026550
v -0.008228 0.075300 0.022763
v -0.005428 0.075300 0.019963
v -0.014046 0.075300 0.014146
v -0.001455 0.075300 0.018567
v -0.000361 0.075300 0.018126
v -0.011028 0.075300 0.019963
v -0.010751 0.075300 0.018749
v -0.009974 0.075300 0.017774
v -0.002500 0.075300 0.020600
v -0.002224 0.075300 0.019458
v -0.005705 0.075300 0.018749
v -0.008851 0.075300 0.017234
v -0.007605 0.075300 0.017234
v -0.006482 0.075300 0.017774
v -0.002398 0.075300 0.029502
v -0.002442 0.075300 0.029396
v -0.003884 0.075300 0.029343
v -0.002500 0.075300 0.029061
v -0.008588 0.075300 0.028322
v -0.020860 0.075300 0.020960
v -0.023974 0.075300 0.017290
v -0.017159 0.075300 0.007603
v -0.017159 0.075300 0.009052
v -0.029296 0.075300 0.002542
v -0.029403 0.075300 0.002497
v -0.029243 0.075300 0.003984
v -0.019139 0.075300 0.005623
v -0.017884 0.075300 0.006348
v -0.014046 0.075300 0.000100
v -0.028961 0.075300 0.002600
v -0.017884 0.075300 0.010308
v -0.018939 0.075300 0.010971
v -0.018276 0.075300 0.001242
v -0.019045 0.075300 0.002133
v -0.020139 0.075300 0.002574
v -0.020588 0.075300 0.005623
v -0.020500 0.075300 0.002600
v -0.021843 0.075300 0.006348
v -0.022506 0.075300 0.007403
v -0.022646 0.075300 0.008641
v -0.028223 0.075300 0.008688
v -0.022234 0.075300 0.009817
v -0.026450 0.075300 0.013163
v -0.021353 0.075300 0.010699
v -0.020177 0.075300 0.011110
v -0.019864 0.075300 -0.010928
v -0.018649 0.075300 -0.010650
v -0.014046 0.075300 -0.013945
v -0.017674 0.075300 -0.009873
v -0.018000 0.075300 0.000100
v -0.018026 0.075300 -0.000261
v -0.022053 0.075300 -0.009873
v -0.021078 0.075300 -0.010650
v -0.024100 0.075300 -0.013560
v -0.024310 0.075300 -0.014290
v -0.024276 0.075300 -0.012820
v -0.022593 0.075300 -0.007505
v -0.022593 0.075300 -0.008751
v -0.017134 0.075300 -0.008751
v -0.017134 0.075300 -0.007505
v -0.017674 0.075300 -0.006382
v -0.018649 0.075300 -0.005605
v -0.029403 0.075300 -0.002297
v -0.029296 0.075300 -0.002342
v -0.029213 0.075300 -0.004003
v -0.028961 0.075300 -0.002400
v -0.028741 0.075300 -0.006548
v -0.020500 0.075300 -0.002400
v -0.026701 0.075300 -0.007282
v -0.019358 0.075300 -0.002124
v -0.018467 0.075300 -0.001355
v -0.025407 0.075300 -0.010424
v -0.026302 0.075300 -0.007929
v -0.022053 0.075300 -0.006382
v -0.021078 0.075300 -0.005605
v -0.019864 0.075300 -0.005328
v -0.028512 0.075300 -0.006864
v -0.028659 0.075300 -0.006729
v -0.028324 0.075300 -0.006930
v -0.028125 0.075300 -0.006918
v -0.027365 0.075300 -0.006914
v -0.019803 0.075300 -0.021766
v -0.023007 0.075300 -0.018365
v -0.024850 0.075300 -0.014824
v -0.016102 0.075300 -0.024618
v -0.025085 0.075300 -0.015136
v -0.024987 0.075300 -0.014941
v -0.025090 0.075300 -0.015355
v -0.025024 0.075300 -0.015522
v -0.007503 0.075300 -0.017059
v -0.008953 0.075300 -0.017059
v -0.005523 0.075300 -0.019039
v -0.001143 0.075300 -0.018176
v -0.006248 0.075300 -0.017783
v -0.002443 0.075300 -0.027193
v -0.002400 0.075300 -0.027295
v -0.003863 0.075300 -0.027127
v -0.002033 0.075300 -0.018945
v -0.002474 0.075300 -0.020039
v -0.005523 0.075300 -0.020488
v -0.002500 0.075300 -0.020400
v -0.006248 0.075300 -0.021743
v -0.002500 0.075300 -0.026858
v -0.010208 0.075300 -0.017783
v -0.010871 0.075300 -0.018839
v -0.011010 0.075300 -0.020077
v -0.010599 0.075300 -0.021253
v -0.008613 0.075300 -0.028115
v -0.011997 0.075300 -0.026850
v -0.007984 0.075300 -0.027766
v -0.007608 0.075300 -0.027106
v -0.006957 0.075300 -0.026714
v -0.009718 0.075300 -0.022134
v -0.008541 0.075300 -0.022546
v -0.006197 0.075300 -0.026692
v -0.007303 0.075300 -0.022406
v -0.008062 0.075300 -0.027929
v -0.008227 0.075300 -0.028075
v -0.008439 0.075300 -0.028135
v -0.000000 0.075300 0.000100
v -0.029882 0.074858 -0.001790
v -0.029810 0.078800 -0.001929
v -0.029650 0.078800 -0.002125
v -0.029662 0.075056 -0.002115
v -0.029446 0.078800 -0.002274
v -0.029297 0.078800 -0.002342
v -0.028961 0.078800 -0.002400
v -0.002443 0.078800 -0.027193
v -0.002500 0.078800 -0.026858
v -0.002375 0.078800 -0.027342
v -0.002227 0.078800 -0.027545
v -0.002160 0.075006 -0.027610
v -0.002032 0.078800 -0.027705
v -0.001868 0.074849 -0.027788
v -0.025374 0.074800 -0.014624
v -0.025570 0.074800 -0.015015
v -0.025581 0.074800 -0.015453
v -0.028393 0.074800 -0.007426
v -0.028769 0.074800 -0.007293
v -0.029063 0.074800 -0.007023
v -0.001890 0.074858 0.029982
v -0.001884 0.079300 0.029985
v -0.002000 0.079300 0.029927
v -0.002215 0.075056 0.029762
v -0.002279 0.079021 0.029689
v -0.002462 0.078839 0.029336
v -0.002500 0.078800 0.029061
v -0.028961 0.078800 0.002600
v -0.029297 0.078800 0.002542
v -0.029446 0.078800 0.002475
v -0.029650 0.078800 0.002325
v -0.029726 0.074997 0.002246
v -0.029810 0.078800 0.002130
v -0.029911 0.074834 0.001914
v 0.029882 0.074858 0.001990
v 0.029885 0.079300 0.001984
v 0.029827 0.079300 0.002100
v 0.029662 0.075056 0.002315
v 0.029589 0.079021 0.002379
v 0.029236 0.078839 0.002562
v 0.028961 0.078800 0.002600
v 0.001887 0.074857 0.029983
v 0.002146 0.074997 0.029826
v 0.002270 0.079030 0.029699
v 0.002441 0.078859 0.029400
v 0.002000 0.079300 0.029927
v 0.001883 0.079300 0.029985
v 0.001814 0.074834 0.030011
v 0.002500 0.078800 0.029061
v 0.025239 0.075050 0.015850
v 0.028984 0.075050 0.006808
v 0.025239 0.075050 0.015850
v 0.002013 0.069000 0.015107
v -0.002121 0.069000 0.015093
v -0.002005 0.069683 0.015093
v -0.001449 0.070526 0.015095
v -0.000559 0.071004 0.015098
v 0.000451 0.071004 0.015102
v 0.001340 0.070526 0.015105
v 0.001897 0.069683 0.015107
v 0.000451 0.066996 0.015102
v -0.002005 0.068317 0.015093
v 0.001897 0.068317 0.015107
v 0.001340 0.067474 0.015105
v -0.000559 0.066996 0.015098
v -0.001449 0.067474 0.015095
v 0.015007 0.069683 -0.001797
v 0.015007 0.069000 -0.001913
v 0.014992 0.069000 0.002221
v 0.014993 0.069683 0.002105
v 0.014995 0.070526 0.001549
v 0.014998 0.071004 0.000659
v 0.015002 0.071004 -0.000351
v 0.015005 0.070526 -0.001241
v 0.014993 0.068317 0.002105
v 0.015007 0.068317 -0.001797
v 0.015005 0.067474 -0.001240
v 0.015002 0.066996 -0.000351
v 0.014998 0.066996 0.000659
v 0.014995 0.067474 0.001549
v 0.002121 0.069000 -0.014892
v 0.002005 0.069683 -0.014893
v 0.001448 0.070526 -0.014895
v 0.000659 0.070992 -0.029823
v 0.000559 0.071004 -0.014898
v 0.000082 0.071067 -0.029281
v 0.000317 0.071056 -0.029613
v -0.000000 0.071064 -0.028883
v -0.000068 0.071060 -0.028521
v -0.000291 0.071029 -0.028178
v -0.000451 0.071004 -0.014902
v -0.000617 0.070938 -0.027959
v -0.001341 0.070526 -0.014905
v -0.002013 0.069000 -0.014907
v -0.001897 0.069683 -0.014907
v 0.000559 0.066996 -0.014898
v 0.001448 0.067474 -0.014895
v 0.002005 0.068317 -0.014893
v -0.001897 0.068317 -0.014907
v -0.001341 0.067474 -0.014905
v -0.000451 0.066996 -0.014902
v 0.000330 0.066945 -0.029352
v -0.014993 0.068317 -0.001905
v -0.014993 0.069000 -0.002021
v -0.015007 0.069000 0.002113
v -0.015007 0.068317 0.001997
v -0.015005 0.067474 0.001441
v -0.015002 0.066996 0.000551
v -0.014998 0.066996 -0.000459
v -0.014995 0.067474 -0.001349
v -0.015007 0.069683 0.001997
v -0.014993 0.069683 -0.001905
v -0.014995 0.070526 -0.001348
v -0.014998 0.071004 -0.000459
v -0.015002 0.071004 0.000551
v -0.015005 0.070526 0.001441
v -0.000000 0.079300 0.018600
v -0.001595 0.079300 0.019393
v -0.001921 0.079300 0.020043
v -0.002000 0.079300 0.020600
v -0.001348 0.079300 0.019123
v -0.000719 0.079300 0.018734
v 0.000557 0.079300 0.018679
v 0.001207 0.079300 0.019006
v 0.002000 0.079300 0.020600
v 0.001477 0.079300 0.019252
v 0.001866 0.079300 0.019881
v -0.000000 0.078800 -0.028883
v 0.000065 0.078800 -0.029238
v 0.000309 0.078800 -0.029605
v 0.000686 0.078800 -0.029832
v 0.011763 0.068500 0.016428
v 0.010141 0.068500 0.015344
v 0.008228 0.068500 0.014963
v 0.006314 0.068500 0.015344
v 0.004692 0.068500 0.016428
v 0.003608 0.068500 0.018050
v 0.003228 0.068500 0.019963
v 0.003608 0.068500 0.021877
v 0.004692 0.068500 0.023499
v 0.006314 0.068500 0.024583
v 0.008228 0.068500 0.024963
v 0.010141 0.068500 0.024583
v 0.011763 0.068500 0.023499
v 0.012847 0.068500 0.021877
v 0.013228 0.068500 0.019963
v 0.012847 0.068500 0.018050
v 0.016328 0.068500 -0.011663
v 0.015244 0.068500 -0.010041
v 0.014863 0.068500 -0.008128
v 0.015244 0.068500 -0.006214
v 0.016328 0.068500 -0.004592
v 0.017950 0.068500 -0.003508
v 0.019863 0.068500 -0.003128
v 0.021777 0.068500 -0.003508
v 0.023399 0.068500 -0.004592
v 0.024483 0.068500 -0.006214
v 0.024863 0.068500 -0.008128
v 0.024483 0.068500 -0.010041
v 0.023399 0.068500 -0.011663
v 0.021777 0.068500 -0.012747
v 0.019863 0.068500 -0.013128
v 0.017950 0.068500 -0.012747
v -0.013228 0.068500 0.019963
v -0.012847 0.068500 0.021877
v -0.011763 0.068500 0.023499
v -0.010141 0.068500 0.024583
v -0.008228 0.068500 0.024963
v -0.006314 0.068500 0.024583
v -0.004692 0.068500 0.023499
v -0.003608 0.068500 0.021877
v -0.003228 0.068500 0.019963
v -0.003608 0.068500 0.018050
v -0.004692 0.068500 0.016428
v -0.006314 0.068500 0.015344
v -0.008228 0.068500 0.014963
v -0.010141 0.068500 0.015344
v -0.011763 0.068500 0.016428
v -0.012847 0.068500 0.018050
v 0.003228 0.068500 -0.019763
v 0.003608 0.068500 -0.017850
v 0.004692 0.068500 -0.016228
v 0.006314 0.068500 -0.015144
v 0.008228 0.068500 -0.014763
v 0.010141 0.068500 -0.015144
v 0.011763 0.068500 -0.016228
v 0.012847 0.068500 -0.017850
v 0.013228 0.068500 -0.019763
v 0.012847 0.068500 -0.021677
v 0.011763 0.068500 -0.023299
v 0.010141 0.068500 -0.024383
v 0.008228 0.068500 -0.024763
v 0.006314 0.068500 -0.024383
v 0.004692 0.068500 -0.023299
v 0.003608 0.068500 -0.021677
v -0.019864 0.068500 -0.003128
v -0.017950 0.068500 -0.003508
v -0.016328 0.068500 -0.004592
v -0.015244 0.068500 -0.006214
v -0.014864 0.068500 -0.008128
v -0.015244 0.068500 -0.010041
v -0.016328 0.068500 -0.011663
v -0.017950 0.068500 -0.012747
v -0.019864 0.068500 -0.013128
v -0.021777 0.068500 -0.012747
v -0.023399 0.068500 -0.011663
v -0.024483 0.068500 -0.010041
v -0.024864 0.068500 -0.008128
v -0.024483 0.068500 -0.006214
v -0.023399 0.068500 -0.004592
v -0.021777 0.068500 -0.003508
v -0.016328 0.068500 0.011863
v -0.015244 0.068500 0.010241
v -0.014864 0.068500 0.008328
v -0.015244 0.068500 0.006414
v -0.016328 0.068500 0.004792
v -0.017950 0.068500 0.003708
v -0.019864 0.068500 0.003328
v -0.021777 0.068500 0.003708
v -0.023399 0.068500 0.004792
v -0.024483 0.068500 0.006414
v -0.024864 0.068500 0.008328
v -0.024483 0.068500 0.010241
v -0.023399 0.068500 0.011863
v -0.021777 0.068500 0.012947
v -0.019864 0.068500 0.013328
v -0.017950 0.068500 0.012947
v 0.019863 0.068500 0.003328
v 0.017950 0.068500 0.003708
v 0.016328 0.068500 0.004792
v 0.015244 0.068500 0.006414
v 0.014863 0.068500 0.008328
v 0.015244 0.068500 0.010241
v 0.016328 0.068500 0.011863
v 0.017950 0.068500 0.012947
v 0.019863 0.068500 0.013328
v 0.021777 0.068500 0.012947
v 0.023399 0.068500 0.011863
v 0.024483 0.068500 0.010241
v 0.024863 0.068500 0.008328
v 0.024483 0.068500 0.006414
v 0.023399 0.068500 0.004792
v 0.021777 0.068500 0.003708
v -0.028961 0.079300 -0.001900
v -0.029204 0.079300 -0.001837
v -0.029385 0.079300 -0.001665
v -0.029461 0.079300 -0.001426
v -0.018096 0.078800 0.000786
v -0.018000 0.078800 0.000100
v -0.018500 0.079300 0.000100
v -0.020500 0.079300 0.002100
v -0.020500 0.078800 0.002600
v -0.020139 0.078800 0.002574
v -0.019781 0.079300 0.001966
v -0.019601 0.078800 0.002433
v -0.019045 0.078800 0.002133
v -0.019153 0.079300 0.001578
v -0.018816 0.078800 0.001948
v -0.018276 0.078800 0.001242
v -0.018901 0.079300 0.001301
v -0.018577 0.079300 0.000649
v -0.018026 0.078800 -0.000261
v -0.018633 0.079300 -0.000618
v -0.018167 0.078800 -0.000798
v -0.018467 0.078800 -0.001355
v -0.019021 0.079300 -0.001246
v -0.018652 0.078800 -0.001583
v -0.019358 0.078800 -0.002124
v -0.019299 0.079300 -0.001499
v -0.019814 0.078800 -0.002304
v -0.019951 0.079300 -0.001823
v -0.020500 0.078800 -0.002400
v -0.020500 0.079300 -0.001900
v 0.000500 0.079300 -0.028883
v 0.000532 0.079300 -0.029060
v 0.000654 0.079300 -0.029244
v 0.000843 0.079300 -0.029357
v 0.001017 0.079300 -0.029382
v -0.002474 0.078800 -0.020039
v -0.002500 0.078800 -0.020400
v -0.002033 0.078800 -0.018945
v -0.002333 0.078800 -0.019501
v -0.000000 0.078800 -0.017900
v -0.000686 0.078800 -0.017996
v -0.001143 0.078800 -0.018176
v -0.001848 0.078800 -0.018716
v -0.000000 0.079300 -0.018400
v -0.002000 0.079300 -0.020400
v -0.001866 0.079300 -0.019681
v -0.001478 0.079300 -0.019053
v -0.001201 0.079300 -0.018801
v -0.000549 0.079300 -0.018477
v 0.000361 0.078800 -0.017926
v 0.000718 0.079300 -0.018533
v 0.000898 0.078800 -0.018067
v 0.001455 0.078800 -0.018367
v 0.001346 0.079300 -0.018921
v 0.001683 0.078800 -0.018551
v 0.002224 0.078800 -0.019258
v 0.001599 0.079300 -0.019199
v 0.002404 0.078800 -0.019714
v 0.001923 0.079300 -0.019851
v 0.002500 0.078800 -0.020400
v 0.002000 0.079300 -0.020400
v 0.002000 0.079300 -0.028861
v 0.001937 0.079300 -0.029104
v 0.001765 0.079300 -0.029285
v 0.001526 0.079300 -0.029360
v -0.002500 0.078800 0.020600
v 0.002500 0.078800 0.020600
v 0.020500 0.078800 0.002600
v 0.020500 0.078800 -0.002400
v 0.026033 0.075300 -0.002400
v 0.017883 0.068500 -0.010108
v 0.017220 0.068500 -0.009052
v 0.017081 0.068500 -0.007814
v 0.017492 0.068500 -0.006638
v 0.018374 0.068500 -0.005757
v 0.019550 0.068500 -0.005345
v 0.020788 0.068500 -0.005485
v 0.021843 0.068500 -0.006148
v 0.022506 0.068500 -0.007203
v 0.022646 0.068500 -0.008441
v 0.022234 0.068500 -0.009617
v 0.021353 0.068500 -0.010498
v 0.020177 0.068500 -0.010910
v 0.018938 0.068500 -0.010771
v 0.011028 0.068500 -0.019763
v 0.010750 0.068500 -0.020978
v 0.009973 0.068500 -0.021952
v 0.008851 0.068500 -0.022493
v 0.007605 0.068500 -0.022493
v 0.006482 0.068500 -0.021952
v 0.005705 0.068500 -0.020978
v 0.005428 0.068500 -0.019763
v 0.005803 0.068500 -0.018363
v 0.006828 0.068500 -0.017338
v 0.008228 0.068500 -0.016963
v 0.009628 0.068500 -0.017338
v 0.010652 0.068500 -0.018363
v 0.019863 0.068500 0.005528
v 0.018648 0.068500 0.005805
v 0.017674 0.068500 0.006582
v 0.017133 0.068500 0.007705
v 0.017133 0.068500 0.008951
v 0.017674 0.068500 0.010074
v 0.018648 0.068500 0.010850
v 0.019863 0.068500 0.011128
v 0.021078 0.068500 0.010850
v 0.022052 0.068500 0.010074
v 0.022593 0.068500 0.008951
v 0.022593 0.068500 0.007705
v 0.022052 0.068500 0.006582
v 0.021078 0.068500 0.005805
v 0.010207 0.068500 0.017984
v 0.009152 0.068500 0.017321
v 0.007914 0.068500 0.017181
v 0.006738 0.068500 0.017593
v 0.005857 0.068500 0.018474
v 0.005445 0.068500 0.019650
v 0.005585 0.068500 0.020888
v 0.006248 0.068500 0.021943
v 0.007303 0.068500 0.022606
v 0.008541 0.068500 0.022746
v 0.009717 0.068500 0.022334
v 0.010598 0.068500 0.021453
v 0.011010 0.068500 0.020277
v 0.010870 0.068500 0.019039
v -0.005428 0.068500 0.019963
v -0.005705 0.068500 0.018749
v -0.006482 0.068500 0.017774
v -0.007605 0.068500 0.017234
v -0.008851 0.068500 0.017234
v -0.009974 0.068500 0.017774
v -0.010751 0.068500 0.018749
v -0.011028 0.068500 0.019963
v -0.010653 0.068500 0.021363
v -0.009628 0.068500 0.022388
v -0.008228 0.068500 0.022763
v -0.006828 0.068500 0.022388
v -0.005803 0.068500 0.021363
v -0.017884 0.068500 0.010308
v -0.017159 0.068500 0.009052
v -0.017159 0.068500 0.007603
v -0.017884 0.068500 0.006348
v -0.019139 0.068500 0.005623
v -0.020588 0.068500 0.005623
v -0.021843 0.068500 0.006348
v -0.022506 0.068500 0.007403
v -0.022646 0.068500 0.008641
v -0.022234 0.068500 0.009817
v -0.021353 0.068500 0.010699
v -0.020177 0.068500 0.011110
v -0.018939 0.068500 0.010971
v -0.019864 0.068500 -0.005328
v -0.018649 0.068500 -0.005605
v -0.017674 0.068500 -0.006382
v -0.017134 0.068500 -0.007505
v -0.017134 0.068500 -0.008751
v -0.017674 0.068500 -0.009873
v -0.018649 0.068500 -0.010650
v -0.019864 0.068500 -0.010928
v -0.021078 0.068500 -0.010650
v -0.022053 0.068500 -0.009873
v -0.022593 0.068500 -0.008751
v -0.022593 0.068500 -0.007505
v -0.022053 0.068500 -0.006382
v -0.021078 0.068500 -0.005605
v -0.002401 0.078800 0.019904
v -0.002224 0.078800 0.019458
v -0.001993 0.078800 0.019091
v -0.001455 0.078800 0.018567
v -0.000899 0.078800 0.018267
v -0.000361 0.078800 0.018126
v -0.000000 0.078800 0.018100
v 0.000696 0.078800 0.018199
v 0.001142 0.078800 0.018376
v 0.001509 0.078800 0.018607
v 0.002033 0.078800 0.019145
v 0.002333 0.078800 0.019701
v 0.002474 0.078800 0.020239
v 0.020500 0.079300 0.002100
v 0.019943 0.079300 0.002021
v 0.019804 0.078800 0.002501
v 0.019357 0.078800 0.002324
v 0.019293 0.079300 0.001695
v 0.018991 0.078800 0.002093
v 0.019022 0.079300 0.001448
v 0.018467 0.078800 0.001555
v 0.018634 0.079300 0.000819
v 0.018167 0.078800 0.000999
v 0.018026 0.078800 0.000461
v 0.018500 0.079300 0.000100
v 0.018000 0.078800 0.000100
v 0.018579 0.079300 -0.000457
v 0.018099 0.078800 -0.000596
v 0.018276 0.078800 -0.001042
v 0.018905 0.079300 -0.001107
v 0.018507 0.078800 -0.001409
v 0.019152 0.079300 -0.001377
v 0.019045 0.078800 -0.001933
v 0.019781 0.079300 -0.001766
v 0.019601 0.078800 -0.002233
v 0.020139 0.078800 -0.002374
v 0.020500 0.079300 -0.001900
v 0.020139 0.078800 -0.002374
v 0.018276 0.078800 -0.001042
v 0.018026 0.078800 0.000461
v 0.019357 0.078800 0.002324
v 0.001142 0.078800 0.018376
v -0.000361 0.078800 0.018126
v -0.002224 0.078800 0.019458
v -0.002000 0.079300 -0.026858
v -0.006248 0.068500 -0.021743
v -0.007303 0.068500 -0.022406
v -0.008541 0.068500 -0.022546
v -0.009718 0.068500 -0.022134
v -0.010599 0.068500 -0.021253
v -0.011010 0.068500 -0.020077
v -0.010871 0.068500 -0.018839
v -0.010208 0.068500 -0.017783
v -0.008953 0.068500 -0.017059
v -0.007503 0.068500 -0.017059
v -0.006248 0.068500 -0.017783
v -0.005523 0.068500 -0.019039
v -0.005523 0.068500 -0.020488
v -0.000948 0.079300 -0.027384
v 0.000307 0.079300 -0.028148
v -0.000220 0.079300 -0.027601
v -0.001766 0.079300 -0.027282
v -0.001938 0.079300 -0.027100
v -0.001528 0.079300 -0.027357
v -0.028961 0.079300 0.002100
v -0.003608 0.068500 -0.017850
v -0.004692 0.068500 -0.016228
v -0.006314 0.068500 -0.015144
v -0.010141 0.068500 -0.024383
v -0.008228 0.068500 -0.024763
v -0.006314 0.068500 -0.024383
v -0.004692 0.068500 -0.023299
v -0.003608 0.068500 -0.021677
v -0.003228 0.068500 -0.019763
v -0.008228 0.068500 -0.014763
v -0.010141 0.068500 -0.015144
v -0.011763 0.068500 -0.016228
v -0.012847 0.068500 -0.017850
v -0.013228 0.068500 -0.019763
v -0.012847 0.068500 -0.021677
v -0.011763 0.068500 -0.023299
v -0.000480 0.078800 -0.028028
v -0.000281 0.078800 -0.028188
v -0.000128 0.078800 -0.028393
v -0.029385 0.079300 0.001865
v -0.029204 0.079300 0.002037
v -0.029461 0.079300 0.001626
v -0.054000 0.076500 0.000100
v -0.055000 0.077500 0.000100
v -0.054994 0.077500 -0.000764
v -0.051962 0.074500 -0.001900
v -0.053917 0.076454 -0.001900
v -0.054026 0.077500 -0.010206
v -0.053940 0.076477 -0.001900
v -0.054165 0.077500 -0.009451
v -0.053963 0.076500 -0.001901
v -0.053994 0.076500 -0.000748
v 0.055000 0.077500 0.000100
v 0.052000 0.074500 0.000100
v 0.051993 0.074500 -0.000717
v -0.051079 0.074500 -0.009644
v -0.051683 0.077500 -0.018711
v -0.048643 0.074500 -0.018281
v -0.051450 0.077500 -0.019341
v -0.047632 0.077500 -0.027400
v -0.044759 0.074500 -0.026370
v -0.047341 0.077500 -0.027897
v -0.042133 0.077500 -0.035253
v -0.039541 0.074500 -0.033671
v -0.041823 0.077500 -0.035620
v -0.035354 0.077500 -0.042032
v -0.033146 0.074500 -0.039967
v -0.035059 0.077500 -0.042278
v -0.027500 0.077500 -0.047531
v -0.025764 0.074500 -0.045069
v -0.027250 0.077500 -0.047675
v -0.018811 0.077500 -0.051583
v -0.017615 0.074500 -0.048826
v -0.018631 0.077500 -0.051648
v -0.009551 0.077500 -0.054064
v -0.008941 0.074500 -0.051126
v -0.009456 0.077500 -0.054081
v -0.000000 0.077500 -0.054900
v -0.000000 0.074500 -0.051900
v 0.009456 0.077500 -0.054081
v 0.008940 0.074500 -0.051126
v 0.009550 0.077500 -0.054064
v 0.017614 0.074500 -0.048826
v 0.018630 0.077500 -0.051648
v 0.018811 0.077500 -0.051583
v 0.025764 0.074500 -0.045069
v 0.027250 0.077500 -0.047675
v 0.027500 0.077500 -0.047531
v 0.033146 0.074500 -0.039967
v 0.035058 0.077500 -0.042278
v 0.035353 0.077500 -0.042032
v 0.039541 0.074500 -0.033671
v 0.041822 0.077500 -0.035619
v 0.042132 0.077500 -0.035253
v 0.044758 0.074500 -0.026370
v 0.047341 0.077500 -0.027897
v 0.047631 0.077500 -0.027400
v 0.048643 0.074500 -0.018280
v 0.051449 0.077500 -0.019341
v 0.051683 0.077500 -0.018711
v 0.051079 0.074500 -0.009644
v 0.054025 0.077500 -0.010206
v 0.054164 0.077500 -0.009450
v 0.054993 0.077500 -0.000764
v -0.053917 0.076454 0.002100
v -0.051962 0.074500 0.002100
v -0.051079 0.074500 0.009844
v 0.054993 0.077500 0.000964
v -0.053994 0.076500 0.000948
v -0.054994 0.077500 0.000964
v -0.053963 0.076500 0.002101
v -0.054165 0.077500 0.009651
v -0.053940 0.076477 0.002100
v -0.054026 0.077500 0.010406
v 0.051993 0.074500 0.000917
v 0.054164 0.077500 0.009651
v 0.051079 0.074500 0.009844
v 0.054025 0.077500 0.010406
v 0.051683 0.077500 0.018911
v 0.048643 0.074500 0.018481
v 0.051449 0.077500 0.019541
v 0.047631 0.077500 0.027600
v 0.044758 0.074500 0.026570
v 0.047340 0.077500 0.028097
v 0.043709 0.074500 0.028269
v 0.042132 0.077500 0.035454
v 0.039541 0.074500 0.033871
v 0.041822 0.077500 0.035820
v 0.035353 0.077500 0.042233
v 0.033146 0.074500 0.040167
v 0.035058 0.077500 0.042478
v 0.027500 0.077500 0.047732
v 0.025763 0.074500 0.045269
v 0.027250 0.077500 0.047875
v 0.018811 0.077500 0.051783
v 0.017614 0.074500 0.049026
v 0.018630 0.077500 0.051849
v 0.009550 0.077500 0.054265
v 0.008940 0.074500 0.051326
v 0.009456 0.077500 0.054281
v -0.000000 0.077500 0.055100
v -0.000000 0.074500 0.052100
v -0.009457 0.077500 0.054281
v -0.008941 0.074500 0.051326
v -0.009551 0.077500 0.054265
v -0.017615 0.074500 0.049026
v -0.018631 0.077500 0.051849
v -0.018812 0.077500 0.051783
v -0.025764 0.074500 0.045269
v -0.027251 0.077500 0.047875
v -0.027500 0.077500 0.047731
v -0.033146 0.074500 0.040167
v -0.035059 0.077500 0.042478
v -0.035354 0.077500 0.042232
v -0.039542 0.074500 0.033871
v -0.041823 0.077500 0.035820
v -0.042133 0.077500 0.035453
v -0.043710 0.074500 0.028269
v -0.047341 0.077500 0.028097
v -0.044759 0.074500 0.026570
v -0.047632 0.077500 0.027600
v -0.048643 0.074500 0.018481
v -0.051683 0.077500 0.018911
v -0.051450 0.077500 0.019541
v -0.053917 0.076500 0.002100
v -0.036878 0.076500 0.002100
v -0.036878 0.074500 0.002100
v -0.035964 0.076500 -0.002495
v -0.035882 0.076500 -0.002819
v -0.036000 0.076500 0.000100
v -0.036878 0.076500 -0.001900
v -0.036549 0.076500 -0.001956
v -0.036200 0.076500 -0.002165
v -0.035882 0.076500 0.003019
v -0.035964 0.076500 0.002696
v -0.035938 0.076500 0.002219
v -0.036200 0.076500 0.002365
v -0.036549 0.076500 0.002156
v -0.053917 0.076500 -0.001900
v -0.036878 0.074500 -0.001900
v -0.021297 0.074500 0.029743
v -0.014561 0.074500 0.033570
v -0.028091 0.074500 0.033827
v -0.033727 0.074500 -0.027991
v -0.033727 0.074500 -0.022355
v -0.010456 0.074500 -0.045627
v 0.022455 0.074500 -0.045627
v 0.028091 0.074500 0.033827
v 0.022455 0.074500 0.033827
v -0.033727 0.074500 0.033827
v -0.036440 0.074500 0.002201
v -0.036328 0.074500 0.003644
v -0.036549 0.074500 0.002156
v -0.035485 0.074500 0.020798
v -0.034064 0.074500 0.018537
v -0.031630 0.074500 0.018316
v -0.041709 0.074500 0.010892
v -0.043970 0.074500 0.012313
v -0.045390 0.074500 0.014574
v -0.033765 0.074500 0.015884
v -0.034647 0.074500 0.013363
v -0.034762 0.074500 0.011231
v -0.036535 0.074500 0.011475
v -0.039055 0.074500 0.010593
v -0.045689 0.074500 0.017227
v -0.044808 0.074500 0.019748
v -0.042919 0.074500 0.021636
v -0.040399 0.074500 0.022518
v -0.033727 0.074500 0.028191
v -0.037746 0.074500 0.022219
v -0.016456 0.074500 0.045827
v -0.013456 0.074500 0.045023
v -0.011260 0.074500 0.042827
v -0.010456 0.074500 0.039827
v -0.007170 0.074500 0.035889
v -0.017791 0.074500 0.033977
v -0.011050 0.074500 0.037224
v -0.012715 0.074500 0.035136
v -0.015121 0.074500 0.033977
v -0.020197 0.074500 0.035136
v -0.021862 0.074500 0.037224
v -0.022456 0.074500 0.039827
v -0.021652 0.074500 0.042827
v -0.019456 0.074500 0.045023
v 0.000544 0.074500 0.036596
v 0.008234 0.074500 0.035659
v 0.015553 0.074500 0.033121
v 0.014902 0.074500 0.034031
v 0.012212 0.074500 0.035584
v 0.010659 0.074500 0.038274
v 0.010659 0.074500 0.041380
v 0.012212 0.074500 0.044070
v 0.014473 0.074500 0.045490
v 0.017127 0.074500 0.045789
v 0.019647 0.074500 0.044907
v 0.021535 0.074500 0.043019
v 0.022417 0.074500 0.040499
v 0.022118 0.074500 0.037845
v 0.020698 0.074500 0.035584
v 0.018008 0.074500 0.034031
v 0.028091 0.074500 0.028191
v 0.042726 0.074500 0.021752
v 0.035078 0.074500 0.010190
v 0.039726 0.074500 0.010556
v 0.037123 0.074500 0.011150
v 0.035035 0.074500 0.012815
v 0.033877 0.074500 0.015220
v 0.032158 0.074500 0.017365
v 0.033877 0.074500 0.017891
v 0.027791 0.074500 0.023763
v 0.039726 0.074500 0.022556
v 0.037123 0.074500 0.021961
v 0.035035 0.074500 0.020297
v 0.044923 0.074500 0.019556
v 0.045726 0.074500 0.016556
v 0.045726 0.074500 0.010556
v 0.044923 0.074500 0.013556
v 0.042726 0.074500 0.011359
v 0.045726 0.074500 0.000100
v 0.028719 0.074500 -0.022427
v 0.045726 0.074500 -0.022355
v 0.028091 0.074500 -0.027991
v 0.028134 0.074500 -0.023153
v -0.000000 0.074500 -0.045627
v -0.007170 0.074500 -0.035689
v -0.010660 0.074500 -0.041180
v -0.010660 0.074500 -0.038074
v -0.028091 0.074500 -0.027991
v -0.020698 0.074500 -0.035384
v -0.021297 0.074500 -0.029543
v -0.018009 0.074500 -0.033831
v -0.014561 0.074500 -0.033370
v -0.014903 0.074500 -0.033831
v -0.012213 0.074500 -0.035384
v -0.021536 0.074500 -0.042819
v -0.022418 0.074500 -0.040299
v -0.022119 0.074500 -0.037645
v -0.012213 0.074500 -0.043869
v -0.014474 0.074500 -0.045290
v -0.017127 0.074500 -0.045589
v -0.019648 0.074500 -0.044707
v -0.039727 0.074500 -0.022355
v -0.042727 0.074500 -0.021552
v -0.033878 0.074500 -0.017690
v -0.035036 0.074500 -0.020096
v -0.037124 0.074500 -0.021761
v -0.033878 0.074500 -0.015020
v -0.031630 0.074500 -0.018116
v -0.034761 0.074500 -0.011031
v -0.036440 0.074500 -0.002001
v -0.039727 0.074500 -0.010355
v -0.036328 0.074500 -0.003444
v -0.037124 0.074500 -0.010950
v -0.035036 0.074500 -0.012614
v -0.044923 0.074500 -0.019355
v -0.045727 0.074500 -0.016355
v -0.044923 0.074500 -0.013355
v -0.042727 0.074500 -0.011159
v -0.036549 0.074500 -0.001956
v -0.023149 0.074500 -0.028120
v -0.027073 0.074500 -0.024381
v -0.028692 0.074500 -0.022461
v 0.000544 0.074500 -0.036396
v 0.010455 0.074500 -0.039627
v 0.008234 0.074500 -0.035459
v 0.027791 0.074500 -0.023563
v 0.022482 0.074500 -0.028654
v 0.022455 0.074500 -0.039627
v 0.021861 0.074500 -0.042230
v 0.020196 0.074500 -0.044318
v 0.011049 0.074500 -0.042230
v 0.011259 0.074500 -0.036627
v 0.013455 0.074500 -0.034431
v 0.015553 0.074500 -0.032920
v 0.016455 0.074500 -0.033627
v 0.022171 0.074500 -0.028895
v 0.019455 0.074500 -0.034431
v 0.021651 0.074500 -0.036627
v 0.017790 0.074500 -0.045476
v 0.015120 0.074500 -0.045476
v 0.012714 0.074500 -0.044318
v 0.041279 0.074500 -0.010560
v 0.043969 0.074500 -0.012113
v 0.038174 0.074500 -0.010560
v 0.036417 0.074500 -0.002359
v 0.035484 0.074500 -0.012113
v 0.035078 0.074500 -0.009989
v 0.033931 0.074500 -0.014802
v 0.032158 0.074500 -0.017165
v 0.033931 0.074500 -0.017908
v 0.035484 0.074500 -0.020598
v 0.036469 0.074500 -0.001400
v 0.036469 0.074500 0.001600
v 0.045390 0.074500 -0.014374
v 0.045689 0.074500 -0.017027
v 0.044807 0.074500 -0.019547
v 0.042919 0.074500 -0.021436
v 0.040398 0.074500 -0.022317
v 0.037745 0.074500 -0.022018
v 0.036417 0.074500 0.002560
v 0.023203 0.074500 0.028276
v 0.022171 0.074500 0.029095
v -0.027073 0.074500 0.024581
v -0.028091 0.074500 0.028191
v 0.055000 0.111740 0.000100
v 0.054993 0.111740 0.000964
v 0.054164 0.111740 0.009651
v 0.054025 0.111740 0.010406
v 0.051683 0.111740 0.018911
v 0.051449 0.111740 0.019541
v 0.047631 0.111740 0.027600
v 0.047340 0.111740 0.028098
v 0.042132 0.111739 0.035454
v 0.041822 0.111739 0.035820
v 0.035353 0.111739 0.042233
v 0.035058 0.111739 0.042478
v 0.027499 0.111739 0.047732
v 0.027250 0.111739 0.047875
v 0.018811 0.111739 0.051783
v 0.018630 0.111739 0.051849
v 0.009550 0.111739 0.054265
v 0.009456 0.111739 0.054281
v -0.000001 0.111739 0.055100
v -0.009457 0.111739 0.054281
v -0.009551 0.111739 0.054265
v -0.018631 0.111739 0.051849
v -0.018812 0.111739 0.051783
v -0.027251 0.111739 0.047875
v -0.027501 0.111739 0.047732
v -0.035059 0.111739 0.042478
v -0.035354 0.111739 0.042233
v -0.041823 0.111739 0.035820
v -0.042133 0.111739 0.035453
v -0.047341 0.111739 0.028097
v -0.047632 0.111739 0.027600
v -0.051450 0.111739 0.019541
v -0.051684 0.111739 0.018911
v -0.054026 0.111739 0.010406
v -0.054165 0.111739 0.009651
v -0.054994 0.111739 0.000964
v -0.055000 0.111739 0.000100
v -0.054994 0.111739 -0.000764
v -0.054165 0.111739 -0.009451
v -0.054026 0.111739 -0.010206
v -0.051683 0.111739 -0.018711
v -0.051450 0.111739 -0.019341
v -0.047632 0.111739 -0.027400
v -0.047341 0.111739 -0.027897
v -0.042133 0.111739 -0.035253
v -0.041823 0.111739 -0.035620
v -0.035354 0.111739 -0.042032
v -0.035059 0.111739 -0.042278
v -0.027500 0.111739 -0.047531
v -0.027251 0.111739 -0.047675
v -0.018811 0.111739 -0.051583
v -0.018631 0.111739 -0.051648
v -0.009551 0.111740 -0.054064
v -0.009456 0.111740 -0.054081
v -0.000000 0.111740 -0.054900
v 0.009456 0.111740 -0.054081
v 0.009550 0.111740 -0.054064
v 0.018630 0.111740 -0.051648
v 0.018811 0.111740 -0.051583
v 0.027250 0.111740 -0.047675
v 0.027500 0.111740 -0.047531
v 0.035058 0.111740 -0.042278
v 0.035353 0.111740 -0.042032
v 0.041822 0.111740 -0.035619
v 0.042132 0.111740 -0.035253
v 0.047340 0.111740 -0.027897
v 0.047631 0.111740 -0.027400
v 0.051449 0.111740 -0.019341
v 0.051683 0.111740 -0.018711
v 0.054025 0.111740 -0.010206
v 0.054164 0.111740 -0.009450
v 0.054993 0.111740 -0.000764
v -0.036220 0.074711 0.002348
v -0.035968 0.074939 0.002686
v -0.035882 0.075000 0.003019
v -0.027500 0.113546 -0.047531
v -0.029567 0.114739 -0.047531
v -0.029290 0.114739 -0.046498
v -0.029290 0.114739 -0.048565
v -0.028534 0.114739 -0.049321
v -0.027500 0.114739 -0.045464
v -0.026467 0.114739 -0.045741
v -0.028534 0.114739 -0.045741
v 0.036227 0.074751 0.001349
v -0.035830 0.075000 0.003596
v -0.034649 0.075000 0.009872
v -0.034285 0.075000 0.011079
v -0.031749 0.075000 0.017070
v -0.031196 0.075000 0.018067
v -0.027375 0.075000 0.023480
v -0.026702 0.075000 0.024246
v -0.021728 0.075000 0.028804
v -0.021005 0.075000 0.029337
v -0.015072 0.075000 0.032793
v -0.014362 0.075000 0.033111
v -0.007715 0.075000 0.035264
v -0.007072 0.075000 0.035399
v -0.000000 0.075000 0.036100
v 0.000537 0.075000 0.036096
v 0.007715 0.075000 0.035264
v 0.008121 0.075000 0.035172
v 0.021867 0.075000 0.028698
v 0.015340 0.075000 0.032668
v 0.015072 0.075000 0.032793
v 0.035986 0.075000 0.001100
v 0.035918 0.075000 0.002526
v 0.034597 0.075000 0.010051
v 0.031718 0.075000 0.017129
v 0.027410 0.075000 0.023439
v -0.002541 0.077800 0.036010
v -0.002541 0.078300 0.036010
v -0.006751 0.077800 0.035461
v -0.007715 0.077800 0.035264
v -0.013606 0.077800 0.033430
v -0.015072 0.077800 0.032793
v -0.019924 0.077800 0.030084
v -0.021728 0.077800 0.028804
v -0.025456 0.077800 0.025556
v -0.027375 0.077800 0.023480
v -0.029985 0.077800 0.020023
v -0.031749 0.077800 0.017070
v -0.033330 0.077800 0.013705
v -0.034649 0.077800 0.009872
v -0.035362 0.077800 0.006850
v -0.035910 0.077800 0.002640
v -0.035910 0.078300 0.002640
v -0.035938 0.078300 0.002219
v -0.036000 0.078300 0.000100
v 0.036000 0.078300 0.000100
v 0.036000 0.075000 0.000100
v 0.036000 0.078300 0.000134
v 0.035937 0.078300 0.002220
v 0.035910 0.078300 0.002641
v 0.034648 0.078300 0.009872
v 0.031749 0.078300 0.017070
v 0.027374 0.078300 0.023480
v 0.021728 0.078300 0.028804
v 0.015072 0.078300 0.032793
v 0.007715 0.078300 0.035264
v 0.002540 0.078300 0.036010
v -0.000000 0.078300 0.036100
v -0.035882 0.075000 -0.002819
v -0.035900 0.074992 -0.002693
v -0.036048 0.074869 -0.002342
v -0.036209 0.074721 -0.002157
v -0.055000 0.113546 0.000100
v -0.056034 0.114739 0.001890
v -0.055000 0.114739 0.002167
v -0.056790 0.114739 0.001134
v -0.057067 0.114739 0.000100
v -0.053210 0.114739 0.001134
v -0.052933 0.114739 0.000100
v -0.053967 0.114739 0.001890
v -0.053967 0.114739 -0.001690
v -0.055000 0.114739 -0.001967
v -0.053210 0.114739 -0.000933
v -0.056790 0.114739 -0.000933
v -0.056034 0.114739 -0.001690
v 0.027500 0.113546 -0.047531
v 0.026466 0.114740 -0.045741
v 0.027345 0.114740 -0.045470
v 0.029015 0.114740 -0.046125
v 0.029475 0.114740 -0.046922
v 0.028255 0.114740 -0.045607
v 0.029208 0.114740 -0.048696
v 0.028533 0.114740 -0.049321
v 0.029544 0.114740 -0.047839
v 0.037747 0.078000 -0.018335
v 0.038802 0.078000 -0.018998
v 0.040040 0.078000 -0.019138
v 0.041216 0.078000 -0.018726
v 0.042097 0.078000 -0.017845
v 0.042509 0.078000 -0.016669
v 0.042369 0.078000 -0.015430
v 0.041706 0.078000 -0.014375
v 0.027500 0.114740 -0.049598
v 0.026745 0.114740 -0.049455
v 0.026466 0.114740 -0.049321
v 0.025985 0.114740 -0.048937
v 0.025710 0.114740 -0.048565
v 0.025525 0.114740 -0.048140
v 0.025433 0.114740 -0.047531
v 0.025710 0.114740 -0.046498
v 0.025456 0.114740 -0.047223
v 0.019255 0.078000 -0.039627
v 0.018880 0.078000 -0.038227
v 0.017855 0.078000 -0.037202
v 0.016455 0.078000 -0.036827
v 0.015055 0.078000 -0.037202
v 0.014030 0.078000 -0.038227
v 0.013655 0.078000 -0.039627
v 0.040451 0.078000 -0.013651
v 0.039002 0.078000 -0.013651
v 0.037747 0.078000 -0.014375
v 0.037022 0.078000 -0.015631
v 0.037022 0.078000 -0.017080
v -0.041707 0.078000 0.014576
v -0.042370 0.078000 0.015631
v -0.042524 0.078000 0.016681
v -0.042510 0.078000 0.016869
v -0.042098 0.078000 0.018045
v -0.041217 0.078000 0.018926
v -0.037747 0.078000 0.018535
v -0.038802 0.078000 0.019198
v -0.039853 0.078000 0.019353
v -0.040041 0.078000 0.019338
v -0.013656 0.078000 0.039827
v -0.013933 0.078000 0.038612
v -0.014567 0.078000 0.037760
v -0.014710 0.078000 0.037638
v -0.015833 0.078000 0.037097
v -0.017079 0.078000 0.037097
v -0.019256 0.078000 0.039827
v -0.018979 0.078000 0.038612
v -0.018345 0.078000 0.037760
v -0.018202 0.078000 0.037638
v 0.014475 0.078000 0.041807
v 0.013750 0.078000 0.040552
v 0.013750 0.078000 0.039102
v 0.014475 0.078000 0.037847
v 0.015730 0.078000 0.037122
v 0.017180 0.078000 0.037122
v 0.018435 0.078000 0.037847
v 0.039726 0.078000 0.019356
v 0.038512 0.078000 0.019078
v 0.037537 0.078000 0.018301
v 0.036997 0.078000 0.017179
v 0.036997 0.078000 0.015933
v 0.037537 0.078000 0.014810
v 0.038512 0.078000 0.014033
v 0.039726 0.078000 0.013756
v 0.041126 0.078000 0.014131
v 0.042151 0.078000 0.015156
v 0.042526 0.078000 0.016556
v 0.042151 0.078000 0.017956
v 0.041126 0.078000 0.018980
v -0.039727 0.078000 -0.013555
v -0.038512 0.078000 -0.013833
v -0.037660 0.078000 -0.014466
v -0.037538 0.078000 -0.014610
v -0.036997 0.078000 -0.015732
v -0.036997 0.078000 -0.016978
v -0.039727 0.078000 -0.019155
v -0.038512 0.078000 -0.018878
v -0.037660 0.078000 -0.018244
v -0.037538 0.078000 -0.018101
v 0.013932 0.078000 -0.040842
v 0.014709 0.078000 -0.041816
v 0.015832 0.078000 -0.042356
v 0.017078 0.078000 -0.042356
v 0.018201 0.078000 -0.041816
v 0.018978 0.078000 -0.040842
v -0.014476 0.078000 -0.041607
v -0.015531 0.078000 -0.042270
v -0.016581 0.078000 -0.042424
v -0.016769 0.078000 -0.042409
v -0.017945 0.078000 -0.041998
v -0.018826 0.078000 -0.041116
v -0.018436 0.078000 -0.037647
v -0.019099 0.078000 -0.038702
v -0.019253 0.078000 -0.039752
v -0.019238 0.078000 -0.039940
v -0.017180 0.078000 -0.036922
v -0.016330 0.078000 -0.036830
v -0.015731 0.078000 -0.036922
v -0.015020 0.078000 -0.037223
v -0.014476 0.078000 -0.037647
v -0.014052 0.078000 -0.038191
v -0.013751 0.078000 -0.040351
v -0.013658 0.078000 -0.039501
v -0.013751 0.078000 -0.038902
v -0.037084 0.078000 0.017480
v -0.036930 0.078000 0.016430
v -0.036945 0.078000 0.016242
v -0.037356 0.078000 0.015066
v -0.038238 0.078000 0.014185
v -0.040652 0.078000 0.013913
v -0.039602 0.078000 0.013758
v -0.039414 0.078000 0.013773
v -0.041127 0.078000 -0.018780
v -0.041794 0.078000 -0.018244
v -0.042152 0.078000 -0.017755
v -0.042442 0.078000 -0.017040
v -0.042527 0.078000 -0.016355
v -0.042442 0.078000 -0.015671
v -0.041127 0.078000 -0.013930
v -0.041794 0.078000 -0.014466
v -0.042152 0.078000 -0.014955
v -0.018881 0.078000 0.041227
v -0.018345 0.078000 0.041894
v -0.017856 0.078000 0.042252
v -0.017140 0.078000 0.042542
v -0.016456 0.078000 0.042627
v -0.015772 0.078000 0.042542
v -0.014031 0.078000 0.041227
v -0.014567 0.078000 0.041894
v -0.015056 0.078000 0.042252
v 0.019098 0.078000 0.038902
v 0.019237 0.078000 0.040140
v 0.018826 0.078000 0.041317
v 0.017945 0.078000 0.042198
v 0.016768 0.078000 0.042609
v 0.015530 0.078000 0.042470
v -0.025792 0.114739 -0.046367
v -0.025525 0.114739 -0.048140
v -0.025985 0.114739 -0.048937
v -0.025456 0.114739 -0.047223
v -0.027655 0.114739 -0.049592
v -0.026745 0.114739 -0.049455
v -0.006845 0.078300 0.035953
v -0.003018 0.078300 0.036475
v -0.013795 0.078300 0.033893
v -0.020201 0.078300 0.030501
v -0.025810 0.078300 0.025909
v -0.030401 0.078300 0.020300
v -0.033793 0.078300 0.013894
v -0.035853 0.078300 0.006944
v -0.036375 0.078300 0.003118
v 0.039000 0.083300 -0.003400
v 0.039000 0.082800 -0.003900
v 0.038496 0.082800 -0.003868
v 0.038013 0.083300 -0.003258
v 0.037872 0.082800 -0.003738
v 0.036726 0.082800 -0.003191
v 0.036877 0.083300 -0.002683
v 0.036574 0.082800 -0.003080
v 0.035458 0.082800 -0.001760
v 0.036417 0.083300 -0.002261
v 0.035269 0.082800 -0.001342
v 0.035735 0.083300 -0.001162
v 0.035000 0.082800 0.000100
v 0.035500 0.083300 0.000100
v -0.039000 0.083300 -0.003400
v -0.039000 0.082800 -0.003900
v -0.047739 0.083300 -0.003400
v -0.047739 0.082800 -0.003900
v 0.045033 0.116740 -0.028900
v 0.044631 0.116740 -0.027400
v 0.050631 0.116740 -0.027400
v 0.045033 0.116740 -0.025900
v 0.049131 0.116740 -0.024802
v 0.050229 0.116740 -0.025900
v 0.047631 0.116740 -0.024400
v 0.046131 0.116740 -0.024802
v 0.046131 0.116740 -0.029998
v 0.047631 0.116740 -0.030400
v 0.049131 0.116740 -0.029998
v 0.050229 0.116740 -0.028900
v 0.045347 0.078300 0.018664
v 0.042526 0.078300 0.016556
v 0.042151 0.078300 0.017956
v 0.004086 0.078300 0.048246
v 0.004330 0.078300 0.048582
v 0.013750 0.078300 0.040552
v 0.004690 0.078300 0.048790
v 0.014475 0.078300 0.041807
v 0.005104 0.078300 0.048834
v 0.015530 0.078300 0.042470
v 0.013203 0.078300 0.047288
v 0.016768 0.078300 0.042609
v 0.041241 0.078300 0.026561
v 0.017945 0.078300 0.042198
v 0.021520 0.078300 0.044121
v 0.018826 0.078300 0.041317
v 0.047739 0.078300 0.004100
v 0.041126 0.078300 0.014131
v 0.042151 0.078300 0.015156
v 0.047957 0.078300 0.010156
v 0.048482 0.078300 0.004431
v 0.048145 0.078300 0.004187
v 0.048689 0.078300 0.004791
v 0.048733 0.078300 0.005204
v 0.003073 0.078300 0.036540
v 0.003852 0.078300 0.038024
v 0.013750 0.078300 0.039102
v 0.004000 0.078300 0.039100
v 0.004000 0.078300 0.047839
v 0.041126 0.078300 0.018980
v 0.039726 0.078300 0.019356
v 0.035774 0.078300 0.033584
v 0.019237 0.078300 0.040140
v 0.029128 0.078300 0.039503
v 0.019098 0.078300 0.038902
v 0.018435 0.078300 0.037847
v 0.037537 0.078300 0.018301
v 0.038512 0.078300 0.019078
v 0.017180 0.078300 0.037122
v 0.015730 0.078300 0.037122
v 0.014475 0.078300 0.037847
v 0.036997 0.078300 0.017179
v 0.036997 0.078300 0.015933
v 0.037537 0.078300 0.014810
v 0.038512 0.078300 0.014033
v 0.035926 0.078300 0.002660
v 0.037469 0.078300 0.003796
v 0.039726 0.078300 0.013756
v 0.039000 0.078300 0.004100
v 0.038219 0.078300 0.004023
v 0.035147 0.078300 0.001177
v 0.035458 0.078300 -0.001760
v 0.035910 0.078300 -0.002440
v 0.035000 0.078300 0.000062
v 0.036000 0.078300 0.000066
v 0.035000 0.078300 0.000100
v 0.035000 0.078300 0.000138
v 0.055000 0.113546 0.000100
v 0.053966 0.114739 0.001890
v 0.055000 0.114739 0.002167
v 0.053210 0.114739 0.001134
v 0.052933 0.114739 0.000100
v 0.056790 0.114739 0.001134
v 0.057067 0.114739 0.000100
v 0.056033 0.114739 0.001890
v -0.027500 0.113546 0.047732
v -0.026467 0.114739 0.045941
v -0.027346 0.114739 0.045670
v -0.029015 0.114739 0.046326
v -0.029475 0.114739 0.047122
v -0.028255 0.114739 0.045807
v -0.029208 0.114739 0.048896
v -0.028534 0.114739 0.049522
v -0.029544 0.114739 0.048040
v -0.026467 0.114739 0.049522
v -0.025710 0.114739 0.048765
v -0.027500 0.114739 0.049799
v -0.025710 0.114739 0.046698
v -0.025433 0.114739 0.047732
v 0.014030 0.078300 -0.038227
v 0.003763 0.078300 -0.035703
v 0.015055 0.078300 -0.037202
v 0.011125 0.078300 -0.034138
v 0.016455 0.078300 -0.036827
v 0.018000 0.078300 -0.031077
v 0.017855 0.078300 -0.037202
v 0.037747 0.078300 -0.018335
v 0.024089 0.078300 -0.026653
v 0.037022 0.078300 -0.017080
v 0.029125 0.078300 -0.021060
v 0.037022 0.078300 -0.015631
v 0.032888 0.078300 -0.014542
v 0.037747 0.078300 -0.014375
v 0.035213 0.078300 -0.007385
v 0.039002 0.078300 -0.013651
v 0.036726 0.078300 -0.003191
v 0.018880 0.078300 -0.038227
v 0.038802 0.078300 -0.018998
v 0.048145 0.078300 -0.003986
v 0.048482 0.078300 -0.004231
v 0.040451 0.078300 -0.013651
v 0.048690 0.078300 -0.004591
v 0.041706 0.078300 -0.014375
v 0.048733 0.078300 -0.005004
v 0.042369 0.078300 -0.015430
v 0.047957 0.078300 -0.009955
v 0.042509 0.078300 -0.016669
v 0.045347 0.078300 -0.018464
v 0.042097 0.078300 -0.017845
v 0.038496 0.078300 -0.003868
v 0.039000 0.078300 -0.003900
v 0.047739 0.078300 -0.003900
v 0.004330 0.078300 -0.048382
v 0.004086 0.078300 -0.048045
v 0.004000 0.078300 -0.047639
v 0.021520 0.078300 -0.043921
v 0.013203 0.078300 -0.047088
v 0.017078 0.078300 -0.042356
v 0.041216 0.078300 -0.018726
v 0.041241 0.078300 -0.026360
v 0.040040 0.078300 -0.019138
v 0.018201 0.078300 -0.041816
v 0.018978 0.078300 -0.040842
v 0.029128 0.078300 -0.039302
v 0.019255 0.078300 -0.039627
v 0.035775 0.078300 -0.033384
v 0.004690 0.078300 -0.048590
v 0.013932 0.078300 -0.040842
v 0.005104 0.078300 -0.048633
v 0.014709 0.078300 -0.041816
v 0.015832 0.078300 -0.042356
v 0.013655 0.078300 -0.039627
v 0.004000 0.078300 -0.038900
v 0.003541 0.078300 -0.037040
v 0.002540 0.078300 -0.035810
v -0.000000 0.078300 -0.035900
v 0.002274 0.078300 -0.035609
v -0.002540 0.078300 -0.035810
v -0.001531 0.078300 -0.035204
v -0.000781 0.078300 -0.034977
v 0.000503 0.078300 -0.034932
v -0.000000 0.078300 -0.034900
v -0.046132 0.123739 -0.024802
v -0.046132 0.116739 -0.024802
v -0.047407 0.123739 -0.024408
v -0.047632 0.116739 -0.024400
v -0.047632 0.123739 -0.024400
v -0.048728 0.123739 -0.024607
v -0.049132 0.116739 -0.024802
v -0.049132 0.123739 -0.024802
v -0.049831 0.123739 -0.025359
v -0.050230 0.116739 -0.025900
v -0.050230 0.123739 -0.025900
v -0.050498 0.123739 -0.026515
v -0.050632 0.116739 -0.027400
v -0.050632 0.123739 -0.027400
v -0.050598 0.123739 -0.027847
v -0.050230 0.116739 -0.028900
v -0.050230 0.123739 -0.028900
v -0.050110 0.123739 -0.029090
v -0.049132 0.116739 -0.029998
v -0.049132 0.123739 -0.029998
v -0.038512 0.078300 0.019078
v -0.037747 0.078300 0.018535
v -0.041707 0.078300 0.014576
v -0.042250 0.078300 0.015341
v -0.042524 0.078300 0.016681
v -0.042131 0.078300 0.017992
v -0.041163 0.078300 0.018959
v -0.039853 0.078300 0.019353
v -0.019099 0.078300 0.038902
v -0.019256 0.078300 0.039827
v -0.013656 0.078300 0.039827
v -0.013813 0.078300 0.038902
v -0.014567 0.078300 0.037760
v -0.015772 0.078300 0.037112
v -0.017140 0.078300 0.037112
v -0.018345 0.078300 0.037760
v -0.038802 0.078300 -0.018998
v -0.039727 0.078300 -0.019155
v -0.039727 0.078300 -0.013555
v -0.038802 0.078300 -0.013712
v -0.037660 0.078300 -0.014466
v -0.037012 0.078300 -0.015671
v -0.037012 0.078300 -0.017040
v -0.037660 0.078300 -0.018244
v -0.018978 0.078300 -0.038412
v -0.018436 0.078300 -0.037647
v -0.014476 0.078300 -0.041607
v -0.015241 0.078300 -0.042149
v -0.016581 0.078300 -0.042424
v -0.017892 0.078300 -0.042030
v -0.018859 0.078300 -0.041063
v -0.019253 0.078300 -0.039752
v -0.013933 0.078300 -0.040842
v -0.017671 0.078300 -0.037104
v -0.016330 0.078300 -0.036830
v -0.015020 0.078300 -0.037223
v -0.013658 0.078300 -0.039501
v -0.014052 0.078300 -0.038191
v -0.040942 0.078300 0.014033
v -0.037205 0.078300 0.017770
v -0.036930 0.078300 0.016430
v -0.037324 0.078300 0.015119
v -0.038291 0.078300 0.014152
v -0.039602 0.078300 0.013758
v -0.040652 0.078300 -0.013712
v -0.040652 0.078300 -0.018998
v -0.041794 0.078300 -0.018244
v -0.042442 0.078300 -0.015671
v -0.042442 0.078300 -0.017040
v -0.041794 0.078300 -0.014466
v -0.013813 0.078300 0.040752
v -0.019099 0.078300 0.040752
v -0.018345 0.078300 0.041894
v -0.015772 0.078300 0.042542
v -0.017140 0.078300 0.042542
v -0.014567 0.078300 0.041894
v -0.045632 0.124739 -0.023936
v -0.045153 0.123739 -0.025710
v -0.044327 0.124739 -0.025146
v -0.044665 0.123739 -0.026953
v -0.043676 0.124739 -0.026803
v -0.044765 0.123739 -0.028284
v -0.043809 0.124739 -0.028579
v -0.045432 0.123739 -0.029440
v -0.044699 0.124739 -0.030120
v -0.046536 0.123739 -0.030192
v -0.046170 0.124739 -0.031123
v -0.047856 0.123739 -0.030391
v -0.047930 0.124739 -0.031388
v -0.049632 0.124739 -0.030864
v 0.035633 0.083300 0.001055
v 0.035147 0.082800 0.001177
v 0.035838 0.083300 0.001601
v 0.035386 0.082800 0.001815
v 0.036307 0.083300 0.002337
v 0.035926 0.082800 0.002660
v 0.036585 0.083300 0.002633
v 0.036240 0.082800 0.002995
v 0.037660 0.083300 0.003334
v 0.037469 0.082800 0.003796
v 0.039000 0.083300 0.003600
v 0.039000 0.082800 0.004100
v 0.047739 0.083300 0.003600
v 0.047739 0.082800 0.004100
v 0.027500 0.113546 0.047732
v 0.026466 0.114739 0.045941
v 0.025792 0.114739 0.046567
v 0.025710 0.114739 0.046698
v 0.025456 0.114739 0.047424
v 0.025433 0.114739 0.047732
v 0.025525 0.114739 0.048341
v 0.025710 0.114739 0.048765
v 0.025985 0.114739 0.049137
v 0.026466 0.114739 0.049522
v 0.026745 0.114739 0.049656
v 0.027654 0.114739 0.049793
v 0.028533 0.114739 0.049522
v 0.027500 0.114739 0.049799
v -0.000000 0.083300 0.035600
v -0.000000 0.082800 0.035100
v -0.000504 0.082800 0.035132
v -0.001166 0.083300 0.035800
v -0.003999 0.082800 0.038987
v -0.004000 0.082800 0.039100
v -0.003500 0.083300 0.039100
v -0.001333 0.082800 0.035328
v -0.002274 0.082800 0.035809
v -0.002267 0.083300 0.036433
v -0.002590 0.082800 0.036052
v -0.003542 0.082800 0.037240
v -0.003499 0.083300 0.039001
v -0.003242 0.083300 0.037781
v -0.002543 0.083300 0.036695
v 0.003500 0.083300 -0.047639
v 0.004000 0.082800 -0.047639
v 0.003606 0.083300 -0.048194
v 0.004071 0.082800 -0.048009
v 0.003979 0.083300 -0.048738
v 0.004334 0.082800 -0.048385
v 0.004546 0.082944 -0.048689
v 0.004738 0.082800 -0.048604
v 0.005104 0.082800 -0.048633
v -0.047856 0.116739 -0.030391
v -0.046535 0.116739 -0.030192
v -0.045432 0.116739 -0.029440
v -0.044765 0.116739 -0.028284
v -0.044665 0.116739 -0.026953
v -0.045153 0.116739 -0.025710
v 0.028533 0.124740 -0.049321
v 0.029208 0.124740 -0.048696
v 0.029544 0.124740 -0.047839
v 0.029475 0.124740 -0.046922
v 0.029015 0.124740 -0.046125
v 0.028255 0.124740 -0.045607
v 0.027345 0.124740 -0.045470
v 0.026466 0.124740 -0.045741
v -0.028534 0.124739 -0.049321
v -0.027655 0.124739 -0.049592
v -0.026745 0.124739 -0.049455
v -0.025985 0.124739 -0.048937
v -0.025525 0.124739 -0.048140
v -0.025456 0.124739 -0.047223
v -0.025792 0.124739 -0.046367
v -0.026467 0.124739 -0.045741
v 0.025792 0.124740 -0.046367
v 0.025456 0.124740 -0.047223
v 0.025525 0.124740 -0.048140
v 0.025985 0.124740 -0.048937
v 0.026745 0.124740 -0.049455
v 0.027654 0.124740 -0.049592
v 0.048109 0.082800 0.004171
v 0.048485 0.082800 0.004435
v 0.048704 0.082800 0.004839
v 0.048733 0.082800 0.005204
v 0.052933 0.124740 0.000100
v 0.053210 0.124740 -0.000933
v 0.053210 0.114740 -0.000933
v 0.053966 0.124740 -0.001690
v 0.053966 0.114740 -0.001690
v 0.055000 0.124740 -0.001967
v 0.055000 0.114740 -0.001967
v 0.056033 0.124740 -0.001690
v 0.056033 0.114740 -0.001690
v 0.056790 0.124740 -0.000933
v 0.056790 0.114740 -0.000933
v 0.057067 0.124740 0.000100
v 0.038219 0.082800 0.004023
v 0.047739 0.082800 -0.003900
v 0.048109 0.082800 -0.003971
v 0.048485 0.082800 -0.004234
v 0.048704 0.082800 -0.004638
v 0.048733 0.082800 -0.005004
v 0.004000 0.082800 -0.038900
v 0.001134 0.082800 -0.035064
v 0.000503 0.082800 -0.034932
v -0.000000 0.082800 -0.034900
v 0.002274 0.082800 -0.035609
v 0.002432 0.082800 -0.035724
v 0.003541 0.082800 -0.037040
v 0.003731 0.082800 -0.037457
v 0.026466 0.124739 0.045942
v 0.027500 0.114739 0.045665
v 0.027345 0.124739 0.045670
v 0.028255 0.114739 0.045807
v 0.028255 0.124739 0.045807
v 0.028533 0.114739 0.045941
v 0.029015 0.124739 0.046326
v 0.029015 0.114739 0.046326
v 0.029290 0.114739 0.046698
v 0.029475 0.124739 0.047122
v 0.029475 0.114739 0.047122
v 0.029567 0.114739 0.047732
v 0.029544 0.124739 0.048040
v 0.029544 0.114739 0.048040
v 0.029290 0.114739 0.048765
v 0.029208 0.124739 0.048896
v 0.028533 0.124739 0.049522
v -0.001531 0.082800 -0.035204
v -0.000781 0.082800 -0.034977
v -0.003853 0.082800 -0.037823
v -0.004000 0.082800 -0.038900
v -0.003853 0.078300 -0.037823
v -0.004000 0.078300 -0.038900
v -0.002761 0.082800 -0.036005
v -0.003074 0.078300 -0.036340
v -0.003074 0.082800 -0.036340
v -0.003614 0.082800 -0.037186
v 0.047739 0.083300 -0.003400
v 0.044631 0.123740 -0.027400
v 0.043631 0.124740 -0.027400
v 0.045033 0.123740 -0.025900
v 0.044167 0.124740 -0.025400
v 0.046131 0.123740 -0.024802
v 0.045631 0.124740 -0.023936
v 0.047631 0.123740 -0.024400
v 0.047631 0.124740 -0.023400
v 0.049131 0.123740 -0.024802
v 0.049631 0.124740 -0.023936
v 0.050229 0.123740 -0.025900
v 0.051095 0.124740 -0.025400
v 0.050631 0.123740 -0.027400
v 0.051631 0.124740 -0.027400
v 0.003500 0.083300 -0.038900
v -0.000000 0.083300 -0.035400
v 0.000993 0.083300 -0.035544
v 0.002128 0.083300 -0.036121
v 0.002582 0.083300 -0.036538
v 0.003264 0.083300 -0.037638
v 0.045033 0.123740 -0.028900
v 0.046131 0.123740 -0.029998
v 0.047631 0.123740 -0.030400
v 0.049131 0.123740 -0.029998
v 0.050229 0.123740 -0.028900
v 0.027500 0.124739 0.049799
v 0.026466 0.124739 0.049522
v 0.025710 0.124739 0.048765
v 0.025433 0.124739 0.047732
v 0.025710 0.124739 0.046698
v 0.051095 0.124740 -0.029400
v 0.049631 0.124740 -0.030864
v 0.047631 0.124740 -0.031400
v 0.045631 0.124740 -0.030864
v 0.044167 0.124740 -0.029400
v 0.048758 0.082829 -0.004761
v 0.048838 0.083300 -0.003879
v 0.048294 0.083300 -0.003506
v -0.052933 0.124739 0.000100
v -0.053210 0.124739 0.001134
v -0.053967 0.124739 0.001890
v -0.055000 0.124739 0.002167
v -0.056034 0.124739 0.001890
v -0.056790 0.124739 0.001134
v -0.057067 0.124739 0.000100
v -0.028534 0.124739 0.049522
v -0.029208 0.124739 0.048896
v -0.029544 0.124739 0.048040
v -0.029475 0.124739 0.047122
v -0.029015 0.124739 0.046326
v -0.028255 0.124739 0.045807
v -0.027346 0.124739 0.045670
v -0.026467 0.124739 0.045942
v -0.027500 0.124739 -0.045464
v -0.028534 0.124739 -0.045741
v -0.029290 0.124739 -0.046498
v -0.029567 0.124739 -0.047531
v -0.029290 0.124739 -0.048565
v -0.056790 0.124739 -0.000933
v -0.056034 0.124739 -0.001690
v -0.055000 0.124739 -0.001967
v -0.053967 0.124739 -0.001690
v -0.053210 0.124739 -0.000933
v 0.048294 0.083300 0.003707
v 0.048838 0.083300 0.004080
v 0.048788 0.082944 0.004646
v 0.056790 0.124740 0.001134
v 0.056033 0.124740 0.001890
v 0.055000 0.124740 0.002167
v 0.053966 0.124740 0.001890
v 0.053210 0.124740 0.001134
v 0.048985 0.083300 0.001315
v 0.049000 0.083300 0.000100
v 0.048985 0.083300 -0.001115
v -0.047333 0.124739 -0.023411
v -0.049093 0.124739 -0.023676
v -0.050564 0.124739 -0.024679
v -0.051454 0.124739 -0.026221
v -0.051587 0.124739 -0.027996
v -0.050936 0.124739 -0.029653
v -0.025710 0.124739 0.046698
v -0.025433 0.124739 0.047732
v -0.025710 0.124739 0.048765
v -0.026467 0.124739 0.049522
v -0.027500 0.124739 0.049799
v -0.039000 0.078300 0.004100
v -0.039000 0.082800 0.004100
v -0.047739 0.078300 0.004100
v -0.047739 0.082800 0.004100
v -0.047739 0.083300 0.003600
v -0.039000 0.083300 0.003600
v -0.035002 0.082800 0.000213
v -0.035000 0.082800 0.000100
v -0.035500 0.083300 0.000100
v -0.038497 0.082800 0.004068
v -0.037834 0.083300 0.003400
v -0.037668 0.082800 0.003872
v -0.036726 0.082800 0.003391
v -0.036734 0.083300 0.002767
v -0.036410 0.082800 0.003148
v -0.035459 0.082800 0.001960
v -0.035502 0.083300 0.000199
v -0.035758 0.083300 0.001419
v -0.036458 0.083300 0.002505
v -0.036726 0.078300 0.003391
v -0.038497 0.078300 0.004068
v -0.035459 0.078300 0.001960
v -0.035000 0.078300 0.000100
v -0.035910 0.078300 -0.002440
v -0.035148 0.078300 -0.000976
v -0.035927 0.082800 -0.002460
v -0.035369 0.082800 -0.001577
v -0.035148 0.082800 -0.000976
v -0.035927 0.078300 -0.002460
v -0.037392 0.082800 -0.003562
v -0.037470 0.078300 -0.003595
v -0.037470 0.082800 -0.003595
v -0.037661 0.083300 -0.003134
v -0.037593 0.083300 -0.003104
v -0.036558 0.083300 -0.002407
v -0.035823 0.083300 -0.001367
v -0.035511 0.083300 -0.000172
v -0.038220 0.082800 -0.003823
v -0.038220 0.078300 -0.003823
v -0.039000 0.078300 -0.003900
v -0.047739 0.078300 -0.003900
v -0.048702 0.078300 -0.004631
v -0.048734 0.078300 -0.005004
v -0.048734 0.082800 -0.005004
v -0.048109 0.082800 -0.003971
v -0.048107 0.078300 -0.003970
v -0.048482 0.078300 -0.004231
v -0.048486 0.082800 -0.004234
v -0.048704 0.082800 -0.004638
v -0.048294 0.083300 -0.003507
v -0.048838 0.083300 -0.003879
v -0.048789 0.082944 -0.004446
v -0.048985 0.083300 -0.001115
v -0.048294 0.083300 0.003707
v -0.049000 0.083300 0.000100
v -0.048985 0.083300 0.001315
v -0.048839 0.083300 0.004079
v -0.048486 0.082800 0.004434
v -0.048109 0.082800 0.004171
v -0.048704 0.082800 0.004838
v -0.048758 0.082828 0.004961
v -0.048734 0.082800 0.005204
v -0.048107 0.078300 0.004170
v -0.048734 0.078300 0.005204
v -0.048482 0.078300 0.004431
v -0.048702 0.078300 0.004831
v -0.013204 0.078300 0.047288
v -0.005105 0.078300 0.048834
v -0.004691 0.078300 0.048790
v -0.004331 0.078300 0.048582
v -0.021521 0.078300 0.044121
v -0.029129 0.078300 0.039502
v -0.045348 0.078300 0.018664
v -0.041242 0.078300 0.026560
v -0.004087 0.078300 0.048246
v -0.004000 0.078300 0.047839
v -0.004000 0.078300 0.039100
v -0.003542 0.078300 0.037240
v -0.035775 0.078300 0.033584
v -0.047957 0.078300 0.010156
v -0.004000 0.082800 0.047839
v -0.004071 0.082800 0.048209
v -0.004335 0.082800 0.048585
v -0.004739 0.082800 0.048804
v -0.005105 0.082800 0.048834
v -0.002274 0.078300 0.035809
v -0.000504 0.078300 0.035132
v -0.000000 0.078300 0.035100
v 0.001530 0.078300 0.035405
v 0.000780 0.078300 0.035177
v 0.001530 0.082800 0.035405
v 0.000780 0.082800 0.035177
v 0.001339 0.083300 0.035867
v 0.001407 0.083300 0.035896
v 0.001608 0.082800 0.035438
v 0.002442 0.083300 0.036593
v 0.003073 0.082800 0.036540
v 0.003177 0.083300 0.037633
v 0.003631 0.082800 0.037423
v 0.003489 0.083300 0.038828
v 0.003852 0.082800 0.038024
v 0.003500 0.083300 0.039100
v 0.004000 0.082800 0.039100
v 0.004000 0.082800 0.047839
v 0.004071 0.082800 0.048209
v 0.004334 0.082800 0.048585
v 0.004738 0.082800 0.048804
v 0.005104 0.082800 0.048834
v 0.003979 0.083300 0.048938
v 0.004427 0.083006 0.048900
v 0.004861 0.082828 0.048858
v 0.003500 0.083300 0.047839
v 0.003606 0.083300 0.048394
v -0.003607 0.083300 0.048394
v -0.003980 0.083300 0.048938
v -0.003500 0.083300 0.047839
v -0.004546 0.082944 0.048889
v -0.049000 0.124239 0.000100
v -0.047958 0.124239 0.010156
v -0.048166 0.124239 0.009104
v -0.048985 0.124239 0.001315
v -0.004522 0.124239 0.048891
v -0.013410 0.124239 0.047230
v 0.004521 0.124239 0.048891
v 0.013409 0.124239 0.047230
v 0.047957 0.124240 0.010156
v 0.048165 0.124240 0.009104
v 0.048984 0.124240 0.001315
v 0.049000 0.124240 0.000100
v -0.045692 0.124239 0.017801
v -0.045348 0.124239 0.018664
v -0.041661 0.124239 0.025895
v -0.041242 0.124239 0.026561
v -0.036212 0.124239 0.033111
v -0.035775 0.124239 0.033584
v -0.029530 0.124239 0.039203
v -0.029129 0.124239 0.039502
v -0.021842 0.124239 0.043963
v 0.021841 0.124239 0.043963
v 0.029128 0.124239 0.039503
v 0.029529 0.124239 0.039203
v 0.035774 0.124239 0.033584
v 0.036211 0.124239 0.033111
v 0.041241 0.124239 0.026561
v 0.041660 0.124239 0.025895
v 0.045691 0.124240 0.017801
v 0.045347 0.124240 0.018664
v 0.049500 0.124739 0.000100
v 0.048657 0.124739 0.009196
v 0.046157 0.124739 0.017982
v 0.042085 0.124739 0.026159
v 0.036601 0.124739 0.033426
v 0.036580 0.124739 0.033448
v 0.029830 0.124739 0.039602
v 0.022064 0.124739 0.044411
v 0.013546 0.124739 0.047711
v 0.004567 0.124739 0.049389
v -0.004568 0.124739 0.049389
v -0.013547 0.124739 0.047711
v -0.022065 0.124739 0.044411
v -0.029831 0.124739 0.039602
v -0.036581 0.124739 0.033448
v -0.036602 0.124739 0.033426
v -0.042086 0.124739 0.026158
v -0.046158 0.124739 0.017982
v -0.048658 0.124739 0.009196
v -0.049500 0.124739 0.000100
v -0.048985 0.124239 -0.001115
v -0.048658 0.124739 -0.008996
v -0.048166 0.124239 -0.008904
v -0.047958 0.124239 -0.009955
v -0.046158 0.124739 -0.017781
v -0.045692 0.124239 -0.017601
v -0.045348 0.124239 -0.018464
v -0.042086 0.124739 -0.025958
v -0.041661 0.124239 -0.025695
v -0.041242 0.124239 -0.026360
v -0.036581 0.124739 -0.033248
v -0.036212 0.124239 -0.032911
v -0.035775 0.124239 -0.033384
v -0.029831 0.124739 -0.039402
v -0.029529 0.124239 -0.039003
v -0.029129 0.124239 -0.039302
v -0.022064 0.124739 -0.044210
v -0.021842 0.124239 -0.043763
v -0.013547 0.124739 -0.047510
v -0.013410 0.124239 -0.047029
v -0.004568 0.124740 -0.049189
v -0.004521 0.124239 -0.048691
v 0.004567 0.124740 -0.049189
v 0.004521 0.124239 -0.048691
v 0.013546 0.124740 -0.047510
v 0.013409 0.124240 -0.047029
v 0.022064 0.124740 -0.044210
v 0.021841 0.124240 -0.043763
v 0.029830 0.124740 -0.039402
v 0.029128 0.124240 -0.039302
v 0.029529 0.124240 -0.039003
v 0.036581 0.124740 -0.033248
v 0.035775 0.124240 -0.033383
v 0.036211 0.124240 -0.032911
v 0.042085 0.124740 -0.025958
v 0.041241 0.124240 -0.026360
v 0.041660 0.124240 -0.025695
v 0.046157 0.124740 -0.017781
v 0.045347 0.124240 -0.018464
v 0.045691 0.124240 -0.017601
v 0.048657 0.124740 -0.008995
v 0.047957 0.124240 -0.009955
v 0.048165 0.124240 -0.008903
v 0.048984 0.124240 -0.001115
v -0.047957 0.078300 -0.009956
v -0.004427 0.083006 -0.048700
v -0.003980 0.083300 -0.048738
v -0.013203 0.078300 -0.047088
v -0.005104 0.078300 -0.048633
v -0.005104 0.082800 -0.048633
v -0.004861 0.082828 -0.048658
v -0.021521 0.078300 -0.043921
v -0.029128 0.078300 -0.039302
v -0.035775 0.078300 -0.033384
v -0.041242 0.078300 -0.026360
v -0.045348 0.078300 -0.018464
v -0.004070 0.078300 -0.048007
v -0.004000 0.078300 -0.047639
v -0.004000 0.082800 -0.047639
v -0.004739 0.082800 -0.048604
v -0.004071 0.082800 -0.048009
v -0.004335 0.082800 -0.048385
v -0.004331 0.078300 -0.048382
v -0.004731 0.078300 -0.048602
v -0.003500 0.083300 -0.047639
v -0.003607 0.083300 -0.048194
v -0.003487 0.083300 -0.038593
v -0.003500 0.083300 -0.038900
v -0.002416 0.083300 -0.036367
v -0.001340 0.083300 -0.035666
v -0.003162 0.083300 -0.037400
v -0.035213 0.078300 -0.007385
v -0.032888 0.078300 -0.014542
v -0.029125 0.078300 -0.021060
v -0.024089 0.078300 -0.026653
v -0.018000 0.078300 -0.031077
v -0.011125 0.078300 -0.034138
v -0.003763 0.078300 -0.035703
v -0.035830 0.075000 -0.003396
v -0.035213 0.075000 -0.007385
v -0.034285 0.075000 -0.010878
v -0.032888 0.075000 -0.014542
v -0.031196 0.075000 -0.017867
v -0.029125 0.075000 -0.021060
v -0.026702 0.075000 -0.024045
v -0.024089 0.075000 -0.026653
v -0.021005 0.075000 -0.029137
v -0.018000 0.075000 -0.031077
v -0.014362 0.075000 -0.032911
v -0.011125 0.075000 -0.034138
v -0.007072 0.075000 -0.035198
v -0.003763 0.075000 -0.035703
v 0.003763 0.075000 -0.035703
v 0.000537 0.075000 -0.035896
v 0.008121 0.075000 -0.034972
v 0.011125 0.075000 -0.034138
v 0.015340 0.075000 -0.032468
v 0.018000 0.075000 -0.031077
v 0.021867 0.075000 -0.028497
v 0.024089 0.075000 -0.026653
v 0.027410 0.075000 -0.023238
v 0.029125 0.075000 -0.021060
v 0.031718 0.075000 -0.016928
v 0.032888 0.075000 -0.014542
v 0.034597 0.075000 -0.009851
v 0.035213 0.075000 -0.007385
v 0.035918 0.075000 -0.002326
v 0.035986 0.075000 -0.000900
v 0.036227 0.074751 -0.001149
v -0.056000 0.112739 0.000100
v -0.055994 0.112739 -0.000780
v -0.055008 0.112739 -0.010393
v -0.052385 0.112739 -0.019695
v -0.048202 0.112739 -0.028406
v -0.042583 0.112739 -0.036269
v -0.035696 0.112739 -0.043049
v -0.027746 0.112739 -0.048543
v -0.018970 0.112739 -0.052589
v -0.009628 0.112739 -0.055066
v -0.000000 0.112739 -0.055900
v 0.009628 0.112740 -0.055066
v 0.018969 0.112740 -0.052589
v 0.027745 0.112740 -0.048543
v 0.035695 0.112740 -0.043049
v 0.042582 0.112740 -0.036269
v 0.048201 0.112740 -0.028406
v 0.052384 0.112740 -0.019694
v 0.055008 0.112740 -0.010393
v 0.055993 0.112740 -0.000779
v 0.056000 0.112740 0.000100
v 0.055993 0.112740 0.000980
v 0.055008 0.112740 0.010594
v 0.052384 0.112739 0.019895
v 0.048201 0.112739 0.028607
v 0.042582 0.112739 0.036469
v 0.035695 0.112739 0.043249
v 0.027745 0.112739 0.048744
v 0.018969 0.112739 0.052790
v 0.009627 0.112739 0.055266
v -0.000001 0.112739 0.056100
v -0.009629 0.112739 0.055266
v -0.018970 0.112739 0.052789
v -0.027746 0.112739 0.048743
v -0.035696 0.112739 0.043249
v -0.042583 0.112739 0.036469
v -0.048202 0.112739 0.028606
v -0.052385 0.112739 0.019895
v -0.055009 0.112739 0.010593
v -0.055994 0.112739 0.000980
v -0.061788 0.112739 -0.005020
v -0.061788 0.112739 0.005220
v -0.060103 0.112739 0.015320
v -0.056778 0.112739 0.025005
v -0.051905 0.112739 0.034011
v -0.045615 0.112739 0.042092
v -0.038081 0.112739 0.049027
v -0.029509 0.112739 0.054628
v -0.020132 0.112739 0.058741
v -0.010205 0.112739 0.061255
v -0.000000 0.112739 0.062100
v 0.010205 0.112739 0.061255
v 0.020131 0.112739 0.058741
v 0.029509 0.112739 0.054628
v 0.038081 0.112739 0.049027
v 0.045615 0.112739 0.042092
v 0.051904 0.112739 0.034011
v 0.056778 0.112739 0.025005
v 0.060103 0.112740 0.015320
v 0.061788 0.112740 0.005220
v 0.061788 0.112740 -0.005020
v 0.060103 0.112740 -0.015120
v 0.056778 0.112740 -0.024805
v 0.051904 0.112740 -0.033811
v 0.045615 0.112740 -0.041891
v 0.038081 0.112740 -0.048827
v 0.029509 0.112740 -0.054427
v 0.020131 0.112740 -0.058541
v 0.010205 0.112740 -0.061054
v -0.000000 0.112740 -0.061900
v -0.010205 0.112739 -0.061054
v -0.020132 0.112739 -0.058541
v -0.029509 0.112739 -0.054427
v -0.038081 0.112739 -0.048827
v -0.045615 0.112739 -0.041891
v -0.051905 0.112739 -0.033811
v -0.056778 0.112739 -0.024805
v -0.060103 0.112739 -0.015120
v -0.000000 0.113740 -0.062900
v 0.010369 0.113740 -0.062041
v 0.020456 0.113740 -0.059486
v 0.029984 0.113740 -0.055307
v 0.038695 0.113740 -0.049616
v 0.046350 0.113740 -0.042569
v 0.052741 0.113740 -0.034358
v 0.057694 0.113740 -0.025207
v 0.061072 0.113740 -0.015365
v 0.062785 0.113740 -0.005102
v 0.062785 0.113740 0.005303
v 0.061072 0.113740 0.015566
v 0.057693 0.113740 0.025407
v 0.052741 0.113740 0.034558
v 0.046350 0.113740 0.042769
v 0.038695 0.113739 0.049816
v 0.029984 0.113739 0.055507
v 0.020456 0.113739 0.059687
v 0.010369 0.113739 0.062241
v -0.000000 0.113739 0.063100
v -0.010370 0.113739 0.062241
v -0.020456 0.113739 0.059687
v -0.029985 0.113739 0.055507
v -0.038696 0.113739 0.049816
v -0.046351 0.113739 0.042769
v -0.052742 0.113739 0.034558
v -0.057694 0.113739 0.025407
v -0.061072 0.113739 0.015566
v -0.062785 0.113739 0.005303
v -0.062785 0.113739 -0.005102
v -0.061072 0.113739 -0.015365
v -0.057694 0.113739 -0.025207
v -0.052742 0.113739 -0.034358
v -0.046351 0.113739 -0.042569
v -0.038696 0.113739 -0.049616
v -0.029985 0.113739 -0.055307
v -0.020456 0.113740 -0.059486
v -0.010370 0.113740 -0.062041
v -0.000000 0.123739 0.063100
v -0.010370 0.123739 0.062241
v -0.020456 0.123739 0.059687
v -0.029985 0.123739 0.055507
v -0.038696 0.123739 0.049816
v -0.046351 0.123739 0.042769
v -0.052742 0.123739 0.034558
v -0.057694 0.123739 0.025407
v -0.061072 0.123739 0.015566
v -0.062785 0.123739 0.005303
v -0.062785 0.123739 -0.005102
v -0.061072 0.123739 -0.015365
v -0.057694 0.123739 -0.025207
v -0.052742 0.123739 -0.034358
v -0.046351 0.123739 -0.042569
v -0.038696 0.123739 -0.049616
v -0.029985 0.123740 -0.055307
v -0.020456 0.123740 -0.059486
v -0.010370 0.123740 -0.062041
v -0.000000 0.123740 -0.062900
v 0.010369 0.123740 -0.062041
v 0.020456 0.123740 -0.059486
v 0.029984 0.123740 -0.055307
v 0.038695 0.123740 -0.049616
v 0.046350 0.123740 -0.042569
v 0.052741 0.123740 -0.034358
v 0.057693 0.123740 -0.025207
v 0.061072 0.123740 -0.015365
v 0.062785 0.123740 -0.005102
v 0.062785 0.123740 0.005303
v 0.061072 0.123740 0.015566
v 0.057693 0.123740 0.025407
v 0.052741 0.123740 0.034558
v 0.046350 0.123740 0.042769
v 0.038695 0.123739 0.049816
v 0.029984 0.123739 0.055507
v 0.020456 0.123739 0.059687
v 0.010369 0.123739 0.062241
v 0.061788 0.124740 -0.005020
v 0.061788 0.124740 0.005220
v 0.060103 0.124740 0.015320
v 0.056778 0.124740 0.025005
v 0.051904 0.124739 0.034011
v 0.045615 0.124739 0.042092
v 0.038081 0.124739 0.049027
v 0.029508 0.124739 0.054628
v 0.020131 0.124739 0.058741
v 0.010205 0.124739 0.061255
v -0.000000 0.124739 0.062100
v 0.056778 0.124740 -0.024805
v 0.059647 0.124740 -0.016817
v 0.060103 0.124740 -0.015120
v 0.051904 0.124740 -0.033811
v 0.045615 0.124740 -0.041891
v 0.038081 0.124740 -0.048827
v 0.029509 0.124740 -0.054427
v 0.020131 0.124740 -0.058540
v 0.010205 0.124740 -0.061054
v -0.000000 0.124740 -0.061900
v -0.010205 0.124739 -0.061054
v -0.020132 0.124739 -0.058540
v -0.029509 0.124739 -0.054427
v -0.038081 0.124739 -0.048827
v -0.045615 0.124739 -0.041891
v -0.051905 0.124739 -0.033811
v -0.056778 0.124739 -0.024805
v -0.060103 0.124739 -0.015120
v -0.061788 0.124739 -0.005020
v -0.061788 0.124739 0.005220
v -0.060103 0.124739 0.015320
v -0.056778 0.124739 0.025005
v -0.051905 0.124739 0.034011
v -0.045615 0.124739 0.042092
v -0.038081 0.124739 0.049027
v -0.029509 0.124739 0.054628
v -0.020132 0.124739 0.058741
v -0.010205 0.124739 0.061255
v 0.052282 0.124740 -0.012683
v 0.050565 0.124740 -0.012683
v 0.050565 0.124739 0.023916
v -0.036599 0.124739 -0.038432
v 0.014716 0.124740 -0.049499
v 0.036599 0.124740 -0.038432
v 0.036599 0.124739 0.049699
v -0.014717 0.124739 0.049699
v -0.052282 0.124739 -0.012683
v -0.052282 0.124739 0.023916
v -0.036599 0.124739 0.049699
v 0.052282 0.124739 0.023916
v 0.052282 0.124740 -0.023400
v 0.036599 0.124740 -0.049499
v -0.014717 0.124739 -0.049499
v 0.050565 0.124740 -0.023400
v 0.059533 0.124740 -0.012683
v 0.003955 0.124739 0.054504
v 0.003822 0.124739 0.056279
v 0.002932 0.124739 0.057821
v -0.003305 0.124739 0.057353
v 0.001461 0.124739 0.058824
v -0.000299 0.124739 0.059089
v -0.002000 0.124739 0.058564
v -0.003955 0.124739 0.055696
v -0.003822 0.124739 0.053921
v -0.002932 0.124739 0.052379
v -0.001462 0.124739 0.051377
v 0.000299 0.124739 0.051111
v 0.014716 0.124739 0.049699
v 0.002000 0.124739 0.051636
v 0.003305 0.124739 0.052847
v -0.052282 0.124739 -0.023400
v -0.036599 0.124739 -0.049499
v -0.050566 0.124739 0.023916
v -0.050566 0.124739 -0.012683
v -0.050566 0.124739 -0.023400
v 0.001500 0.123739 0.052502
v 0.000224 0.123739 0.052108
v -0.001096 0.123739 0.052307
v -0.002199 0.123739 0.053059
v -0.002867 0.123739 0.054216
v -0.002967 0.123739 0.055547
v -0.002479 0.123739 0.056790
v -0.001500 0.123739 0.057698
v -0.000224 0.123739 0.058092
v 0.001096 0.123739 0.057893
v 0.002199 0.123739 0.057141
v 0.002867 0.123739 0.055984
v 0.002966 0.123739 0.054653
v 0.002479 0.123739 0.053410
v 0.001500 0.116739 0.052502
v 0.002479 0.116739 0.053410
v 0.002966 0.116739 0.054653
v 0.002867 0.116739 0.055984
v 0.002199 0.116739 0.057141
v 0.001096 0.116739 0.057893
v -0.000224 0.116739 0.058092
v -0.001500 0.116739 0.057698
v -0.002479 0.116739 0.056790
v -0.002967 0.116739 0.055547
v -0.002867 0.116739 0.054216
v -0.002199 0.116739 0.053059
v -0.001096 0.116739 0.052307
v 0.000224 0.116739 0.052108
vn -0.0000 -0.0000 -1.0000
vn -0.9808 -0.1951 -0.0000
vn -0.9858 -0.1675 0.0094
vn -0.8345 -0.5509 -0.0104
vn -0.4738 -0.8804 -0.0221
vn -0.5554 -0.8316 0.0067
vn -0.8316 -0.5553 -0.0085
vn -0.0000 -0.9996 -0.0268
vn -0.1230 -0.9924 -0.0000
vn -0.3145 -0.9493 -0.0000
vn 0.5564 -0.8302 -0.0342
vn 0.3145 -0.9493 -0.0000
vn 0.1230 -0.9924 -0.0000
vn 0.4739 -0.8805 0.0103
vn 0.8345 -0.5509 -0.0087
vn 0.8292 -0.5589 -0.0124
vn 0.9858 -0.1675 0.0111
vn 0.9799 -0.1995 -0.0000
vn 0.9808 0.1951 -0.0000
vn 0.9858 0.1675 0.0094
vn 0.8345 0.5509 -0.0104
vn 0.4737 0.8804 -0.0222
vn 0.5554 0.8316 0.0067
vn 0.8316 0.5553 -0.0085
vn -0.0000 0.9996 -0.0268
vn 0.1231 0.9924 -0.0000
vn 0.3144 0.9493 -0.0000
vn -0.5565 0.8302 -0.0342
vn -0.3143 0.9493 -0.0000
vn -0.1231 0.9924 -0.0000
vn -0.4738 0.8806 0.0103
vn -0.8346 0.5509 -0.0086
vn -0.8292 0.5589 -0.0124
vn -0.9858 0.1675 0.0111
vn -0.9799 0.1995 -0.0000
vn 0.4848 0.7062 -0.5160
vn 0.3818 0.7048 -0.5979
vn 0.2372 0.7048 -0.6686
vn 0.0804 0.7048 -0.7048
vn -0.0804 0.7048 -0.7048
vn -0.0805 0.7048 -0.7048
vn -0.2372 0.7048 -0.6686
vn -0.3818 0.7048 -0.5979
vn -0.4848 0.7062 -0.5160
vn -0.9859 0.1675 -0.0000
vn -0.8346 0.5509 -0.0000
vn -0.4739 0.8806 -0.0000
vn -0.0000 1.0000 -0.0000
vn 0.4739 0.8806 -0.0000
vn 0.8346 0.5509 -0.0000
vn 0.9859 0.1675 -0.0000
vn -0.9859 -0.1675 -0.0000
vn 0.9859 -0.1675 -0.0000
vn 0.8346 -0.5509 -0.0000
vn 0.4739 -0.8806 -0.0000
vn -0.0000 -1.0000 -0.0000
vn -0.4739 -0.8806 -0.0000
vn -0.6910 -0.7228 -0.0000
vn -0.8346 -0.5509 0.0028
vn -0.8467 -0.5320 -0.0000
vn -0.1675 -0.9859 -0.0000
vn -0.5509 -0.8346 -0.0000
vn -0.8806 -0.4739 -0.0000
vn -1.0000 -0.0000 -0.0000
vn -0.8806 0.4739 -0.0000
vn -0.5509 0.8346 -0.0000
vn -0.1675 0.9859 -0.0000
vn 0.1675 -0.9859 -0.0000
vn 0.1675 0.9859 -0.0000
vn 0.5509 0.8346 -0.0000
vn 0.8806 0.4739 -0.0000
vn 1.0000 -0.0000 -0.0000
vn 0.8806 -0.4739 -0.0000
vn 0.7228 -0.6910 -0.0000
vn 0.5509 -0.8346 0.0028
vn 0.5320 -0.8467 -0.0000
vn -0.8346 -0.5509 -0.0000
vn 0.6912 0.7227 -0.0000
vn 0.8346 0.5509 0.0028
vn 0.8467 0.5320 -0.0000
vn 0.5509 -0.8346 -0.0000
vn -0.7227 0.6912 -0.0000
vn -0.5509 0.8346 0.0028
vn -0.5320 0.8467 -0.0000
vn -0.0000 -0.0000 1.0000
vn 0.4152 0.6994 -0.5817
vn 0.4152 0.6995 -0.5817
vn 0.1466 0.6995 -0.6995
vn 0.1466 0.6994 -0.6995
vn -0.0908 0.0642 -0.9938
vn -0.0632 0.1084 -0.9921
vn -0.1134 0.0194 -0.9934
vn -0.0109 -0.0000 -0.9999
vn -0.1856 0.0207 -0.9824
vn -0.1416 -0.0113 -0.9899
vn -0.1193 -0.0318 -0.9924
vn -0.0919 -0.0660 -0.9936
vn -0.1134 -0.0292 -0.9931
vn -0.0287 -0.0036 -0.9996
vn 0.1190 -0.0321 -0.9924
vn 0.0109 -0.0000 -0.9999
vn 0.1134 -0.0206 -0.9933
vn 0.0646 -0.1125 -0.9916
vn 0.0920 -0.0660 -0.9936
vn 0.1412 0.0112 -0.9899
vn 0.1184 0.0313 -0.9925
vn 0.0908 0.0643 -0.9938
vn 0.1134 0.0276 -0.9932
vn 0.0287 0.0034 -0.9996
vn 0.1413 -0.0116 -0.9899
vn 0.1572 -0.0000 -0.9876
vn 0.3344 -0.0000 -0.9424
vn 0.5382 -0.0000 -0.8428
vn 0.6847 -0.0000 -0.7288
vn 0.6818 -0.0015 -0.7316
vn 0.7329 -0.0000 -0.6804
vn -0.1182 0.0315 -0.9925
vn -0.1537 -0.0000 -0.9881
vn -0.3344 -0.0000 -0.9424
vn -0.5382 -0.0000 -0.8428
vn -0.6818 -0.0000 -0.7316
vn -0.6847 -0.0014 -0.7288
vn -0.7329 -0.0000 -0.6804
vn -0.1466 0.6994 -0.6995
vn -0.4152 0.6995 -0.5817
vn -0.4152 0.6994 -0.5817
vn -0.0000 1.0000 -0.0001
vn -0.0001 1.0000 -0.0001
vn 0.4156 0.8103 -0.4131
vn -0.4155 0.8103 -0.4132
vn -0.0763 0.9966 0.0325
vn -0.0000 0.9972 0.0750
vn 0.7110 0.7032 -0.0000
vn 0.6025 0.7982 -0.0000
vn 0.4725 0.8781 0.0753
vn 0.3972 0.9177 0.0070
vn 0.1216 0.9926 -0.0062
vn 0.8305 0.5545 0.0534
vn 0.8331 0.5499 0.0594
vn 0.9557 0.2932 -0.0279
vn 0.9850 0.1673 0.0430
vn 0.9969 0.0784 -0.0000
vn -0.9897 0.1428 -0.0000
vn -0.9857 0.1675 0.0212
vn -0.9091 0.4163 -0.0174
vn -0.8315 0.5489 0.0857
vn -0.7635 0.6458 -0.0000
vn -0.1883 0.9821 -0.0000
vn -0.3270 0.9450 -0.0000
vn -0.4727 0.8784 0.0706
vn -0.5337 0.8456 0.0139
vn -0.6627 0.7489 -0.0000
vn -0.7258 -0.6879 -0.0000
vn 0.0564 -0.9977 0.0376
vn -0.0000 -0.9972 0.0750
vn -0.6194 -0.7851 -0.0000
vn -0.4312 -0.8984 0.0832
vn -0.4736 -0.8801 0.0334
vn -0.2740 -0.9617 -0.0000
vn -0.1338 -0.9910 -0.0000
vn -0.8509 -0.5187 0.0833
vn -0.8340 -0.5505 0.0384
vn -0.9678 -0.2507 -0.0204
vn -0.9852 -0.1674 0.0375
vn -0.9985 -0.0551 -0.0000
vn 0.9898 -0.1428 -0.0000
vn 0.9856 -0.1675 0.0216
vn 0.9091 -0.4163 -0.0178
vn 0.8314 -0.5488 0.0869
vn 0.7634 -0.6459 -0.0000
vn 0.1899 -0.9818 -0.0000
vn 0.3269 -0.9451 -0.0000
vn 0.4727 -0.8784 0.0710
vn 0.5334 -0.8458 0.0142
vn 0.6626 -0.7490 -0.0000
vn 0.4792 0.7051 0.5226
vn 0.5693 0.6870 0.4515
vn 0.5503 0.7068 0.4445
vn 0.5179 0.7070 0.4816
vn 0.3844 0.8104 0.4421
vn 0.1706 0.8066 0.5659
vn 0.2747 0.7070 0.6517
vn 0.3585 0.7051 0.6118
vn 0.2843 0.8085 0.5152
vn 0.4053 0.7070 0.5796
vn 0.2217 0.7051 0.6735
vn 0.0750 0.7051 0.7051
vn -0.0750 0.7051 0.7051
vn -0.2037 0.7060 0.6783
vn -0.1918 0.7898 0.5826
vn -0.2739 0.7070 0.6520
vn -0.3411 0.7060 0.6207
vn -0.3087 0.7919 0.5268
vn -0.4043 0.7070 0.5803
vn -0.4634 0.7060 0.5355
vn -0.4109 0.7939 0.4482
vn -0.5167 0.7070 0.4829
vn -0.5503 0.7068 0.4445
vn -0.5693 0.6871 0.4515
vn -0.0001 0.7078 -0.7064
vn 0.0001 0.7071 -0.7071
vn 0.2052 -0.0000 -0.9787
vn 0.1720 0.0011 -0.9851
vn 0.5810 -0.0000 -0.8139
vn 0.6947 0.0051 -0.7193
vn 0.5033 -0.0008 -0.8641
vn -0.0000 0.7059 -0.7083
vn -0.0000 0.7071 -0.7071
vn -0.0000 0.7073 -0.7069
vn -0.0000 0.7072 -0.7070
vn -0.0000 0.7074 -0.7068
vn -0.0000 0.7069 -0.7074
vn -0.7197 -0.0000 -0.6943
vn -0.5810 0.0007 -0.8139
vn -0.5351 -0.0010 -0.8448
vn -0.2052 0.0009 -0.9787
vn -0.1732 -0.0000 -0.9849
vn -0.0001 0.7077 -0.7065
vn 0.7077 -0.0000 -0.7065
vn 0.7071 -0.0000 -0.7071
vn -0.7071 -0.0000 -0.7071
vn -0.7077 -0.0000 -0.7065
vn -0.7071 0.0123 -0.7071
vn -0.7027 0.0925 -0.7055
vn -0.6721 0.2249 -0.7055
vn -0.6168 0.3490 -0.7055
vn -0.5389 0.4603 -0.7055
vn -0.4412 0.5547 -0.7055
vn -0.3273 0.6287 -0.7055
vn -0.3273 0.6286 -0.7055
vn -0.2013 0.6795 -0.7055
vn -0.2013 0.6796 -0.7054
vn -0.0679 0.7055 -0.7054
vn -0.0679 0.7055 -0.7055
vn 0.0679 0.7055 -0.7055
vn 0.2013 0.6796 -0.7054
vn 0.2013 0.6795 -0.7055
vn 0.3273 0.6287 -0.7055
vn 0.4412 0.5547 -0.7055
vn 0.5389 0.4603 -0.7055
vn 0.6168 0.3490 -0.7055
vn 0.6169 0.3490 -0.7055
vn 0.6721 0.2249 -0.7055
vn 0.7027 0.0925 -0.7055
vn 0.7071 0.0123 -0.7071
vn 0.7071 -0.0123 -0.7071
vn 0.7070 -0.0123 -0.7071
vn 0.7027 -0.0925 -0.7055
vn 0.6721 -0.2249 -0.7055
vn 0.6169 -0.3490 -0.7055
vn 0.6168 -0.3490 -0.7055
vn 0.5389 -0.4603 -0.7055
vn 0.4412 -0.5547 -0.7055
vn 0.3273 -0.6287 -0.7055
vn 0.3273 -0.6286 -0.7055
vn 0.2013 -0.6795 -0.7055
vn 0.0679 -0.7054 -0.7055
vn 0.0679 -0.7055 -0.7055
vn -0.0679 -0.7055 -0.7055
vn -0.0679 -0.7054 -0.7055
vn -0.2013 -0.6795 -0.7055
vn -0.3273 -0.6286 -0.7055
vn -0.3273 -0.6287 -0.7055
vn -0.4412 -0.5547 -0.7055
vn -0.5389 -0.4603 -0.7055
vn -0.6168 -0.3490 -0.7055
vn -0.6169 -0.3490 -0.7055
vn -0.6721 -0.2249 -0.7055
vn -0.7027 -0.0925 -0.7055
vn -0.7071 -0.0123 -0.7071
vn -0.7070 -0.0123 -0.7071
vn 0.4738 -0.8806 -0.0000
vn -0.4738 -0.8806 -0.0000
vn -0.1230 0.9924 -0.0000
vn -0.0000 1.0000 0.0052
vn 0.1230 0.9924 -0.0000
vn 0.1231 -0.9924 -0.0000
vn -0.0000 -1.0000 0.0052
vn -0.1231 -0.9924 -0.0000
vn -0.4738 0.8806 -0.0000
vn 0.4738 0.8806 -0.0000
vn 0.1444 -0.9895 -0.0000
vn 0.1981 -0.9802 -0.0000
vn 0.2095 -0.9778 0.0004
vn 0.2178 -0.9760 0.0009
vn 0.2840 -0.9588 0.0060
vn 0.2384 -0.9709 0.0235
vn 0.2649 -0.9641 0.0151
vn 0.2744 -0.9615 0.0126
vn 0.0726 -0.9972 0.0159
vn 0.0958 -0.9954 0.0080
vn 0.0237 -0.9997 -0.0000
vn -0.0485 -0.9988 -0.0000
vn -0.0958 -0.9953 0.0107
vn -0.1341 -0.9910 0.0022
vn -0.2743 -0.9610 0.0343
vn -0.2687 -0.9631 0.0139
vn -0.2095 -0.9778 0.0004
vn -0.1981 -0.9802 -0.0000
vn -0.1810 -0.9835 -0.0000
vn -0.2840 -0.9588 0.0090
vn -0.2354 -0.9719 0.0022
vn -0.2178 -0.9760 0.0009
vn -0.9998 -0.0175 -0.0000
vn 0.9975 -0.0713 -0.0000
vn 0.9997 -0.0175 -0.0174
vn 0.9914 -0.1305 0.0102
vn 0.9483 -0.3173 0.0103
vn 0.9610 -0.2764 -0.0000
vn 0.9830 -0.1838 -0.0000
vn 0.8703 -0.4924 0.0103
vn 0.8910 -0.4540 -0.0000
vn 0.9301 -0.3672 -0.0000
vn 0.7604 -0.6494 0.0103
vn 0.7885 -0.6150 -0.0000
vn 0.8434 -0.5373 -0.0000
vn 0.6225 -0.7826 0.0104
vn 0.6573 -0.7537 -0.0000
vn 0.7259 -0.6878 -0.0000
vn 0.3286 -0.9445 -0.0000
vn 0.4169 -0.9090 -0.0000
vn 0.4617 -0.8870 0.0104
vn 0.5021 -0.8648 -0.0000
vn 0.5820 -0.8132 -0.0000
vn -0.4617 -0.8870 0.0104
vn -0.4169 -0.9090 -0.0000
vn -0.3286 -0.9445 -0.0000
vn -0.6225 -0.7826 0.0104
vn -0.5820 -0.8132 -0.0000
vn -0.5021 -0.8648 -0.0000
vn -0.7604 -0.6494 0.0103
vn -0.7259 -0.6878 -0.0000
vn -0.6573 -0.7537 -0.0000
vn -0.8703 -0.4924 0.0103
vn -0.8434 -0.5373 -0.0000
vn -0.7885 -0.6150 -0.0000
vn -0.9974 -0.0713 -0.0042
vn -0.9827 -0.1837 0.0233
vn -0.9914 -0.1305 -0.0000
vn -0.9610 -0.2764 -0.0000
vn -0.9483 -0.3173 0.0103
vn -0.9301 -0.3672 -0.0000
vn -0.8910 -0.4540 -0.0000
vn 0.9998 0.0175 -0.0000
vn -0.9997 0.0238 -0.0000
vn -0.9998 0.0175 -0.0007
vn -0.9914 0.1305 0.0026
vn -0.9483 0.3173 0.0023
vn -0.9731 0.2304 -0.0000
vn -0.9906 0.1368 -0.0000
vn -0.8704 0.4924 0.0020
vn -0.9116 0.4111 -0.0000
vn -0.9465 0.3226 -0.0000
vn -0.7604 0.6494 0.0016
vn -0.8169 0.5768 -0.0000
vn -0.8680 0.4966 -0.0000
vn -0.6225 0.7826 0.0013
vn -0.6923 0.7216 -0.0000
vn -0.7578 0.6525 -0.0000
vn -0.4617 0.8870 0.0010
vn -0.5426 0.8400 -0.0000
vn -0.6200 0.7846 -0.0000
vn 0.0958 0.9954 -0.0000
vn -0.0951 0.9955 -0.0000
vn -0.0958 0.9954 0.0003
vn -0.2817 0.9595 -0.0003
vn -0.2840 0.9588 0.0007
vn -0.3730 0.9278 -0.0000
vn -0.4596 0.8881 -0.0000
vn 0.2840 0.9588 0.0007
vn 0.2817 0.9595 -0.0003
vn 0.0951 0.9955 0.0003
vn 0.4617 0.8870 0.0010
vn 0.4596 0.8881 -0.0000
vn 0.3730 0.9278 -0.0000
vn 0.6225 0.7826 0.0013
vn 0.6200 0.7846 -0.0000
vn 0.5426 0.8400 -0.0000
vn 0.7604 0.6494 0.0016
vn 0.7578 0.6525 -0.0000
vn 0.6923 0.7216 -0.0000
vn 0.8704 0.4924 0.0020
vn 0.8680 0.4966 -0.0000
vn 0.8169 0.5768 -0.0000
vn 0.9997 0.0238 -0.0005
vn 0.9906 0.1368 0.0027
vn 0.9914 0.1305 -0.0000
vn 0.9731 0.2304 -0.0000
vn 0.9483 0.3173 0.0023
vn 0.9465 0.3226 -0.0000
vn 0.9116 0.4111 -0.0000
vn 0.0159 -0.0000 0.9999
vn 0.1052 0.1048 0.9889
vn 0.0903 0.1932 0.9770
vn 0.1077 0.1021 0.9889
vn 0.1257 0.0520 0.9907
vn 0.1438 -0.0010 0.9896
vn 0.1352 0.0335 0.9903
vn 0.1466 0.0175 0.9890
vn 0.1604 0.0071 0.9870
vn 0.0957 -0.0047 0.9954
vn 0.1417 0.0164 0.9898
vn 0.1183 -0.0113 0.9929
vn 0.1330 -0.0035 0.9911
vn 0.0806 -0.0130 0.9967
vn 0.0615 -0.0524 0.9967
vn 0.0568 -0.0700 0.9959
vn 0.0276 -0.0199 0.9994
vn 0.0078 -0.0000 1.0000
vn 0.1711 0.0018 0.9852
vn 0.1694 0.0026 0.9855
vn 0.2886 -0.0156 0.9573
vn 0.7829 -0.0000 0.6221
vn 0.7835 -0.0002 0.6214
vn 0.7082 0.0002 0.7060
vn 0.7322 -0.0089 0.6810
vn 0.6224 0.0132 0.7826
vn 0.6561 -0.0062 0.7547
vn 0.5620 0.0017 0.8271
vn 0.5731 -0.0000 0.8195
vn 0.5108 -0.0000 0.8597
vn 0.4831 0.0079 0.8755
vn 0.4130 -0.0049 0.9107
vn 0.3884 -0.0006 0.9215
vn 0.3000 0.0014 0.9539
vn 0.2058 0.0387 0.9778
vn -0.1688 0.0038 0.9856
vn -0.1286 -0.0052 0.9917
vn -0.0620 -0.0000 0.9981
vn -0.0384 -0.1506 0.9878
vn -0.0731 -0.0319 0.9968
vn -0.1467 0.0529 0.9878
vn -0.1072 -0.0246 0.9939
vn -0.1178 -0.0133 0.9929
vn -0.1866 -0.0034 0.9824
vn -0.1558 0.0113 0.9877
vn -0.1414 0.0259 0.9896
vn -0.1334 0.0409 0.9902
vn -0.1204 0.0669 0.9905
vn -0.1002 0.1485 0.9838
vn -0.1050 0.1206 0.9871
vn -0.0343 0.0214 0.9992
vn -0.0112 -0.0000 0.9999
vn -0.6543 -0.0055 0.7562
vn -0.5614 0.0017 0.8275
vn -0.5716 -0.0000 0.8205
vn -0.5105 -0.0000 0.8598
vn -0.4816 0.0077 0.8764
vn -0.4160 -0.0048 0.9094
vn -0.3873 -0.0001 0.9219
vn -0.3037 0.0003 0.9528
vn -0.2876 0.0064 0.9577
vn -0.2030 -0.0026 0.9792
vn -0.1712 0.0023 0.9852
vn -0.1423 -0.0013 0.9898
vn -0.7835 -0.0000 0.6214
vn -0.7831 -0.0001 0.6219
vn -0.7307 0.0001 0.6827
vn -0.7081 -0.0036 0.7061
vn -0.6234 0.0116 0.7818
vn 0.7058 0.0604 -0.7058
vn 0.7690 0.2415 -0.5919
vn 0.7212 0.1562 -0.6749
vn 0.6339 0.3188 -0.7047
vn 0.5998 0.4565 -0.6572
vn 0.5638 0.4703 -0.6789
vn -0.7058 0.0608 -0.7058
vn -0.7120 0.0751 -0.6981
vn -0.6713 0.2204 -0.7077
vn -0.6994 0.1982 -0.6867
vn -0.6079 0.3615 -0.7069
vn -0.6484 0.3398 -0.6812
vn -0.5130 0.4885 -0.7058
vn -0.5627 0.4712 -0.6792
vn -0.0001 0.0001 -1.0000
vn 0.0001 -0.0000 -1.0000
vn -0.0005 -0.0003 -1.0000
vn 0.0001 0.0001 -1.0000
vn -0.1515 -0.6907 0.7071
vn -0.1513 -0.6909 0.7069
vn -0.1514 -0.6909 0.7069
vn -0.1279 -0.6651 0.7357
vn -0.0539 -0.7051 0.7071
vn -0.0312 -0.6620 0.7489
vn 0.0950 -0.6274 0.7729
vn 0.1512 -0.6908 0.7070
vn 0.1512 -0.6909 0.7070
vn -0.0320 -0.6777 0.7346
vn -0.0883 -0.7215 0.6867
vn -0.0859 -0.7021 0.7069
vn -0.1228 -0.8275 0.5478
vn -0.0906 -0.6691 0.7376
vn -0.1318 -0.7159 0.6857
vn -0.1413 -0.7351 0.6631
vn -0.1439 -0.7125 0.6868
vn -0.1510 -0.6913 0.7066
vn 0.1022 -0.7001 0.7067
vn 0.0513 -0.7053 0.7070
vn 0.0368 -0.8061 0.5906
vn 0.0171 -0.7197 0.6941
vn -0.0333 -0.6861 0.7268
vn 0.1516 -0.6906 0.7072
vn 0.1508 -0.6917 0.7063
vn 0.1440 -0.7118 0.6874
vn 0.1312 -0.8079 0.5745
vn 0.1167 -0.7185 0.6857
vn 0.0315 -0.6917 0.7215
vn 0.0307 -0.7069 0.7067
vn -0.0253 -0.7068 0.7070
vn -0.1932 -0.6811 0.7062
vn 0.7123 -0.5072 0.4852
vn 0.5579 -0.4352 0.7066
vn 0.5136 -0.4866 0.7067
vn 0.6037 -0.6332 0.4844
vn 0.4650 -0.5333 0.7067
vn 0.4117 -0.5753 0.7067
vn 0.4732 -0.7362 0.4838
vn 0.1944 -0.6810 0.7060
vn 0.1929 -0.6803 0.7071
vn 0.2325 -0.6682 0.7067
vn 0.3253 -0.8127 0.4834
vn 0.2949 -0.6431 0.7067
vn 0.3552 -0.6119 0.7067
vn -0.1941 -0.6800 0.7071
vn -0.2325 -0.6683 0.7067
vn -0.3253 -0.8127 0.4834
vn -0.6037 -0.6332 0.4844
vn -0.2949 -0.6431 0.7067
vn -0.3552 -0.6119 0.7067
vn -0.4731 -0.7362 0.4838
vn -0.4117 -0.5753 0.7067
vn -0.4650 -0.5333 0.7067
vn -0.7950 -0.3630 0.4860
vn -0.5136 -0.4866 0.7067
vn -0.5579 -0.4352 0.7066
vn -0.7123 -0.5072 0.4852
vn -0.5966 -0.3801 0.7068
vn -0.6305 -0.3212 0.7066
vn -0.6580 -0.2598 0.7068
vn -0.6800 -0.1956 0.7066
vn -0.8487 -0.2059 0.4871
vn -0.6954 -0.1300 0.7068
vn -0.7062 -0.0505 0.7062
vn -0.7070 0.0168 0.7070
vn -0.7015 0.1009 0.7055
vn -0.7394 0.1021 0.6654
vn -0.6881 0.1629 0.7071
vn -0.6697 0.2318 0.7055
vn -0.7014 0.2390 0.6715
vn -0.6446 0.2907 0.7071
vn -0.6138 0.3544 0.7055
vn -0.6384 0.3652 0.6775
vn -0.5776 0.4078 0.7071
vn -0.5356 0.4641 0.7055
vn -0.5533 0.4764 0.6834
vn -0.4895 0.5102 0.7071
vn -0.4381 0.5571 0.7055
vn -0.4493 0.5686 0.6891
vn -0.3836 0.5940 0.7071
vn -0.3247 0.6299 0.7055
vn -0.3306 0.6388 0.6947
vn -0.2638 0.6561 0.7071
vn -0.1997 0.6800 0.7055
vn -0.0674 0.7055 0.7055
vn 0.0674 0.7055 0.7055
vn 0.1997 0.6800 0.7055
vn 0.2638 0.6561 0.7071
vn 0.3295 0.6392 0.6949
vn 0.3257 0.6294 0.7056
vn 0.3836 0.5940 0.7071
vn 0.4477 0.5693 0.6896
vn 0.4394 0.5560 0.7056
vn 0.4895 0.5102 0.7071
vn 0.5511 0.4776 0.6842
vn 0.5370 0.4623 0.7056
vn 0.5776 0.4078 0.7071
vn 0.6359 0.3671 0.6789
vn 0.6150 0.3519 0.7056
vn 0.6446 0.2907 0.7071
vn 0.6985 0.2418 0.6735
vn 0.6707 0.2286 0.7057
vn 0.6881 0.1629 0.7071
vn 0.7365 0.1059 0.6682
vn 0.7019 0.0969 0.7057
vn 0.7070 0.0168 0.7070
vn 0.7062 -0.0505 0.7062
vn 0.6954 -0.1300 0.7068
vn 0.8487 -0.2059 0.4871
vn 0.6801 -0.1956 0.7066
vn 0.6580 -0.2598 0.7068
vn 0.7950 -0.3630 0.4860
vn 0.6305 -0.3212 0.7066
vn 0.5966 -0.3801 0.7068
vn -0.2680 -0.6593 0.7025
vn -0.2616 -0.6615 0.7028
vn -0.2646 -0.6527 0.7099
vn -0.4851 -0.6036 0.6327
vn -0.4946 -0.5929 0.6355
vn -0.6011 -0.5662 0.5639
vn 0.0681 0.5527 0.8306
vn 0.0649 0.1926 0.9791
vn 0.0647 0.1956 0.9785
vn 0.1532 0.1900 0.9698
vn 0.1820 0.0268 0.9829
vn 0.2196 0.1928 0.9563
vn 0.3224 0.1784 0.9296
vn 0.3251 0.1926 0.9259
vn 0.4410 0.1686 0.8815
vn 0.4448 0.1869 0.8759
vn 0.5406 0.1607 0.8258
vn 0.5329 0.0616 0.8439
vn 0.5925 0.1668 0.7881
vn 0.6455 0.1480 0.7493
vn 0.6500 0.1712 0.7404
vn 0.7304 0.1385 0.6688
vn 0.7343 0.1626 0.6591
vn 0.7869 0.4102 0.4610
vn 0.7027 0.6453 0.2998
vn 0.3793 0.9110 0.1619
vn 0.4336 0.8925 0.1241
vn 0.4447 0.8838 0.1453
vn 0.4782 0.8706 0.1156
vn 0.4472 0.8926 0.0578
vn 0.5110 0.8517 0.1162
vn 0.5328 0.8413 0.0914
vn 0.5557 0.8237 0.1127
vn 0.2232 0.9566 0.1874
vn 0.2879 0.9437 0.1628
vn 0.2686 0.9596 0.0838
vn 0.3293 0.9299 0.1637
vn 0.3710 0.9178 0.1414
vn 0.0448 0.9796 0.1959
vn 0.0989 0.9769 0.1896
vn 0.1206 0.9867 0.1088
vn 0.1452 0.9707 0.1917
vn 0.2206 0.9599 0.1729
vn 0.6927 0.6612 0.2879
vn 0.6436 0.6841 0.3432
vn 0.6408 0.6898 0.3369
vn 0.5778 0.7154 0.3929
vn 0.5756 0.7206 0.3866
vn 0.4990 0.7467 0.4398
vn 0.4975 0.7511 0.4340
vn 0.4065 0.7761 0.4821
vn 0.4055 0.7800 0.4766
vn 0.3005 0.8016 0.5168
vn 0.3002 0.8043 0.5128
vn 0.1831 0.8204 0.5417
vn 0.1831 0.8222 0.5390
vn 0.0610 0.8305 0.5537
vn 0.0443 0.9802 0.1928
vn 0.8020 0.1403 0.5806
vn 0.8009 0.1316 0.5842
vn 0.7857 0.4149 0.4588
vn 0.7244 0.4435 0.5277
vn 0.7252 0.4363 0.5326
vn 0.6492 0.4672 0.6002
vn 0.6496 0.4603 0.6051
vn 0.5597 0.4910 0.6676
vn 0.5598 0.4848 0.6720
vn 0.4553 0.5135 0.7273
vn 0.4551 0.5082 0.7311
vn 0.3363 0.5328 0.7766
vn 0.3360 0.5288 0.7794
vn 0.2048 0.5468 0.8118
vn 0.2046 0.5442 0.8136
vn 0.0680 0.5535 0.8301
vn 0.0609 0.8310 0.5529
vn -0.0463 0.9802 0.1928
vn -0.1308 0.9859 0.1043
vn -0.1008 0.9767 0.1896
vn -0.0468 0.9795 0.1961
vn -0.1383 0.9712 0.1941
vn -0.2221 0.9596 0.1730
vn -0.2272 0.9558 0.1866
vn -0.2891 0.9434 0.1627
vn -0.2697 0.9595 0.0817
vn -0.3303 0.9296 0.1637
vn -0.3709 0.9178 0.1418
vn -0.3821 0.9101 0.1603
vn -0.4330 0.8927 0.1248
vn -0.4469 0.8830 0.1436
vn -0.4785 0.8705 0.1155
vn -0.4480 0.8921 0.0582
vn -0.5111 0.8516 0.1161
vn -0.7004 0.6483 0.2986
vn -0.8023 0.1411 0.5800
vn -0.6498 0.1716 0.7405
vn -0.7324 0.1379 0.6668
vn -0.7337 0.1631 0.6597
vn -0.8011 0.1316 0.5839
vn -0.7864 0.4126 0.4597
vn -0.5126 0.0089 0.8586
vn -0.5921 0.1674 0.7883
vn -0.6483 0.1474 0.7470
vn -0.5511 0.1581 0.8193
vn -0.4464 0.1871 0.8751
vn -0.4455 0.1681 0.8794
vn -0.3279 0.1926 0.9248
vn -0.3277 0.1779 0.9279
vn -0.2215 0.1931 0.9559
vn -0.1880 0.0388 0.9814
vn -0.1554 0.1900 0.9694
vn -0.0675 0.1958 0.9783
vn -0.0677 0.1926 0.9789
vn -0.5541 0.8251 0.1107
vn -0.5331 0.8411 0.0912
vn -0.6938 0.6607 0.2868
vn -0.6446 0.6836 0.3423
vn -0.6409 0.6897 0.3370
vn -0.5794 0.7147 0.3919
vn -0.5762 0.7202 0.3864
vn -0.5013 0.7458 0.4387
vn -0.4987 0.7507 0.4333
vn -0.4096 0.7753 0.4807
vn -0.4077 0.7793 0.4758
vn -0.3046 0.8008 0.5157
vn -0.3034 0.8037 0.5119
vn -0.1881 0.8198 0.5409
vn -0.1875 0.8217 0.5383
vn -0.0636 0.8303 0.5537
vn -0.0635 0.8308 0.5529
vn -0.7861 0.4148 0.4583
vn -0.7246 0.4434 0.5275
vn -0.7262 0.4360 0.5315
vn -0.6499 0.4670 0.5996
vn -0.6513 0.4598 0.6036
vn -0.5612 0.4907 0.6665
vn -0.5623 0.4841 0.6704
vn -0.4578 0.5130 0.7261
vn -0.4586 0.5075 0.7295
vn -0.3400 0.5322 0.7753
vn -0.3406 0.5281 0.7779
vn -0.2098 0.5464 0.8109
vn -0.2101 0.5437 0.8126
vn -0.0709 0.5534 0.8299
vn -0.0710 0.5526 0.8304
vn -0.7061 -0.0535 -0.7061
vn 0.3508 0.6142 -0.7069
vn -0.3508 0.6142 -0.7069
vn 0.3783 0.5974 -0.7071
vn 0.3802 0.5143 -0.7688
vn 0.4274 0.5645 -0.7062
vn 0.4717 0.5268 -0.7071
vn 0.4647 0.4480 -0.7638
vn 0.5147 0.4862 -0.7062
vn 0.5522 0.4417 -0.7071
vn 0.5378 0.3681 -0.7584
vn 0.5879 0.3947 -0.7061
vn 0.6175 0.3445 -0.7071
vn 0.5975 0.2763 -0.7527
vn 0.6450 0.2922 -0.7061
vn 0.6659 0.2379 -0.7071
vn 0.6418 0.1750 -0.7466
vn 0.6828 -0.0518 -0.7288
vn 0.6844 0.1818 -0.7061
vn 0.6960 0.1248 -0.7071
vn 0.6692 0.0666 -0.7401
vn 0.7051 0.0664 -0.7060
vn 0.7071 0.0055 -0.7071
vn 0.7071 -0.0026 -0.7071
vn 0.7058 -0.0562 -0.7062
vn 0.6979 -0.1138 -0.7071
vn 0.6270 -0.1500 -0.7645
vn 0.6869 -0.1719 -0.7062
vn 0.6696 -0.2274 -0.7071
vn 0.5991 -0.2546 -0.7592
vn 0.6491 -0.2829 -0.7061
vn 0.6228 -0.3348 -0.7071
vn 0.5539 -0.3541 -0.7535
vn 0.5936 -0.3861 -0.7061
vn 0.5590 -0.4330 -0.7071
vn 0.4925 -0.4459 -0.7474
vn 0.5218 -0.4788 -0.7061
vn 0.4799 -0.5193 -0.7071
vn 0.4160 -0.5272 -0.7410
vn 0.4356 -0.5584 -0.7060
vn 0.3876 -0.5914 -0.7071
vn 0.3262 -0.5956 -0.7341
vn 0.1177 -0.6985 -0.7059
vn 0.2322 -0.6692 -0.7059
vn 0.3375 -0.6226 -0.7060
vn -0.3402 -0.6213 -0.7059
vn -0.2322 -0.6692 -0.7059
vn -0.1177 -0.6985 -0.7059
vn -0.0295 -0.7068 -0.7068
vn -0.0000 -0.8708 -0.4916
vn 0.0295 -0.7068 -0.7068
vn -0.3230 -0.5958 -0.7353
vn -0.3876 -0.5914 -0.7071
vn -0.4388 -0.5561 -0.7059
vn -0.4116 -0.5276 -0.7431
vn -0.4799 -0.5193 -0.7071
vn -0.5251 -0.4754 -0.7059
vn -0.4869 -0.4468 -0.7505
vn -0.5590 -0.4330 -0.7071
vn -0.5968 -0.3815 -0.7059
vn -0.5470 -0.3558 -0.7577
vn -0.6228 -0.3348 -0.7071
vn -0.6519 -0.2770 -0.7059
vn -0.5908 -0.2575 -0.7646
vn -0.6695 -0.2274 -0.7071
vn -0.6889 -0.1648 -0.7059
vn -0.6175 -0.1545 -0.7713
vn -0.6979 -0.1138 -0.7071
vn -0.7071 0.0026 -0.7071
vn -0.7058 0.0055 -0.7084
vn -0.7071 0.0082 -0.7071
vn -0.7049 0.0701 -0.7059
vn -0.6674 0.0628 -0.7421
vn -0.6960 0.1248 -0.7071
vn -0.6834 0.1863 -0.7059
vn -0.6398 0.1699 -0.7496
vn -0.6659 0.2379 -0.7071
vn -0.6429 0.2973 -0.7059
vn -0.5954 0.2698 -0.7568
vn -0.6175 0.3445 -0.7071
vn -0.5845 0.4001 -0.7059
vn -0.5360 0.3598 -0.7637
vn -0.5522 0.4417 -0.7071
vn -0.5099 0.4917 -0.7059
vn -0.4635 0.4379 -0.7704
vn -0.4717 0.5268 -0.7071
vn -0.4211 0.5696 -0.7059
vn -0.3801 0.5021 -0.7768
vn -0.3783 0.5974 -0.7071
vn 0.1169 0.6974 0.7070
vn -0.1169 0.6974 0.7071
vn 0.0327 0.7059 0.7076
vn -0.0106 0.7065 0.7076
vn -0.0373 0.7055 0.7078
vn -0.0373 0.7055 0.7077
vn -0.0502 0.7047 0.7077
vn -0.0789 0.6556 0.7510
vn -0.0764 0.6470 0.7586
vn -0.1170 0.6974 0.7070
vn 0.0818 0.6931 0.7161
vn 0.0563 0.7042 0.7077
vn 0.0897 0.7288 0.6788
vn -0.0914 0.7594 0.6442
vn -0.0813 0.7260 0.6829
vn -0.0370 0.7008 0.7124
vn -0.0205 0.6775 0.7353
vn -0.0107 0.7141 0.7000
vn 0.0361 0.6986 0.7146
vn 0.0316 0.6816 0.7311
vn 0.0898 0.7286 0.6791
vn 0.0923 0.5501 0.8300
vn -0.0304 0.7152 0.6982
vn -0.0146 0.7216 0.6922
vn -0.2671 0.7635 0.5880
vn -0.2448 0.7717 0.5871
vn -0.4294 0.8113 0.3968
vn -0.4214 0.8143 0.3991
vn -0.5090 0.8469 0.1540
vn -0.5199 0.8371 0.1703
vn -0.5164 0.8556 0.0356
vn -0.0928 0.7014 0.7067
vn -0.0934 0.7014 0.7067
vn 0.0572 0.7087 0.7032
vn 0.0116 0.7286 0.6848
vn 0.2565 0.7581 0.5996
vn 0.2682 0.7855 0.5577
vn 0.4310 0.8067 0.4043
vn 0.4257 0.8242 0.3735
vn 0.5158 0.8425 0.1552
vn 0.5090 0.8485 0.1446
vn -0.0003 -0.0000 1.0000
vn -0.0001 -0.0000 1.0000
vn 0.0001 -0.0000 1.0000
vn 0.0003 -0.0000 1.0000
vn 0.2680 -0.6593 0.7025
vn 0.6011 -0.5662 0.5639
vn 0.4946 -0.5929 0.6355
vn 0.4851 -0.6037 0.6326
vn 0.2647 -0.6527 0.7099
vn 0.2616 -0.6615 0.7028
vn -0.7002 -0.7080 0.0917
vn -0.6150 -0.7169 0.3284
vn -0.6415 -0.7091 0.2925
vn -0.6805 -0.7002 0.2160
vn -0.6841 -0.7083 0.1742
vn -0.7097 -0.7010 0.0706
vn 0.7028 -0.7081 0.0685
vn 0.7049 -0.7034 0.0917
vn 0.6735 -0.7089 0.2094
vn 0.6971 -0.6944 0.1784
vn 0.6419 -0.7092 0.2917
vn 0.6152 -0.7171 0.3275
vn -0.5057 0.8446 0.1759
vn -0.3668 0.7890 0.4928
vn -0.4260 0.8345 0.3494
vn -0.4983 0.8477 0.1820
vn -0.3657 0.8204 0.4397
vn -0.1528 0.7590 0.6329
vn -0.1232 0.7645 0.6328
vn 0.1140 0.6890 0.7157
vn 0.1428 0.6936 0.7060
vn -0.5086 -0.0000 0.8610
vn -0.7898 0.0033 0.6134
vn -0.5340 -0.0028 0.8455
vn -0.5094 0.0003 0.8605
vn -0.1871 -0.0003 0.9823
vn -0.1841 -0.0000 0.9829
vn -0.9908 -0.0000 0.1354
vn -0.9985 0.0055 0.0548
vn -0.9423 -0.0097 0.3346
vn -0.9654 -0.0002 0.2606
vn -0.8049 0.0002 0.5934
vn -0.2712 -0.9625 0.0004
vn -0.3694 -0.6644 0.6497
vn -0.5409 -0.6926 0.4772
vn -0.5597 -0.7329 0.3868
vn -0.6956 -0.6858 0.2140
vn -0.5619 -0.5822 0.5876
vn -0.3277 -0.6617 0.6744
vn -0.2893 -0.6593 0.6940
vn -0.2430 -0.6827 0.6892
vn -0.4449 -0.6014 0.6636
vn -0.3748 -0.7450 0.5518
vn -0.6279 -0.5939 0.5031
vn -0.6537 -0.6941 0.3014
vn -0.7070 -0.6637 0.2442
vn -0.6945 -0.7071 0.1329
vn -0.9970 -0.0778 -0.0000
vn -0.9971 -0.0756 0.0008
vn -0.9870 -0.1610 -0.0001
vn -0.9866 -0.1631 -0.0000
vn -0.9692 -0.2462 -0.0000
vn -0.9701 -0.2427 0.0013
vn -0.9457 -0.3250 -0.0002
vn -0.9469 -0.3216 -0.0000
vn -0.9147 -0.4041 -0.0000
vn -0.9167 -0.3995 0.0019
vn -0.8785 -0.4778 -0.0002
vn -0.8808 -0.4735 -0.0000
vn -0.8347 -0.5506 -0.0000
vn -0.8382 -0.5453 0.0025
vn -0.7865 -0.6175 -0.0002
vn -0.7906 -0.6124 -0.0000
vn -0.7368 -0.6761 -0.0000
vn -0.7331 -0.6802 0.0020
vn -0.6787 -0.7344 -0.0000
vn -0.6730 -0.7397 -0.0000
vn -0.6151 -0.7885 -0.0008
vn -0.6099 -0.7925 0.0015
vn -0.5482 -0.8364 -0.0000
vn -0.5405 -0.8414 -0.0000
vn -0.4766 -0.8791 -0.0017
vn -0.4695 -0.8829 0.0011
vn -0.3929 -0.9196 -0.0002
vn -0.3278 -0.9447 -0.0037
vn -0.3160 -0.9488 0.0006
vn -0.2344 -0.9721 -0.0001
vn -0.1662 -0.9861 -0.0041
vn -0.1537 -0.9881 0.0002
vn -0.0694 -0.9976 -0.0000
vn -0.0000 -1.0000 -0.0045
vn 0.0128 -0.9999 -0.0002
vn 0.0976 -0.9952 -0.0000
vn 0.1662 -0.9861 -0.0048
vn 0.1791 -0.9838 -0.0006
vn 0.2619 -0.9651 0.0001
vn 0.3278 -0.9447 -0.0052
vn 0.3403 -0.9403 -0.0010
vn 0.4188 -0.9081 0.0003
vn 0.4765 -0.8791 -0.0052
vn 0.4920 -0.8706 -0.0000
vn 0.5482 -0.8364 -0.0000
vn 0.5641 -0.8257 0.0004
vn 0.6151 -0.7884 -0.0053
vn 0.6300 -0.7766 -0.0000
vn 0.6787 -0.7344 -0.0000
vn 0.6936 -0.7203 0.0005
vn 0.7368 -0.6761 -0.0055
vn 0.7505 -0.6609 -0.0000
vn 0.8038 -0.5949 -0.0000
vn 0.7906 -0.6124 0.0030
vn 0.8500 -0.5268 -0.0079
vn 0.8382 -0.5453 -0.0000
vn 0.8916 -0.4528 -0.0000
vn 0.8808 -0.4735 0.0035
vn 0.9258 -0.3780 -0.0082
vn 0.9167 -0.3995 -0.0000
vn 0.9545 -0.2981 -0.0000
vn 0.9469 -0.3216 0.0040
vn 0.9758 -0.2187 -0.0086
vn 1.0000 -0.0037 -0.0000
vn 0.9988 -0.0495 0.0008
vn 0.9968 -0.0793 -0.0057
vn 0.9908 -0.1351 0.0013
vn 0.9870 -0.1610 -0.0000
vn 0.9701 -0.2427 -0.0000
vn 0.3888 0.9213 -0.0000
vn 0.3527 0.9357 0.0030
vn 0.3050 0.9522 0.0179
vn 0.3535 0.9353 -0.0126
vn 0.2914 0.9566 -0.0010
vn 0.2289 0.9734 -0.0007
vn 0.2376 0.9714 -0.0001
vn 0.2718 0.9619 -0.0304
vn 0.2638 0.9646 0.0003
vn 0.2484 0.9687 -0.0007
vn 0.2553 0.9669 -0.0000
vn 0.2436 0.9699 -0.0000
vn 0.2414 0.9704 -0.0000
vn -0.0347 0.9994 -0.0068
vn -0.0150 0.9999 0.0045
vn 0.0333 0.9994 -0.0050
vn 0.0463 0.9989 0.0030
vn 0.0747 0.9972 -0.0003
vn 0.0796 0.9968 -0.0000
vn 0.1094 0.9940 -0.0000
vn 0.1172 0.9931 0.0045
vn 0.1685 0.9857 -0.0040
vn 0.1654 0.9862 -0.0054
vn 0.2270 0.9739 0.0076
vn 0.1925 0.9812 -0.0098
vn 0.2137 0.9769 -0.0031
vn -0.2375 0.9714 -0.0001
vn -0.2290 0.9734 -0.0007
vn -0.2137 0.9769 -0.0031
vn -0.2251 0.9743 0.0006
vn -0.1905 0.9817 -0.0003
vn -0.1704 0.9854 -0.0049
vn -0.1654 0.9862 -0.0028
vn -0.1116 0.9937 0.0047
vn -0.1172 0.9931 -0.0000
vn -0.0762 0.9971 -0.0000
vn -0.0710 0.9975 0.0007
vn -0.0528 0.9986 -0.0015
vn -0.3060 0.9519 0.0175
vn -0.3797 0.9247 -0.0285
vn -0.3183 0.9480 -0.0019
vn -0.2699 0.9629 0.0001
vn -0.2574 0.9663 -0.0001
vn -0.2558 0.9667 -0.0002
vn -0.2470 0.9690 -0.0000
vn -0.2414 0.9704 -0.0000
vn -0.3534 0.9355 0.0029
vn -0.3891 0.9212 -0.0000
vn -0.4570 0.8895 0.0001
vn -0.4246 0.9053 0.0134
vn -0.5284 0.8488 -0.0185
vn -0.4578 0.8890 0.0119
vn -0.4960 0.8683 0.0025
vn -0.5351 0.8448 -0.0000
vn -0.5986 0.8010 -0.0000
vn -0.6036 0.7973 -0.0020
vn -0.6624 0.7491 0.0003
vn -0.6671 0.7449 -0.0000
vn -0.7236 0.6903 -0.0000
vn -0.7269 0.6867 -0.0016
vn -0.7778 0.6285 0.0002
vn -0.7809 0.6247 -0.0000
vn -0.8283 0.5602 -0.0000
vn -0.8303 0.5574 -0.0012
vn -0.8716 0.4902 0.0001
vn -0.8733 0.4872 -0.0000
vn -0.9100 0.4146 -0.0000
vn -0.9109 0.4127 -0.0007
vn -0.9410 0.3384 0.0001
vn -0.9417 0.3364 -0.0000
vn -0.9663 0.2574 -0.0000
vn -0.9665 0.2567 -0.0002
vn -0.9842 0.1771 -0.0000
vn -0.9843 0.1764 -0.0000
vn -0.9956 0.0937 -0.0000
vn -0.9957 0.0930 0.0003
vn -0.9999 0.0116 -0.0000
vn -1.0000 0.0037 0.0001
vn -1.0000 0.0071 -0.0000
vn 0.4954 0.8673 0.0494
vn 0.4772 0.8788 0.0036
vn 0.4126 0.9109 -0.0000
vn 0.4316 0.9021 0.0016
vn 0.5043 0.8635 -0.0080
vn 1.0000 0.0037 -0.0000
vn 1.0000 0.0078 -0.0001
vn 0.9992 0.0391 0.0005
vn 0.9956 0.0937 -0.0066
vn 0.9926 0.1211 -0.0000
vn 0.9788 0.2048 -0.0000
vn 0.9843 0.1764 0.0047
vn 0.9586 0.2846 -0.0106
vn 0.9665 0.2567 -0.0000
vn 0.9311 0.3649 -0.0000
vn 0.9417 0.3364 0.0053
vn 0.8979 0.4401 -0.0109
vn 0.9109 0.4127 -0.0000
vn 0.8574 0.5147 -0.0000
vn 0.8732 0.4872 0.0060
vn 0.8121 0.5834 -0.0112
vn 0.8303 0.5574 -0.0000
vn 0.7597 0.6502 -0.0000
vn 0.7809 0.6247 0.0066
vn 0.7037 0.7104 -0.0115
vn 0.7269 0.6867 -0.0000
vn 0.6410 0.7676 -0.0000
vn 0.6671 0.7449 0.0074
vn 0.5757 0.8176 -0.0118
vn 0.6036 0.7973 -0.0000
vn 0.5351 0.8448 -0.0000
vn 0.2199 -0.0015 0.9755
vn 0.1838 0.0015 0.9830
vn 0.0137 -0.0000 0.9999
vn 0.5126 0.0014 0.8586
vn 0.5086 -0.0000 0.8610
vn 0.5584 -0.0039 0.8295
vn 0.8202 0.0061 0.5720
vn 0.7911 -0.0015 0.6117
vn 0.9431 0.0006 0.3325
vn 0.9740 -0.0063 0.2262
vn 0.9910 -0.0000 0.1336
vn 0.5059 0.8448 0.1741
vn -0.1445 0.6932 0.7061
vn -0.1157 0.6888 0.7157
vn 0.1423 0.7682 0.6243
vn 0.1328 0.7501 0.6479
vn 0.3669 0.8205 0.4383
vn 0.3677 0.8085 0.4594
vn 0.4987 0.8479 0.1802
vn 0.4622 -0.5511 0.6947
vn 0.6767 -0.7248 0.1295
vn 0.6583 -0.7216 0.2142
vn 0.6079 -0.7331 0.3049
vn 0.6377 -0.7129 0.2917
vn 0.5688 -0.7189 0.3995
vn 0.5478 -0.7219 0.4228
vn 0.5088 -0.6745 0.5349
vn 0.3313 -0.6820 0.6520
vn 0.7015 -0.7081 0.0802
vn 0.2887 -0.6594 0.6942
vn 0.3936 -0.6628 0.6370
vn 0.4243 -0.6467 0.6339
vn 0.6411 -0.6050 0.4722
vn 0.5751 -0.6712 0.4678
vn 0.7282 -0.6388 0.2484
vn 0.6189 -0.7399 0.2635
vn 0.7018 -0.6957 0.1531
vn 0.6567 -0.7530 0.0420
vn 0.3088 -0.9511 0.0094
vn 0.3079 -0.9512 0.0177
vn 0.3248 -0.9457 0.0131
vn 0.3119 -0.9501 0.0035
vn 0.3127 -0.9498 0.0026
vn 0.3107 -0.9505 0.0042
vn -0.3386 -0.9408 0.0124
vn -0.3272 -0.9448 0.0156
vn -0.3330 -0.9427 0.0219
vn -0.3269 -0.9447 0.0278
vn -0.3478 -0.9375 0.0095
vn -0.3398 -0.9405 0.0094
vn -0.3367 -0.9413 0.0238
vn -0.3359 -0.9411 0.0388
vn 0.3181 -0.9481 0.0010
vn 0.3478 -0.9376 -0.0014
vn 0.4187 -0.9075 0.0343
vn 0.4355 -0.9002 -0.0000
vn 0.5165 -0.8563 -0.0000
vn 0.5783 -0.8151 0.0340
vn 0.5933 -0.8050 -0.0000
vn 0.6649 -0.7470 -0.0000
vn 0.7183 -0.6950 0.0337
vn 0.7309 -0.6824 -0.0000
vn 0.7907 -0.6123 -0.0000
vn 0.8337 -0.5512 0.0334
vn 0.8438 -0.5367 -0.0000
vn 0.8896 -0.4568 -0.0000
vn 0.9208 -0.3886 0.0330
vn 0.9279 -0.3727 -0.0000
vn 0.9583 -0.2857 -0.0000
vn 0.9766 -0.2128 0.0327
vn 0.9806 -0.1961 -0.0000
vn 0.9945 -0.1050 -0.0000
vn 0.9980 -0.0610 0.0189
vn 0.9993 -0.0128 -0.0350
vn 0.9995 0.0313 -0.0000
vn 0.9969 0.0793 -0.0000
vn 0.9875 0.1544 0.0320
vn 0.9853 0.1709 -0.0000
vn 0.9654 0.2609 -0.0000
vn 0.9423 0.3332 0.0317
vn 0.9372 0.3488 -0.0000
vn 0.9011 0.4336 -0.0000
vn 0.8651 0.5007 0.0313
vn 0.8572 0.5149 -0.0000
vn 0.8062 0.5916 -0.0000
vn 0.7583 0.6511 0.0310
vn 0.7482 0.6635 -0.0000
vn 0.6839 0.7295 -0.0000
vn 0.6258 0.7794 0.0306
vn 0.6137 0.7895 -0.0000
vn 0.5384 0.8427 -0.0000
vn 0.4719 0.8811 0.0303
vn 0.4584 0.8888 -0.0000
vn 0.3747 0.9272 -0.0000
vn 0.3020 0.9528 0.0299
vn 0.2875 0.9578 -0.0000
vn 0.1981 0.9802 -0.0000
vn 0.1218 0.9921 0.0295
vn 0.1068 0.9943 -0.0000
vn 0.0149 0.9999 -0.0000
vn -0.0626 0.9976 0.0292
vn -0.0775 0.9970 -0.0000
vn -0.1689 0.9856 -0.0000
vn -0.2449 0.9691 0.0288
vn -0.2591 0.9658 -0.0000
vn -0.3469 0.9379 -0.0000
vn -0.4188 0.9076 0.0285
vn -0.4320 0.9019 -0.0000
vn -0.5132 0.8583 -0.0000
vn -0.5784 0.8153 0.0281
vn -0.5902 0.8073 -0.0000
vn -0.6619 0.7495 -0.0000
vn -0.7184 0.6951 0.0277
vn -0.7283 0.6853 -0.0000
vn -0.7883 0.6153 -0.0000
vn -0.8339 0.5513 0.0273
vn -0.8417 0.5400 -0.0000
vn -0.8878 0.4602 -0.0000
vn -0.9210 0.3887 0.0270
vn -0.9265 0.3763 -0.0000
vn -0.9572 0.2895 -0.0000
vn -0.9767 0.2128 0.0266
vn -0.9798 0.1999 -0.0000
vn -0.9941 0.1089 -0.0000
vn -0.9992 0.0297 0.0262
vn -0.9999 0.0167 -0.0000
vn -0.9972 -0.0754 -0.0000
vn -0.9877 -0.1544 0.0258
vn -0.9859 -0.1671 -0.0000
vn -0.9664 -0.2571 -0.0000
vn -0.9425 -0.3333 0.0254
vn -0.9385 -0.3452 -0.0000
vn -0.9028 -0.4301 -0.0000
vn -0.8652 -0.5008 0.0250
vn -0.8592 -0.5116 -0.0000
vn -0.8085 -0.5885 -0.0000
vn -0.7585 -0.6512 0.0246
vn -0.7508 -0.6606 -0.0000
vn -0.6868 -0.7269 -0.0000
vn -0.6259 -0.7795 0.0242
vn -0.6168 -0.7871 -0.0000
vn -0.5417 -0.8406 -0.0000
vn -0.4720 -0.8813 0.0238
vn -0.4618 -0.8870 -0.0000
vn -0.3783 -0.9257 -0.0000
vn -0.9765 -0.0000 0.2156
vn -0.9735 0.0016 0.2287
vn -0.8332 -0.0015 0.5529
vn -0.8123 0.0026 0.5833
vn -0.5777 -0.0025 0.8162
vn -0.5336 0.0031 0.8457
vn -0.1871 -0.0041 0.9823
vn -0.2351 0.0033 0.9720
vn -0.0230 -0.0000 0.9997
vn 0.7067 -0.0350 0.7067
vn 0.2061 0.6765 0.7070
vn -0.2252 0.6707 0.7068
vn -0.6091 0.2858 0.7398
vn -0.6443 0.2935 0.7062
vn -0.6654 0.2393 0.7071
vn -0.6556 0.1806 0.7332
vn -0.6843 0.1822 0.7061
vn -0.6959 0.1252 0.7071
vn -0.6845 0.0680 0.7258
vn -0.7051 0.0658 0.7060
vn -0.7071 0.0050 0.7071
vn -0.7060 -0.0551 0.7060
vn -0.6976 -0.1153 0.7071
vn -0.6615 -0.1623 0.7321
vn -0.6864 -0.1743 0.7061
vn -0.6687 -0.2298 0.7071
vn -0.6319 -0.2749 0.7246
vn -0.5912 -0.3900 0.7059
vn -0.5836 -0.3825 0.7163
vn -0.6212 -0.3379 0.7071
vn -0.6478 -0.2862 0.7060
vn -0.5561 -0.4367 0.7071
vn -0.5184 -0.4810 0.7070
vn -0.5121 -0.4771 0.7142
vn -0.4758 -0.5230 0.7071
vn -0.4319 -0.5613 0.7060
vn -0.4188 -0.5498 0.7228
vn -0.3822 -0.5949 0.7071
vn -0.3278 -0.6280 0.7058
vn -0.3196 -0.6010 0.7325
vn -0.2778 -0.6502 0.7071
vn -0.2170 -0.6743 0.7058
vn -0.2122 -0.6370 0.7411
vn -0.1658 -0.6874 0.7071
vn -0.0999 -0.7013 0.7058
vn -0.1018 -0.6544 0.7492
vn -0.0491 -0.7054 0.7071
vn 0.0200 -0.7081 0.7058
vn 0.0084 -0.6532 0.7571
vn 0.0690 -0.7038 0.7071
vn 0.1394 -0.6945 0.7058
vn 0.1154 -0.6340 0.7646
vn 0.1852 -0.6825 0.7070
vn 0.2548 -0.6610 0.7058
vn 0.2163 -0.5978 0.7719
vn 0.2962 -0.6422 0.7070
vn 0.3628 -0.6084 0.7058
vn 0.3086 -0.5461 0.7788
vn 0.3989 -0.5840 0.7070
vn 0.4604 -0.5383 0.7058
vn 0.3899 -0.4806 0.7855
vn 0.4905 -0.5095 0.7070
vn 0.5448 -0.4528 0.7058
vn 0.4583 -0.4036 0.7919
vn 0.5685 -0.4207 0.7070
vn 0.6135 -0.3542 0.7058
vn 0.5122 -0.3175 0.7980
vn 0.6306 -0.3203 0.7069
vn 0.6645 -0.2454 0.7058
vn 0.5506 -0.2248 0.8039
vn 0.6751 -0.2109 0.7069
vn 0.6964 -0.1296 0.7058
vn 0.5727 -0.1284 0.8096
vn 0.7009 -0.0956 0.7069
vn 0.7071 0.0026 0.7071
vn 0.7017 0.0248 0.7121
vn 0.7067 0.0277 0.7069
vn 0.6998 0.1098 0.7058
vn 0.5891 0.0719 0.8048
vn 0.6923 0.1449 0.7069
vn 0.6712 0.2265 0.7058
vn 0.5615 0.1667 0.8105
vn 0.6586 0.2581 0.7069
vn 0.6233 0.3367 0.7058
vn 0.5192 0.2545 0.8159
vn 0.6065 0.3641 0.7068
vn 0.5574 0.4372 0.7058
vn 0.4635 0.3330 0.8211
vn 0.5375 0.4600 0.7068
vn 0.4978 0.5026 0.7068
vn 0.4253 0.4697 0.7736
vn 0.4535 0.5430 0.7067
vn 0.4072 0.5784 0.7069
vn 0.3402 0.5355 0.7730
vn 0.3568 0.6110 0.7067
vn 0.3053 0.6381 0.7069
vn 0.2453 0.5864 0.7720
vn 0.2502 0.6618 0.7067
vn 0.2060 0.6765 0.7071
vn -0.2687 0.6542 0.7070
vn -0.2846 0.5849 0.7596
vn -0.3234 0.6296 0.7064
vn -0.3738 0.6003 0.7070
vn -0.3820 0.5321 0.7556
vn -0.4237 0.5670 0.7063
vn -0.4684 0.5297 0.7071
vn -0.4702 0.4636 0.7510
vn -0.5122 0.4887 0.7063
vn -0.5500 0.4444 0.7071
vn -0.5467 0.3809 0.7457
vn -0.5865 0.3966 0.7062
vn -0.6163 0.3467 0.7071
vn 0.1676 -0.0000 0.9859
vn 0.1828 0.0018 0.9831
vn 0.4981 -0.0018 0.8671
vn 0.5318 0.0027 0.8468
vn 0.6719 -0.0001 0.7407
vn 0.7960 0.0008 0.6053
vn 0.8135 0.0040 0.5815
vn 0.9956 -0.0000 0.0936
vn 0.9740 0.0054 0.2266
vn 0.9646 0.0019 0.2638
vn 0.9054 -0.0005 0.4246
vn -0.2445 -0.6668 0.7040
vn -0.2460 -0.6630 0.7070
vn -0.2675 -0.6546 0.7071
vn -0.3357 -0.6632 0.6689
vn -0.3271 -0.6282 0.7059
vn -0.3831 -0.5944 0.7071
vn -0.4520 -0.5909 0.6682
vn -0.4368 -0.5575 0.7060
vn -0.4899 -0.5100 0.7070
vn -0.4899 -0.5185 0.7008
vn -0.5173 -0.4477 0.7294
vn -0.5317 -0.4679 0.7060
vn -0.5717 -0.4161 0.7071
vn -0.6356 -0.3889 0.6669
vn -0.6086 -0.3623 0.7060
vn -0.6384 -0.3041 0.7071
vn -0.6967 -0.2660 0.6662
vn -0.6647 -0.2445 0.7060
vn -0.6834 -0.1818 0.7071
vn -0.7342 -0.1339 0.6656
vn -0.6983 -0.1183 0.7060
vn -0.7051 -0.0533 0.7071
vn -0.7469 0.0029 0.6649
vn -0.7081 0.0118 0.7060
vn -0.7029 0.0770 0.7071
vn -0.7343 0.1399 0.6643
vn -0.6939 0.1416 0.7060
vn -0.6769 0.2047 0.7071
vn -0.6968 0.2723 0.6636
vn -0.6561 0.2665 0.7060
vn -0.6278 0.3254 0.7071
vn -0.6355 0.3957 0.6630
vn -0.5961 0.3824 0.7060
vn -0.5574 0.4351 0.7071
vn -0.5546 0.4837 0.6771
vn -0.4814 0.4529 0.7504
vn -0.4879 0.5119 0.7070
vn -0.4681 0.5300 0.7071
vn -0.4509 0.5991 0.6617
vn -0.4179 0.5717 0.7060
vn -0.3629 0.6069 0.7071
vn -0.3337 0.6721 0.6610
vn -0.3059 0.6387 0.7060
vn -0.2453 0.6632 0.7071
vn -0.2050 0.7224 0.6604
vn -0.1835 0.6840 0.7060
vn -0.1194 0.6970 0.7071
vn -0.0692 0.7483 0.6597
vn -0.0549 0.7060 0.7060
vn 0.0105 0.7071 0.7071
vn 0.0692 0.7489 0.6591
vn 0.0757 0.7041 0.7060
vn 0.1401 0.6931 0.7071
vn 0.2055 0.7240 0.6585
vn 0.2036 0.6783 0.7061
vn 0.2649 0.6556 0.7071
vn 0.3349 0.6746 0.6579
vn 0.3246 0.6294 0.7061
vn 0.3807 0.5959 0.7071
vn 0.4532 0.6022 0.6572
vn 0.4346 0.5591 0.7061
vn 0.4879 0.5119 0.7070
vn 0.4888 0.5214 0.6995
vn 0.5164 0.4504 0.7284
vn 0.5298 0.4698 0.7061
vn 0.5701 0.4184 0.7071
vn 0.6407 0.3990 0.6560
vn 0.6070 0.3646 0.7061
vn 0.6372 0.3066 0.7071
vn 0.7035 0.2749 0.6554
vn 0.6636 0.2470 0.7061
vn 0.6827 0.1845 0.7071
vn 0.7425 0.1414 0.6547
vn 0.6977 0.1210 0.7061
vn 0.7049 0.0561 0.7071
vn 0.7564 0.0029 0.6541
vn 0.7081 -0.0091 0.7061
vn 0.7033 -0.0743 0.7071
vn 0.7446 -0.1358 0.6535
vn 0.6944 -0.1389 0.7061
vn 0.6777 -0.2021 0.7071
vn 0.7076 -0.2702 0.6529
vn 0.6571 -0.2639 0.7061
vn 0.6291 -0.3230 0.7070
vn 0.6465 -0.3956 0.6523
vn 0.5975 -0.3800 0.7061
vn 0.5591 -0.4330 0.7070
vn 0.5627 -0.4869 0.6680
vn 0.4885 -0.4560 0.7439
vn 0.4899 -0.5100 0.7070
vn 0.4702 -0.5282 0.7070
vn 0.4611 -0.6028 0.6512
vn 0.2472 -0.6664 0.7035
vn 0.2435 -0.6640 0.7070
vn 0.3084 -0.6374 0.7061
vn 0.3430 -0.6776 0.6506
vn 0.3652 -0.6056 0.7070
vn 0.4201 -0.5700 0.7061
vn 0.9960 0.0896 -0.0000
vn 0.9678 0.2516 -0.0000
vn 0.9135 0.4067 -0.0000
vn 0.7330 0.6802 -0.0000
vn 0.6117 0.7911 -0.0000
vn 0.3232 0.9463 -0.0000
vn 0.1638 0.9865 -0.0000
vn -0.1638 0.9865 -0.0000
vn -0.3232 0.9463 -0.0000
vn -0.6117 0.7911 -0.0000
vn -0.7330 0.6802 -0.0000
vn -0.9135 0.4067 -0.0000
vn -0.9678 0.2516 -0.0000
vn -0.9960 0.0896 -0.0000
vn -1.0000 0.0037 -0.0000
vn -1.0000 -0.0037 -0.0000
vn -0.9960 -0.0896 -0.0000
vn -0.9678 -0.2516 -0.0000
vn -0.9135 -0.4067 -0.0000
vn -0.7331 -0.6802 -0.0000
vn -0.6117 -0.7911 -0.0000
vn -0.3232 -0.9463 -0.0000
vn -0.1638 -0.9865 -0.0000
vn 0.1638 -0.9865 -0.0000
vn 0.3232 -0.9463 -0.0000
vn 0.6117 -0.7911 -0.0000
vn 0.7331 -0.6802 -0.0000
vn 0.9135 -0.4067 -0.0000
vn 0.9678 -0.2516 -0.0000
vn 0.9960 -0.0896 -0.0000
vn -0.9985 -0.0543 -0.0000
vn -0.9709 -0.2393 -0.0000
vn -0.8740 -0.4860 -0.0000
vn -0.7156 -0.6985 -0.0000
vn -0.5070 -0.8620 -0.0000
vn -0.2627 -0.9649 -0.0000
vn 0.2627 -0.9649 -0.0000
vn 0.5070 -0.8620 -0.0000
vn 0.7156 -0.6985 -0.0000
vn 0.8740 -0.4860 -0.0000
vn 0.9709 -0.2393 -0.0000
vn 0.9985 -0.0543 -0.0000
vn 0.9985 0.0543 -0.0000
vn 0.9709 0.2393 -0.0000
vn 0.8740 0.4860 -0.0000
vn 0.7156 0.6985 -0.0000
vn 0.5070 0.8620 -0.0000
vn 0.2627 0.9649 -0.0000
vn -0.2627 0.9649 -0.0000
vn -0.5070 0.8620 -0.0000
vn -0.7156 0.6985 -0.0000
vn -0.8740 0.4860 -0.0000
vn -0.9709 0.2393 -0.0000
vn -0.9985 0.0543 -0.0000
vn 0.5383 0.8427 -0.0000
vn 0.5383 0.8428 -0.0000
vn 0.6719 0.7406 -0.0000
vn 0.8325 0.5540 -0.0000
vn 0.9426 0.3338 -0.0000
vn 0.9956 0.0934 -0.0000
vn 0.9883 -0.1527 -0.0000
vn 0.9210 -0.3896 -0.0000
vn 0.7979 -0.6028 -0.0000
vn 0.6264 -0.7795 -0.0000
vn 0.4169 -0.9089 -0.0000
vn 0.1822 -0.9833 -0.0000
vn -0.0635 -0.9980 -0.0000
vn -0.3055 -0.9522 -0.0000
vn -0.3054 -0.9522 -0.0000
vn -0.4608 -0.8875 -0.0000
vn -0.5383 -0.8428 -0.0000
vn -0.5383 -0.8427 -0.0000
vn -0.6719 -0.7406 -0.0000
vn -0.8325 -0.5540 -0.0000
vn -0.9426 -0.3338 -0.0000
vn -0.9956 -0.0934 -0.0000
vn -0.9883 0.1527 -0.0000
vn -0.9210 0.3896 -0.0000
vn -0.7979 0.6028 -0.0000
vn -0.6264 0.7795 -0.0000
vn -0.4169 0.9089 -0.0000
vn -0.4170 0.9089 -0.0000
vn -0.1822 0.9833 -0.0000
vn 0.0636 0.9980 -0.0000
vn 0.3054 0.9522 -0.0000
vn 0.3055 0.9522 -0.0000
vn 0.4606 0.8876 -0.0000
vn 0.4605 0.8876 -0.0000
vn -0.5385 -0.8426 -0.0000
vn 0.0635 0.9980 -0.0000
vn 0.4608 0.8875 -0.0000
vn 0.4170 -0.9089 -0.0000
vn 0.1821 -0.9833 -0.0000
vn -0.4606 -0.8876 -0.0000
vn -0.4605 -0.8876 -0.0000
vn 0.4608 -0.8875 -0.0000
vn 0.3054 -0.9522 -0.0000
vn 0.3055 -0.9522 -0.0000
vn 0.0635 -0.9980 -0.0000
vn -0.1822 -0.9833 -0.0000
vn -0.4169 -0.9089 -0.0000
vn -0.4170 -0.9089 -0.0000
vn -0.6264 -0.7795 -0.0000
vn -0.7979 -0.6028 -0.0000
vn -0.9210 -0.3896 -0.0000
vn -0.9883 -0.1527 -0.0000
vn -0.9956 0.0934 -0.0000
vn -0.9426 0.3338 -0.0000
vn -0.8325 0.5540 -0.0000
vn -0.6719 0.7406 -0.0000
vn -0.5383 0.8427 -0.0000
vn -0.4605 0.8876 -0.0000
vn -0.4606 0.8876 -0.0000
vn -0.3055 0.9522 -0.0000
vn -0.3054 0.9522 -0.0000
vn -0.0636 0.9980 -0.0000
vn 0.1822 0.9833 -0.0000
vn 0.4170 0.9089 -0.0000
vn 0.4169 0.9089 -0.0000
vn 0.6264 0.7795 -0.0000
vn 0.7979 0.6028 -0.0000
vn 0.9210 0.3896 -0.0000
vn 0.9883 0.1527 -0.0000
vn 0.9956 -0.0934 -0.0000
vn 0.9426 -0.3338 -0.0000
vn 0.8325 -0.5540 -0.0000
vn 0.6719 -0.7406 -0.0000
vn 0.5383 -0.8427 -0.0000
vn 0.5383 -0.8428 -0.0000
vn -0.4608 0.8875 -0.0000
vn -0.0635 0.9980 -0.0000
vn 0.5385 -0.8426 -0.0000
vn 0.4605 -0.8876 -0.0000
vn 0.4606 -0.8876 -0.0000
vn 0.0636 -0.9980 -0.0000
vn -0.5383 0.8428 -0.0000
vn -1.0000 -0.0000 0.0001
vn -0.0000 0.1467 -0.9892
vn -0.0172 0.1660 -0.9860
vn 0.0251 0.5026 -0.8642
vn -0.0771 0.4298 -0.8996
vn 0.0297 0.6702 -0.7416
vn -0.0361 0.7725 -0.6340
vn -0.0000 0.8228 -0.5684
vn -0.0000 0.2015 0.9795
vn -0.0119 0.1675 0.9858
vn 0.0124 0.5508 0.8345
vn 0.0078 0.5615 0.8274
vn -0.0065 0.8325 0.5540
vn 0.0220 0.8804 0.4737
vn 0.0001 0.9492 0.3148
vn 0.0337 0.8311 -0.5551
vn 0.0001 0.9491 -0.3150
vn 0.0001 1.0000 -0.0000
vn 0.0531 0.9910 -0.1229
vn 0.0001 0.9925 0.1225
vn -0.0100 0.8806 -0.4738
vn 0.0081 0.5509 -0.8346
vn 0.0110 0.5569 -0.8305
vn -0.0097 0.1675 -0.9858
vn -0.0000 0.1960 -0.9806
vn -0.0000 1.0000 0.0001
vn -0.0002 1.0000 0.0001
vn -0.0003 1.0000 -0.0000
vn -0.0000 0.7072 0.7070
vn -0.0000 0.7071 0.7071
vn -0.0000 0.7072 0.7071
vn -0.0000 0.1758 -0.9844
vn -0.0000 0.9981 -0.0624
vn 0.0076 0.9844 -0.1758
vn -0.0115 0.2379 -0.9712
vn 0.0140 0.5909 -0.8066
vn -0.0000 0.5392 -0.8422
vn -0.0000 0.7636 -0.6457
vn 0.0115 0.8422 -0.5391
vn -0.0000 0.8842 -0.4672
vn -0.0000 0.9715 -0.2370
vn -0.9927 -0.1204 -0.0000
vn -0.9853 -0.1674 -0.0347
vn -0.9273 -0.3733 0.0270
vn -0.8199 -0.5648 -0.0938
vn -0.8322 -0.5493 -0.0757
vn -0.7346 -0.6785 -0.0013
vn -0.5661 -0.8243 0.0023
vn -0.4725 -0.8780 -0.0768
vn -0.3447 -0.9387 -0.0000
vn -0.0000 -0.9982 -0.0596
vn -0.0269 -0.9990 -0.0355
vn -0.2061 -0.9785 -0.0000
vn 0.6503 -0.7597 -0.0000
vn 0.5132 -0.8578 -0.0293
vn 0.4728 -0.8786 -0.0678
vn 0.3209 -0.9471 -0.0000
vn 0.1793 -0.9838 -0.0000
vn 0.9885 -0.1500 -0.0179
vn 0.8342 -0.5507 0.0280
vn 0.8856 -0.4324 -0.1698
vn 0.7585 -0.6517 -0.0000
vn -0.7363 0.6766 -0.0000
vn 0.9927 0.1203 -0.0000
vn 0.9851 0.1684 -0.0349
vn 0.9273 0.3735 0.0270
vn 0.8298 0.5519 -0.0825
vn 0.7798 0.6260 -0.0042
vn 0.5653 0.8249 0.0038
vn 0.4668 0.8810 -0.0777
vn 0.3403 0.9403 -0.0000
vn -0.0094 0.9980 -0.0627
vn 0.0253 0.9992 -0.0321
vn 0.2013 0.9795 -0.0000
vn -0.6547 0.7559 -0.0000
vn -0.5123 0.8580 -0.0382
vn -0.4837 0.8727 -0.0667
vn -0.3269 0.9450 -0.0000
vn -0.1857 0.9826 -0.0000
vn -0.9872 0.1592 -0.0000
vn -0.9887 0.1497 -0.0094
vn -0.8428 0.5380 0.0150
vn -0.8874 0.4328 -0.1585
vn -0.8056 0.5907 -0.0456
vn -0.0000 -0.2015 -0.9795
vn -0.0119 -0.1675 -0.9858
vn 0.0124 -0.5509 -0.8345
vn 0.0078 -0.5615 -0.8274
vn -0.0065 -0.8325 -0.5540
vn 0.0220 -0.8804 -0.4738
vn 0.0001 -0.9491 -0.3149
vn 0.0337 -0.8311 0.5551
vn 0.0001 -0.9491 0.3149
vn 0.0001 -1.0000 -0.0000
vn 0.0530 -0.9910 0.1228
vn 0.0001 -0.9925 -0.1224
vn -0.0099 -0.8805 0.4739
vn 0.0082 -0.5509 0.8345
vn 0.0110 -0.5568 0.8306
vn -0.0097 -0.1675 0.9858
vn -0.0000 -0.1960 0.9806
vn -0.5180 0.8552 0.0176
vn 0.4776 0.8786 0.0001
vn -0.9776 0.2106 0.0002
vn -0.9716 0.2368 0.0009
vn -0.9740 0.2266 0.0016
vn -0.9475 0.3197 -0.0028
vn 0.6069 0.7948 -0.0017
vn 0.5551 0.8318 -0.0063
vn 0.5315 0.8470 -0.0112
vn 0.5721 0.8202 0.0008
vn 0.4992 0.8665 -0.0000
vn 0.5907 0.8069 0.0045
vn 0.5796 0.8148 0.0110
vn 0.5986 0.8010 -0.0102
vn 0.5319 0.8468 0.0034
vn 0.5180 0.8552 0.0176
vn 0.1789 0.9839 -0.0000
vn 0.1991 0.9800 0.0007
vn 0.2630 0.9648 -0.0055
vn 0.2628 0.9648 -0.0056
vn 0.3165 0.9486 -0.0000
vn 0.3441 0.9390 -0.0000
vn 0.3471 0.9378 0.0001
vn 0.4238 0.9058 -0.0009
vn 0.3917 0.9200 -0.0114
vn 0.4370 0.8995 -0.0031
vn -0.3165 0.9486 -0.0000
vn -0.2628 0.9648 -0.0056
vn -0.3283 0.9445 0.0127
vn -0.2048 0.9787 -0.0150
vn -0.2456 0.9694 -0.0001
vn -0.1631 0.9866 -0.0000
vn -0.1623 0.9867 -0.0000
vn -0.1160 0.9933 0.0001
vn -0.0766 0.9970 -0.0074
vn -0.0390 0.9992 -0.0000
vn 0.0084 1.0000 -0.0000
vn 0.0389 0.9992 0.0013
vn 0.0946 0.9955 -0.0073
vn 0.1164 0.9932 -0.0021
vn 0.1630 0.9866 -0.0000
vn -0.4777 0.8785 0.0001
vn -0.4370 0.8995 -0.0031
vn -0.3917 0.9200 -0.0114
vn -0.3472 0.9378 -0.0000
vn -0.4074 0.9133 -0.0022
vn -0.4846 0.8745 0.0195
vn -0.5907 0.8069 0.0045
vn -0.5973 0.7992 -0.0673
vn -0.5681 0.8226 0.0235
vn -0.5796 0.8148 0.0110
vn -0.5729 0.8196 -0.0035
vn -0.5551 0.8318 -0.0063
vn -0.5136 0.8580 -0.0001
vn -0.5572 0.8304 -0.0027
vn -0.6268 0.7791 0.0093
vn -0.9987 0.0501 -0.0000
vn -0.9983 0.0587 0.0007
vn -0.9883 0.1523 -0.0006
vn -0.9896 0.1438 -0.0000
vn -0.9808 0.1950 -0.0000
vn -0.6069 0.7948 -0.0017
vn -0.6015 0.7989 -0.0000
vn -0.6653 0.7466 -0.0000
vn -0.6907 0.7231 -0.0020
vn -0.7273 0.6864 0.0008
vn -0.7505 0.6608 -0.0000
vn -0.7836 0.6213 -0.0000
vn -0.8040 0.5947 -0.0019
vn -0.8343 0.5514 0.0009
vn -0.8523 0.5231 -0.0000
vn -0.8786 0.4776 -0.0000
vn -0.8936 0.4488 -0.0018
vn -0.9165 0.4000 0.0009
vn -0.9290 0.3700 -0.0000
vn -0.9556 0.2946 -0.0000
vn 0.5729 0.8196 -0.0035
vn 0.6015 0.7989 -0.0000
vn 0.6397 0.7686 -0.0000
vn 0.6653 0.7466 0.0002
vn 0.7036 0.7105 -0.0026
vn 0.7273 0.6864 -0.0000
vn 0.7614 0.6482 -0.0000
vn 0.7836 0.6213 0.0001
vn 0.8146 0.5801 -0.0027
vn 0.8343 0.5514 -0.0000
vn 0.8607 0.5090 -0.0000
vn 0.8786 0.4776 -0.0000
vn 0.9011 0.4336 -0.0028
vn 0.9351 0.3544 0.0039
vn 0.9165 0.4000 -0.0000
vn 0.9475 0.3197 -0.0000
vn 0.9618 0.2737 -0.0027
vn 0.9818 0.1897 0.0038
vn 1.0000 0.0079 -0.0000
vn 0.9999 0.0116 -0.0000
vn 0.9978 0.0665 0.0003
vn 0.9944 0.1056 -0.0026
vn 0.9883 0.1523 -0.0000
vn 0.9716 0.2368 -0.0000
vn -0.7058 -0.0617 0.7057
vn -0.7058 -0.0617 0.7058
vn -0.6843 -0.1834 0.7058
vn -0.6421 -0.2994 0.7058
vn -0.6421 -0.2994 0.7057
vn -0.5803 -0.4064 0.7058
vn -0.5803 -0.4063 0.7058
vn -0.5009 -0.5010 0.7058
vn -0.5010 -0.5010 0.7058
vn -0.4064 -0.5803 0.7058
vn -0.4063 -0.5803 0.7058
vn -0.2994 -0.6421 0.7058
vn -0.1834 -0.6843 0.7058
vn -0.0617 -0.7058 0.7057
vn 0.0617 -0.7058 0.7057
vn 0.0617 -0.7058 0.7058
vn 0.1834 -0.6843 0.7058
vn 0.2994 -0.6421 0.7058
vn 0.4063 -0.5803 0.7058
vn 0.4064 -0.5803 0.7058
vn 0.5010 -0.5010 0.7058
vn 0.5803 -0.4064 0.7058
vn 0.5803 -0.4064 0.7057
vn 0.6421 -0.2994 0.7057
vn 0.6421 -0.2994 0.7058
vn 0.6843 -0.1834 0.7058
vn 0.7058 -0.0617 0.7058
vn 0.7058 -0.0617 0.7057
vn -0.0000 -0.2015 0.9795
vn 0.0119 -0.1675 0.9858
vn -0.0124 -0.5509 0.8345
vn -0.0078 -0.5615 0.8274
vn 0.0065 -0.8325 0.5540
vn -0.0220 -0.8804 0.4738
vn -0.0001 -0.9491 0.3148
vn -0.0337 -0.8311 -0.5551
vn -0.0001 -0.9491 -0.3149
vn -0.0001 -1.0000 -0.0000
vn -0.0530 -0.9910 -0.1228
vn -0.0001 -0.9925 0.1224
vn 0.0099 -0.8805 -0.4739
vn -0.0082 -0.5509 -0.8345
vn -0.0110 -0.5568 -0.8306
vn 0.0097 -0.1675 -0.9858
vn -0.0000 -0.1960 -0.9806
vn -0.0000 0.2015 -0.9795
vn 0.0148 0.1592 -0.9871
vn -0.0149 0.5380 -0.8428
vn -0.0212 0.8745 -0.4846
vn 0.0046 0.8324 -0.5541
vn -0.0051 0.5616 -0.8274
vn -0.0271 0.9996 -0.0094
vn -0.0001 0.9918 -0.1281
vn -0.0001 0.9475 -0.3198
vn -0.0361 0.8310 0.5552
vn -0.0001 0.9503 0.3113
vn -0.0001 0.9930 0.1185
vn 0.0113 0.8836 0.4681
vn -0.0091 0.5538 0.8326
vn -0.0105 0.5569 0.8305
vn 0.0094 0.1685 0.9857
vn -0.0000 0.1960 0.9806
vn 0.9899 -0.0114 0.1415
vn 0.9876 -0.0000 0.1572
vn 0.8531 -0.0000 -0.5217
vn 0.9931 0.0282 -0.1137
vn 0.9900 0.0116 0.1406
vn 0.9925 0.0317 0.1181
vn 0.9917 0.0208 0.1271
vn 0.9988 0.0009 0.0486
vn 0.9996 -0.0002 0.0276
vn 0.9999 0.0007 0.0109
vn 0.9999 0.0063 -0.0116
vn 0.9947 0.0419 -0.0940
vn 0.9933 0.0986 -0.0602
vn 0.9945 0.0584 -0.0867
vn 0.9907 -0.0106 -0.1358
vn 0.9930 -0.0291 -0.1142
vn 0.9943 -0.0601 -0.0878
vn 0.9939 -0.0320 -0.1051
vn 0.9996 -0.0054 -0.0294
vn 0.9999 -0.0007 -0.0109
vn 0.9999 0.0004 0.0107
vn 0.9996 -0.0022 0.0284
vn 0.9929 -0.0243 0.1161
vn 0.9936 -0.0662 0.0918
vn 0.9924 -0.0319 0.1191
vn 0.8473 -0.0062 -0.5311
vn 0.9433 0.0062 -0.3318
vn 0.9470 -0.0000 -0.3213
vn 0.9889 -0.0000 -0.1484
vn 0.9834 0.0193 -0.1806
vn -0.6488 0.6982 -0.3028
vn -0.6487 0.6982 -0.3028
vn -0.7159 0.6982 0.0068
vn -0.6429 0.6982 0.3150
vn -0.4441 0.6982 0.5615
vn -0.1585 0.6982 0.6982
vn -0.1583 0.6982 0.6982
vn -0.5804 0.7066 -0.4047
vn -0.5804 0.7067 -0.4047
vn -0.6730 0.6990 -0.2418
vn -0.7127 0.6990 0.0583
vn -0.7128 0.6990 0.0583
vn -0.6248 0.6990 0.3479
vn -0.6891 0.7002 -0.1869
vn -0.7080 0.7002 0.0922
vn -0.6182 0.7002 0.3572
vn -0.6540 0.7063 -0.2709
vn -0.6541 0.7063 -0.2709
vn -0.1845 0.7002 -0.6897
vn -0.4354 0.7002 -0.5658
vn -0.6194 0.7002 -0.3551
vn -0.6194 0.7002 -0.3550
vn -0.1958 0.6990 -0.6878
vn -0.4628 0.6990 -0.5452
vn -0.6469 0.6990 -0.3049
vn -0.6469 0.6990 -0.3050
vn -0.6617 0.7046 0.2564
vn -0.6949 0.7065 0.1341
vn -0.8629 0.4924 0.1136
vn -0.7006 0.7060 -0.1035
vn -0.8457 0.5258 -0.0916
vn -0.7071 0.7069 -0.0193
vn -0.7059 0.7065 0.0503
vn -0.5459 0.6990 0.4620
vn -0.3059 0.6990 0.6464
vn -0.0111 0.6990 0.7150
vn -0.5065 0.7001 0.5033
vn -0.2742 0.7001 0.6593
vn -0.2741 0.7002 0.6592
vn 0.0003 0.7002 0.7140
vn -0.5617 0.7062 0.4310
vn -0.6896 0.7001 -0.1851
vn -0.7078 0.7001 0.0942
vn -0.6172 0.7001 0.3589
vn -0.6936 0.6989 -0.1743
vn -0.6936 0.6990 -0.1743
vn -0.7036 0.6989 0.1282
vn -0.5876 0.6989 0.4077
vn -0.1088 0.7046 0.7012
vn -0.4189 0.7046 0.5728
vn -0.4190 0.7046 0.5728
vn -0.3094 0.7065 0.6366
vn -0.3331 0.4923 0.8041
vn -0.2313 0.7065 0.6689
vn -0.1088 0.7046 0.7013
vn 0.1271 0.6990 0.7037
vn 0.4068 0.6990 0.5881
vn 0.4069 0.6990 0.5881
vn 0.6137 0.6990 0.3672
vn 0.1826 0.7002 0.6902
vn 0.4339 0.7002 0.5670
vn 0.6185 0.7002 0.3567
vn 0.0924 0.7063 0.7019
vn -0.5051 0.7001 0.5047
vn -0.2724 0.7001 0.6600
vn -0.2723 0.7002 0.6600
vn 0.0022 0.7002 0.7140
vn -0.4978 0.6989 0.5135
vn -0.2408 0.6990 0.6734
vn -0.2408 0.6989 0.6734
vn 0.0594 0.6989 0.7127
vn 0.0593 0.6989 0.7127
vn 0.5529 0.7046 0.4448
vn 0.2866 0.7046 0.6492
vn 0.3966 0.7065 0.5862
vn 0.5299 0.4923 0.6905
vn 0.4636 0.7065 0.5348
vn 0.6730 0.6990 0.2418
vn 0.7128 0.6990 -0.0583
vn 0.6248 0.6990 -0.3479
vn 0.6891 0.7002 0.1869
vn 0.6891 0.7001 0.1870
vn 0.7080 0.7001 -0.0922
vn 0.6182 0.7001 -0.3573
vn 0.6181 0.7002 -0.3573
vn 0.6541 0.7063 0.2709
vn 0.6540 0.7063 0.2709
vn 0.1845 0.7002 0.6897
vn 0.4354 0.7002 0.5658
vn 0.6194 0.7002 0.3550
vn 0.6194 0.7002 0.3551
vn 0.1958 0.6990 0.6878
vn 0.4628 0.6990 0.5452
vn 0.6468 0.6990 0.3049
vn 0.6469 0.6990 0.3049
vn 0.7045 0.7050 0.0824
vn 0.7053 0.7050 -0.0746
vn 0.7053 0.7049 -0.0746
vn 0.6717 0.7049 -0.2279
vn 0.6051 0.7049 -0.3700
vn 0.6051 0.7049 -0.3701
vn 0.1584 0.6982 0.6982
vn 0.4441 0.6982 0.5615
vn 0.6429 0.6982 0.3150
vn 0.7159 0.6982 0.0068
vn 0.7159 0.6982 0.0067
vn 0.6487 0.6982 -0.3028
vn 0.6488 0.6982 -0.3028
vn -0.0000 0.7069 0.7073
vn -0.0000 0.7071 0.7072
vn -0.0000 0.7070 0.7073
vn -0.0000 0.7073 0.7069
vn -0.7070 0.0123 0.7071
vn -0.8079 0.0796 0.5840
vn -0.7035 0.0817 0.7060
vn -0.6914 0.1485 0.7071
vn -0.7665 0.2325 0.5986
vn -0.6746 0.2159 0.7059
vn -0.6497 0.2791 0.7071
vn -0.6964 0.3722 0.6136
vn -0.6203 0.3421 0.7058
vn -0.5836 0.3993 0.7071
vn -0.6010 0.4932 0.6289
vn -0.5427 0.4554 0.7058
vn -0.4956 0.5043 0.7071
vn -0.4852 0.5912 0.6443
vn -0.4447 0.5516 0.7057
vn -0.3890 0.5905 0.7071
vn -0.3543 0.6628 0.6597
vn -0.3299 0.6271 0.7056
vn -0.2677 0.6545 0.7071
vn -0.2141 0.7060 0.6751
vn -0.2028 0.6791 0.7055
vn -0.0695 0.7054 0.7054
vn 0.0695 0.7054 0.7054
vn 0.2058 0.6783 0.7054
vn 0.2115 0.7083 0.6734
vn 0.2677 0.6545 0.7071
vn 0.3341 0.6251 0.7054
vn 0.3515 0.6681 0.6558
vn 0.3890 0.5905 0.7071
vn 0.4497 0.5479 0.7054
vn 0.4837 0.6001 0.6371
vn 0.4956 0.5043 0.7071
vn 0.5479 0.4497 0.7054
vn 0.6027 0.5057 0.6172
vn 0.5836 0.3993 0.7071
vn 0.6251 0.3341 0.7054
vn 0.7031 0.3877 0.5961
vn 0.6497 0.2791 0.7071
vn 0.6783 0.2058 0.7054
vn 0.7802 0.2497 0.5736
vn 0.6914 0.1485 0.7071
vn 0.7054 0.0695 0.7054
vn 0.8298 0.0964 0.5497
vn 0.7071 0.0123 0.7071
vn 0.7071 -0.0123 0.7071
vn 0.8079 -0.0796 0.5840
vn 0.7035 -0.0817 0.7060
vn 0.6914 -0.1485 0.7071
vn 0.7665 -0.2325 0.5986
vn 0.6746 -0.2159 0.7059
vn 0.6497 -0.2791 0.7071
vn 0.6964 -0.3722 0.6136
vn 0.6203 -0.3421 0.7058
vn 0.5836 -0.3993 0.7071
vn 0.6010 -0.4932 0.6289
vn 0.5427 -0.4554 0.7058
vn 0.4956 -0.5043 0.7071
vn 0.4852 -0.5912 0.6443
vn 0.4447 -0.5516 0.7057
vn 0.3890 -0.5905 0.7071
vn 0.3543 -0.6628 0.6597
vn 0.3299 -0.6271 0.7056
vn 0.2677 -0.6545 0.7071
vn 0.2141 -0.7060 0.6751
vn 0.2028 -0.6791 0.7055
vn 0.0695 -0.7054 0.7054
vn -0.0695 -0.7054 0.7054
vn -0.2058 -0.6783 0.7054
vn -0.2115 -0.7083 0.6734
vn -0.2677 -0.6545 0.7071
vn -0.3341 -0.6251 0.7054
vn -0.3515 -0.6681 0.6558
vn -0.3890 -0.5905 0.7071
vn -0.4497 -0.5479 0.7054
vn -0.4837 -0.6000 0.6371
vn -0.4956 -0.5043 0.7071
vn -0.5479 -0.4497 0.7054
vn -0.6027 -0.5057 0.6172
vn -0.5836 -0.3993 0.7071
vn -0.6251 -0.3341 0.7054
vn -0.7031 -0.3877 0.5961
vn -0.6497 -0.2791 0.7071
vn -0.6783 -0.2058 0.7054
vn -0.7802 -0.2497 0.5736
vn -0.6914 -0.1485 0.7071
vn -0.7054 -0.0695 0.7054
vn -0.8298 -0.0964 0.5497
vn -0.7071 -0.0123 0.7071
vn 0.9659 -0.2588 -0.0000
vn 0.7071 -0.7071 -0.0000
vn 0.2588 -0.9659 -0.0000
vn 0.2589 -0.9659 -0.0000
vn -0.2589 -0.9659 -0.0000
vn -0.7071 -0.7071 -0.0000
vn -0.9659 -0.2588 -0.0000
vn -0.9659 0.2588 -0.0000
vn -0.7071 0.7071 -0.0000
vn -0.2588 0.9659 -0.0000
vn 0.2588 0.9659 -0.0000
vn 0.7071 0.7071 -0.0000
vn 0.9659 0.2588 -0.0000
vn -0.2588 -0.9659 -0.0000
vn -0.9651 -0.0000 -0.2618
vn -0.9916 -0.0000 0.1292
vn -0.8658 -0.0000 0.5004
vn -0.2584 -0.0000 -0.9660
vn -0.6098 -0.0000 -0.7925
vn -0.8676 -0.0000 -0.4973
vn -0.7093 -0.0000 0.7049
vn -0.3839 -0.0000 0.9234
vn 0.0004 -0.0000 1.0000
vn -0.9658 -0.0000 -0.2592
vn -0.9913 -0.0000 0.1319
vn -0.8645 -0.0000 0.5027
vn 0.2463 -0.0000 0.9692
vn 0.6652 -0.0229 0.7463
vn 0.5194 -0.0001 0.8546
vn 0.2498 0.0007 0.9683
vn 0.6077 -0.0064 0.7942
vn 0.8711 0.0071 0.4911
vn 0.8570 -0.0000 0.5153
vn 0.1305 -0.0000 0.9914
vn 0.0949 0.0349 0.9949
vn 0.1072 0.0233 0.9940
vn 0.1300 0.0085 0.9915
vn 0.1470 -0.0000 0.9891
vn 0.0632 -0.0000 0.9980
vn 0.1305 -0.0017 0.9914
vn 0.1087 -0.0232 0.9938
vn 0.1308 -0.0083 0.9914
vn -0.7074 -0.0000 0.7068
vn -0.3814 -0.0000 0.9244
vn 0.0031 -0.0000 1.0000
vn 0.9651 -0.0000 0.2618
vn 0.9916 -0.0000 -0.1292
vn 0.8658 -0.0000 -0.5004
vn 0.9239 -0.0000 0.3827
vn 0.2584 -0.0000 0.9660
vn 0.6098 -0.0000 0.7925
vn 0.8676 -0.0000 0.4973
vn 0.1391 -0.0000 0.9903
vn 0.1778 -0.0042 0.9841
vn 0.5689 0.0060 0.8224
vn 0.5178 -0.0033 0.8555
vn 0.8581 0.0031 0.5134
vn 0.8471 -0.0000 0.5314
vn 0.8719 -0.0000 0.4896
vn 0.8662 0.0027 0.4996
vn 0.6930 -0.0014 0.7210
vn 0.6076 0.0120 0.7941
vn 0.5286 -0.0000 0.8489
vn 0.4307 -0.0000 0.9025
vn 0.2558 0.0024 0.9667
vn 0.2452 -0.0000 0.9695
vn 0.0012 -0.0000 -1.0000
vn -0.0000 -0.0027 -1.0000
vn -0.7070 -0.0105 -0.7071
vn 0.7058 -0.0614 -0.7058
vn -0.7050 -0.0674 -0.7060
vn -0.7054 -0.0674 -0.7056
vn -0.6539 -0.0675 -0.7536
vn 0.6845 -0.1824 -0.7058
vn 0.6647 -0.2412 -0.7071
vn 0.6366 -0.2951 -0.7125
vn 0.6424 -0.2985 -0.7058
vn 0.6128 -0.3528 -0.7071
vn 0.5733 -0.3988 -0.7157
vn 0.5810 -0.4053 -0.7058
vn 0.5425 -0.4536 -0.7071
vn 0.4935 -0.4896 -0.7189
vn 0.5020 -0.4998 -0.7058
vn 0.4557 -0.5406 -0.7071
vn 0.3997 -0.5648 -0.7220
vn 0.4079 -0.5792 -0.7058
vn 0.3552 -0.6114 -0.7071
vn 0.2947 -0.6226 -0.7250
vn 0.3014 -0.6410 -0.7059
vn 0.2439 -0.6637 -0.7071
vn 0.1819 -0.6611 -0.7279
vn 0.1858 -0.6835 -0.7059
vn 0.1252 -0.6959 -0.7071
vn 0.0647 -0.6796 -0.7307
vn 0.0646 -0.7054 -0.7059
vn 0.0028 -0.7071 -0.7071
vn -0.0535 -0.6775 -0.7335
vn -0.0586 -0.7059 -0.7059
vn -0.1197 -0.6969 -0.7071
vn -0.1690 -0.6553 -0.7363
vn -0.1800 -0.6851 -0.7059
vn -0.2386 -0.6657 -0.7071
vn -0.2785 -0.6135 -0.7389
vn -0.2959 -0.6435 -0.7059
vn -0.3503 -0.6143 -0.7071
vn -0.3787 -0.5539 -0.7415
vn -0.4029 -0.5825 -0.7060
vn -0.4514 -0.5443 -0.7071
vn -0.4667 -0.4781 -0.7440
vn -0.4977 -0.5039 -0.7059
vn -0.5388 -0.4579 -0.7071
vn -0.5401 -0.3887 -0.7465
vn -0.5774 -0.4101 -0.7060
vn -0.6100 -0.3576 -0.7071
vn -0.5967 -0.2883 -0.7489
vn -0.6397 -0.3039 -0.7060
vn -0.6627 -0.2466 -0.7071
vn -0.6349 -0.1802 -0.7513
vn -0.6827 -0.1885 -0.7060
vn -0.6954 -0.1281 -0.7071
vn 0.9933 0.1154 -0.0022
vn 0.9863 0.1649 0.0010
vn 0.9983 0.0581 -0.0000
vn 0.9957 0.0927 -0.0011
vn 0.9777 0.2100 -0.0000
vn 0.9524 0.3049 -0.0000
vn 0.9483 0.3173 0.0015
vn 0.9188 0.3947 -0.0000
vn 0.8757 0.4829 -0.0000
vn 0.8704 0.4924 0.0013
vn 0.8254 0.5646 -0.0000
vn 0.7660 0.6428 -0.0000
vn 0.7604 0.6494 0.0011
vn 0.7009 0.7132 -0.0000
vn 0.6276 0.7785 -0.0000
vn 0.6225 0.7826 0.0008
vn 0.5501 0.8351 -0.0000
vn 0.4656 0.8850 -0.0000
vn 0.4617 0.8870 0.0006
vn 0.3786 0.9256 -0.0000
vn 0.2861 0.9582 -0.0000
vn 0.2840 0.9588 0.0003
vn -0.0402 0.9992 -0.0000
vn 0.0403 0.9992 -0.0000
vn 0.0980 0.9952 -0.0033
vn 0.0896 0.9960 -0.0039
vn 0.1449 0.9894 -0.0001
vn -0.0892 0.9960 -0.0000
vn -0.0892 0.9960 -0.0028
vn -0.1446 0.9895 -0.0066
vn -0.0980 0.9952 -0.0003
vn -0.2377 0.9713 0.0001
vn -0.2861 0.9582 -0.0031
vn -0.3297 0.9441 -0.0000
vn -0.9961 0.0879 -0.0000
vn -0.4187 0.9081 -0.0000
vn -0.3786 0.9256 0.0029
vn -0.5038 0.8638 -0.0056
vn -0.4656 0.8850 -0.0000
vn -0.5843 0.8116 -0.0000
vn -0.5501 0.8351 0.0028
vn -0.6593 0.7518 -0.0052
vn -0.6276 0.7785 -0.0000
vn -0.7284 0.6852 -0.0000
vn -0.7009 0.7132 0.0026
vn -0.7907 0.6122 -0.0048
vn -0.7660 0.6428 -0.0000
vn -0.8457 0.5336 -0.0000
vn -0.8253 0.5646 0.0025
vn -0.8930 0.4501 -0.0044
vn -0.8757 0.4829 -0.0000
vn -0.9320 0.3624 -0.0000
vn -0.9188 0.3947 0.0023
vn -0.9624 0.2714 -0.0040
vn -0.9524 0.3049 -0.0000
vn -0.9812 0.1930 -0.0000
vn -0.9777 0.2100 0.0008
vn -0.9917 0.1285 -0.0012
vn -0.9933 0.1154 -0.0021
vn -0.9961 0.0879 -0.0010
vn -0.9998 0.0175 -0.0000
vn -0.9984 0.0573 -0.0000
vn -0.9961 -0.0879 -0.0000
vn -0.1678 -0.9858 -0.0001
vn -0.2377 -0.9713 0.0001
vn -0.2861 -0.9582 -0.0031
vn -0.3297 -0.9441 -0.0000
vn -0.3786 -0.9256 -0.0000
vn -0.4187 -0.9081 0.0003
vn -0.4656 -0.8850 -0.0029
vn -0.5038 -0.8638 -0.0000
vn -0.5501 -0.8351 -0.0000
vn -0.5842 -0.8116 0.0004
vn -0.6276 -0.7785 -0.0028
vn -0.6593 -0.7518 -0.0000
vn -0.7009 -0.7132 -0.0000
vn -0.7284 -0.6852 0.0005
vn -0.7660 -0.6428 -0.0026
vn -0.7907 -0.6122 -0.0000
vn -0.8253 -0.5646 -0.0000
vn -0.8457 -0.5336 0.0006
vn -0.8757 -0.4829 -0.0025
vn -0.8930 -0.4501 -0.0000
vn -0.9188 -0.3947 -0.0000
vn -0.9320 -0.3624 0.0006
vn -0.9524 -0.3049 -0.0023
vn -0.9625 -0.2714 -0.0000
vn -0.9777 -0.2100 -0.0000
vn -0.9870 -0.1608 0.0011
vn -0.9933 -0.1154 -0.0021
vn -0.9961 -0.0879 -0.0010
vn -0.9984 -0.0573 -0.0000
vn 0.0403 -0.9992 -0.0000
vn -0.0402 -0.9992 -0.0000
vn -0.1330 -0.9911 -0.0013
vn -0.0980 -0.9952 -0.0032
vn -0.1097 -0.9940 -0.0042
vn -0.0892 -0.9960 -0.0028
vn -0.0892 -0.9960 -0.0000
vn 0.0896 -0.9960 -0.0028
vn 0.0980 -0.9952 -0.0034
vn 0.1449 -0.9894 -0.0001
vn 0.2861 -0.9582 0.0003
vn 0.2840 -0.9588 -0.0000
vn 0.3786 -0.9256 -0.0000
vn 0.4617 -0.8870 0.0006
vn 0.4656 -0.8850 -0.0000
vn 0.5501 -0.8351 -0.0000
vn 0.6225 -0.7826 0.0008
vn 0.6276 -0.7785 -0.0000
vn 0.7009 -0.7132 -0.0000
vn 0.7604 -0.6494 0.0011
vn 0.7660 -0.6428 -0.0000
vn 0.8254 -0.5646 -0.0000
vn 0.8704 -0.4924 0.0013
vn 0.8757 -0.4829 -0.0000
vn 0.9188 -0.3947 -0.0000
vn 0.9483 -0.3173 0.0015
vn 0.9524 -0.3049 -0.0000
vn 0.9777 -0.2100 -0.0000
vn 0.9863 -0.1649 0.0010
vn 0.9933 -0.1154 -0.0022
vn 0.9957 -0.0927 -0.0011
vn 0.9998 -0.0175 -0.0000
vn 0.9983 -0.0581 -0.0000
vn 0.1328 0.4956 0.8584
vn 0.3628 0.3628 0.8584
vn 0.4956 0.1328 0.8584
vn -0.4956 0.1328 0.8584
vn -0.3628 0.3628 0.8584
vn -0.1328 0.4956 0.8584
vn 0.7045 -0.0855 -0.7045
vn 0.6636 -0.2517 -0.7045
vn 0.5841 -0.4031 -0.7045
vn 0.5841 -0.4032 -0.7045
vn 0.4706 -0.5312 -0.7045
vn 0.3298 -0.6284 -0.7045
vn 0.1698 -0.6890 -0.7045
vn 0.1698 -0.6891 -0.7045
vn -0.0000 -0.7097 -0.7045
vn -0.1698 -0.6891 -0.7045
vn -0.1698 -0.6890 -0.7045
vn -0.3298 -0.6284 -0.7045
vn -0.4706 -0.5312 -0.7045
vn -0.5841 -0.4032 -0.7045
vn -0.5840 -0.4031 -0.7045
vn -0.6636 -0.2517 -0.7045
vn -0.7045 -0.0855 -0.7045
vn -0.7045 0.0855 -0.7045
vn -0.6636 0.2517 -0.7045
vn -0.6636 0.2516 -0.7045
vn -0.5841 0.4031 -0.7045
vn -0.5841 0.4032 -0.7045
vn -0.4706 0.5312 -0.7045
vn -0.3298 0.6284 -0.7045
vn -0.1698 0.6891 -0.7045
vn -0.1698 0.6890 -0.7045
vn -0.0000 0.7097 -0.7045
vn 0.1698 0.6891 -0.7045
vn 0.3298 0.6284 -0.7045
vn 0.4706 0.5312 -0.7045
vn 0.5841 0.4032 -0.7045
vn 0.5840 0.4031 -0.7045
vn 0.6636 0.2516 -0.7045
vn 0.6636 0.2517 -0.7045
vn 0.7045 0.0855 -0.7045
vn -0.7240 -0.1940 -0.6619
vn -0.7240 -0.1940 -0.6620
vn -0.5300 -0.5300 -0.6620
vn -0.5820 -0.5008 -0.6407
vn -0.4164 -0.6105 -0.6737
vn -0.1940 -0.7240 -0.6619
vn -0.2841 -0.7239 -0.6287
vn -0.0829 -0.7355 -0.6724
vn 0.0829 -0.7355 -0.6725
vn 0.1964 -0.7329 -0.6514
vn 0.7240 -0.1940 -0.6619
vn 0.7240 -0.1940 -0.6620
vn 0.5639 -0.4852 -0.6683
vn 0.5354 -0.5354 -0.6532
vn 0.4164 -0.6105 -0.6737
vn 0.2710 -0.6905 -0.6706
vn 0.7278 0.1661 -0.6654
vn 0.6527 0.3450 -0.6745
vn 0.5866 0.4678 -0.6611
vn 0.5639 0.4852 -0.6683
vn 0.4163 0.6105 -0.6737
vn 0.3265 0.6781 -0.6585
vn 0.2710 0.6905 -0.6706
vn -0.0000 0.7465 -0.6654
vn 0.0863 0.7661 -0.6370
vn -0.0829 0.7355 -0.6725
vn -0.3239 0.6726 -0.6654
vn -0.2784 0.7096 -0.6473
vn -0.4163 0.6105 -0.6738
vn -0.5836 0.4654 -0.6654
vn -0.7278 0.1661 -0.6654
vn -0.6527 0.3449 -0.6745
vn -0.5716 0.4919 -0.6567
vn -0.3972 -0.6321 -0.6654
vn -0.2177 -0.7054 -0.6745
vn -0.0840 -0.7456 -0.6611
vn -0.0556 -0.7418 -0.6683
vn 0.1374 -0.7261 -0.6737
vn 0.2486 -0.7104 -0.6585
vn 0.2966 -0.6799 -0.6706
vn 0.4615 -0.5787 -0.6724
vn 0.5327 -0.5327 -0.6576
vn 0.5787 -0.4615 -0.6724
vn 0.7046 -0.2466 -0.6654
vn 0.6987 -0.3048 -0.6473
vn 0.7261 -0.1374 -0.6737
vn 0.7418 0.0836 -0.6654
vn 0.6321 0.3972 -0.6654
vn 0.7055 0.2176 -0.6745
vn 0.7520 0.0564 -0.6567
vn -0.6321 -0.3972 -0.6654
vn -0.7418 -0.0836 -0.6654
vn -0.7046 0.2466 -0.6654
vn -0.5279 0.5279 -0.6654
vn -0.5278 0.5279 -0.6654
vn -0.2466 0.7046 -0.6654
vn 0.0836 0.7418 -0.6654
vn 0.3972 0.6321 -0.6654
vn 0.1940 -0.7240 -0.6620
vn 0.1940 -0.7240 -0.6619
vn 0.5300 -0.5300 -0.6619
vn 0.5008 -0.5819 -0.6407
vn 0.6106 -0.4163 -0.6737
vn 0.7239 -0.2841 -0.6287
vn 0.7355 -0.0829 -0.6724
vn 0.7355 0.0829 -0.6724
vn 0.7329 0.1964 -0.6514
vn 0.1940 0.7240 -0.6620
vn 0.4852 0.5639 -0.6683
vn 0.5354 0.5354 -0.6532
vn 0.6106 0.4163 -0.6737
vn 0.6905 0.2710 -0.6706
vn -0.1661 0.7278 -0.6654
vn -0.3451 0.6527 -0.6745
vn -0.4678 0.5866 -0.6611
vn -0.4852 0.5639 -0.6683
vn -0.6106 0.4163 -0.6737
vn -0.6781 0.3265 -0.6585
vn -0.6905 0.2710 -0.6706
vn -0.7465 -0.0000 -0.6654
vn -0.7660 0.0863 -0.6370
vn -0.7355 -0.0829 -0.6724
vn -0.6726 -0.3239 -0.6654
vn -0.7096 -0.2785 -0.6473
vn -0.6106 -0.4163 -0.6737
vn -0.4654 -0.5836 -0.6654
vn -0.1661 -0.7278 -0.6654
vn -0.3449 -0.6528 -0.6745
vn -0.4919 -0.5716 -0.6567
vn -0.3972 0.6321 -0.6654
vn -0.0836 0.7418 -0.6654
vn 0.2466 0.7046 -0.6654
vn 0.5278 0.5279 -0.6654
vn 0.5279 0.5279 -0.6654
vn 0.7046 0.2466 -0.6654
vn 0.7418 -0.0836 -0.6654
vn 0.6321 -0.3972 -0.6654
vn -0.6321 0.3972 -0.6654
vn -0.7055 0.2176 -0.6745
vn -0.7456 0.0840 -0.6611
vn -0.7418 0.0556 -0.6683
vn -0.7261 -0.1374 -0.6737
vn -0.7104 -0.2486 -0.6585
vn -0.6799 -0.2966 -0.6706
vn -0.5278 -0.5279 -0.6654
vn -0.6027 -0.4807 -0.6370
vn -0.4615 -0.5787 -0.6724
vn -0.2466 -0.7046 -0.6654
vn -0.3048 -0.6987 -0.6473
vn -0.1374 -0.7261 -0.6737
vn 0.0836 -0.7418 -0.6654
vn 0.3972 -0.6321 -0.6654
vn 0.2177 -0.7054 -0.6745
vn 0.0563 -0.7520 -0.6567
vn 0.4163 0.6106 -0.6737
vn 0.0863 0.7660 -0.6370
vn -0.2785 0.7096 -0.6473
vn -0.4163 0.6106 -0.6737
vn -0.6527 0.3450 -0.6745
vn -0.4163 -0.6106 -0.6737
vn -0.0828 -0.7355 -0.6725
vn 0.0828 -0.7355 -0.6725
vn 0.4163 -0.6106 -0.6737
vn 0.2175 0.7055 -0.6745
vn 0.0840 0.7456 -0.6611
vn 0.0556 0.7418 -0.6683
vn -0.1374 0.7261 -0.6737
vn -0.2486 0.7104 -0.6585
vn -0.2966 0.6799 -0.6706
vn -0.4615 0.5787 -0.6724
vn -0.5327 0.5327 -0.6576
vn -0.5787 0.4615 -0.6724
vn -0.6987 0.3048 -0.6473
vn -0.7261 0.1374 -0.6737
vn -0.7055 -0.2176 -0.6745
vn -0.7520 -0.0563 -0.6567
vn 0.7046 -0.2465 -0.6654
vn 0.5278 -0.5278 -0.6654
vn 0.2466 -0.7046 -0.6654
vn 0.2465 -0.7046 -0.6654
vn -0.0836 -0.7418 -0.6654
vn -0.6726 0.3239 -0.6654
vn -0.4654 0.5836 -0.6654
vn 0.1940 0.7240 -0.6619
vn 0.5300 0.5300 -0.6619
vn 0.5300 0.5300 -0.6620
vn 0.7240 0.1940 -0.6620
vn 0.7240 0.1940 -0.6619
vn 0.5300 -0.5300 -0.6620
vn -0.5278 -0.5278 -0.6654
vn -0.4615 -0.5787 -0.6725
vn -0.2465 -0.7046 -0.6654
vn 0.7046 0.2465 -0.6654
vn -0.0000 0.0002 -1.0000
vn 0.6985 0.1555 0.6985
vn 0.5836 0.4086 0.7018
vn 0.5307 0.4396 0.7246
vn 0.3062 0.7036 0.6412
vn -0.1436 -0.6998 0.6998
vn -0.3898 -0.5964 0.7017
vn -0.4144 -0.5577 0.7192
vn -0.6567 -0.3577 0.6639
vn -0.7071 -0.0000 0.7071
vn -0.6992 0.1487 0.6992
vn -0.6992 0.1487 0.6993
vn -0.5867 0.4056 0.7009
vn -0.5708 0.4148 0.7086
vn -0.0745 0.7110 0.6993
vn -0.3572 0.6192 0.6993
vn -0.3573 0.6192 0.6993
vn -0.4855 0.5143 0.7070
vn 0.7071 -0.0000 0.7071
vn 0.6196 0.0858 0.7802
vn 0.7415 0.2006 0.6403
vn 0.7068 0.0306 0.7068
vn 0.4256 0.5777 0.6966
vn 0.6633 0.2486 0.7059
vn 0.5984 0.3819 0.7043
vn 0.5456 0.3942 0.7395
vn 0.4341 0.6662 0.6065
vn 0.2575 0.6586 0.7071
vn 0.2077 0.6857 0.6976
vn 0.1178 0.6599 0.7420
vn 0.0697 0.7054 0.7054
vn -0.7820 0.1459 0.6060
vn -0.6966 0.1721 0.6965
vn -0.0443 0.7064 0.7064
vn -0.0973 0.6757 0.7307
vn -0.1447 0.6933 0.7060
vn -0.3065 0.6422 0.7026
vn -0.3128 0.6168 0.7223
vn -0.5565 0.4937 0.6683
vn -0.5902 0.6449 0.4857
vn -0.5715 0.3544 0.7401
vn -0.0000 -0.0001 1.0000
vn -0.0000 0.0001 1.0000
vn -0.0000 0.0004 1.0000
vn 0.1424 -0.6943 0.7054
vn 0.2739 -0.6537 0.7054
vn 0.2739 -0.6537 0.7055
vn 0.3951 -0.5884 0.7055
vn 0.5014 -0.5010 0.7054
vn 0.5888 -0.3946 0.7054
vn 0.5887 -0.3946 0.7054
vn 0.6539 -0.2734 0.7054
vn 0.6944 -0.1419 0.7054
vn -0.6992 -0.1487 0.6993
vn -0.0745 -0.7110 0.6992
vn -0.0746 -0.7110 0.6993
vn -0.3573 -0.6192 0.6993
vn -0.4855 -0.5143 0.7070
vn -0.5708 -0.4148 0.7086
vn -0.5867 -0.4056 0.7009
vn -0.0001 -0.0000 -1.0000
vn -0.0000 0.0001 -1.0000
vn -0.0001 -0.0001 -1.0000
vn -0.0000 -0.0001 -1.0000
vn -0.0001 0.0002 -1.0000
vn -0.9781 0.2080 -0.0000
vn -0.8089 0.5879 -0.0000
vn -0.8090 0.5879 -0.0000
vn -0.4997 0.8662 -0.0000
vn -0.1042 0.9946 -0.0000
vn -0.9781 -0.2080 -0.0000
vn -0.8089 -0.5879 -0.0000
vn -0.8090 -0.5879 -0.0000
vn -0.4997 -0.8662 -0.0000
vn -0.1043 -0.9945 -0.0000
vn 0.9782 -0.2078 -0.0000
vn 0.0460 -0.9989 -0.0000
vn 0.9761 -0.2173 -0.0009
vn 0.8093 -0.5874 0.0009
vn 0.7701 -0.6379 -0.0048
vn 0.5006 -0.8656 0.0037
vn 0.3991 -0.9169 -0.0041
vn 0.1057 -0.9944 0.0040
vn 0.6985 -0.1555 0.6985
vn 0.5836 -0.4086 0.7018
vn 0.5307 -0.4396 0.7246
vn 0.3062 -0.7036 0.6412
vn -0.9927 -0.1205 -0.0000
vn -0.9350 -0.3546 -0.0000
vn -0.8230 -0.5681 -0.0000
vn -0.6631 -0.7485 -0.0000
vn -0.4647 -0.8855 -0.0000
vn -0.2393 -0.9709 -0.0000
vn 0.2393 -0.9709 -0.0000
vn 0.4647 -0.8855 -0.0000
vn 0.6631 -0.7485 -0.0000
vn 0.8230 -0.5681 -0.0000
vn 0.9350 -0.3546 -0.0000
vn 0.9927 -0.1205 -0.0000
vn 0.9927 0.1205 -0.0000
vn 0.9350 0.3546 -0.0000
vn 0.8230 0.5681 -0.0000
vn 0.6631 0.7485 -0.0000
vn 0.4647 0.8855 -0.0000
vn 0.2393 0.9709 -0.0000
vn -0.2393 0.9709 -0.0000
vn -0.4647 0.8855 -0.0000
vn -0.6631 0.7485 -0.0000
vn -0.8230 0.5681 -0.0000
vn -0.9350 0.3546 -0.0000
vn -0.9927 0.1205 -0.0000
vn 0.9749 0.2225 -0.0000
vn 0.9655 0.2587 -0.0310
vn 0.8841 0.4672 -0.0000
vn 0.7580 0.6523 -0.0000
vn 0.7062 0.7061 -0.0518
vn 0.5634 0.8262 -0.0000
vn 0.3653 0.9309 -0.0000
vn 0.2583 0.9641 -0.0622
vn 0.1120 0.9937 -0.0000
vn -0.1120 0.9937 -0.0000
vn -0.2583 0.9641 -0.0622
vn -0.3653 0.9309 -0.0000
vn -0.5634 0.8262 -0.0000
vn -0.7062 0.7061 -0.0518
vn -0.7580 0.6523 -0.0000
vn -0.8841 0.4673 -0.0000
vn -0.9655 0.2587 -0.0310
vn -0.9749 0.2225 -0.0000
vn 0.5320 0.8467 -0.0000
vn -0.3303 0.9439 -0.0000
vn -0.9439 0.3303 -0.0000
vn -0.9937 -0.1120 -0.0000
vn -0.2225 0.9749 -0.0000
vn -0.2587 0.9655 -0.0311
vn -0.4674 0.8841 -0.0000
vn -0.6523 0.7580 -0.0000
vn -0.7061 0.7062 -0.0518
vn -0.8262 0.5633 -0.0000
vn -0.9309 0.3653 -0.0000
vn -0.9641 0.2583 -0.0622
vn -0.9937 0.1120 -0.0000
vn -0.9641 -0.2583 -0.0622
vn -0.9309 -0.3653 -0.0000
vn -0.8262 -0.5633 -0.0000
vn -0.7062 -0.7061 -0.0518
vn -0.6523 -0.7580 -0.0000
vn -0.4672 -0.8842 -0.0000
vn -0.2587 -0.9655 -0.0310
vn -0.2225 -0.9749 -0.0000
vn -0.8467 0.5320 -0.0000
vn -0.8656 0.4998 -0.0310
vn -0.9556 0.2948 -0.0000
vn -0.9972 0.0747 -0.0000
vn -0.9987 -0.0000 -0.0518
vn -0.9826 -0.1859 -0.0000
vn -0.9166 -0.3999 -0.0000
vn -0.8644 -0.4990 -0.0622
vn -0.7818 -0.6235 -0.0000
vn -0.6235 -0.7818 -0.0000
vn -0.4991 -0.8643 -0.0622
vn -0.3999 -0.9166 -0.0000
vn -0.1859 -0.9826 -0.0000
vn -0.0000 -0.9987 -0.0518
vn 0.0747 -0.9972 -0.0000
vn 0.2949 -0.9555 -0.0000
vn 0.4998 -0.8656 -0.0310
vn -0.9749 -0.2225 -0.0000
vn -0.9655 -0.2587 0.0310
vn -0.7816 -0.6233 -0.0259
vn -0.7580 -0.6523 -0.0000
vn -0.5633 -0.8262 -0.0000
vn -0.4335 -0.9002 -0.0415
vn -0.3654 -0.9309 -0.0000
vn -0.1119 -0.9937 -0.0000
vn -0.0000 -0.9989 -0.0467
vn 0.1119 -0.9937 -0.0000
vn 0.3654 -0.9309 -0.0000
vn 0.4335 -0.9002 -0.0415
vn 0.5633 -0.8262 -0.0000
vn 0.7818 -0.6235 -0.0000
vn 0.7576 -0.6520 -0.0310
vn 0.9743 -0.2224 0.0361
vn -0.5320 -0.8467 -0.0000
vn -0.1120 -0.9937 -0.0000
vn 0.3303 -0.9439 -0.0000
vn 0.9439 -0.3303 -0.0000
vn 0.9937 0.1120 -0.0000
vn 0.8467 -0.5320 -0.0000
vn 0.9937 -0.1120 -0.0000
vn 0.9439 0.3303 -0.0000
vn 0.3303 0.9439 -0.0000
vn -0.0626 0.9980 -0.0000
vn -0.9708 0.2398 -0.0000
vn -0.7481 0.6636 -0.0000
vn -0.4307 0.9025 -0.0000
vn -0.3566 0.9340 -0.0226
vn -0.2043 0.9789 -0.0000
vn 0.9905 0.1372 -0.0000
vn 0.5931 0.8051 -0.0000
vn 0.8429 0.5380 -0.0000
vn 0.8849 0.4655 -0.0186
vn 0.9364 0.3510 -0.0000
vn 0.0984 0.9952 -0.0000
vn 0.2899 0.9570 -0.0000
vn 0.7045 0.0855 0.7045
vn 0.6636 0.2517 0.7045
vn 0.5841 0.4031 0.7045
vn 0.4706 0.5312 0.7045
vn 0.3298 0.6284 0.7045
vn 0.1698 0.6891 0.7045
vn 0.1698 0.6890 0.7045
vn -0.0000 0.7097 0.7045
vn -0.1698 0.6891 0.7045
vn -0.3298 0.6284 0.7045
vn -0.4706 0.5312 0.7045
vn -0.5841 0.4031 0.7045
vn -0.6636 0.2517 0.7045
vn -0.7045 0.0855 0.7045
vn -0.7045 -0.0855 0.7045
vn -0.6636 -0.2517 0.7045
vn -0.5841 -0.4031 0.7045
vn -0.5841 -0.4032 0.7045
vn -0.4706 -0.5312 0.7045
vn -0.3298 -0.6284 0.7045
vn -0.1698 -0.6890 0.7045
vn -0.1698 -0.6891 0.7045
vn -0.0000 -0.7097 0.7045
vn 0.1698 -0.6891 0.7045
vn 0.1698 -0.6890 0.7045
vn 0.3298 -0.6284 0.7045
vn 0.4706 -0.5312 0.7045
vn 0.5841 -0.4032 0.7045
vn 0.5841 -0.4031 0.7045
vn 0.6636 -0.2517 0.7045
vn 0.7045 -0.0855 0.7045
vn -0.8643 -0.4991 -0.0622
vn -0.6235 0.7818 -0.0000
vn -0.9010 0.4339 -0.0000
vn -0.9010 -0.4339 -0.0000
vn 0.4997 0.8656 -0.0311
vn 0.2946 0.9556 -0.0000
vn 0.0748 0.9972 -0.0000
vn -0.0000 0.9987 -0.0518
vn -0.1860 0.9825 -0.0000
vn -0.3999 0.9166 -0.0000
vn -0.4990 0.8644 -0.0622
vn -0.7818 0.6235 -0.0000
vn -0.8644 0.4990 -0.0622
vn -0.9166 0.3999 -0.0000
vn -0.9826 0.1859 -0.0000
vn -0.9972 -0.0747 -0.0000
vn -0.9556 -0.2948 -0.0000
vn -0.8656 -0.4998 -0.0310
vn 0.8841 0.4673 -0.0000
vn 0.7061 0.7062 -0.0518
vn 0.5633 0.8262 -0.0000
vn 0.3654 0.9309 -0.0000
vn -0.3654 0.9309 -0.0000
vn -0.5633 0.8262 -0.0000
vn 0.2225 -0.9749 -0.0000
vn 0.2587 -0.9655 0.0310
vn 0.6233 -0.7816 -0.0260
vn 0.6523 -0.7580 -0.0000
vn 0.8262 -0.5633 -0.0000
vn 0.9002 -0.4335 -0.0415
vn 0.9309 -0.3653 -0.0000
vn 0.9989 -0.0000 -0.0467
vn 0.9309 0.3653 -0.0000
vn 0.9002 0.4335 -0.0415
vn 0.8262 0.5633 -0.0000
vn 0.6235 0.7818 -0.0000
vn 0.6520 0.7576 -0.0310
vn 0.2224 0.9743 0.0361
vn -0.4998 -0.8656 -0.0310
vn -0.2949 -0.9555 -0.0000
vn -0.0747 -0.9972 -0.0000
vn 0.1859 -0.9826 -0.0000
vn 0.3999 -0.9166 -0.0000
vn 0.4991 -0.8643 -0.0622
vn 0.6235 -0.7818 -0.0000
vn 0.8644 -0.4990 -0.0622
vn 0.9166 -0.3999 -0.0000
vn 0.9826 -0.1859 -0.0000
vn 0.9987 -0.0000 -0.0518
vn 0.9972 0.0747 -0.0000
vn 0.9556 0.2947 -0.0000
vn 0.8656 0.4998 -0.0310
vn -0.5634 -0.8262 -0.0000
vn -0.4335 -0.9002 -0.0416
vn -0.3653 -0.9309 -0.0000
vn -0.0000 -0.9989 -0.0468
vn 0.1120 -0.9937 -0.0000
vn 0.3653 -0.9309 -0.0000
vn 0.4335 -0.9002 -0.0416
vn 0.5634 -0.8262 -0.0000
vn 0.7576 -0.6520 -0.0311
vn 0.0626 -0.9980 -0.0000
vn 0.9708 -0.2398 -0.0000
vn 0.7481 -0.6636 -0.0000
vn 0.4754 -0.8798 -0.0000
vn 0.3566 -0.9339 -0.0251
vn 0.2531 -0.9674 -0.0000
vn -0.0984 -0.9952 -0.0000
vn -0.2900 -0.9570 -0.0000
vn -0.4227 -0.9063 -0.0000
vn -0.5930 -0.8050 -0.0153
vn -0.6276 -0.7785 -0.0000
vn -0.8850 -0.4656 -0.0000
vn -0.9905 -0.1372 -0.0000
vn 0.7583 -0.1873 0.6244
vn 0.7020 -0.1201 0.7020
vn 0.5801 -0.3334 0.7432
vn 0.5913 -0.5601 0.5802
vn 0.5855 -0.5194 0.6224
vn 0.3614 -0.5610 0.7448
vn 0.0097 -0.7071 0.7071
vn 0.0445 -0.7098 0.7030
vn 0.1396 -0.6632 0.7353
vn 0.1798 -0.6870 0.7041
vn 0.3371 -0.6239 0.7050
vn -0.0697 -0.7054 0.7054
vn -0.1290 -0.6487 0.7500
vn -0.2056 -0.6784 0.7053
vn -0.7010 -0.1311 0.7010
vn -0.6624 -0.0918 0.7435
vn -0.6672 -0.3510 0.6570
vn -0.5907 -0.3642 0.7200
vn -0.4600 -0.5705 0.6804
vn -0.4355 -0.5641 0.7015
vn -0.2990 -0.6411 0.7068
vn -0.2992 -0.6411 0.7067
vn -0.1274 -0.9918 -0.0000
vn -0.9883 -0.1524 -0.0000
vn -0.9787 -0.2001 0.0464
vn -0.9688 -0.2477 -0.0000
vn -0.9225 -0.3861 -0.0000
vn -0.9361 -0.3393 0.0924
vn -0.9026 -0.4305 -0.0000
vn -0.8303 -0.5573 -0.0000
vn -0.8528 -0.5140 0.0924
vn -0.8022 -0.5970 -0.0000
vn -0.7445 -0.6676 -0.0000
vn -0.7404 -0.6722 -0.0051
vn -0.7067 -0.7075 0.0008
vn -0.6715 -0.7409 -0.0052
vn -0.6669 -0.7452 -0.0000
vn -0.5566 -0.8308 -0.0000
vn -0.5938 -0.7993 0.0924
vn -0.5155 -0.8569 -0.0000
vn -0.3853 -0.9228 -0.0000
vn -0.4279 -0.8991 0.0924
vn -0.3399 -0.9404 -0.0000
vn -0.1995 -0.9799 -0.0000
vn -0.2458 -0.9649 0.0924
vn -0.1755 -0.9842 0.0232
vn 0.2010 -0.9796 -0.0000
vn 0.3865 -0.9223 -0.0000
vn 0.5575 -0.8302 -0.0000
vn 0.7065 -0.7059 -0.0504
vn 0.7066 -0.7058 -0.0506
vn 0.6672 -0.7449 -0.0000
vn 0.9798 -0.2002 -0.0000
vn 0.9226 -0.3857 -0.0000
vn 0.8307 -0.5568 -0.0000
vn 0.7455 -0.6665 -0.0000
vn 0.9798 0.2002 -0.0000
vn 0.9226 0.3857 -0.0000
vn 0.8307 0.5568 -0.0000
vn 0.5568 0.8293 -0.0479
vn 0.5868 0.8097 -0.0000
vn 0.7074 0.7068 -0.0000
vn 0.6747 0.7329 -0.0880
vn 0.7455 0.6665 -0.0000
vn 0.2010 0.9796 -0.0000
vn 0.3865 0.9223 -0.0000
vn 0.5055 0.8628 -0.0000
vn -0.0983 -0.9952 -0.0000
vn -0.5931 -0.8051 -0.0000
vn -0.0625 0.9980 -0.0000
vn -0.4678 0.8838 -0.0000
vn -0.3566 0.9339 -0.0253
vn -0.2448 0.9696 -0.0000
vn -0.9952 0.0979 -0.0000
vn -0.9945 0.1049 -0.0000
vn -0.9953 0.0970 0.0007
vn -0.8659 0.5002 -0.0007
vn -0.8781 0.4784 0.0017
vn -0.5877 0.8091 -0.0018
vn -0.5965 0.8026 -0.0007
vn -0.2079 0.9782 0.0006
vn -0.2011 0.9796 -0.0000
vn 0.2079 0.9782 -0.0000
vn 0.2079 0.9781 -0.0000
vn 0.5877 0.8091 -0.0000
vn 0.8659 0.5002 -0.0000
vn 0.9945 0.1049 -0.0000
vn 0.0983 0.9952 -0.0000
vn 0.2900 0.9570 -0.0000
vn 0.4185 0.9082 -0.0000
vn 0.5931 0.8050 -0.0140
vn 0.6240 0.7814 -0.0000
vn 0.8850 0.4656 -0.0000
vn 0.0625 -0.9980 -0.0000
vn 0.4753 -0.8798 -0.0000
vn 0.2532 -0.9674 -0.0000
vn 0.2079 -0.9782 -0.0000
vn 0.5877 -0.8091 -0.0000
vn 0.8659 -0.5002 -0.0000
vn 0.9945 -0.1049 -0.0000
vn 0.6944 0.1419 0.7054
vn 0.6539 0.2734 0.7054
vn 0.5888 0.3946 0.7054
vn 0.5014 0.5010 0.7054
vn 0.3951 0.5884 0.7054
vn 0.2739 0.6537 0.7054
vn 0.1424 0.6943 0.7054
vn 0.1424 0.6943 0.7055
vn -0.0000 -0.7071 0.7071
vn -0.2056 -0.6784 0.7054
vn -0.7010 -0.1310 0.7010
vn -0.2987 -0.6413 0.7067
vn -0.4691 -0.6083 0.6403
vn -0.4394 -0.5965 0.6716
vn -0.5908 -0.3642 0.7200
vn -0.7679 0.1897 0.6118
vn -0.7034 0.1017 0.7034
vn -0.5948 0.3024 0.7448
vn -0.5859 0.5364 0.6075
vn -0.5823 0.5166 0.6277
vn -0.3527 0.5684 0.7433
vn -0.3319 0.6271 0.7047
vn -0.1738 0.6881 0.7045
vn -0.1232 0.6596 0.7415
vn -0.0442 0.7064 0.7064
vn -0.1436 0.6998 0.6998
vn -0.3898 0.5964 0.7017
vn -0.4144 0.5576 0.7192
vn -0.6566 0.3578 0.6640
vn -0.1995 0.9799 -0.0000
vn -0.1509 0.9842 0.0924
vn -0.2469 0.9690 -0.0000
vn -0.3399 0.9404 -0.0000
vn -0.3849 0.9218 0.0464
vn -0.4297 0.9030 -0.0000
vn -0.5566 0.8308 -0.0000
vn -0.5133 0.8532 0.0924
vn -0.5963 0.8027 -0.0000
vn -0.6669 0.7452 -0.0000
vn -0.6715 0.7409 -0.0052
vn -0.7361 0.6768 0.0060
vn -0.7404 0.6722 -0.0000
vn -0.8100 0.5864 -0.0000
vn -0.8021 0.5969 0.0159
vn -0.8631 0.5048 -0.0126
vn -0.8565 0.5162 -0.0000
vn -0.9026 0.4305 -0.0000
vn -0.9215 0.3856 0.0464
vn -0.9402 0.3407 -0.0000
vn -0.9797 0.2003 -0.0000
vn -0.9647 0.2467 0.0924
vn -0.9883 0.1524 -0.0000
vn 0.1486 0.6993 0.6992
vn 0.1486 0.6992 0.6993
vn 0.4154 0.5811 0.6998
vn 0.4182 0.5758 0.7026
vn 0.7109 0.0750 0.6993
vn 0.6190 0.3576 0.6993
vn 0.5214 0.4776 0.7071
vn 0.1290 0.6487 0.7500
vn 0.2056 0.6784 0.7054
vn 0.2961 0.6424 0.7068
vn 0.2960 0.6424 0.7069
vn 0.4301 0.5682 0.7015
vn 0.4603 0.5763 0.6753
vn 0.5839 0.3681 0.7235
vn 0.6698 0.3523 0.6536
vn 0.6626 0.1346 0.7368
vn 0.8106 0.0086 0.5855
vn 0.7037 0.0975 0.7037
vn 0.8044 -0.1379 0.5779
vn 0.6966 -0.1721 0.6966
vn 0.0102 -0.7071 0.7071
vn 0.5800 -0.3338 0.7431
vn 0.5913 -0.5605 0.5798
vn 0.3613 -0.5610 0.7448
vn 0.3371 -0.6240 0.7050
vn 0.1467 -0.6976 0.7013
vn 0.1692 -0.6466 0.7438
vn 0.1486 -0.6993 0.6992
vn 0.7109 -0.0750 0.6993
vn 0.6190 -0.3576 0.6993
vn 0.5214 -0.4776 0.7072
vn 0.4182 -0.5758 0.7025
vn 0.4154 -0.5811 0.6998
vn 0.1486 -0.6992 0.6993
vn -0.2079 -0.9782 -0.0000
vn -0.9952 -0.0979 -0.0000
vn -0.2011 -0.9796 0.0006
vn -0.5877 -0.8091 -0.0007
vn -0.5964 -0.8027 -0.0017
vn -0.8659 -0.5002 0.0015
vn -0.8782 -0.4784 -0.0006
vn -0.9945 -0.1049 0.0006
vn 0.0001 -0.0001 -1.0000
vn -0.0000 -0.0002 -1.0000
vn 0.0460 0.9989 -0.0000
vn 0.1057 0.9944 -0.0000
vn 0.0363 0.9993 0.0058
vn 0.5006 0.8656 -0.0070
vn 0.3991 0.9169 0.0064
vn 0.8093 0.5874 -0.0063
vn 0.7701 0.6379 0.0011
vn 0.9782 0.2078 -0.0009
vn 0.9761 0.2173 -0.0000
vn -0.9659 -0.2588 0.0027
vn -0.7818 -0.6235 -0.0023
vn -0.4339 -0.9010 -0.0036
vn -0.0000 -1.0000 -0.0041
vn 0.4339 -0.9010 -0.0036
vn 0.7580 -0.6523 -0.0027
vn 0.9749 -0.2225 0.0032
vn -0.6947 0.1862 -0.6947
vn -0.5086 0.5086 -0.6947
vn -0.5086 0.5086 -0.6948
vn -0.1862 0.6947 -0.6948
vn -0.1861 0.6948 -0.6947
vn 0.1862 0.6948 -0.6947
vn 0.1861 0.6947 -0.6948
vn 0.5086 0.5086 -0.6948
vn 0.6947 0.1862 -0.6947
vn -0.6947 -0.1862 -0.6947
vn -0.5086 -0.5086 -0.6948
vn -0.5850 -0.5034 -0.6359
vn -0.3989 -0.5851 -0.7061
vn -0.1862 -0.6948 -0.6947
vn -0.2921 -0.7443 -0.6006
vn -0.0794 -0.7049 -0.7049
vn 0.0794 -0.7049 -0.7049
vn 0.1960 -0.7315 -0.6531
vn 0.6947 -0.1862 -0.6947
vn 0.5407 -0.4653 -0.7009
vn 0.5309 -0.5309 -0.6605
vn 0.3989 -0.5851 -0.7061
vn 0.2598 -0.6619 -0.7031
vn -0.1328 -0.4956 0.8584
vn -0.3628 -0.3628 0.8584
vn -0.4956 -0.1328 0.8584
vn 0.4956 -0.1328 0.8584
vn 0.3628 -0.3628 0.8584
vn 0.1328 -0.4956 0.8584
vn -1.0000 -0.0000 -0.0012
vn -0.4634 0.8862 -0.0000
vn -0.5239 0.8518 0.0076
vn -0.7514 0.6598 -0.0051
vn -0.8377 0.5462 0.0029
vn -0.9392 0.3434 -0.0051
vn -0.9763 0.2163 0.0030
vn -0.9966 0.0821 -0.0018
vn -0.9966 0.0821 -0.0012
vn -0.9391 0.3434 -0.0122
vn -0.9709 0.2393 0.0026
vn -0.7514 0.6598 -0.0035
vn -0.7485 0.6631 -0.0040
vn -0.4382 0.8989 0.0027
vn -0.6854 0.1561 -0.7112
vn -0.6914 0.1577 -0.7051
vn -0.6334 0.2041 -0.7464
vn -0.5767 0.1844 -0.7958
vn -0.6794 0.2235 -0.6989
vn 0.7071 0.0082 -0.7071
vn -0.5689 0.1754 -0.8035
vn -0.6570 0.2617 -0.7070
vn -0.6277 0.3283 -0.7058
vn -0.5336 0.2680 -0.8022
vn -0.6027 0.3699 -0.7071
vn -0.5631 0.4298 -0.7058
vn -0.4867 0.3600 -0.7960
vn -0.5308 0.4673 -0.7070
vn -0.4822 0.5189 -0.7058
vn -0.4239 0.4438 -0.7895
vn -0.4432 0.5510 -0.7071
vn -0.3874 0.5931 -0.7058
vn -0.3467 0.5167 -0.7829
vn -0.3427 0.6185 -0.7071
vn -0.2814 0.6501 -0.7058
vn -0.2570 0.5762 -0.7759
vn -0.2322 0.6680 -0.7071
vn -0.1673 0.6884 -0.7058
vn -0.1571 0.6201 -0.7686
vn -0.1148 0.6977 -0.7071
vn -0.0484 0.7067 -0.7058
vn -0.0497 0.6469 -0.7610
vn 0.0059 0.7071 -0.7071
vn 0.0720 0.7047 -0.7058
vn 0.0622 0.6550 -0.7531
vn 0.1265 0.6957 -0.7071
vn 0.1902 0.6824 -0.7058
vn 0.1755 0.6438 -0.7448
vn 0.2433 0.6639 -0.7071
vn 0.3030 0.6403 -0.7058
vn 0.2868 0.6130 -0.7362
vn 0.3530 0.6127 -0.7071
vn 0.4052 0.5809 -0.7059
vn 0.3948 0.5624 -0.7265
vn 0.4523 0.5435 -0.7071
vn 0.4984 0.5033 -0.7059
vn 0.4909 0.4941 -0.7176
vn 0.5384 0.4584 -0.7071
vn 0.5770 0.4109 -0.7058
vn 0.5754 0.4095 -0.7080
vn 0.6086 0.3599 -0.7071
vn 0.6383 0.3071 -0.7058
vn 0.6612 0.2506 -0.7071
vn 0.6736 0.1925 -0.7136
vn 0.6813 0.1939 -0.7058
vn 0.6943 0.1342 -0.7071
vn 0.6870 0.0747 -0.7228
vn 0.7044 0.0748 -0.7059
vn 0.9663 -0.2575 -0.0001
vn 0.9962 -0.0867 0.0001
vn 0.9962 -0.0872 -0.0000
vn 0.9400 -0.3411 0.0117
vn 0.9069 -0.4214 -0.0000
vn 0.8666 -0.4989 0.0117
vn 0.9063 -0.4226 -0.0000
vn 0.8202 -0.5721 -0.0000
vn 0.7671 -0.6414 0.0116
vn 0.8192 -0.5736 -0.0000
vn 0.7087 -0.7055 -0.0000
vn 0.6445 -0.7645 0.0116
vn 0.5758 -0.8176 -0.0000
vn 0.5023 -0.8646 0.0115
vn 0.5736 -0.8192 -0.0000
vn 0.4254 -0.9050 -0.0000
vn 0.3449 -0.9386 0.0114
vn 0.4226 -0.9063 -0.0000
vn 0.2623 -0.9650 -0.0000
vn 0.2588 -0.9659 0.0005
vn 0.1771 -0.9842 -0.0000
vn 0.0912 -0.9958 -0.0000
vn 0.0872 -0.9962 0.0005
vn 0.0039 -1.0000 -0.0000
vn -0.0827 -0.9966 -0.0000
vn -0.0872 -0.9962 0.0006
vn -0.1692 -0.9856 -0.0000
vn -0.2541 -0.9672 -0.0000
vn -0.2588 -0.9659 0.0006
vn -0.3374 -0.9414 -0.0000
vn -0.4178 -0.9086 -0.0000
vn -0.4226 -0.9063 0.0007
vn -0.4953 -0.8687 -0.0000
vn -0.5688 -0.8225 -0.0000
vn -0.5736 -0.8192 0.0007
vn -0.6384 -0.7697 -0.0000
vn -0.7027 -0.7115 -0.0000
vn -0.7071 -0.7071 0.0008
vn -0.7620 -0.6476 -0.0000
vn -0.8153 -0.5790 -0.0000
vn -0.8192 -0.5736 0.0008
vn -0.8627 -0.5058 -0.0000
vn -0.9033 -0.4291 -0.0000
vn -0.9063 -0.4226 0.0009
vn -0.9372 -0.3487 -0.0000
vn -0.9639 -0.2661 -0.0000
vn -0.9659 -0.2588 0.0009
vn -0.9835 -0.1811 -0.0000
vn -0.9955 -0.0952 -0.0000
vn -0.9962 -0.0872 0.0010
vn -1.0000 -0.0080 -0.0000
vn -0.7071 -0.0057 -0.7071
vn -0.6506 0.1034 -0.7524
vn -0.7067 0.0354 -0.7066
vn -0.7067 0.0354 -0.7067
vn -0.6992 0.1093 -0.7066
vn -0.6362 0.0925 -0.7660
vn -0.6900 0.1372 -0.7107
vn -0.3263 -0.9453 0.0011
vn 0.9794 -0.2020 -0.0000
vn 0.9858 -0.1675 -0.0073
vn 0.8345 -0.5509 0.0077
vn 0.5197 -0.8543 0.0032
vn 0.6672 -0.7449 -0.0001
vn 0.8192 -0.5736 0.0017
vn -0.0000 -1.0000 -0.0038
vn -0.1506 -0.9866 0.0621
vn -0.0249 -0.9993 0.0263
vn 0.0646 -0.9979 0.0093
vn 0.1772 -0.9842 0.0003
vn 0.4739 -0.8806 -0.0016
vn 0.3248 -0.9447 0.0445
vn 0.3842 -0.9227 0.0321
vn -0.5411 -0.8403 0.0332
vn -0.6984 -0.7157 -0.0000
vn -0.8345 -0.5509 0.0122
vn -0.8340 -0.5516 0.0126
vn -0.9858 -0.1675 -0.0120
vn -0.9794 -0.2017 -0.0000
vn -0.9795 0.2013 -0.0000
vn -0.9858 0.1675 -0.0118
vn -0.8340 0.5517 0.0125
vn -0.8345 0.5508 0.0121
vn -0.4737 0.8804 0.0228
vn -0.5403 0.8415 -0.0000
vn -0.6982 0.7159 -0.0000
vn 0.1920 0.9814 0.0002
vn 0.0756 0.9971 0.0072
vn -0.0261 0.9993 0.0265
vn -0.0000 0.9998 0.0190
vn -0.1913 0.9815 -0.0011
vn -0.3280 0.9447 0.0014
vn 0.3055 0.9522 -0.0003
vn 0.4738 0.8805 0.0131
vn 0.5183 0.8552 0.0032
vn 0.8346 0.5509 0.0004
vn 0.8121 0.5835 0.0105
vn 0.9858 0.1675 -0.0090
vn 0.9781 0.2083 -0.0000
vn 0.9045 -0.0000 0.4264
vn 0.9045 -0.0000 0.4265
vn 0.6471 -0.0000 0.7624
vn 0.2738 -0.0000 0.9618
vn 0.9411 -0.0000 0.3380
vn 0.9411 -0.0000 0.3381
vn 0.9967 -0.0000 -0.0815
vn 0.8737 -0.0000 -0.4865
vn 0.8737 -0.0000 -0.4864
vn 0.3680 -0.0000 0.9298
vn 0.7791 -0.0000 0.6268
vn 0.8027 -0.0235 0.5960
vn 0.6838 0.0118 0.7296
vn 0.6550 -0.0000 0.7556
vn 0.5278 -0.0000 0.8494
vn 0.5602 0.0194 0.8281
vn 0.4038 -0.0159 0.9147
vn -0.6960 -0.0000 0.7180
vn -0.3367 -0.0000 0.9416
vn 0.0829 -0.0000 0.9966
vn 0.0830 -0.0000 0.9966
vn 0.1673 -0.0000 0.9859
vn 0.8444 -0.0000 0.5357
vn 0.1328 0.0039 0.9911
vn 0.5102 -0.0038 0.8600
vn 0.5689 0.0043 0.8224
vn 0.8635 -0.0052 0.5042
vn -0.6212 -0.0000 0.7836
vn -0.1630 -0.0163 0.9865
vn -0.1396 -0.0448 0.9892
vn -0.1533 -0.0000 0.9882
vn -0.1080 -0.0956 0.9895
vn -0.1259 -0.0663 0.9898
vn -0.0470 -0.0000 0.9989
vn -0.1148 0.0127 0.9933
vn -0.0942 0.0335 0.9950
vn -0.1060 0.0223 0.9941
vn -0.5903 -0.0159 0.8070
vn -0.4370 0.0194 0.8992
vn -0.4717 -0.0000 0.8818
vn -0.3269 -0.0000 0.9451
vn -0.2899 0.0118 0.9570
vn -0.1661 -0.0133 0.9860
vn -0.1258 0.0085 0.9920
vn -0.9698 -0.0000 -0.2437
vn -0.9838 -0.0000 0.1793
vn -0.8215 -0.0000 0.5701
vn -0.8216 -0.0000 0.5701
vn -0.7934 -0.0000 0.6088
vn -0.0156 -0.0000 0.9999
vn -0.4278 -0.0000 0.9039
vn -0.7633 -0.0000 0.6460
vn -0.7634 -0.0000 0.6460
vn -0.9988 -0.0005 -0.0483
vn -0.9893 0.0024 -0.1462
vn -0.9324 -0.0000 0.3613
vn -0.9924 -0.0319 -0.1191
vn -0.9899 -0.0114 -0.1415
vn -0.9876 -0.0000 -0.1572
vn -0.9900 0.0116 -0.1407
vn -0.9892 0.0067 -0.1462
vn -0.9974 -0.0002 -0.0715
vn -0.9988 0.0004 -0.0483
vn -0.9995 0.0055 -0.0300
vn -0.9998 0.0120 -0.0128
vn -0.9987 0.0387 0.0324
vn -0.9983 0.0564 0.0172
vn -0.9986 0.0356 0.0389
vn -0.9980 0.0182 0.0601
vn -0.9966 0.0071 0.0824
vn -0.9952 0.0025 0.0976
vn -0.9966 -0.0074 0.0825
vn -0.9980 -0.0189 0.0605
vn -0.9974 -0.0097 0.0711
vn -0.9996 -0.0011 0.0280
vn -0.9999 0.0005 0.0107
vn -0.9996 -0.0036 -0.0273
vn -0.9998 -0.0130 -0.0124
vn -0.9995 -0.0059 -0.0296
vn -0.9175 -0.0235 0.3971
vn -0.9737 0.0118 0.2274
vn -0.9819 -0.0000 0.1894
vn -0.9940 -0.0000 0.1095
vn -0.9952 -0.0026 0.0975
vn -0.2738 -0.0000 -0.9618
vn -0.6471 -0.0000 -0.7624
vn -0.9046 -0.0000 -0.4264
vn -0.9045 -0.0000 -0.4264
vn -0.9239 -0.0000 -0.3827
vn -0.8737 -0.0000 0.4865
vn -0.8737 -0.0000 0.4864
vn -0.9967 -0.0000 0.0815
vn -0.9411 -0.0000 -0.3381
vn -0.9411 -0.0000 -0.3382
vn 0.0001 1.0000 0.0003
vn -0.0001 1.0000 -0.0000
vn -0.8203 -0.0000 -0.5720
vn 0.8915 -0.0000 -0.4530
vn 0.9062 0.0011 -0.4229
vn 1.0000 -0.0014 0.0094
vn 0.9994 0.0005 -0.0352
vn 0.9335 -0.0003 0.3587
vn 0.8980 0.0019 0.4399
vn 0.8204 -0.0001 0.5717
vn 0.6614 0.0002 0.7501
vn 0.6203 0.0016 0.7843
vn 0.4571 -0.0003 0.8894
vn 0.2670 0.0007 0.9637
vn 0.2212 0.0018 0.9752
vn 0.0783 -0.0000 0.9969
vn -0.2212 0.0013 0.9752
vn -0.1753 -0.0000 0.9845
vn -0.9334 0.0030 0.3587
vn -0.8191 -0.0001 0.5736
vn -0.6203 0.0003 0.7843
vn -0.7196 0.0051 0.6944
vn -0.5194 -0.0011 0.8545
vn -0.8980 -0.0004 0.4399
vn -1.0000 0.0004 0.0094
vn -0.9994 -0.0012 -0.0352
vn -0.9062 0.0011 -0.4229
vn -0.8915 -0.0000 -0.4530
vn -0.0000 0.1675 0.9859
vn 0.0001 0.7554 0.6552
vn 0.0001 0.6521 0.7582
vn 0.0867 0.5488 0.8314
vn -0.0156 0.4262 0.9045
vn 0.0217 0.1465 0.9890
vn 0.0261 0.8588 0.5117
vn 0.0647 0.8787 0.4729
vn 0.0004 0.9489 0.3156
vn 0.0004 0.9853 0.1708
vn 0.0642 0.9979 -0.0000
vn 0.0222 0.9985 -0.0491
vn -0.0152 0.9409 -0.3384
vn 0.0789 0.8778 -0.4724
vn -0.0001 0.8158 -0.5783
vn -0.0000 0.1675 -0.9859
vn 0.0712 0.0979 -0.9926
vn -0.0314 0.3353 -0.9416
vn 0.0753 0.5493 -0.8322
vn 0.0205 0.5966 -0.8023
vn -0.0001 0.7224 -0.6915
vn -0.0000 -0.1461 -0.9893
vn 0.0190 -0.1675 -0.9857
vn -0.0156 -0.4262 -0.9045
vn 0.0867 -0.5488 -0.8314
vn 0.0001 -0.6520 -0.7582
vn 0.0647 -0.8788 -0.4729
vn 0.0261 -0.8588 -0.5117
vn 0.0001 -0.7554 -0.6553
vn 0.0642 -0.9979 -0.0000
vn 0.0004 -0.9853 -0.1708
vn 0.0004 -0.9489 -0.3156
vn -0.0000 -0.7633 0.6461
vn 0.0270 -0.8390 0.5435
vn 0.0789 -0.8779 0.4724
vn -0.0152 -0.9409 0.3384
vn 0.0222 -0.9985 0.0491
vn -0.0000 -0.1675 0.9859
vn 0.0712 -0.0979 0.9926
vn -0.0314 -0.3352 0.9416
vn 0.0754 -0.5493 0.8322
vn 0.0205 -0.5966 0.8023
vn -0.0000 -0.7224 0.6915
vn -0.0000 0.9844 0.1758
vn -0.0000 0.0538 0.9986
vn 0.0068 0.1758 0.9844
vn -0.0122 0.9708 0.2394
vn 0.0149 0.8042 0.5941
vn -0.0000 0.8422 0.5391
vn -0.0000 0.6372 0.7707
vn 0.0118 0.5391 0.8421
vn -0.0000 0.4571 0.8894
vn -0.0000 0.2286 0.9735
vn -0.0000 -0.1660 0.9861
vn -0.0124 -0.2374 0.9713
vn 0.0144 -0.5637 0.8259
vn -0.0000 -0.5027 0.8644
vn -0.0000 -0.7456 0.6664
vn 0.0053 -0.7730 0.6344
vn -0.0000 -0.8441 0.5361
vn -0.0000 -0.1467 0.9892
vn -0.0163 -0.1650 0.9862
vn 0.0235 -0.4999 0.8658
vn -0.0739 -0.4298 0.8999
vn 0.0295 -0.6702 0.7416
vn -0.0370 -0.7711 0.6357
vn -0.0000 -0.8228 0.5684
vn -0.0000 -0.7717 -0.6360
vn -0.0128 -0.7224 -0.6913
vn 0.0148 -0.4335 -0.9010
vn -0.0000 -0.5000 -0.8660
vn -0.0000 -0.2053 -0.9787
vn 0.0052 -0.1651 -0.9863
vn -0.0000 -0.0409 -0.9992
vn -0.0000 -0.7716 -0.6361
vn -0.0166 -0.7836 -0.6210
vn 0.0208 -0.4999 -0.8658
vn -0.0774 -0.5704 -0.8177
vn -0.0000 -0.1650 -0.9863
vn -0.0845 -0.0810 -0.9931
vn 0.0315 -0.3022 -0.9527
vn -0.7065 0.0415 0.7065
vn -0.5573 0.1150 0.8223
vn -0.6991 0.1078 0.7069
vn -0.5291 0.2087 0.8225
vn -0.6702 0.2261 0.7069
vn -0.6874 0.1675 0.7067
vn -0.4853 0.2961 0.8227
vn -0.6215 0.3378 0.7069
vn -0.6485 0.2830 0.7067
vn -0.4272 0.3746 0.8229
vn -0.5543 0.4395 0.7069
vn -0.5903 0.3901 0.7067
vn -0.3565 0.4421 0.8231
vn -0.4706 0.5281 0.7069
vn -0.5146 0.4856 0.7067
vn -0.3297 0.6255 0.7072
vn -0.3304 0.6248 0.7074
vn -0.3320 0.6231 0.7082
vn -0.3338 0.6198 0.7102
vn -0.3462 0.5813 0.7364
vn -0.3666 0.6051 0.7067
vn -0.4236 0.5667 0.7067
vn -0.8837 0.1454 0.4448
vn 0.5875 0.8060 0.0725
vn 0.7583 0.6095 0.2313
vn 0.8582 0.3609 0.3651
vn -0.8831 0.1282 0.4514
vn -0.8478 0.3977 0.3508
vn -0.8307 0.4561 0.3192
vn -0.7515 0.6195 0.2268
vn -0.7054 0.6870 0.1748
vn -0.5997 0.7957 0.0851
vn -0.5512 0.8333 0.0427
vn 0.8813 0.0739 0.4667
vn 0.8817 0.1464 0.4484
vn 0.9227 0.1228 0.3655
vn 0.8980 -0.1770 0.4028
vn 0.9434 0.1311 0.3046
vn 0.9680 0.1142 0.2234
vn 0.9785 -0.1679 0.1199
vn 0.9822 0.1205 0.1443
vn 0.9669 0.1294 0.2197
vn 0.9809 0.1251 -0.1488
vn 0.9892 0.1210 -0.0830
vn 0.9990 0.0351 -0.0271
vn 0.9927 0.1190 -0.0210
vn 0.9891 0.1220 0.0825
vn 0.9127 0.1413 -0.3835
vn 0.9438 0.1230 -0.3067
vn 0.9262 -0.1911 -0.3251
vn 0.9607 0.1293 -0.2456
vn 0.9821 0.1142 -0.1496
vn 0.7443 0.1520 -0.6503
vn 0.7864 0.1321 -0.6035
vn 0.7874 0.1598 -0.5954
vn 0.8466 0.1299 -0.5162
vn 0.8254 -0.0914 -0.5571
vn 0.8779 0.1395 -0.4581
vn 0.9137 0.1179 -0.3890
vn 0.6012 0.7949 0.0821
vn 0.6160 0.7861 0.0511
vn 0.6311 0.7733 0.0615
vn 0.6402 0.7675 0.0335
vn 0.6515 0.7576 0.0388
vn 0.6557 0.7548 0.0153
vn 0.6613 0.7500 0.0167
vn 0.6622 0.7494 -0.0041
vn 0.6607 0.7506 -0.0041
vn 0.6587 0.7520 -0.0249
vn 0.6504 0.7592 -0.0234
vn 0.6448 0.7629 -0.0470
vn 0.6311 0.7746 -0.0416
vn 0.6203 0.7813 -0.0695
vn 0.6031 0.7954 -0.0594
vn 0.5853 0.8056 -0.0919
vn 0.5669 0.8202 -0.0774
vn 0.5400 0.8339 -0.1140
vn 0.5218 0.8477 -0.0959
vn 0.4841 0.8645 -0.1352
vn 0.4676 0.8765 -0.1149
vn 0.4381 0.8882 -0.1388
vn 0.3697 0.9261 -0.0759
vn 0.3973 0.9073 -0.1381
vn 0.3398 0.9245 -0.1728
vn 0.6932 0.1061 -0.7129
vn 0.7002 0.1426 -0.6996
vn 0.6159 0.1749 -0.7682
vn 0.5775 0.0231 -0.8160
vn 0.5600 0.1670 -0.8114
vn 0.4903 0.1877 -0.8511
vn 0.4889 0.1652 -0.8566
vn 0.2177 0.9747 -0.0510
vn 0.2505 0.9498 -0.1876
vn 0.3295 0.9316 -0.1533
vn 0.3964 0.1872 -0.8988
vn 0.3309 -0.0238 -0.9434
vn 0.3284 0.1825 -0.9267
vn 0.2227 0.1985 -0.9545
vn 0.2228 0.1872 -0.9567
vn -0.2219 0.1873 -0.9569
vn -0.1373 0.1944 -0.9713
vn -0.0714 0.0723 -0.9948
vn -0.0624 0.1950 -0.9788
vn 0.0750 0.1948 -0.9780
vn 0.0586 0.0490 -0.9971
vn 0.1373 0.1944 -0.9713
vn 0.2136 0.9602 -0.1798
vn 0.1548 0.9683 -0.1961
vn 0.1518 0.9709 -0.1852
vn 0.0521 0.9786 -0.1990
vn 0.0516 0.9794 -0.1950
vn -0.0519 0.9794 -0.1950
vn -0.0518 0.9786 -0.1991
vn -0.1527 0.9708 -0.1851
vn -0.1539 0.9684 -0.1965
vn -0.2136 0.9602 -0.1799
vn -0.2171 0.9727 -0.0825
vn -0.5601 0.1670 -0.8114
vn -0.4918 0.1873 -0.8503
vn -0.4875 0.1656 -0.8573
vn -0.3964 0.1872 -0.8988
vn -0.3309 -0.0238 -0.9434
vn -0.3284 0.1825 -0.9267
vn -0.2236 0.1984 -0.9543
vn -0.2625 0.9475 -0.1826
vn -0.3310 0.9312 -0.1526
vn -0.3384 0.9248 -0.1737
vn -0.3973 0.9072 -0.1382
vn -0.3697 0.9260 -0.0759
vn -0.5803 -0.0159 -0.8143
vn -0.6042 0.1791 -0.7765
vn -0.6984 0.1434 -0.7012
vn -0.6955 0.1081 -0.7103
vn -0.7443 0.1520 -0.6503
vn -0.7853 0.1327 -0.6047
vn -0.7885 0.1593 -0.5940
vn -0.8466 0.1299 -0.5162
vn -0.8254 -0.0914 -0.5571
vn -0.8779 0.1395 -0.4581
vn -0.9131 0.1182 -0.3901
vn -0.9132 0.1410 -0.3822
vn -0.9438 0.1230 -0.3067
vn -0.9262 -0.1910 -0.3251
vn -0.9607 0.1293 -0.2456
vn -0.9820 0.1142 -0.1502
vn -0.9810 0.1251 -0.1482
vn -0.4382 0.8881 -0.1390
vn -0.4690 0.8758 -0.1139
vn -0.4829 0.8649 -0.1367
vn -0.5230 0.8470 -0.0947
vn -0.5390 0.8344 -0.1155
vn -0.5677 0.8197 -0.0762
vn -0.5845 0.8060 -0.0934
vn -0.6037 0.7951 -0.0582
vn -0.6198 0.7815 -0.0708
vn -0.6314 0.7744 -0.0407
vn -0.6445 0.7631 -0.0479
vn -0.6504 0.7592 -0.0228
vn -0.6586 0.7520 -0.0255
vn -0.6607 0.7506 -0.0040
vn -0.6621 0.7494 -0.0041
vn -0.6613 0.7499 0.0163
vn -0.6557 0.7549 0.0157
vn -0.6517 0.7576 0.0380
vn -0.6399 0.7677 0.0343
vn 0.7521 0.6192 0.2256
vn 0.7821 0.6015 0.1631
vn 0.7857 0.5958 0.1664
vn 0.8055 0.5832 0.1053
vn 0.8084 0.5789 0.1070
vn 0.8191 0.5717 0.0470
vn 0.8205 0.5697 0.0473
vn 0.8229 0.5681 -0.0120
vn 0.8225 0.5687 -0.0120
vn 0.8168 0.5726 -0.0713
vn 0.8147 0.5756 -0.0708
vn 0.8005 0.5849 -0.1308
vn 0.7970 0.5900 -0.1290
vn 0.7736 0.6046 -0.1899
vn 0.7695 0.6107 -0.1868
vn 0.7356 0.6301 -0.2487
vn 0.7312 0.6369 -0.2442
vn 0.6855 0.6604 -0.3067
vn 0.6813 0.6671 -0.3013
vn 0.6218 0.6937 -0.3634
vn 0.6180 0.7002 -0.3573
vn 0.5430 0.7286 -0.4175
vn 0.5399 0.7343 -0.4115
vn 0.4478 0.7624 -0.4671
vn 0.4454 0.7673 -0.4614
vn 0.3357 0.7926 -0.5090
vn 0.3342 0.7961 -0.5045
vn 0.2086 0.8155 -0.5398
vn 0.2079 0.8178 -0.5367
vn 0.0708 0.8284 -0.5557
vn 0.0706 0.8291 -0.5546
vn -0.0708 0.8291 -0.5546
vn -0.0707 0.8284 -0.5557
vn -0.2082 0.8177 -0.5367
vn -0.2083 0.8156 -0.5398
vn -0.3347 0.7961 -0.5042
vn -0.3353 0.7927 -0.5092
vn -0.4459 0.7671 -0.4612
vn -0.4472 0.7626 -0.4673
vn -0.5404 0.7342 -0.4110
vn -0.5425 0.7288 -0.4178
vn -0.6185 0.7001 -0.3569
vn -0.6213 0.6940 -0.3637
vn -0.6816 0.6670 -0.3008
vn -0.6851 0.6605 -0.3071
vn -0.7315 0.6367 -0.2438
vn -0.7354 0.6302 -0.2492
vn -0.7697 0.6106 -0.1865
vn -0.7735 0.6045 -0.1904
vn -0.7972 0.5898 -0.1288
vn -0.8005 0.5849 -0.1311
vn -0.8148 0.5755 -0.0707
vn -0.8168 0.5725 -0.0715
vn -0.8226 0.5685 -0.0120
vn -0.8230 0.5680 -0.0120
vn -0.8205 0.5696 0.0473
vn -0.8191 0.5717 0.0471
vn -0.8084 0.5789 0.1067
vn -0.8054 0.5832 0.1055
vn 0.8481 0.3975 0.3503
vn 0.8900 0.3727 0.2628
vn 0.8881 0.3791 0.2600
vn 0.9171 0.3605 0.1700
vn 0.9155 0.3652 0.1685
vn 0.9322 0.3541 0.0756
vn 0.9313 0.3563 0.0752
vn 0.9352 0.3536 -0.0192
vn 0.9354 0.3530 -0.0192
vn 0.9263 0.3592 -0.1134
vn 0.9275 0.3559 -0.1138
vn 0.9057 0.3704 -0.2062
vn 0.9077 0.3646 -0.2076
vn 0.8733 0.3861 -0.2971
vn 0.8756 0.3790 -0.2996
vn 0.8285 0.4060 -0.3857
vn 0.8308 0.3979 -0.3893
vn 0.7703 0.4289 -0.4718
vn 0.7723 0.4206 -0.4760
vn 0.6972 0.4543 -0.5545
vn 0.6988 0.4462 -0.5590
vn 0.6075 0.4808 -0.6323
vn 0.6088 0.4733 -0.6367
vn 0.4999 0.5066 -0.7025
vn 0.5008 0.5001 -0.7064
vn 0.3742 0.5294 -0.7614
vn 0.3748 0.5244 -0.7645
vn 0.2323 0.5465 -0.8046
vn 0.2326 0.5434 -0.8066
vn 0.0788 0.5553 -0.8279
vn 0.0789 0.5542 -0.8286
vn -0.0789 0.5542 -0.8286
vn -0.0790 0.5553 -0.8279
vn -0.2324 0.5434 -0.8067
vn -0.2326 0.5464 -0.8045
vn -0.3745 0.5244 -0.7647
vn -0.3747 0.5293 -0.7612
vn -0.5004 0.5002 -0.7067
vn -0.5004 0.5065 -0.7022
vn -0.6083 0.4735 -0.6370
vn -0.6080 0.4806 -0.6320
vn -0.6984 0.4463 -0.5595
vn -0.6977 0.4541 -0.5542
vn -0.7720 0.4208 -0.4765
vn -0.7707 0.4287 -0.4714
vn -0.8305 0.3980 -0.3897
vn -0.8288 0.4058 -0.3853
vn -0.8754 0.3791 -0.2999
vn -0.8735 0.3861 -0.2966
vn -0.9076 0.3648 -0.2078
vn -0.9058 0.3703 -0.2058
vn -0.9275 0.3560 -0.1140
vn -0.9263 0.3593 -0.1132
vn -0.9354 0.3531 -0.0192
vn -0.9352 0.3537 -0.0192
vn -0.9313 0.3564 0.0754
vn -0.9322 0.3540 0.0755
vn -0.9155 0.3653 0.1688
vn -0.9172 0.3604 0.1697
vn -0.9434 0.1311 0.3047
vn -0.9682 0.1140 0.2226
vn -0.9667 0.1295 0.2205
vn -0.9822 0.1206 0.1443
vn -0.9785 -0.1680 0.1199
vn -0.9891 0.1220 0.0825
vn -0.9926 0.1188 -0.0253
vn -0.9993 0.0283 -0.0227
vn -0.9892 0.1210 -0.0830
vn -0.6315 0.7730 0.0604
vn -0.6155 0.7864 0.0522
vn -0.7859 0.5957 0.1660
vn -0.7819 0.6016 0.1635
vn -0.8879 0.3792 0.2604
vn -0.8901 0.3726 0.2625
vn -0.8980 -0.1769 0.4028
vn -0.9227 0.1228 0.3655
vn 0.3299 0.6254 0.7071
vn 0.3334 0.6208 0.7095
vn 0.3310 0.6244 0.7075
vn 0.3306 0.6236 0.7084
vn 0.3301 0.6252 0.7072
vn 0.3481 0.5747 0.7406
vn 0.3621 0.6080 0.7066
vn 0.4236 0.5667 0.7067
vn 0.3565 0.4421 0.8231
vn 0.4706 0.5281 0.7069
vn 0.5146 0.4856 0.7067
vn 0.4272 0.3746 0.8229
vn 0.5543 0.4395 0.7069
vn 0.5903 0.3901 0.7066
vn 0.4852 0.2961 0.8227
vn 0.6215 0.3378 0.7069
vn 0.6485 0.2830 0.7067
vn 0.5291 0.2087 0.8225
vn 0.6702 0.2261 0.7069
vn 0.6874 0.1675 0.7067
vn 0.5573 0.1150 0.8223
vn 0.6991 0.1078 0.7069
vn 0.7060 0.0471 0.7067
vn 0.6722 0.0395 0.7394
vn 0.7071 0.0056 0.7071
vn -0.0000 0.8295 0.5585
vn -0.0358 0.7711 0.6357
vn -0.0098 0.7385 0.6742
vn 0.0208 0.4999 0.8658
vn -0.0774 0.5704 0.8177
vn -0.0000 0.1650 0.9863
vn -0.0845 0.0810 0.9931
vn 0.0315 0.3022 0.9527
vn -0.9424 -0.0000 -0.3345
vn -0.9944 -0.0014 0.1061
vn -0.9981 -0.0005 0.0611
vn -0.9965 -0.0045 0.0841
vn -0.9972 -0.0065 0.0744
vn -0.9970 -0.0058 0.0774
vn -0.9978 -0.0002 0.0666
vn -0.9981 0.0005 0.0615
vn -0.9981 -0.0004 0.0611
vn -0.9982 -0.0000 0.0602
vn -0.9957 -0.0022 0.0927
vn -0.9967 -0.0063 0.0810
vn -0.9977 -0.0116 0.0671
vn -0.9981 -0.0148 0.0592
vn -0.9985 -0.0183 0.0512
vn -0.9959 0.0005 0.0909
vn -0.9994 -0.0000 0.0360
vn -0.9995 -0.0002 0.0311
vn -0.9997 -0.0032 -0.0232
vn -0.9999 -0.0154 -0.0000
vn -0.9993 -0.0056 -0.0366
vn -0.9989 -0.0034 -0.0478
vn -0.9986 -0.0024 -0.0533
vn -0.9984 -0.0018 -0.0573
vn -0.9981 -0.0014 -0.0610
vn -0.9974 -0.0000 -0.0725
vn -0.9973 -0.0007 -0.0733
vn -0.9958 -0.0164 -0.0904
vn -0.9977 -0.0017 -0.0672
vn -0.9974 -0.0051 -0.0714
vn -0.9873 -0.0001 0.1586
vn -0.9902 -0.0000 0.1397
vn -0.9918 -0.0001 0.1280
vn -0.9704 0.0061 0.2414
vn -0.9689 0.0083 0.2472
vn -0.9690 0.0087 0.2469
vn -0.9676 0.0001 0.2527
vn -0.9952 0.0115 0.0969
vn -0.9929 0.0017 0.1188
vn -0.9909 -0.0000 0.1346
vn -0.9928 -0.0382 0.1132
vn -0.9964 -0.0116 0.0842
vn -0.9967 -0.0086 0.0804
vn -0.9971 -0.0056 0.0758
vn -0.9974 -0.0036 0.0713
vn -0.9981 -0.0000 0.0614
vn -0.9978 -0.0019 0.0659
vn -0.9974 0.0057 0.0721
vn -0.9958 0.0203 0.0898
vn -0.9954 0.0079 0.0960
vn -0.9951 0.0017 0.0984
vn -0.9424 -0.0000 0.3345
vn -0.9180 -0.0000 0.3967
vn -0.8868 0.0093 0.4620
vn -0.8260 -0.0000 0.5636
vn -0.8740 0.0027 0.4859
vn -0.8366 -0.0000 0.5479
vn -0.8280 -0.0000 0.5607
vn -0.8232 -0.0002 0.5678
vn -0.9978 -0.0008 -0.0657
vn -0.9974 -0.0000 -0.0723
vn -0.9958 -0.0000 -0.0914
vn -0.9866 0.0016 -0.1632
vn -0.9933 -0.0193 -0.1135
vn -0.9638 0.0350 -0.2642
vn -0.9719 -0.0077 -0.2352
vn -0.9740 -0.0000 -0.2264
vn -0.9823 -0.0169 -0.1865
vn -0.9867 -0.0303 -0.1595
vn -0.9944 0.0009 -0.1056
vn -0.9794 0.0312 -0.1997
vn -0.9796 0.0340 -0.1982
vn -0.9764 0.0115 -0.2155
vn -0.7914 -0.0000 -0.6113
vn -0.7289 0.0439 -0.6833
vn -0.7702 0.0169 -0.6376
vn -0.8323 -0.0000 -0.5543
vn -0.9092 -0.0000 -0.4163
vn -0.8713 0.0333 -0.4897
vn -0.9084 0.0076 -0.4180
vn -0.3756 0.0437 -0.9257
vn -0.4606 0.0050 -0.8876
vn -0.5292 -0.0000 -0.8485
vn -0.6325 -0.0000 -0.7745
vn -0.5906 0.0283 -0.8065
vn -0.6727 -0.0000 -0.7399
vn -0.4409 0.0001 -0.8976
vn -0.2391 -0.0001 -0.9710
vn -0.2290 -0.0111 -0.9734
vn -0.1062 0.0008 -0.9943
vn -0.1256 -0.0006 -0.9921
vn -0.1283 -0.0002 -0.9917
vn -0.2050 0.0008 -0.9788
vn -0.3208 0.1170 -0.9399
vn -0.0822 -0.0078 -0.9966
vn -0.0608 -0.0432 -0.9972
vn -0.0548 -0.0657 -0.9963
vn -0.0313 -0.0261 -0.9992
vn -0.0005 0.0133 -0.9999
vn 0.0550 -0.0574 -0.9968
vn 0.0472 -0.0955 -0.9943
vn 0.0637 -0.0422 -0.9971
vn 0.0815 -0.0096 -0.9966
vn 0.2108 -0.0392 -0.9767
vn 0.0979 -0.0023 -0.9952
vn 0.1074 -0.0000 -0.9942
vn 0.1257 -0.0002 -0.9921
vn 0.1209 -0.0017 -0.9927
vn 0.2066 0.0149 -0.9783
vn 0.3324 0.2233 -0.9163
vn 0.2294 -0.0134 -0.9732
vn 0.2420 -0.0001 -0.9703
vn 0.3677 -0.0000 -0.9299
vn 0.4408 0.0142 -0.8975
vn 0.4606 0.0050 -0.8876
vn 0.5291 -0.0000 -0.8485
vn 0.5841 -0.0000 -0.8117
vn 0.6325 0.0142 -0.7744
vn 0.6727 -0.0000 -0.7399
vn 0.7199 -0.0000 -0.6941
vn 0.7914 0.0020 -0.6113
vn 0.7702 0.0169 -0.6376
vn 0.9424 -0.0000 -0.3345
vn 0.9084 0.0076 -0.4180
vn 0.9092 0.0070 -0.4163
vn 0.8670 -0.0000 -0.4983
vn 0.8323 -0.0000 -0.5543
vn 0.9809 0.0551 -0.1864
vn 0.9787 0.0259 -0.2038
vn 0.9756 0.0078 -0.2193
vn 0.9738 -0.0000 -0.2273
vn 0.9791 -0.0096 -0.2032
vn 0.9844 -0.0225 -0.1745
vn 0.9881 -0.0363 -0.1492
vn 0.9974 0.0002 -0.0725
vn 0.9958 -0.0000 -0.0915
vn 0.9956 -0.0000 -0.0934
vn 0.9866 -0.0001 -0.1634
vn 0.9639 0.0392 -0.2634
vn 0.9949 -0.0022 0.1008
vn 0.9934 -0.0007 0.1145
vn 0.9911 -0.0000 0.1331
vn 0.9990 -0.0024 -0.0456
vn 0.9997 -0.0055 -0.0254
vn 0.9997 -0.0060 -0.0232
vn 1.0000 -0.0010 0.0071
vn 0.9959 0.0022 0.0908
vn 0.9986 -0.0113 0.0517
vn 0.9964 -0.0042 0.0849
vn 0.9445 0.0397 0.3261
vn 0.9780 -0.0067 0.2086
vn 0.9705 0.0071 0.2412
vn 0.9873 -0.0000 0.1586
vn 0.8868 0.0093 0.4620
vn 0.8740 0.0027 0.4859
vn 0.8282 -0.0005 0.5604
vn 0.8365 0.0003 0.5480
vn 0.8232 -0.0002 0.5678
vn 0.8260 -0.0000 0.5636
vn -0.9979 0.0012 -0.0640
vn -0.9967 -0.0004 -0.0806
vn -0.9974 0.0019 -0.0721
vn -0.9976 0.0029 -0.0691
vn -0.9976 0.0030 -0.0689
vn -0.9974 -0.0000 -0.0720
vn -0.9973 -0.0009 -0.0729
vn -0.9971 -0.0044 -0.0758
vn -0.9968 -0.0099 -0.0795
vn -0.9960 -0.0236 -0.0864
vn -0.9966 -0.0143 -0.0815
vn -0.9964 -0.0182 -0.0831
vn 0.9180 -0.0000 0.3967
vn 0.9673 -0.0000 0.2537
vn 0.9675 0.0013 0.2527
vn 0.9902 -0.0000 0.1396
vn 0.9917 0.0003 0.1284
vn 0.9937 0.0039 0.1121
vn 0.9947 0.0100 0.1020
vn 0.9961 0.0220 0.0857
vn 0.9975 0.0694 -0.0104
vn 0.9855 0.1674 0.0268
vn 0.9927 0.1124 0.0437
vn 0.9961 0.0598 0.0646
vn 0.9987 0.0094 -0.0511
vn 0.9970 -0.0001 -0.0775
vn 0.9798 0.0015 -0.1998
vn 0.9805 0.0955 -0.1715
vn 0.9809 0.0824 -0.1761
vn 0.0855 0.0040 -0.9963
vn 0.2322 0.0109 -0.9726
vn 0.2157 0.0340 -0.9759
vn 0.2263 0.0125 -0.9740
vn 0.1211 0.0001 -0.9926
vn 0.1071 -0.0001 -0.9942
vn 0.0120 0.1970 -0.9803
vn -0.0000 0.1549 -0.9879
vn 0.0444 0.0576 -0.9974
vn 0.0614 0.0265 -0.9978
vn -0.0360 0.0729 -0.9967
vn -0.0548 0.0360 -0.9979
vn -0.0759 0.0098 -0.9971
vn -0.0923 0.0031 -0.9957
vn -0.1043 -0.0002 -0.9945
vn -0.2263 0.0023 -0.9741
vn -0.2092 0.0412 -0.9770
vn -0.2270 0.0139 -0.9738
vn 0.0057 0.7219 0.6920
vn -0.0000 0.0411 0.9992
vn 0.0093 0.2588 0.9659
vn 0.0217 0.2052 0.9785
vn -0.0021 0.4342 0.9008
vn -0.0000 0.9710 0.2392
vn -0.0000 0.6422 0.7665
vn -0.0000 0.8058 0.5922
vn 0.0032 0.7934 0.6087
vn -0.0049 0.9659 0.2588
vn -0.0195 0.4620 0.8867
vn 0.0188 0.6086 0.7932
vn -0.0148 0.2641 0.9644
vn -0.0157 0.2588 0.9658
vn -0.0000 0.0884 0.9961
vn -0.0000 0.1737 -0.9848
vn -0.0000 0.8439 -0.5364
vn 0.0058 0.7660 -0.6428
vn 0.0016 0.1651 -0.9863
vn -0.0006 0.3942 -0.9190
vn 0.0073 0.5000 -0.8660
vn -0.0010 0.5624 -0.8268
vn 0.0012 0.7443 -0.6679
vn -0.0000 0.2392 -0.9710
vn -0.0050 0.2588 -0.9659
vn 0.0032 0.6087 -0.7934
vn -0.0000 0.5921 -0.8058
vn -0.0000 0.7664 -0.6423
vn -0.0039 0.7934 -0.6087
vn 0.0037 0.8869 -0.4620
vn -0.0147 0.9647 -0.2630
vn -0.0154 0.9658 -0.2588
vn -0.0000 0.9961 -0.0880
vn 0.5988 -0.7071 0.3760
vn -0.6893 -0.7071 -0.1575
vn -0.6893 -0.7071 -0.1574
vn 0.5657 -0.7059 0.4263
vn 0.5989 -0.7071 0.3760
vn 0.5990 -0.7070 0.3758
vn 0.4984 -0.7922 0.3520
vn 0.5422 -0.7069 0.4542
vn 0.4881 -0.7059 0.5133
vn 0.4295 -0.7982 0.4223
vn 0.4619 -0.7069 0.5357
vn 0.3974 -0.7059 0.5864
vn 0.3513 -0.8040 0.4798
vn 0.3695 -0.7069 0.6032
vn 0.2959 -0.7059 0.6436
vn 0.2659 -0.8096 0.5234
vn 0.2674 -0.7068 0.6549
vn 0.2145 -0.7068 0.6741
vn 0.1684 -0.7682 0.6176
vn 0.1584 -0.7068 0.6894
vn 0.1030 -0.7069 0.6998
vn 0.0649 -0.7678 0.6373
vn 0.0451 -0.7068 0.7060
vn 0.0068 -0.7071 0.7071
vn -0.0515 -0.7062 0.7061
vn -0.0515 -0.7062 0.7062
vn -0.1600 -0.7059 0.6900
vn -0.1145 -0.8016 0.5868
vn -0.1921 -0.7069 0.6808
vn -0.2710 -0.7059 0.6544
vn -0.2092 -0.8015 0.5602
vn -0.3011 -0.7069 0.6400
vn -0.3746 -0.7059 0.6011
vn -0.2984 -0.8014 0.5185
vn -0.4020 -0.7069 0.5820
vn -0.4681 -0.7059 0.5316
vn -0.3795 -0.8012 0.4627
vn -0.4920 -0.7069 0.5082
vn -0.5489 -0.7059 0.4476
vn -0.4503 -0.8011 0.3942
vn -0.5687 -0.7069 0.4205
vn -0.6149 -0.7059 0.3516
vn -0.5090 -0.8010 0.3151
vn -0.6300 -0.7069 0.3216
vn -0.6642 -0.7059 0.2460
vn -0.5540 -0.8009 0.2275
vn -0.6742 -0.7069 0.2139
vn -0.6955 -0.7059 0.1338
vn -0.5840 -0.8007 0.1335
vn -0.7001 -0.7069 0.1004
vn -0.7066 -0.7066 0.0381
vn -0.6925 -0.7202 0.0416
vn -0.7161 -0.6977 -0.0204
vn -0.7071 -0.7069 -0.0158
vn -0.7014 -0.7059 -0.0984
vn -0.5961 -0.8004 -0.0626
vn -0.6950 -0.7069 -0.1315
vn -0.6544 -0.7013 -0.2828
vn 0.0578 -0.7013 -0.7105
vn -0.2252 -0.6984 -0.6793
vn -0.2252 -0.6984 -0.6794
vn -0.4939 -0.6984 -0.5180
vn 0.0633 -0.7018 -0.7096
vn -0.6354 -0.7018 -0.3221
vn -0.1178 -0.7059 -0.6984
vn -0.2124 -0.6831 -0.6987
vn -0.2622 -0.7042 -0.6598
vn -0.4702 -0.6991 -0.5387
vn -0.4433 -0.6637 -0.6025
vn -0.5301 -0.7059 -0.4698
vn -0.6659 -0.7067 -0.2389
vn -0.6398 -0.7067 -0.3019
vn -0.6770 -0.7018 -0.2216
vn -0.4570 -0.7018 0.5465
vn -0.7070 -0.7059 -0.0426
vn -0.7286 -0.6831 0.0495
vn -0.7019 -0.7042 0.1068
vn -0.6308 -0.6991 0.3367
vn -0.6869 -0.6637 0.2962
vn -0.5772 -0.7059 0.4106
vn -0.6615 -0.7016 -0.2651
vn -0.7157 -0.6983 0.0127
vn -0.6408 -0.6983 0.3189
vn -0.4621 -0.7012 0.5428
vn -0.4622 -0.7012 0.5428
vn -0.5764 -0.7065 -0.4106
vn -0.5139 -0.7060 -0.4872
vn -0.5140 -0.7060 -0.4872
vn -0.4311 -0.7060 -0.5619
vn -0.3376 -0.7060 -0.6226
vn -0.2475 -0.7065 -0.6631
vn -0.2498 -0.6781 -0.6912
vn -0.2804 -0.7071 -0.6492
vn 0.6443 -0.7013 -0.3052
vn 0.4758 -0.6983 -0.5348
vn 0.4757 -0.6984 -0.5347
vn 0.2017 -0.6983 -0.6868
vn 0.2017 -0.6984 -0.6868
vn -0.0823 -0.7013 -0.7081
vn -0.0822 -0.7013 -0.7081
vn 0.6462 -0.7018 -0.3000
vn -0.0388 -0.7018 -0.7114
vn 0.5460 -0.7059 -0.4513
vn 0.4989 -0.6831 -0.5333
vn 0.4403 -0.7042 -0.5570
vn 0.2314 -0.6991 -0.6765
vn 0.3001 -0.6637 -0.6852
vn 0.1419 -0.7059 -0.6940
vn -0.1260 -0.7067 -0.6962
vn -0.0584 -0.7067 -0.7051
vn -0.7018 -0.7018 -0.1225
vn -0.6069 -0.6991 -0.3779
vn -0.3986 -0.6991 -0.5936
vn -0.1466 -0.7018 -0.6971
vn -0.1013 -0.7015 -0.7054
vn -0.1012 -0.7016 -0.7054
vn -0.3688 -0.6983 -0.6135
vn -0.5966 -0.6983 -0.3955
vn -0.7012 -0.7012 -0.1288
vn 0.0677 -0.7065 -0.7045
vn 0.1652 -0.7060 -0.6886
vn 0.1651 -0.7088 -0.6858
vn 0.2190 -0.7071 -0.6723
vn 0.2452 -0.7069 -0.6635
vn 0.2968 -0.6331 -0.7149
vn 0.2960 -0.7090 -0.6401
vn 0.3220 -0.7071 -0.6295
vn 0.3711 -0.7060 -0.6031
vn 0.3692 -0.7118 -0.5976
vn 0.4171 -0.7071 -0.5710
vn 0.4515 -0.7065 -0.5450
vn 0.5864 -0.7013 0.4054
vn 0.5864 -0.7013 0.4053
vn 0.7010 -0.6983 0.1446
vn 0.7010 -0.6984 0.1446
vn 0.6956 -0.6984 -0.1687
vn 0.5721 -0.7013 -0.4253
vn 0.5829 -0.7018 0.4096
vn 0.5967 -0.7018 -0.3893
vn 0.6638 -0.7059 0.2472
vn 0.7114 -0.6831 0.1654
vn 0.7025 -0.7042 0.1028
vn 0.7016 -0.6991 -0.1378
vn 0.7434 -0.6637 -0.0827
vn 0.6719 -0.7059 -0.2242
vn 0.5399 -0.7067 -0.4573
vn 0.5814 -0.7067 -0.4032
vn 0.5304 -0.7018 -0.4756
vn -0.2448 -0.7018 -0.6690
vn 0.3904 -0.7059 -0.5910
vn 0.3215 -0.6831 -0.6558
vn 0.2585 -0.7042 -0.6613
vn 0.0238 -0.6991 -0.7146
vn 0.0870 -0.6637 -0.7430
vn -0.0670 -0.7059 -0.7052
vn 0.5603 -0.7015 -0.4404
vn 0.5604 -0.7015 -0.4403
vn 0.3469 -0.6982 -0.6262
vn 0.0442 -0.6982 -0.7145
vn -0.2391 -0.7012 -0.6717
vn 0.6979 -0.7063 0.1186
vn 0.6440 -0.7064 -0.2937
vn 0.6790 -0.7060 -0.2012
vn 0.6765 -0.7088 -0.1999
vn 0.6918 -0.7071 -0.1466
vn 0.7022 -0.7060 -0.0918
vn 0.6981 -0.7103 -0.0903
vn 0.6977 -0.7065 0.1186
vn 0.7030 -0.7071 0.0758
vn 0.7020 -0.7118 0.0210
vn 0.7079 -0.7061 0.0199
vn 0.7062 -0.7071 -0.0358
vn 0.6542 -0.7015 0.2827
vn -0.0574 -0.7012 0.7106
vn 0.2266 -0.6983 0.6790
vn 0.4958 -0.6983 0.5164
vn 0.4957 -0.6983 0.5164
vn 0.6539 -0.7016 0.2831
vn 0.6543 -0.7014 0.2827
vn -0.0633 -0.7018 0.7096
vn 0.6354 -0.7018 0.3221
vn 0.1178 -0.7059 0.6985
vn 0.2124 -0.6831 0.6988
vn 0.2623 -0.7042 0.6598
vn 0.4702 -0.6991 0.5387
vn 0.4433 -0.6637 0.6025
vn 0.5301 -0.7059 0.4698
vn 0.6660 -0.7067 0.2389
vn 0.6399 -0.7067 0.3019
vn 0.6771 -0.7018 0.2216
vn 0.4570 -0.7018 -0.5465
vn 0.7071 -0.7059 0.0426
vn 0.7287 -0.6831 -0.0495
vn 0.7019 -0.7042 -0.1068
vn 0.6308 -0.6991 -0.3367
vn 0.6869 -0.6637 -0.2962
vn 0.5772 -0.7059 -0.4106
vn 0.6635 -0.7014 0.2606
vn 0.6631 -0.7013 0.2614
vn 0.6631 -0.7016 0.2610
vn 0.7156 -0.6983 -0.0156
vn 0.6401 -0.6983 -0.3204
vn 0.4617 -0.7012 -0.5432
vn 0.4618 -0.7013 -0.5432
vn 0.9988 0.0001 -0.0484
vn 0.9991 -0.0004 -0.0418
vn 0.9995 -0.0012 -0.0325
vn 0.9987 0.0031 -0.0507
vn 0.9998 -0.0037 -0.0195
vn 0.9999 -0.0068 -0.0095
vn 0.9994 -0.0219 0.0281
vn 0.9992 -0.0399 0.0090
vn 0.9992 -0.0205 0.0345
vn 0.9986 -0.0111 0.0513
vn 0.9982 -0.0078 0.0591
vn 0.9978 -0.0052 0.0660
vn 0.9971 -0.0026 0.0755
vn 0.9832 -0.0000 0.1825
vn 0.9859 -0.0035 0.1675
vn 0.9925 0.0001 0.1223
vn 0.9942 -0.0000 0.1073
vn 0.9960 -0.0000 0.0890
vn 0.9965 -0.0011 0.0830
vn 0.9968 0.0015 0.0805
vn 0.9974 0.0032 0.0722
vn 0.9980 0.0059 0.0626
vn 0.9984 0.0085 0.0560
vn 0.9988 0.0125 0.0465
vn 0.9969 -0.0061 0.0786
vn 0.9997 0.0024 0.0263
vn 0.9999 0.0049 0.0163
vn 0.9999 0.0104 -0.0004
vn 0.9993 0.0244 -0.0288
vn 0.9960 0.0512 -0.0728
vn 0.9873 0.0899 -0.1310
vn 0.7331 0.3799 -0.5640
vn 0.9921 -0.0093 -0.1253
vn 0.9891 0.0079 -0.1470
vn 0.9983 -0.0001 -0.0583
vn 0.9916 -0.0046 -0.1296
vn 0.9762 0.0657 -0.2068
vn 1.0000 -0.0020 -0.0000
vn 0.9927 0.0024 -0.1202
vn 0.9944 0.0153 -0.1045
vn 0.9789 -0.0504 -0.1979
vn 0.9906 -0.0000 -0.1364
vn 0.9609 -0.0000 -0.2769
vn 0.9588 -0.0028 -0.2841
vn 0.9361 -0.0000 -0.3518
vn 0.9099 -0.0001 -0.4149
vn 0.9097 -0.0000 -0.4152
vn 0.6387 -0.0000 -0.7694
vn 0.6379 -0.0003 -0.7701
vn 0.5907 -0.0000 -0.8069
vn 0.5899 -0.0000 -0.8075
vn 0.5262 -0.0000 -0.8504
vn 0.5241 -0.0010 -0.8517
vn 0.4576 -0.0000 -0.8891
vn 0.4554 -0.0000 -0.8903
vn 0.3871 -0.0000 -0.9220
vn 0.3835 -0.0016 -0.9236
vn 0.3133 -0.0000 -0.9496
vn 0.3096 -0.0000 -0.9509
vn 0.2385 -0.0000 -0.9711
vn 0.2333 -0.0021 -0.9724
vn 0.1613 -0.0000 -0.9869
vn 0.0431 -0.0000 -0.9991
vn 0.0956 -0.0000 -0.9954
vn 0.0647 -0.0311 -0.9974
vn 0.0802 -0.0188 -0.9966
vn 0.0920 -0.0113 -0.9957
vn 0.1047 -0.0046 -0.9945
vn 0.1143 -0.0001 -0.9934
vn 0.1030 0.0048 -0.9947
vn 0.0891 0.0119 -0.9959
vn 0.0772 0.0193 -0.9968
vn 0.0693 0.0251 -0.9973
vn 0.1038 -0.0022 -0.9946
vn 0.0404 0.0004 -0.9992
vn 0.8232 -0.0000 0.5677
vn 0.8026 -0.0000 -0.5966
vn 0.8003 -0.0001 -0.5996
vn 0.9704 0.0001 -0.2417
vn 0.9718 -0.0001 -0.2357
vn 0.9801 0.0001 0.1987
vn 0.9794 -0.0000 0.2021
vn 0.8226 -0.0000 0.5686
vn 0.7631 -0.0000 -0.6463
vn 0.8218 -0.0000 -0.5698
vn 0.7840 -0.0000 -0.6208
vn -0.3353 -0.0000 -0.9421
vn 0.7863 0.0001 -0.6179
vn 0.4846 -0.0001 -0.8747
vn 0.4792 0.0001 -0.8777
vn 0.0618 -0.0001 -0.9981
vn 0.0583 -0.0000 -0.9983
vn -0.3363 -0.0000 -0.9417
vn -0.3436 -0.0000 -0.9391
vn -0.0946 -0.0000 -0.9955
vn 0.1163 -0.0000 -0.9932
vn 0.3640 -0.0000 -0.9314
vn 0.5512 -0.0000 -0.8344
vn 0.7446 -0.0000 -0.6676
vn 0.8182 -0.0000 0.5750
vn 0.9371 -0.0000 0.3490
vn 0.9895 -0.0000 0.1448
vn 0.9895 -0.0000 0.1447
vn 0.9939 -0.0000 -0.1106
vn 0.9939 -0.0000 -0.1105
vn 0.9486 -0.0000 -0.3165
vn 0.8375 -0.0000 -0.5464
vn -0.9997 -0.0024 -0.0223
vn -0.9999 -0.0102 -0.0075
vn -0.9943 0.0231 -0.1045
vn -0.9979 -0.0472 -0.0442
vn -0.9975 -0.0287 -0.0639
vn -0.9971 -0.0220 -0.0727
vn -0.9966 -0.0160 -0.0809
vn -0.9956 -0.0088 -0.0932
vn -0.9945 -0.0032 -0.1050
vn -0.9940 -0.0012 -0.1094
vn -0.9826 0.0014 -0.1860
vn -0.9832 0.0006 -0.1824
vn -0.9749 -0.0000 -0.2226
vn -0.9954 0.0037 -0.0952
vn -0.9965 0.0085 -0.0834
vn -0.9973 0.0141 -0.0722
vn -0.9977 0.0187 -0.0649
vn -0.9982 0.0256 -0.0544
vn -0.9954 -0.0089 -0.0955
vn -0.9997 0.0024 -0.0263
vn -0.9999 0.0049 -0.0163
vn -0.9998 -0.0000 -0.0197
vn -0.9998 -0.0000 -0.0196
vn -0.9997 0.0178 0.0154
vn -0.9999 0.0104 0.0004
vn -0.9939 -0.0070 0.1097
vn -0.9913 0.0064 0.1314
vn -0.9953 -0.0174 0.0950
vn -0.9962 -0.0285 0.0818
vn -0.9893 0.0328 0.1419
vn -0.9986 -0.0116 0.0516
vn -0.9990 -0.0166 0.0418
vn -0.9982 -0.0038 0.0600
vn -0.9998 -0.0000 0.0180
vn -1.0000 -0.0000 0.0079
vn -0.9995 -0.0000 0.0321
vn -0.9956 -0.0185 0.0917
vn -0.9988 0.0355 0.0347
vn -0.9865 -0.0568 0.1538
vn -0.9969 0.0396 0.0676
vn -0.9961 0.0240 0.0848
vn -0.9950 0.0134 0.0992
vn -0.9927 -0.0000 0.1204
vn -0.9722 -0.0000 0.2341
vn -0.9748 0.0036 0.2229
vn -0.9496 -0.0021 0.3134
vn -0.9532 -0.0000 0.3024
vn -0.9209 -0.0000 0.3898
vn -0.9251 0.0033 0.3798
vn -0.8857 -0.0020 0.4643
vn -0.8907 -0.0000 0.4547
vn -0.8449 -0.0000 0.5350
vn -0.8502 0.0031 0.5264
vn -0.7980 -0.0019 0.6027
vn -0.8040 -0.0000 0.5946
vn -0.7461 -0.0000 0.6658
vn -0.7524 0.0029 0.6587
vn -0.6888 -0.0018 0.7250
vn -0.6956 -0.0000 0.7184
vn -0.6273 -0.0000 0.7787
vn -0.6342 0.0026 0.7732
vn -0.5611 -0.0016 0.8277
vn -0.5684 -0.0000 0.8228
vn -0.4917 -0.0000 0.8708
vn -0.4988 0.0024 0.8667
vn -0.4184 -0.0015 0.9083
vn -0.4257 -0.0000 0.9049
vn -0.3429 -0.0000 0.9394
vn -0.3498 0.0022 0.9368
vn -0.2644 -0.0014 0.9644
vn -0.2715 -0.0000 0.9624
vn -0.1915 -0.0000 0.9815
vn -0.1848 0.0017 0.9828
vn -0.0808 -0.0128 0.9966
vn -0.0103 -0.0000 0.9999
vn -0.0718 -0.0187 0.9972
vn -0.0727 -0.0110 0.9973
vn -0.0465 -0.0391 0.9982
vn -0.0634 -0.0248 0.9977
vn -0.0930 -0.0066 0.9956
vn -0.1039 -0.0020 0.9946
vn -0.1059 -0.0012 0.9944
vn -0.0917 0.0032 0.9958
vn -0.0801 0.0074 0.9968
vn -0.0694 0.0124 0.9975
vn -0.0621 0.0166 0.9979
vn -0.0918 -0.0017 0.9958
vn -0.0374 0.0005 0.9993
vn -0.0251 0.0027 0.9997
vn -0.0259 -0.0000 0.9997
vn -0.0040 0.0091 1.0000
vn -0.0149 0.0052 0.9999
vn -0.9296 -0.0000 -0.3685
vn -0.6482 -0.0000 0.7614
vn -0.6474 -0.0000 0.7621
vn -0.8937 -0.0000 0.4487
vn -0.8953 -0.0001 0.4456
vn -0.9997 0.0001 0.0238
vn -0.9998 -0.0001 0.0177
vn -0.9282 0.0001 -0.3720
vn 0.9033 -0.0000 -0.4291
vn -0.1153 -0.0000 -0.9933
vn -0.1190 -0.0001 -0.9929
vn 0.2759 0.0001 -0.9612
vn 0.2818 -0.0001 -0.9595
vn 0.6621 0.0001 -0.7494
vn 0.6647 -0.0000 -0.7471
vn 0.9037 -0.0000 -0.4281
vn -0.3500 -0.0000 -0.9368
vn -0.8145 -0.0000 -0.5802
vn -0.8155 -0.0006 -0.5788
vn -0.7279 0.0007 -0.6857
vn -0.7257 -0.0005 -0.6880
vn -0.6105 0.0005 -0.7920
vn -0.6088 -0.0003 -0.7934
vn -0.4777 0.0003 -0.8785
vn -0.4767 -0.0002 -0.8791
vn -0.3496 0.0001 -0.9369
vn -0.7030 -0.0000 0.7112
vn -0.6415 -0.0037 0.7671
vn -0.8149 -0.0000 0.5796
vn -0.9183 -0.0000 0.3959
vn -0.9613 -0.0029 0.2754
vn -0.9504 -0.0000 -0.3110
vn -0.9730 -0.0025 -0.2310
vn -0.9982 -0.0000 -0.0602
vn -0.9886 -0.0000 0.1504
vn -0.9412 -0.0000 -0.3377
vn -0.9044 -0.0000 -0.4268
vn -0.0692 0.0151 -0.9975
vn -0.0807 0.0093 -0.9967
vn -0.0943 0.0038 -0.9955
vn -0.0899 -0.0033 -0.9959
vn -0.0778 -0.0077 -0.9969
vn -0.0382 -0.0000 -0.9993
vn -0.0826 -0.0024 -0.9966
vn -0.0590 -0.0176 -0.9981
vn -0.0666 -0.0131 -0.9977
vn -0.0450 -0.0000 -0.9990
vn -0.0981 -0.0078 -0.9951
vn -0.0560 0.0234 -0.9982
vn -0.0618 0.0197 -0.9979
vn -0.1030 0.0008 -0.9947
vn -0.1781 -0.0011 -0.9840
vn -0.1831 -0.0000 -0.9831
vn 0.0287 -0.0000 -0.9996
vn -0.0544 -0.0037 -0.9985
vn 0.2002 -0.0000 -0.9798
vn 0.5149 -0.0000 -0.8573
vn 0.4012 -0.0057 -0.9160
vn 0.9070 -0.0000 -0.4211
vn 0.8689 -0.0025 -0.4950
vn 0.7708 -0.0000 -0.6371
vn 0.6201 -0.0000 -0.7845
vn 0.0888 -0.0000 -0.9960
vn 0.0057 -0.0025 -1.0000
vn -0.1663 -0.0000 -0.9861
vn -0.3694 -0.0000 -0.9293
vn -0.4850 -0.0029 -0.8745
vn -0.5927 -0.0000 -0.8054
vn -0.7484 -0.0000 -0.6633
vn -0.8513 -0.0025 -0.5247
vn -0.8920 -0.0000 -0.4521
vn 0.0811 -0.0000 -0.9967
vn 0.0611 0.0006 -0.9981
vn -0.3147 -0.0007 -0.9492
vn -0.3337 -0.0000 -0.9427
vn -0.6901 -0.0000 -0.7237
vn -0.6754 -0.0008 -0.7374
vn -0.9179 0.0007 -0.3967
vn -0.9098 -0.0000 -0.4151
vn 0.0696 0.0202 0.9974
vn 0.0181 0.0044 0.9998
vn 0.1008 -0.0159 0.9948
vn 0.0485 0.0370 0.9981
vn 0.0615 0.0263 0.9978
vn 0.0802 0.0134 0.9967
vn 0.0923 0.0069 0.9957
vn 0.1035 0.0018 0.9946
vn 0.0687 -0.0047 0.9976
vn 0.0588 -0.0084 0.9982
vn 0.0522 -0.0116 0.9986
vn 0.0437 -0.0160 0.9989
vn 0.0638 -0.0023 0.9980
vn 0.0028 -0.0000 1.0000
vn 0.0096 -0.0003 1.0000
vn 0.0095 -0.0003 1.0000
vn 0.0194 0.0002 0.9998
vn 0.0259 -0.0000 0.9997
vn 0.0077 0.0075 0.9999
vn 0.8469 -0.0000 0.5317
vn 0.8213 0.0007 0.5705
vn 0.8168 -0.0012 0.5769
vn 0.7892 -0.0000 0.6142
vn 0.7666 -0.0000 0.6421
vn 0.7399 0.0066 0.6726
vn 0.7131 -0.0018 0.7011
vn 0.6841 -0.0000 0.7294
vn 0.6530 -0.0000 0.7573
vn 0.6264 0.0062 0.7794
vn 0.5908 -0.0021 0.8069
vn 0.5625 -0.0000 0.8268
vn 0.5224 -0.0000 0.8527
vn 0.4977 0.0055 0.8673
vn 0.4529 -0.0022 0.8915
vn 0.4272 -0.0000 0.9042
vn 0.3781 -0.0000 0.9258
vn 0.3569 0.0047 0.9341
vn 0.3033 -0.0021 0.9529
vn 0.2815 -0.0000 0.9596
vn 0.2239 -0.0000 0.9746
vn 0.2074 0.0037 0.9782
vn 0.1457 -0.0019 0.9893
vn 0.1003 0.0032 0.9949
vn 0.0777 -0.0022 0.9970
vn 0.9098 -0.0000 0.4151
vn 0.9180 0.0007 0.3967
vn 0.6779 -0.0008 0.7352
vn 0.6926 -0.0000 0.7214
vn 0.3356 -0.0000 0.9420
vn 0.3165 -0.0007 0.9486
vn -0.0604 0.0006 0.9982
vn -0.0805 -0.0000 0.9968
vn 0.9412 -0.0000 0.3377
vn 0.9044 -0.0000 0.4268
vn 0.9303 -0.0000 0.3668
vn 0.9375 0.0006 0.3480
vn 0.9998 -0.0007 -0.0218
vn 0.9991 -0.0000 -0.0419
vn 0.8942 -0.0000 -0.4476
vn 0.9030 -0.0008 -0.4296
vn 0.6477 0.0007 -0.7619
vn 0.6629 -0.0000 -0.7487
vn 0.9504 -0.0000 0.3110
vn 0.9730 -0.0025 0.2310
vn 0.9982 -0.0000 0.0602
vn 0.9886 -0.0000 -0.1504
vn 0.9613 -0.0029 -0.2754
vn 0.9183 -0.0000 -0.3959
vn 0.8149 -0.0000 -0.5797
vn 0.7030 -0.0025 -0.7112
vn 0.6415 -0.0000 -0.7671
vn 0.8513 -0.0000 0.5247
vn 0.8920 -0.0037 0.4521
vn 0.7484 -0.0000 0.6633
vn 0.5927 -0.0000 0.8054
vn 0.4850 -0.0029 0.8745
vn -0.0888 -0.0000 0.9960
vn -0.0057 -0.0025 1.0000
vn 0.1663 -0.0000 0.9861
vn 0.3694 -0.0000 0.9293
vn -0.1583 -0.0000 -0.9874
vn -0.1420 0.0018 -0.9899
vn -0.5250 -0.0020 -0.8511
vn -0.6878 -0.0276 -0.7254
vn -0.5152 0.0003 -0.8570
vn -0.8219 -0.0003 -0.5696
vn -0.8335 -0.0027 -0.5525
vn -0.9267 -0.0000 -0.3758
vn -0.9835 -0.0001 -0.1807
vn -0.9837 -0.0000 -0.1796
vn -0.9768 -0.0000 -0.2143
vn -0.9851 -0.0054 -0.1720
vn -0.8489 0.0043 -0.5286
vn -0.7979 -0.0044 -0.6028
vn -0.5575 0.0043 -0.8302
vn -0.4900 -0.0033 -0.8717
vn -0.2058 0.0028 -0.9786
vn -0.1699 -0.0000 -0.9855
vn 0.0002 -1.0000 -0.0000
vn -0.0000 -1.0000 -0.0001
vn 0.9854 -0.0000 -0.1701
vn 0.2241 -0.0000 -0.9746
vn 0.3002 0.0069 -0.9538
vn 0.6324 -0.0082 -0.7746
vn 0.5601 0.0012 -0.8284
vn 0.8183 -0.0004 -0.5748
vn 0.8063 -0.0021 -0.5915
vn 0.9213 0.0012 -0.3889
vn 0.9114 -0.0000 -0.4115
vn 0.8568 0.0110 -0.5155
vn 0.6110 -0.0052 -0.7916
vn 0.4940 0.0036 -0.8695
vn 0.7672 -0.0066 -0.6414
vn 0.8967 0.0001 -0.4427
vn 0.9358 -0.0000 -0.3526
vn 0.9753 0.0022 -0.2208
vn 0.9829 -0.0000 -0.1841
vn 0.3888 -0.0001 -0.9213
vn 0.1701 0.0002 -0.9854
vn 0.1718 -0.0000 -0.9851
vn 0.7183 0.6895 -0.0925
vn 0.7417 0.6643 -0.0928
vn 0.7754 0.6242 -0.0960
vn 0.8869 0.4493 -0.1074
vn 0.7011 0.7066 -0.0955
vn 0.6931 0.7071 -0.1401
vn 0.6536 0.7348 -0.1812
vn 0.6438 0.7065 -0.2939
vn 0.6280 0.7258 -0.2807
vn 0.6619 0.7071 -0.2487
vn 0.6803 0.7062 -0.1961
vn 0.4520 0.7065 -0.5445
vn 0.0840 0.5872 -0.8050
vn 0.0791 0.6815 -0.7275
vn 0.0805 0.6966 -0.7129
vn 0.0868 0.7158 -0.6929
vn 0.4177 0.7071 -0.5705
vn 0.3696 0.7149 -0.5935
vn 0.3726 0.7061 -0.6021
vn 0.3236 0.7071 -0.6287
vn 0.2720 0.7178 -0.6410
vn 0.2741 0.7061 -0.6529
vn 0.2216 0.7071 -0.6715
vn 0.1686 0.7205 -0.6726
vn 0.1689 0.7062 -0.6876
vn 0.1141 0.7071 -0.6978
vn 0.5704 0.7015 -0.4273
vn 0.6946 0.6983 -0.1730
vn 0.6946 0.6982 -0.1730
vn 0.7016 0.6982 0.1422
vn 0.7016 0.6983 0.1422
vn 0.5869 0.7012 0.4048
vn 0.5829 0.7018 0.4096
vn 0.5967 0.7018 -0.3893
vn 0.6719 0.7059 -0.2242
vn 0.7166 0.6831 -0.1408
vn 0.7057 0.7042 -0.0785
vn 0.6964 0.6991 0.1620
vn 0.7402 0.6637 0.1083
vn 0.6638 0.7059 0.2472
vn 0.5399 0.7067 -0.4573
vn 0.5814 0.7067 -0.4032
vn 0.5304 0.7018 -0.4756
vn -0.2448 0.7018 -0.6690
vn -0.0670 0.7059 -0.7051
vn 0.0243 0.6831 -0.7299
vn 0.0824 0.7042 -0.7052
vn 0.3147 0.6991 -0.6420
vn 0.2723 0.6637 -0.6967
vn 0.3904 0.7059 -0.5910
vn -0.2398 0.7013 -0.6713
vn 0.0418 0.6984 -0.7145
vn 0.2920 0.6730 -0.6796
vn 0.3430 0.6984 -0.6282
vn 0.0417 0.6984 -0.7145
vn 0.4155 0.7056 -0.5741
vn 0.5589 0.7013 -0.4425
vn 0.5588 0.7013 -0.4425
vn -0.0002 1.0000 -0.0000
vn -0.9746 -0.0000 -0.2241
vn -0.9538 0.0069 -0.3002
vn -0.7746 -0.0082 -0.6324
vn -0.8284 0.0012 -0.5601
vn -0.5748 -0.0004 -0.8183
vn -0.5915 -0.0021 -0.8063
vn -0.3888 0.0012 -0.9213
vn -0.4115 -0.0000 -0.9114
vn -0.1701 -0.0000 -0.9854
vn -0.9224 -0.0000 -0.3862
vn -0.9855 -0.0000 -0.1696
vn -0.9119 0.0008 -0.4105
vn -0.8072 -0.0023 -0.5902
vn -0.7970 -0.0038 -0.6040
vn -0.6342 0.0020 -0.7732
vn -0.5227 -0.0038 -0.8525
vn -0.3033 0.0074 -0.9529
vn -0.2144 -0.0000 -0.9767
vn -0.6956 0.7068 -0.1290
vn -0.6955 0.7068 -0.1290
vn -0.7124 0.6973 -0.0790
vn -0.7032 0.7069 -0.0756
vn -0.7229 0.6872 -0.0725
vn -0.7869 0.6125 -0.0755
vn -0.0780 0.6061 -0.7916
vn -0.1295 0.7068 -0.6954
vn -0.0745 0.6853 -0.7244
vn -0.1295 0.7068 -0.6955
vn -0.0806 0.7070 -0.7026
vn -0.0762 0.6992 -0.7109
vn 0.6245 0.6953 -0.3558
vn 0.3700 0.6953 -0.6162
vn 0.3701 0.6953 -0.6162
vn 0.0206 0.6953 -0.7185
vn 0.0207 0.6953 -0.7184
vn -0.0848 0.7015 -0.7076
vn 0.1975 0.6982 -0.6881
vn 0.1975 0.6983 -0.6881
vn 0.4740 0.6982 -0.5365
vn 0.6440 0.7012 -0.3059
vn -0.5772 0.7065 -0.4096
vn -0.5155 0.7060 -0.4856
vn -0.4324 0.7060 -0.5610
vn -0.3384 0.7060 -0.6222
vn -0.2477 0.7064 -0.6630
vn -0.4615 0.7013 0.5433
vn -0.6397 0.6983 0.3211
vn -0.6397 0.6984 0.3211
vn -0.7155 0.6984 0.0170
vn -0.7155 0.6984 0.0171
vn -0.6627 0.7013 -0.2627
vn -0.6993 0.6953 -0.1660
vn -0.6909 0.6953 0.1980
vn -0.5053 0.6953 0.5111
vn -0.6399 0.7067 -0.3019
vn -0.6660 0.7067 -0.2389
vn -0.6659 0.7067 -0.2389
vn 0.0041 0.6953 -0.7187
vn -0.3486 0.6953 -0.6285
vn -0.6118 0.6953 -0.3771
vn 0.0437 0.6999 -0.7129
vn 0.0436 0.6999 -0.7129
vn -0.2383 0.6999 -0.6733
vn -0.4824 0.6999 -0.5267
vn -0.6498 0.6999 -0.2964
vn -0.2241 -0.0000 0.9746
vn -0.2208 -0.0003 0.9753
vn -0.4427 0.0001 0.8967
vn -0.5622 -0.0037 0.8270
vn -0.6523 0.0035 0.7579
vn -0.8192 -0.0026 0.5735
vn -0.9213 0.0099 0.3888
vn -0.8884 0.0030 0.4590
vn -0.9903 -0.0031 0.1390
vn -0.9854 -0.0000 0.1701
vn -0.1701 -0.0000 0.9854
vn -0.4115 -0.0000 0.9114
vn -0.3888 0.0012 0.9213
vn -0.5915 -0.0021 0.8063
vn -0.6116 -0.0043 0.7912
vn -0.7746 0.0023 0.6324
vn -0.8724 -0.0043 0.4887
vn -0.9538 0.0080 0.3002
vn -0.9829 -0.0000 0.1841
vn -0.0762 0.6985 0.7116
vn -0.0717 0.6233 0.7787
vn -0.7111 0.6995 0.0712
vn -0.7260 0.6842 0.0694
vn -0.8063 0.5869 0.0743
vn -0.7032 0.7070 0.0753
vn -0.6987 0.7070 0.1089
vn -0.6391 0.7565 0.1387
vn -0.6880 0.7065 0.1657
vn -0.6716 0.7070 0.2216
vn -0.6071 0.7574 0.2404
vn -0.6517 0.7065 0.2758
vn -0.6263 0.7070 0.3283
vn -0.5591 0.7583 0.3354
vn -0.5979 0.7065 0.3786
vn -0.5643 0.7070 0.4263
vn -0.4964 0.7591 0.4213
vn -0.5280 0.7065 0.4712
vn -0.4871 0.7070 0.5127
vn -0.4207 0.7598 0.4957
vn -0.4440 0.7065 0.5511
vn -0.3968 0.7070 0.5854
vn -0.3340 0.7605 0.5568
vn -0.3480 0.7065 0.6162
vn -0.2959 0.7070 0.6424
vn -0.2388 0.7612 0.6029
vn -0.0696 0.6897 0.7208
vn -0.0729 0.7070 0.7035
vn -0.1308 0.7066 0.6954
vn -0.1374 0.7619 0.6330
vn -0.1870 0.7070 0.6821
vn -0.2426 0.7066 0.6648
vn 0.9746 -0.0000 0.2241
vn 0.9753 -0.0003 0.2208
vn 0.8967 0.0001 0.4427
vn 0.8270 -0.0037 0.5622
vn 0.7579 0.0035 0.6523
vn 0.5735 -0.0026 0.8192
vn 0.3888 0.0099 0.9213
vn 0.4590 0.0030 0.8884
vn 0.1390 -0.0031 0.9903
vn 0.1701 -0.0000 0.9854
vn 0.5155 0.0110 0.8568
vn 0.7916 -0.0052 0.6110
vn 0.8695 0.0036 0.4940
vn 0.6414 -0.0066 0.7672
vn 0.4427 0.0001 0.8967
vn 0.3526 -0.0000 0.9358
vn 0.2208 0.0022 0.9753
vn 0.1841 -0.0000 0.9829
vn 0.9213 -0.0001 0.3889
vn 0.9854 0.0002 0.1701
vn 0.9851 -0.0000 0.1718
vn 0.5811 0.7066 0.4037
vn 0.0769 0.6798 0.7293
vn 0.0783 0.6533 0.7530
vn 0.0843 0.5477 0.8324
vn 0.1591 0.7061 0.6900
vn 0.0817 0.7069 0.7026
vn 0.0779 0.6964 0.7134
vn 0.1356 0.7567 0.6395
vn 0.1991 0.7070 0.6786
vn 0.2623 0.7061 0.6578
vn 0.2367 0.7485 0.6194
vn 0.3021 0.7071 0.6394
vn 0.3594 0.7061 0.6102
vn 0.3348 0.7400 0.5834
vn 0.3978 0.7071 0.5847
vn 0.4481 0.7061 0.5483
vn 0.4274 0.7311 0.5318
vn 0.5811 0.7067 0.4037
vn 0.5580 0.7071 0.4343
vn 0.5152 0.7209 0.4636
vn 0.5239 0.7062 0.4763
vn 0.4838 0.7071 0.5158
vn 0.6956 0.7067 0.1291
vn 0.7502 0.6585 0.0592
vn 0.7135 0.6981 0.0595
vn 0.7072 0.7042 0.0623
vn 0.6943 0.7156 0.0770
vn 0.7018 0.7071 0.0865
vn 0.6955 0.7068 0.1291
vn 0.6956 0.7068 0.1291
vn 0.6494 0.7001 0.2968
vn 0.6496 0.7001 0.2964
vn 0.6494 0.7003 0.2965
vn 0.4842 0.6999 0.5251
vn 0.2397 0.6999 0.6728
vn -0.0431 0.6999 0.7130
vn -0.0432 0.6999 0.7130
vn -0.0042 0.6953 0.7187
vn -0.0041 0.6953 0.7187
vn 0.3486 0.6953 0.6285
vn 0.6118 0.6953 0.3771
vn 0.6398 0.7067 0.3019
vn 0.6659 0.7067 0.2389
vn 0.6993 0.6953 0.1660
vn 0.6909 0.6953 -0.1979
vn 0.5053 0.6953 -0.5111
vn 0.6695 0.7000 0.2485
vn 0.6695 0.7001 0.2482
vn 0.6695 0.7003 0.2476
vn 0.7136 0.6999 -0.0299
vn 0.6450 0.6999 -0.3068
vn 0.4734 0.6999 -0.5348
vn 0.4735 0.6999 -0.5348
vn -0.9991 -0.0418 -0.0036
vn 0.9888 -0.1494 0.0036
vn 0.9859 -0.1676 0.0043
vn 0.8994 -0.4372 0.0026
vn 0.8345 -0.5509 0.0072
vn 0.3003 -0.9538 0.0011
vn 0.4917 -0.8708 0.0051
vn 0.4738 -0.8806 0.0039
vn 0.6465 -0.7629 0.0023
vn 0.7539 -0.6570 0.0027
vn -0.0001 -1.0000 0.0040
vn 0.0048 -1.0000 0.0038
vn 0.1537 -0.9881 0.0005
vn -0.4739 -0.8806 -0.0017
vn -0.6338 -0.7734 0.0107
vn -0.4722 -0.8815 0.0011
vn -0.2964 -0.9551 -0.0010
vn -0.1482 -0.9890 -0.0005
vn -0.9859 -0.1675 -0.0021
vn -0.9739 -0.2268 -0.0041
vn -0.8346 -0.5509 -0.0019
vn -0.8750 -0.4842 0.0028
vn -0.7417 -0.6707 -0.0027
vn -0.1900 0.9818 -0.0007
vn 0.9859 0.1675 0.0035
vn -0.9887 0.1496 -0.0036
vn -0.9859 0.1676 -0.0028
vn -0.9091 0.4167 -0.0038
vn -0.8345 0.5509 0.0012
vn -0.3369 0.9415 -0.0012
vn -0.5418 0.8405 0.0041
vn -0.4738 0.8806 -0.0006
vn -0.6626 0.7489 -0.0024
vn -0.7679 0.6406 -0.0027
vn -0.0934 0.9956 0.0012
vn -0.0000 1.0000 0.0040
vn 0.0979 0.9952 0.0003
vn 0.3880 0.9217 0.0014
vn 0.4739 0.8806 0.0057
vn 0.6010 0.7993 0.0022
vn 0.9983 0.0580 0.0087
vn 0.9640 0.2660 0.0022
vn 0.8346 0.5508 0.0053
vn 0.8418 0.5397 0.0061
vn 0.7142 0.7000 0.0026
vn -0.0036 -0.0000 1.0000
vn -0.0035 -0.1675 0.9859
vn 0.0036 -0.1495 -0.9887
vn 0.0043 -0.1675 -0.9859
vn 0.0027 -0.4253 -0.9051
vn 0.0072 -0.5510 -0.8345
vn 0.0012 -0.9478 -0.3187
vn 0.0065 -0.8554 -0.5180
vn 0.0033 -0.8806 -0.4738
vn 0.0024 -0.7559 -0.6547
vn 0.0027 -0.6482 -0.7615
vn 0.0006 -0.9850 -0.1725
vn 0.0035 -1.0000 0.0001
vn 0.0009 -0.9987 0.0505
vn -0.0020 -0.9391 0.3437
vn 0.0025 -0.8806 0.4739
vn -0.0021 -0.8132 0.5820
vn -0.0002 -0.0950 0.9955
vn -0.0048 -0.3286 0.9445
vn 0.0004 -0.5508 0.8346
vn -0.0015 -0.5855 0.8107
vn -0.0025 -0.7178 0.6962
vn 0.0035 0.1675 -0.9859
vn -0.0036 0.1495 0.9887
vn -0.0028 0.1675 0.9859
vn -0.0038 0.4253 0.9051
vn 0.0012 0.5509 0.8346
vn -0.0011 0.9479 0.3187
vn 0.0028 0.8554 0.5180
vn -0.0001 0.8806 0.4738
vn -0.0024 0.7556 0.6550
vn -0.0027 0.6482 0.7615
vn -0.0006 0.9850 0.1726
vn 0.0035 1.0000 -0.0000
vn 0.0013 0.9987 -0.0505
vn 0.0004 0.9391 -0.3437
vn 0.0059 0.8805 -0.4739
vn 0.0021 0.8132 -0.5820
vn 0.0070 0.0949 -0.9955
vn 0.0020 0.3286 -0.9445
vn 0.0064 0.5509 -0.8346
vn 0.0043 0.5855 -0.8107
vn 0.0025 0.7179 -0.6961
vn 1.0000 -0.0000 0.0036
vn -0.9887 -0.1498 -0.0036
vn -0.9859 -0.1676 -0.0043
vn -0.8993 -0.4373 -0.0026
vn -0.8345 -0.5509 -0.0072
vn -0.3592 -0.9333 -0.0016
vn -0.5353 -0.8446 -0.0082
vn -0.4738 -0.8806 -0.0039
vn -0.6469 -0.7626 -0.0023
vn -0.7537 -0.6572 -0.0027
vn -0.0762 -0.9969 -0.0220
vn -0.2383 -0.9667 -0.0928
vn -0.1702 -0.9844 -0.0437
vn -0.0925 -0.9957 0.0002
vn 0.1218 -0.9925 -0.0097
vn 0.0001 -1.0000 -0.0019
vn 0.2695 -0.9630 0.0014
vn 0.4329 -0.9014 -0.0009
vn 0.5784 -0.8157 -0.0082
vn 0.6568 -0.7540 0.0024
vn 0.9859 -0.1674 0.0035
vn 0.9880 -0.1546 0.0029
vn 0.8346 -0.5509 0.0041
vn 0.9000 -0.4358 -0.0066
vn 0.7580 -0.6523 0.0027
vn -0.3583 0.9336 -0.0016
vn -0.4739 0.8806 -0.0058
vn -0.5775 0.8164 -0.0016
vn -0.8346 0.5508 -0.0038
vn -0.7795 0.6263 -0.0096
vn -0.9859 0.1675 -0.0035
vn -0.9908 0.1355 -0.0051
vn -0.9171 0.3987 -0.0024
vn 0.9887 0.1499 0.0036
vn 0.9859 0.1675 0.0027
vn 0.8993 0.4372 0.0040
vn 0.8345 0.5510 -0.0018
vn 0.3027 0.9531 0.0014
vn 0.4514 0.8923 -0.0018
vn 0.5668 0.8238 -0.0076
vn 0.4738 0.8806 -0.0008
vn 0.6466 0.7628 0.0023
vn 0.7539 0.6570 0.0027
vn -0.1019 0.9948 -0.0003
vn -0.0506 0.9987 -0.0054
vn -0.0600 0.9975 -0.0376
vn -0.0499 0.9986 -0.0148
vn -0.0740 0.9968 -0.0318
vn 0.1555 0.9878 0.0002
vn -0.0000 1.0000 -0.0039
vn -0.0139 0.9999 -0.0033
vn -0.1869 0.9824 -0.0005
vn -0.1803 0.9836 0.0042
vn 0.0036 -0.0000 -1.0000
vn -0.0035 0.1675 0.9859
vn 0.0036 0.1495 -0.9887
vn 0.0028 0.1676 -0.9859
vn 0.0038 0.4253 -0.9051
vn -0.0012 0.5509 -0.8345
vn 0.0012 0.9493 -0.3143
vn -0.0028 0.8554 -0.5180
vn 0.0001 0.8806 -0.4738
vn 0.0024 0.7556 -0.6550
vn 0.0027 0.6482 -0.7615
vn 0.0005 0.9858 -0.1682
vn -0.0035 1.0000 -0.0000
vn -0.0013 0.9987 0.0505
vn -0.0004 0.9391 0.3437
vn -0.0059 0.8805 0.4739
vn -0.0021 0.8132 0.5820
vn -0.0070 0.0949 0.9955
vn -0.0020 0.3286 0.9445
vn -0.0064 0.5508 0.8346
vn -0.0043 0.5855 0.8107
vn -0.0025 0.7179 0.6961
vn 0.0035 -0.1675 -0.9859
vn 0.0002 -0.0949 -0.9955
vn -0.0036 -0.1495 0.9887
vn -0.0043 -0.1676 0.9859
vn -0.0027 -0.4253 0.9051
vn -0.0072 -0.5510 0.8345
vn -0.0011 -0.9478 0.3187
vn -0.0065 -0.8554 0.5180
vn -0.0033 -0.8806 0.4738
vn -0.0024 -0.7559 0.6547
vn -0.0027 -0.6482 0.7615
vn -0.0006 -0.9850 0.1725
vn -0.0035 -1.0000 -0.0001
vn -0.0009 -0.9987 -0.0505
vn 0.0048 -0.3286 -0.9445
vn -0.0013 -0.5855 -0.8106
vn 0.0013 -0.5508 -0.8346
vn 0.0031 -0.7960 -0.6052
vn -0.0025 -0.8806 -0.4739
vn 0.0015 -0.9328 -0.3603
vn 0.0008 -0.9762 -0.2170
vn -0.9835 -0.0000 -0.1807
vn -0.9793 -0.0010 -0.2026
vn -0.8335 0.0012 -0.5525
vn -0.8165 -0.0003 -0.5774
vn -0.5232 0.0008 -0.8522
vn -0.1420 -0.0007 -0.9899
vn -0.1560 -0.0000 -0.9878
vn -0.5556 -0.0000 0.8315
vn -0.1951 -0.0000 0.9808
vn 0.1951 -0.0000 0.9808
vn 0.5556 -0.0000 0.8315
vn 0.8315 -0.0000 0.5556
vn 0.9808 -0.0000 0.1951
vn 0.9808 -0.0000 -0.1951
vn 0.8315 -0.0000 -0.5556
vn 0.5556 -0.0000 -0.8315
vn 0.1951 -0.0000 -0.9808
vn -0.1951 -0.0000 -0.9808
vn -0.5556 -0.0000 -0.8315
vn -0.8315 -0.0000 -0.5556
vn -0.9808 -0.0000 -0.1951
vn -0.9808 -0.0000 0.1951
vn -0.8315 -0.0000 0.5556
vn -0.1211 0.7019 -0.7019
vn -0.1750 0.7155 -0.6764
vn -0.2915 0.7059 -0.6455
vn -0.4199 0.7043 -0.5724
vn -0.4792 0.7181 -0.5046
vn -0.5499 0.7043 -0.4490
vn -0.6853 0.6956 -0.2157
vn 0.7037 0.7037 0.0984
vn 0.0512 0.7062 0.7062
vn 0.1252 0.7286 0.6734
vn 0.1799 0.7049 0.6861
vn 0.3371 0.7042 0.6248
vn 0.3613 0.7265 0.5846
vn 0.4452 0.7065 0.5502
vn 0.5660 0.7014 0.4332
vn 0.5650 0.6455 0.5139
vn 0.6198 0.7455 0.2450
vn 0.6385 0.7011 0.3174
vn 0.7062 0.7062 -0.0512
vn 0.6735 0.7285 -0.1250
vn 0.6862 0.7049 -0.1797
vn 0.6249 0.7042 -0.3369
vn 0.5848 0.7264 -0.3610
vn 0.5503 0.7065 -0.4450
vn 0.4334 0.7014 -0.5659
vn 0.5140 0.6455 -0.5650
vn 0.2449 0.7455 -0.6199
vn 0.3173 0.7011 -0.6386
vn 0.0983 0.7037 -0.7037
vn -0.7012 0.7012 -0.1288
vn -0.5966 0.6983 -0.3955
vn -0.3688 0.6983 -0.6135
vn -0.1012 0.7015 -0.7054
vn -0.1012 0.7016 -0.7054
vn -0.9974 -0.0000 0.0723
vn -0.9275 -0.0000 0.3739
vn -0.8795 -0.0375 0.4745
vn -0.9673 -0.0000 0.2536
vn -0.2350 -0.0000 0.9720
vn -0.1384 -0.0329 0.9898
vn -0.3676 -0.0000 0.9300
vn -0.6534 -0.0000 0.7570
vn -0.6077 -0.0197 0.7939
vn -0.7774 -0.0000 0.6290
vn -0.0984 0.7037 0.7036
vn -0.7062 0.7062 0.0512
vn -0.6734 0.7286 0.1252
vn -0.6861 0.7049 0.1798
vn -0.6248 0.7043 0.3371
vn -0.5845 0.7265 0.3613
vn -0.5502 0.7065 0.4451
vn -0.4332 0.7015 0.5660
vn -0.5139 0.6455 0.5650
vn -0.2450 0.7456 0.6198
vn -0.3174 0.7011 0.6385
vn -0.0984 0.7037 0.7037
vn 0.1250 0.7286 0.6735
vn 0.1797 0.7049 0.6861
vn 0.3369 0.7043 0.6249
vn 0.3610 0.7265 0.5848
vn 0.4450 0.7065 0.5503
vn 0.5659 0.7014 0.4333
vn 0.5649 0.6455 0.5140
vn 0.6198 0.7455 0.2449
vn 0.6385 0.7011 0.3173
vn 0.7037 0.7037 0.0983
vn 0.7019 0.7019 -0.1211
vn 0.6764 0.7155 -0.1750
vn 0.6456 0.7059 -0.2914
vn 0.5724 0.7043 -0.4199
vn 0.5046 0.7181 -0.4792
vn 0.4490 0.7043 -0.5499
vn 0.2157 0.6956 -0.6853
vn 0.0305 0.7071 -0.7064
vn 0.0304 0.7071 -0.7064
vn 0.8467 -0.0000 0.5320
vn 0.9937 -0.0000 0.1120
vn 0.9439 -0.0000 -0.3303
vn 0.3303 -0.0000 -0.9439
vn -0.1120 -0.0000 -0.9937
vn -0.5320 -0.0000 -0.8467
vn -0.8467 -0.0000 -0.5320
vn -0.9937 -0.0000 -0.1120
vn -0.9439 -0.0000 0.3303
vn -0.3303 -0.0000 0.9439
vn 0.1120 -0.0000 0.9937
vn 0.5320 -0.0000 0.8467
vn -0.9749 -0.0000 0.2225
vn -0.7818 -0.0000 0.6235
vn -0.4339 -0.0000 0.9010
vn 0.4339 -0.0000 0.9010
vn 0.7818 -0.0000 0.6235
vn 0.9749 -0.0000 0.2225
vn 0.9659 -0.0000 -0.2588
vn 0.2588 -0.0000 -0.9659
vn -0.2588 -0.0000 -0.9659
vn -0.9659 -0.0000 -0.2588
vn 0.2225 -0.0000 0.9749
vn 0.6235 -0.0000 0.7818
vn 0.9010 -0.0000 0.4339
vn 0.9010 -0.0000 -0.4339
vn 0.6235 -0.0000 -0.7818
vn 0.2225 -0.0000 -0.9749
vn -0.2225 -0.0000 -0.9749
vn -0.6235 -0.0000 -0.7818
vn -0.9010 -0.0000 -0.4339
vn -0.9010 -0.0000 0.4339
vn -0.6235 -0.0000 0.7818
vn -0.2225 -0.0000 0.9749
vn -0.5320 -0.0000 0.8467
vn -0.1120 -0.0000 0.9937
vn 0.3303 -0.0000 0.9439
vn 0.9439 -0.0000 0.3303
vn 0.9937 -0.0000 -0.1120
vn 0.8467 -0.0000 -0.5320
vn 0.5320 -0.0000 -0.8467
vn 0.1120 -0.0000 -0.9937
vn -0.3303 -0.0000 -0.9439
vn -0.9439 -0.0000 -0.3303
vn -0.9937 -0.0000 0.1120
vn -0.8467 -0.0000 0.5320
vn -0.8660 -0.0000 -0.5000
vn -0.8660 -0.0000 0.5000
vn -0.5000 -0.0000 0.8660
vn 0.5000 -0.0000 0.8660
vn -0.7036 0.7036 -0.0998
vn -0.7036 0.7036 -0.0997
vn -0.6586 0.7055 -0.2618
vn -0.6112 0.7295 -0.3068
vn -0.5996 0.7058 -0.3772
vn -0.5234 0.7057 -0.4776
vn -0.5069 0.6871 -0.5206
vn -0.3614 0.7266 -0.5844
vn -0.3370 0.7043 -0.6248
vn -0.1799 0.7049 -0.6861
vn -0.1252 0.7286 -0.6734
vn -0.0512 0.7062 -0.7062
vn 0.0998 0.7036 -0.7036
vn 0.2618 0.7055 -0.6586
vn 0.3068 0.7295 -0.6112
vn 0.3772 0.7058 -0.5996
vn 0.4776 0.7057 -0.5234
vn 0.5206 0.6871 -0.5069
vn 0.5843 0.7266 -0.3614
vn 0.6248 0.7043 -0.3370
vn 0.6861 0.7049 -0.1798
vn 0.6734 0.7286 -0.1252
vn -0.0998 0.7036 0.7036
vn -0.0998 0.7035 0.7036
vn -0.2618 0.7054 0.6586
vn -0.3069 0.7295 0.6113
vn -0.3772 0.7058 0.5997
vn -0.4776 0.7056 0.5234
vn -0.5206 0.6870 0.5069
vn -0.5844 0.7266 0.3614
vn -0.6249 0.7042 0.3371
vn -0.6861 0.7049 0.1799
vn -0.7036 0.7035 -0.0998
vn -0.6586 0.7054 -0.2618
vn -0.6113 0.7295 -0.3068
vn -0.5997 0.7058 -0.3772
vn -0.5234 0.7056 -0.4776
vn -0.5069 0.6870 -0.5206
vn -0.3371 0.7042 -0.6249
vn -0.0006 0.7076 -0.7066
vn 0.0004 0.7071 -0.7072
vn -0.0008 0.7083 0.7060
vn -0.0001 0.7072 0.7070
vn -0.7058 0.7085 -0.0010
vn -0.7070 0.7072 -0.0002
vn 0.7066 0.7076 -0.0005
vn 0.7072 0.7071 0.0004
vn 0.6288 -0.0000 0.7775
vn 0.0723 -0.0000 0.9974
vn 0.3739 -0.0000 0.9275
vn 0.4742 -0.0374 0.8796
vn 0.2533 -0.0000 0.9674
vn 0.7938 -0.0197 0.6079
vn 0.7570 -0.0000 0.6534
vn 0.9300 -0.0000 0.3675
vn 0.9718 -0.0194 0.2350
vn 0.9904 -0.0000 0.1384
vn -0.2536 -0.0000 -0.9673
vn -0.0723 -0.0000 -0.9974
vn -0.4744 -0.0375 -0.8795
vn -0.3739 -0.0000 -0.9275
vn -0.6976 -0.0000 -0.7165
vn -0.7569 -0.0186 -0.6533
vn -0.8465 -0.0000 -0.5325
vn -0.9720 -0.0000 -0.2350
vn -0.9896 -0.0323 -0.1404
vn -0.9293 -0.0000 -0.3694
vn -0.8795 -0.0375 0.4744
vn -0.7165 -0.0000 0.6976
vn -0.6533 -0.0186 0.7569
vn -0.5325 -0.0000 0.8465
vn -0.1404 -0.0323 0.9896
vn -0.3694 -0.0000 0.9293
vn 0.9974 -0.0000 -0.0723
vn 0.9673 -0.0000 -0.2536
vn 0.9273 -0.0201 -0.3738
vn 0.8801 -0.0000 -0.4748
vn 0.7165 -0.0000 -0.6976
vn 0.6533 -0.0186 -0.7569
vn 0.5325 -0.0000 -0.8465
vn 0.2350 -0.0000 -0.9720
vn 0.1404 -0.0323 -0.9896
vn 0.3694 -0.0000 -0.9293
vn -0.9718 -0.0193 -0.2350
vn -0.9901 -0.0000 -0.1404
vn 0.2536 -0.0000 0.9673
vn 0.4745 -0.0375 0.8795
vn 0.6290 -0.0000 0.7774
vn 0.7569 -0.0149 0.6533
vn 0.7941 -0.0000 0.6078
vn 0.9720 -0.0000 0.2350
vn 0.9898 -0.0329 0.1384
vn 0.9300 -0.0000 0.3676
vn 0.9674 -0.0000 -0.2533
vn 0.8796 -0.0374 -0.4742
vn 0.9275 -0.0000 -0.3739
vn 0.7775 -0.0000 -0.6288
vn 0.6533 -0.0149 -0.7569
vn 0.6080 -0.0000 -0.7940
vn 0.1383 -0.0330 -0.9898
vn 0.3675 -0.0000 -0.9300
vn 0.5000 -0.0000 -0.8660
vn -0.5000 -0.0000 -0.8660
vn -0.2179 0.6956 -0.6846
vn -0.2179 0.6956 -0.6845
vn -0.4502 0.7043 -0.5489
vn -0.5056 0.7181 -0.4783
vn -0.7019 0.7019 -0.1208
vn -0.6766 0.7154 -0.1746
vn -0.6460 0.7059 -0.2905
vn -0.5730 0.7043 -0.4190
vn -0.6953 0.6953 -0.1820
vn -0.2059 0.6953 -0.6886
vn -0.4434 0.7042 -0.5545
vn -0.5340 0.6699 -0.5159
vn -0.5694 0.7042 -0.4241
vn -0.0318 0.7071 -0.7064
vn -0.6853 0.6956 0.2157
vn -0.5499 0.7043 0.4490
vn -0.4792 0.7181 0.5046
vn -0.1211 0.7019 0.7019
vn -0.1750 0.7155 0.6764
vn -0.2915 0.7059 0.6455
vn -0.4199 0.7043 0.5724
vn -0.9674 -0.0000 -0.2533
vn -0.2124 -0.0000 -0.9772
vn -0.9829 -0.0046 -0.1842
vn -0.8385 0.0025 -0.5449
vn -0.8020 0.0002 -0.5973
vn -0.5571 -0.0004 -0.8305
vn -0.6246 0.0040 -0.7809
vn -0.2865 -0.0035 -0.9581
vn -0.7076 0.7067 -0.0000
vn -0.6661 0.7458 -0.0131
vn -0.7068 0.7071 0.0227
vn -1.0000 -0.0000 -0.0036
vn -0.7071 -0.7071 -0.0056
vn -0.7046 -0.7051 -0.0796
vn -0.7047 -0.7050 -0.0795
vn -0.5337 -0.8400 -0.0979
vn -0.7035 -0.7067 -0.0748
vn -0.7335 -0.6761 -0.0700
vn -0.7069 -0.7071 -0.0187
vn 0.7071 -0.7071 -0.0056
vn -0.7035 -0.7061 -0.0802
vn -0.6828 -0.7060 -0.1881
vn -0.6757 -0.7121 -0.1906
vn -0.6630 -0.7071 -0.2459
vn -0.6401 -0.7059 -0.3032
vn -0.6337 -0.7113 -0.3043
vn -0.6105 -0.7071 -0.3568
vn -0.5781 -0.7059 -0.4093
vn -0.5726 -0.7104 -0.4092
vn -0.5397 -0.7071 -0.4569
vn -0.4987 -0.7059 -0.5030
vn -0.4944 -0.7095 -0.5022
vn -0.4526 -0.7071 -0.5433
vn -0.4043 -0.7059 -0.5817
vn -0.4012 -0.7086 -0.5804
vn -0.3519 -0.7071 -0.6133
vn -0.2977 -0.7058 -0.6428
vn -0.2958 -0.7077 -0.6416
vn -0.2407 -0.7071 -0.6649
vn -0.1822 -0.7058 -0.6846
vn -0.1813 -0.7068 -0.6838
vn -0.1223 -0.7071 -0.6965
vn -0.0611 -0.7058 -0.7058
vn 0.0611 -0.7058 -0.7058
vn 0.1222 -0.7071 -0.6965
vn 0.1813 -0.7067 -0.6838
vn 0.1822 -0.7058 -0.6846
vn 0.2407 -0.7071 -0.6649
vn 0.2958 -0.7077 -0.6416
vn 0.2977 -0.7058 -0.6428
vn 0.3519 -0.7071 -0.6133
vn 0.4012 -0.7086 -0.5804
vn 0.4043 -0.7059 -0.5817
vn 0.4526 -0.7071 -0.5433
vn 0.4944 -0.7095 -0.5022
vn 0.4987 -0.7059 -0.5030
vn 0.5397 -0.7071 -0.4569
vn 0.5726 -0.7104 -0.4092
vn 0.5781 -0.7059 -0.4093
vn 0.6105 -0.7071 -0.3568
vn 0.6337 -0.7113 -0.3043
vn 0.6401 -0.7059 -0.3032
vn 0.6630 -0.7071 -0.2459
vn 0.6757 -0.7121 -0.1906
vn 0.6828 -0.7060 -0.1881
vn 0.6955 -0.7071 -0.1276
vn 0.6976 -0.7129 -0.0715
vn 0.7050 -0.7060 -0.0673
vn -0.7046 -0.7051 0.0803
vn 0.7071 -0.7071 0.0056
vn -0.7071 -0.7071 0.0056
vn -0.7069 -0.7071 0.0187
vn -0.7335 -0.6761 0.0700
vn -0.7035 -0.7067 0.0748
vn -0.5337 -0.8400 0.0979
vn 0.7071 -0.7071 0.0055
vn 0.7050 -0.7060 0.0673
vn 0.6976 -0.7129 0.0715
vn 0.6955 -0.7071 0.1276
vn 0.6828 -0.7060 0.1881
vn 0.6757 -0.7121 0.1906
vn 0.6630 -0.7071 0.2459
vn 0.6401 -0.7059 0.3032
vn 0.6337 -0.7113 0.3043
vn 0.6105 -0.7071 0.3568
vn 0.6017 -0.7070 0.3716
vn 0.5903 -0.6906 0.4179
vn 0.5651 -0.7098 0.4205
vn 0.5397 -0.7071 0.4569
vn 0.4987 -0.7059 0.5030
vn 0.4944 -0.7095 0.5022
vn 0.4526 -0.7071 0.5433
vn 0.4043 -0.7059 0.5817
vn 0.4012 -0.7086 0.5804
vn 0.3519 -0.7071 0.6133
vn 0.2977 -0.7058 0.6428
vn 0.2958 -0.7077 0.6416
vn 0.2407 -0.7071 0.6649
vn 0.1822 -0.7058 0.6846
vn 0.1813 -0.7068 0.6838
vn 0.1222 -0.7071 0.6965
vn 0.0611 -0.7058 0.7058
vn -0.0611 -0.7058 0.7058
vn -0.1222 -0.7071 0.6965
vn -0.1813 -0.7068 0.6838
vn -0.1822 -0.7058 0.6846
vn -0.2407 -0.7071 0.6649
vn -0.2958 -0.7077 0.6416
vn -0.2977 -0.7058 0.6428
vn -0.3519 -0.7071 0.6133
vn -0.4012 -0.7086 0.5804
vn -0.4043 -0.7059 0.5817
vn -0.4526 -0.7071 0.5433
vn -0.4944 -0.7095 0.5022
vn -0.4987 -0.7059 0.5030
vn -0.5397 -0.7071 0.4569
vn -0.5651 -0.7098 0.4205
vn -0.5903 -0.6906 0.4179
vn -0.6017 -0.7070 0.3716
vn -0.6105 -0.7071 0.3568
vn -0.6337 -0.7113 0.3043
vn -0.7047 -0.7051 0.0795
vn -0.7036 -0.7061 0.0797
vn -0.6828 -0.7060 0.1881
vn -0.6757 -0.7121 0.1906
vn -0.6630 -0.7071 0.2459
vn -0.6401 -0.7059 0.3032
vn -0.0005 -1.0000 -0.0000
vn -0.0003 -1.0000 -0.0000
vn 0.0004 -1.0000 -0.0000
vn -0.0232 0.0116 -0.9997
vn -0.0116 -0.0000 -0.9999
vn -0.0116 -0.0000 0.9999
vn -0.0232 0.0116 0.9997
vn -0.0000 -1.0000 0.0003
vn 1.0000 -0.0000 0.0079
vn 0.9955 -0.0000 0.0950
vn 0.9836 -0.0000 0.1805
vn 0.9641 -0.0000 0.2656
vn 0.9376 -0.0000 0.3478
vn 0.9376 -0.0000 0.3477
vn 0.9037 -0.0000 0.4281
vn 0.8634 -0.0000 0.5045
vn 0.8161 -0.0000 0.5779
vn 0.7632 -0.0000 0.6461
vn 0.7040 -0.0000 0.7102
vn 0.6401 -0.0000 0.7683
vn 0.5707 -0.0000 0.8212
vn 0.4977 -0.0000 0.8673
vn 0.4202 -0.0000 0.9074
vn 0.3404 -0.0000 0.9403
vn 0.2571 -0.0000 0.9664
vn 0.1728 -0.0000 0.9850
vn 0.0863 -0.0000 0.9963
vn -0.0863 -0.0000 0.9963
vn -0.1728 -0.0000 0.9850
vn -0.2571 -0.0000 0.9664
vn -0.3404 -0.0000 0.9403
vn -0.4202 -0.0000 0.9074
vn -0.4977 -0.0000 0.8673
vn -0.5707 -0.0000 0.8211
vn -0.6401 -0.0000 0.7683
vn -0.7040 -0.0000 0.7102
vn -0.7632 -0.0000 0.6461
vn -0.8161 -0.0000 0.5779
vn -0.8634 -0.0000 0.5045
vn -0.9037 -0.0000 0.4281
vn -0.9376 -0.0000 0.3477
vn -0.9376 -0.0000 0.3478
vn -0.9641 -0.0000 0.2656
vn -0.9836 -0.0000 0.1805
vn -0.9955 -0.0000 0.0950
vn -1.0000 -0.0000 0.0078
vn -1.0000 -0.0000 -0.0079
vn -0.9955 -0.0000 -0.0950
vn -0.9836 -0.0000 -0.1805
vn -0.9641 -0.0000 -0.2656
vn -0.9376 -0.0000 -0.3478
vn -0.9037 -0.0000 -0.4281
vn -0.8634 -0.0000 -0.5045
vn -0.8161 -0.0000 -0.5779
vn -0.7632 -0.0000 -0.6461
vn -0.7040 -0.0000 -0.7102
vn -0.6401 -0.0000 -0.7683
vn -0.5707 -0.0000 -0.8212
vn -0.4977 -0.0000 -0.8673
vn -0.4202 -0.0000 -0.9074
vn -0.3404 -0.0000 -0.9403
vn -0.2571 -0.0000 -0.9664
vn -0.1728 -0.0000 -0.9850
vn -0.0863 -0.0000 -0.9963
vn 0.0863 -0.0000 -0.9963
vn 0.1728 -0.0000 -0.9850
vn 0.2571 -0.0000 -0.9664
vn 0.3404 -0.0000 -0.9403
vn 0.4202 -0.0000 -0.9074
vn 0.4977 -0.0000 -0.8673
vn 0.5707 -0.0000 -0.8211
vn 0.6401 -0.0000 -0.7683
vn 0.7040 -0.0000 -0.7102
vn 0.7632 -0.0000 -0.6461
vn 0.8161 -0.0000 -0.5779
vn 0.8634 -0.0000 -0.5045
vn 0.9376 -0.0000 -0.3478
vn 0.9376 -0.0000 -0.3477
vn 0.9641 -0.0000 -0.2656
vn 0.9836 -0.0000 -0.1805
vn 0.9955 -0.0000 -0.0950
vn 1.0000 -0.0000 -0.0078
vn 1.0000 -0.0000 -0.0079
vn 0.1668 -0.0000 -0.9860
vn 0.3845 -0.0000 -0.9231
vn 0.5463 0.0108 -0.8375
vn 0.5141 0.0027 -0.8577
vn 0.8132 -0.0031 -0.5820
vn 0.8020 0.0015 -0.5973
vn 0.9692 -0.0012 -0.2462
vn 0.9679 -0.0000 -0.2514
vn 0.4956 0.8584 -0.1328
vn 0.4956 0.8584 0.1328
vn 0.3628 0.8584 0.3628
vn -0.1328 0.8584 -0.4956
vn 0.1328 0.8584 -0.4956
vn 0.3628 0.8583 -0.3628
vn -0.7005 -0.7126 -0.0381
vn 0.7117 -0.7001 -0.0569
vn 0.7099 -0.7021 -0.0551
vn 0.7043 -0.7071 -0.0630
vn 0.6945 -0.7051 -0.1434
vn 0.7957 -0.5869 -0.1498
vn 0.6772 -0.7070 -0.2038
vn 0.6486 -0.7051 -0.2867
vn 0.7365 -0.6004 -0.3117
vn 0.6183 -0.7071 -0.3432
vn 0.5734 -0.7051 -0.4171
vn 0.6453 -0.6133 -0.4555
vn 0.5312 -0.7071 -0.4668
vn 0.4725 -0.7051 -0.5287
vn 0.5270 -0.6258 -0.5751
vn 0.4197 -0.7071 -0.5691
vn 0.3503 -0.7051 -0.6165
vn 0.3877 -0.6378 -0.6655
vn 0.2891 -0.7071 -0.6453
vn 0.2123 -0.7051 -0.6766
vn 0.2343 -0.6493 -0.7235
vn 0.1452 -0.7071 -0.6921
vn 0.0647 -0.7051 -0.7062
vn 0.0741 -0.6605 -0.7472
vn -0.0053 -0.7071 -0.7071
vn -0.0857 -0.7051 -0.7039
vn -0.0854 -0.6712 -0.7364
vn -0.1555 -0.7071 -0.6898
vn -0.2324 -0.7051 -0.6699
vn -0.3685 -0.7051 -0.6058
vn -0.2987 -0.7071 -0.6409
vn -0.2370 -0.6814 -0.6924
vn -0.7007 -0.7127 -0.0334
vn -0.7062 -0.7071 -0.0360
vn -0.6984 -0.7051 -0.1226
vn -0.6568 -0.7051 -0.2672
vn -0.5856 -0.7051 -0.3998
vn -0.4881 -0.7051 -0.5144
vn -0.4334 -0.7861 -0.4406
vn -0.4396 -0.7070 -0.5539
vn 0.0353 -0.0000 -0.9994
vn 0.9960 -0.0000 -0.0891
vn 0.1288 0.0852 -0.9880
vn 0.0987 0.0110 -0.9951
vn 0.2009 -0.0011 -0.9796
vn 0.2054 -0.0000 -0.9787
vn 0.2972 -0.0000 -0.9548
vn 0.3080 0.0251 -0.9511
vn 0.3984 -0.0032 -0.9172
vn 0.4088 -0.0000 -0.9126
vn 0.4875 -0.0000 -0.8731
vn 0.5030 0.0362 -0.8635
vn 0.5788 -0.0059 -0.8155
vn 0.5936 -0.0000 -0.8048
vn 0.6569 -0.0000 -0.7540
vn 0.6750 0.0443 -0.7365
vn 0.7343 -0.0091 -0.6788
vn 0.7511 -0.0000 -0.6601
vn 0.7981 -0.0000 -0.6025
vn 0.8160 0.0494 -0.5760
vn 0.8583 -0.0130 -0.5129
vn 0.8743 -0.0000 -0.4853
vn 0.9051 -0.0000 -0.4252
vn 0.9197 0.0515 -0.3893
vn 0.9455 -0.0175 -0.3251
vn 0.9576 -0.0000 -0.2882
vn 0.9733 -0.0000 -0.2297
vn 0.9815 0.0506 -0.1848
vn 0.9915 -0.0156 -0.1293
vn 0.9915 -0.0157 -0.1292
vn 0.9975 0.0017 -0.0700
vn 0.9979 -0.0000 -0.0647
vn 0.9996 -0.0000 -0.0294
vn -1.0000 -0.0000 -0.0004
vn -0.9999 0.0001 -0.0139
vn -0.9995 -0.0046 -0.0299
vn -0.9989 0.0014 -0.0476
vn -0.9979 -0.0002 -0.0647
vn -0.9851 0.0036 -0.1719
vn -0.9849 0.0058 -0.1729
vn -0.9263 -0.0061 -0.3768
vn -0.9276 0.0022 -0.3736
vn -0.8259 -0.0021 -0.5638
vn -0.8260 -0.0018 -0.5637
vn -0.6883 0.0017 -0.7254
vn -0.6860 -0.0056 -0.7276
vn -0.5197 0.0055 -0.8543
vn -0.5141 -0.0093 -0.8577
vn -0.4224 -0.0000 -0.9064
vn -0.3238 -0.0000 -0.9461
vn -0.3183 -0.0129 -0.9479
vn -0.2200 -0.0000 -0.9755
vn -0.1428 -0.0000 -0.9898
vn -0.1151 0.0441 -0.9924
vn -0.0353 -0.0045 -0.9994
vn -0.0075 -0.0000 -1.0000
vn 0.9896 -0.0000 0.1440
vn 0.9692 0.0087 0.2462
vn 0.9224 -0.0116 0.3860
vn 0.8131 0.0126 0.5819
vn 0.5141 0.0086 0.8577
vn 0.5588 0.0010 0.8293
vn 0.7555 -0.0008 0.6551
vn 0.1668 -0.0000 0.9860
vn 0.3845 -0.0000 0.9231
vn 0.3628 0.8584 -0.3628
vn -0.4956 0.8583 -0.1328
vn -0.3628 0.8584 -0.3628
vn -0.1328 0.8583 0.4956
vn -0.3628 0.8584 0.3628
vn -0.4956 0.8583 0.1328
vn 0.1328 0.8583 0.4956
vn 0.1502 0.8604 -0.4869
vn -0.4413 0.8604 -0.2548
vn -0.2870 0.8604 -0.4210
vn -0.0759 0.8604 -0.5039
vn -0.3466 0.8604 0.3735
vn -0.4743 0.8604 0.1862
vn -0.5081 0.8604 -0.0381
vn 0.3972 -0.6654 0.6321
vn 0.0836 -0.6654 0.7418
vn -0.2465 -0.6654 0.7046
vn -0.2466 -0.6654 0.7046
vn -0.5278 -0.6654 0.5278
vn -0.7046 -0.6654 0.2465
vn -0.7418 -0.6654 -0.0836
vn -0.6321 -0.6654 -0.3972
vn -0.1328 0.8584 0.4956
vn 0.2174 0.8654 0.4514
vn 0.4042 0.8647 0.2983
vn 0.4986 0.8636 0.0752
vn 0.4782 0.8622 -0.1673
vn 0.4997 0.8654 -0.0374
vn 0.4605 0.8647 0.2009
vn 0.3144 0.8636 0.3942
vn 0.0942 0.8622 0.4978
vn -0.7240 -0.6620 -0.1940
vn -0.5300 -0.6620 -0.5300
vn -0.1940 -0.6619 -0.7240
vn -0.1940 -0.6620 -0.7240
vn 0.1940 -0.6620 -0.7240
vn 0.1940 -0.6619 -0.7240
vn 0.5300 -0.6620 -0.5300
vn 0.7240 -0.6620 -0.1940
vn 0.7240 -0.6619 -0.1940
vn -0.3748 -0.6619 -0.6491
vn -0.3748 -0.6620 -0.6491
vn -0.0000 -0.6619 -0.7495
vn -0.0000 -0.6620 -0.7495
vn 0.3748 -0.6619 -0.6491
vn 0.3748 -0.6620 -0.6491
vn 0.6491 -0.6620 -0.3748
vn 0.6491 -0.6619 -0.3748
vn 0.7495 -0.6619 -0.0000
vn 0.7495 -0.6620 -0.0000
vn 0.6491 -0.6620 0.3748
vn 0.6321 -0.6654 0.3972
vn 0.7418 -0.6654 0.0836
vn 0.7457 -0.6572 0.1095
vn 0.7359 -0.6746 -0.0579
vn 0.7046 -0.6654 -0.2465
vn 0.5279 -0.6654 -0.5278
vn 0.5278 -0.6654 -0.5278
vn 0.2466 -0.6654 -0.7046
vn -0.3972 -0.6654 -0.6321
vn -0.1081 -0.6680 -0.7362
vn -0.0840 -0.6611 -0.7456
vn 0.0579 -0.6746 -0.7359
vn -0.7278 -0.6654 0.1661
vn -0.5836 -0.6654 0.4654
vn -0.6047 -0.6572 0.4498
vn -0.4794 -0.6746 0.5613
vn -0.3239 -0.6654 0.6726
vn -0.0000 -0.6654 0.7465
vn 0.3239 -0.6654 0.6726
vn 0.7278 -0.6654 0.1661
vn 0.5971 -0.6680 0.4441
vn 0.5866 -0.6611 0.4678
vn 0.4794 -0.6746 0.5613
vn 0.6491 -0.6619 0.3748
vn 0.3748 -0.6620 0.6491
vn -0.0000 -0.6620 0.7495
vn -0.3748 -0.6620 0.6491
vn 0.1661 -0.6654 -0.7278
vn 0.4654 -0.6654 -0.5836
vn 0.6726 -0.6654 -0.3239
vn 0.7465 -0.6654 -0.0000
vn 0.6726 -0.6654 0.3239
vn 0.4654 -0.6654 0.5836
vn 0.1661 -0.6654 0.7278
vn -0.1940 -0.6620 0.7240
vn -0.5300 -0.6620 0.5300
vn -0.7240 -0.6620 0.1940
vn -0.1661 -0.6654 -0.7278
vn -0.4654 -0.6654 -0.5836
vn -0.4498 -0.6572 -0.6047
vn -0.5613 -0.6746 -0.4794
vn -0.6726 -0.6654 -0.3239
vn -0.7465 -0.6654 -0.0000
vn -0.6726 -0.6654 0.3239
vn -0.1661 -0.6654 0.7278
vn -0.4441 -0.6680 0.5971
vn -0.4678 -0.6611 0.5866
vn -0.5613 -0.6746 0.4795
vn 0.5836 -0.6654 0.4654
vn -0.3972 -0.6654 0.6321
vn -0.0836 -0.6654 0.7418
vn -0.1095 -0.6572 0.7457
vn 0.0579 -0.6746 0.7359
vn 0.2465 -0.6654 0.7046
vn 0.5278 -0.6654 0.5278
vn 0.7046 -0.6654 0.2465
vn 0.6321 -0.6654 -0.3972
vn 0.7362 -0.6680 -0.1082
vn 0.7456 -0.6611 -0.0840
vn 0.7359 -0.6746 0.0579
vn 0.0842 -0.6282 -0.7734
vn -0.1130 -0.6726 -0.7313
vn -0.3048 -0.6229 -0.7205
vn -0.4552 -0.6720 -0.5842
vn -0.5842 -0.6720 -0.4552
vn -0.6579 -0.6503 -0.3799
vn -0.6491 -0.6620 0.3748
vn -0.7376 -0.6704 0.0803
vn -0.7594 -0.6506 -0.0000
vn -0.7313 -0.6726 -0.1130
vn -0.6827 -0.6712 -0.2888
vn -0.7457 -0.6572 -0.1095
vn -0.7360 -0.6745 0.0579
vn -0.7046 -0.6654 0.2466
vn -0.5278 -0.6654 0.5279
vn -0.5279 -0.6654 0.5278
vn 0.1082 -0.6680 0.7362
vn 0.0840 -0.6611 0.7456
vn -0.0579 -0.6746 0.7360
vn 0.1940 -0.6619 0.7240
vn 0.1940 -0.6620 0.7240
vn 0.5300 -0.6620 0.5300
vn 0.4874 -0.6282 0.6065
vn 0.5970 -0.6726 0.4372
vn 0.7240 -0.6620 0.1940
vn 0.7249 -0.6229 0.2940
vn 0.7350 -0.6720 0.0912
vn 0.7350 -0.6720 -0.0912
vn 0.7338 -0.6503 -0.1966
vn 0.4648 -0.6704 -0.5784
vn 0.5370 -0.6506 -0.5370
vn 0.5970 -0.6726 -0.4372
vn 0.6869 -0.6712 -0.2785
vn 0.6065 -0.6282 -0.4874
vn 0.4372 -0.6726 -0.5970
vn 0.2940 -0.6229 -0.7249
vn 0.0912 -0.6720 -0.7350
vn -0.0912 -0.6720 -0.7350
vn -0.1966 -0.6503 -0.7338
vn -0.5784 -0.6704 -0.4648
vn -0.5370 -0.6506 -0.5370
vn -0.4372 -0.6726 -0.5970
vn -0.2785 -0.6712 -0.6869
vn -0.6321 -0.6654 0.3972
vn -0.7418 -0.6654 0.0836
vn -0.7046 -0.6654 -0.2466
vn -0.5278 -0.6654 -0.5278
vn -0.5278 -0.6654 -0.5279
vn -0.2465 -0.6654 -0.7046
vn 0.0836 -0.6654 -0.7418
vn 0.3972 -0.6654 -0.6321
vn -0.3466 0.8604 -0.3735
vn -0.4413 0.8604 0.2548
vn -0.5081 0.8604 0.0381
vn -0.4743 0.8604 -0.1862
vn 0.1502 0.8604 0.4869
vn -0.0760 0.8604 0.5039
vn -0.2870 0.8604 0.4210
vn 0.0933 0.7242 -0.6832
vn 0.0915 0.7065 -0.7018
vn 0.1421 0.7071 -0.6927
vn 0.2190 0.6370 -0.7391
vn 0.2106 0.7058 -0.6764
vn 0.2817 0.7070 -0.6487
vn 0.3747 0.5991 -0.7076
vn 0.3452 0.7061 -0.6183
vn 0.4093 0.7070 -0.5767
vn 0.5210 0.5686 -0.6366
vn 0.4650 0.7063 -0.5338
vn 0.5194 0.7069 -0.4802
vn 0.6473 0.5479 -0.5299
vn 0.5649 0.7065 -0.4264
vn 0.6073 0.7067 -0.3629
vn 0.7444 0.5389 -0.3942
vn 0.6404 0.7066 -0.3009
vn 0.6692 0.7065 -0.2301
vn 0.8056 0.5423 -0.2387
vn 0.6885 0.7068 -0.1625
vn 0.7011 0.7066 -0.0957
vn 0.6855 0.7225 -0.0894
vn -0.0445 0.7064 -0.7064
vn -0.0971 0.7307 -0.6758
vn -0.1447 0.7060 -0.6933
vn -0.3065 0.7026 -0.6422
vn -0.3127 0.7219 -0.6174
vn -0.4157 0.7070 -0.5721
vn -0.5466 0.6987 -0.4617
vn -0.5906 0.4840 -0.6456
vn -0.5471 0.7993 -0.2485
vn -0.6062 0.7010 -0.3758
vn -0.7010 0.7011 -0.1307
vn -0.7010 0.7010 -0.1307
vn 0.0009 1.0000 -0.0000
vn 0.1328 0.8584 -0.4955
vn 0.4955 0.8584 -0.1328
vn -0.4955 0.8584 -0.1328
vn -0.1328 0.8584 -0.4955
vn -0.1502 0.8604 0.4869
vn 0.4413 0.8604 0.2548
vn 0.2870 0.8604 0.4210
vn 0.0760 0.8604 0.5039
vn 0.3466 0.8604 -0.3735
vn 0.4743 0.8604 -0.1862
vn 0.5081 0.8604 0.0381
vn -0.4956 0.8584 0.1328
vn -0.4956 0.8584 -0.1328
vn -0.2948 -0.0000 -0.9556
vn -0.2588 0.0071 -0.9659
vn -0.0374 -0.0000 -0.9993
vn 0.1859 -0.0000 -0.9826
vn 0.2588 0.0119 -0.9659
vn 0.4339 -0.0000 -0.9010
vn 0.7070 0.0143 -0.7070
vn 0.8046 -0.0000 -0.5938
vn 0.9166 -0.0000 -0.3999
vn 0.9658 0.0143 -0.2588
vn 0.9888 -0.0000 -0.1490
vn 0.9972 -0.0000 0.0747
vn 0.9659 0.0119 0.2588
vn 0.7071 0.0071 0.7071
vn 0.6802 -0.0000 0.7331
vn 0.8660 -0.0000 0.5000
vn 0.8660 -0.0000 -0.5000
vn -0.5787 -0.0000 -0.8156
vn 0.7943 0.2268 0.5636
vn 0.9609 -0.1946 0.1968
vn 0.9894 -0.0000 0.1453
vn 0.9969 -0.0000 -0.0784
vn 0.9320 -0.1583 -0.3261
vn 0.9564 0.0534 -0.2872
vn 0.7063 -0.0488 -0.7063
vn -0.5240 0.1727 -0.8340
vn -0.1408 -0.2478 -0.9585
vn -0.2006 -0.0000 -0.9797
vn 0.0785 -0.0000 -0.9969
vn 0.2851 -0.1318 -0.9494
vn 0.3300 0.0443 -0.9430
vn 0.9859 -0.0000 0.1675
vn -0.9602 0.2268 0.1631
vn -0.8186 -0.1946 0.5404
vn -0.8024 -0.0000 0.5968
vn -0.6495 -0.0000 0.7604
vn -0.4284 -0.1583 0.8896
vn -0.4732 0.0534 0.8793
vn -0.0000 -0.0489 0.9988
vn 0.9603 0.1727 0.2192
vn 0.7774 -0.2478 0.5782
vn 0.8346 -0.0000 0.5509
vn 0.6494 -0.0000 0.7604
vn 0.4697 -0.1317 0.8729
vn 0.4335 0.0443 0.9001
vn -0.0000 -0.0488 0.9988
vn -0.9659 -0.0000 0.2588
vn -0.2588 -0.0000 0.9659
vn -0.1675 -0.0000 0.9859
vn -0.1631 0.2268 -0.9602
vn -0.5404 -0.1946 -0.8186
vn -0.5968 -0.0000 -0.8024
vn -0.7604 -0.0000 -0.6495
vn -0.8896 -0.1583 -0.4284
vn -0.8793 0.0534 -0.4732
vn -0.9988 -0.0488 -0.0000
vn -0.2192 0.1727 0.9603
vn -0.5782 -0.2478 0.7773
vn -0.5509 -0.0000 0.8346
vn -0.7604 -0.0000 0.6495
vn -0.8729 -0.1318 0.4697
vn -0.9001 0.0443 0.4335
vn 0.8156 -0.0000 -0.5787
vn -0.5636 0.2268 0.7943
vn -0.1968 -0.1947 0.9609
vn -0.1453 -0.0000 0.9894
vn 0.0785 -0.0000 0.9969
vn 0.3261 -0.1583 0.9320
vn 0.2872 0.0534 0.9564
vn 0.7063 -0.0488 0.7063
vn 0.8340 0.1727 -0.5240
vn 0.9585 -0.2478 -0.1408
vn 0.9797 -0.0000 -0.2006
vn 0.9969 -0.0000 0.0785
vn 0.9494 -0.1318 0.2851
vn 0.9430 0.0443 0.3300
vn -0.8156 -0.0000 0.5787
vn 0.5275 0.4112 -0.7434
vn 0.1938 -0.2573 -0.9467
vn 0.1082 -0.0000 -0.9941
vn -0.2876 -0.0000 -0.9578
vn -0.3493 -0.4427 -0.8258
vn -0.1527 -0.0000 -0.9883
vn -0.8313 0.2802 0.4800
vn -0.9147 -0.3917 0.0996
vn -0.9797 -0.0000 0.2006
vn -0.9883 -0.0000 -0.1527
vn -0.9226 -0.2684 -0.2770
vn -0.9210 -0.0000 -0.3896
vn -0.6878 -0.4896 -0.5360
vn -0.6147 -0.0000 -0.7888
vn 0.5787 -0.0000 0.8156
vn -0.7943 0.2268 -0.5636
vn -0.9609 -0.1946 -0.1968
vn -0.9894 -0.0000 -0.1453
vn -0.9969 -0.0000 0.0784
vn -0.9320 -0.1583 0.3261
vn -0.9564 0.0534 0.2872
vn -0.7063 -0.0488 0.7063
vn 0.5240 0.1727 0.8340
vn 0.1408 -0.2477 0.9585
vn 0.2006 -0.0000 0.9797
vn -0.0785 -0.0000 0.9969
vn -0.2851 -0.1318 0.9494
vn -0.3300 0.0443 0.9430
vn 0.1675 -0.0000 -0.9859
vn 0.2588 -0.0000 0.9659
vn 0.1527 0.4111 0.8987
vn 0.5324 -0.2572 0.8065
vn 0.6264 -0.0000 0.7795
vn 0.9622 -0.2722 -0.0000
vn 0.9924 -0.0000 0.1231
vn 0.8806 -0.0000 0.4739
vn 0.8310 -0.4426 0.3369
vn 0.8068 -0.0000 0.5908
vn 0.2484 0.2802 -0.9272
vn 0.5763 -0.3917 -0.7172
vn 0.5509 -0.0000 -0.8346
vn 0.8068 -0.0000 -0.5908
vn 0.8483 -0.2685 -0.4565
vn 0.9267 -0.0000 -0.3758
vn 0.9924 -0.0000 -0.1231
vn -0.9859 -0.0000 -0.1675
vn 0.8987 0.4112 -0.1527
vn 0.8065 -0.2572 -0.5324
vn 0.7795 -0.0000 -0.6264
vn -0.0000 -0.2722 -0.9622
vn 0.1231 -0.0000 -0.9924
vn 0.4739 -0.0000 -0.8806
vn 0.3369 -0.4427 -0.8309
vn 0.5908 -0.0000 -0.8068
vn -0.9272 0.2802 -0.2485
vn -0.7172 -0.3917 -0.5764
vn -0.8346 -0.0000 -0.5509
vn -0.5908 -0.0000 -0.8068
vn -0.4565 -0.2685 -0.8483
vn -0.3758 -0.0000 -0.9267
vn -0.1231 -0.0000 -0.9924
vn -0.4870 0.6981 -0.5249
vn -0.6665 0.6981 -0.2616
vn -0.7140 0.6981 0.0535
vn -0.6201 0.6981 0.3580
vn -0.4034 0.6981 0.5916
vn -0.1067 0.6981 0.7080
vn 0.2111 0.6981 0.6842
vn 0.2110 0.6981 0.6842
vn -0.7037 0.7037 0.0980
vn -0.7025 0.7051 0.0964
vn -0.6639 0.7050 0.2495
vn -0.6636 0.7058 0.2480
vn -0.5984 0.7043 0.3819
vn -0.5985 0.7039 0.3825
vn -0.5170 0.7067 0.4830
vn -0.5168 0.7066 0.4834
vn -0.3891 0.7011 0.5975
vn -0.3891 0.7010 0.5976
vn 0.3466 0.8604 0.3735
vn 0.4782 0.8622 0.1673
vn 0.4986 0.8636 -0.0752
vn 0.4042 0.8646 -0.2983
vn 0.2174 0.8654 -0.4514
vn -0.1502 0.8604 -0.4869
vn -0.0187 0.8659 -0.4999
vn 0.0942 0.8622 -0.4978
vn 0.3144 0.8636 -0.3942
vn 0.4605 0.8646 -0.2009
vn 0.4997 0.8654 0.0374
vn 0.4236 0.8659 0.2662
vn -0.1140 0.7378 -0.6653
vn -0.7071 0.7071 -0.0100
vn -0.1636 0.7051 -0.6900
vn -0.3231 0.7040 -0.6325
vn -0.3374 0.7365 -0.5863
vn -0.4308 0.7067 -0.5613
vn -0.5571 0.7006 -0.4460
vn -0.6975 0.7014 -0.1467
vn -0.7361 0.6490 -0.1926
vn -0.5686 0.7365 -0.3663
vn -0.5944 0.5035 -0.6271
vn 0.7007 0.7007 0.1345
vn 0.5904 0.6983 0.4047
vn 0.5831 0.7023 0.4083
vn 0.3871 0.6992 0.6011
vn 0.3118 0.7560 0.5755
vn 0.0658 0.5704 0.8187
vn 0.2948 -0.0000 0.9556
vn -0.1490 -0.0000 0.9888
vn -0.5633 -0.0000 0.8262
vn -0.9972 -0.0000 0.0747
vn -0.9309 -0.0000 -0.3653
vn -0.6802 -0.0000 -0.7331
vn -0.6802 -0.0000 0.7331
vn -0.6802 -0.0000 0.7330
vn -0.9309 -0.0000 0.3653
vn -0.9972 -0.0000 -0.0747
vn -0.5633 -0.0000 -0.8262
vn -0.1490 -0.0000 -0.9888
vn 0.2948 -0.0000 -0.9556
vn 0.6802 0.0040 -0.7330
vn 0.9439 -0.0034 -0.3303
vn 0.9309 -0.0000 -0.3653
vn 0.9972 -0.0000 -0.0747
vn 0.9972 -0.0046 0.0747
vn 0.9888 -0.0000 0.1490
vn 0.9166 -0.0000 0.3999
vn 0.8660 -0.0052 0.5000
vn 0.8046 -0.0000 0.5938
vn 0.5633 -0.0046 0.8262
vn 0.1859 -0.0000 0.9826
vn 0.1490 -0.0029 0.9888
vn -0.2588 0.0034 0.9659
vn -0.2948 -0.0000 0.9556
vn -0.2079 -0.0000 0.9782
vn -0.1885 0.0018 0.9821
vn -0.5877 -0.0020 0.8091
vn -0.5736 -0.0003 0.8191
vn -0.8659 0.0002 0.5002
vn -0.8793 -0.0023 0.4763
vn -0.9945 0.0020 0.1048
vn -0.9968 -0.0000 0.0801
vn 0.9659 -0.0000 0.2588
vn -0.8421 -0.0317 0.5383
vn -0.9367 -0.0000 0.3500
vn -0.9901 -0.0000 0.1407
vn -0.9907 0.0011 0.1360
vn -1.0000 -0.0000 0.0049
vn -0.5928 -0.0000 0.8054
vn -0.8869 0.0012 0.4620
vn -0.7702 -0.0000 0.6377
vn -0.7303 -0.0000 0.6831
vn -0.5455 -0.0244 0.8377
vn -0.2900 -0.0000 0.9570
vn -0.0983 -0.0000 0.9952
vn -0.0629 -0.0000 -0.9980
vn -0.7639 -0.0100 -0.6453
vn -0.5878 -0.0000 -0.8090
vn -0.3574 -0.0000 -0.9340
vn -0.4305 -0.0336 -0.9020
vn -0.2044 -0.0000 -0.9789
vn -1.0000 -0.0000 -0.0049
vn -0.9831 0.0015 -0.1833
vn -0.9696 -0.0182 -0.2440
vn -0.9105 -0.0000 -0.4135
vn -0.8331 -0.0000 -0.5531
vn -0.6764 0.0433 -0.7353
vn -0.1328 0.8584 0.4955
vn -0.4955 0.8584 0.1328
vn 0.4955 0.8584 0.1328
vn 0.1328 0.8584 0.4955
vn -0.1884 -0.0000 -0.9821
vn -0.2079 0.0017 -0.9782
vn -0.5736 -0.0019 -0.8191
vn -0.5877 -0.0002 -0.8091
vn -0.8793 0.0003 -0.4763
vn -0.8659 -0.0026 -0.5002
vn -0.9968 0.0023 -0.0801
vn -0.9945 -0.0000 -0.1048
vn 0.9782 -0.0000 0.2079
vn 0.9821 0.0018 0.1885
vn 0.8091 -0.0020 0.5877
vn 0.8191 -0.0003 0.5736
vn 0.5002 0.0002 0.8659
vn 0.4763 -0.0023 0.8793
vn 0.1048 0.0020 0.9945
vn 0.0801 -0.0000 0.9968
vn 0.2053 -0.0000 0.9787
vn 0.0629 -0.0000 0.9980
vn 0.4314 -0.0340 0.9015
vn 0.3574 -0.0000 0.9340
vn 0.5885 -0.0000 0.8085
vn 0.6024 -0.0007 0.7982
vn 0.7645 0.0061 0.6446
vn 0.7756 -0.0000 0.6313
vn 0.9105 -0.0000 0.4136
vn 0.9708 -0.0187 0.2394
vn 0.9830 -0.0000 0.1833
vn 0.2948 0.0040 0.9556
vn -0.1859 -0.0034 0.9826
vn -0.5633 -0.0046 0.8262
vn -0.8046 -0.0000 0.5938
vn -0.8660 -0.0052 0.5000
vn -0.9166 -0.0000 0.3999
vn -0.9888 -0.0000 0.1490
vn -0.9972 -0.0046 0.0747
vn -0.9309 -0.0029 -0.3653
vn -0.7071 0.0034 -0.7071
vn -0.9907 -0.0000 0.1360
vn -0.5146 -0.0000 0.8574
vn -0.5457 0.0096 0.8379
vn -0.7047 -0.0037 0.7095
vn -0.8854 -0.0000 0.4648
vn -0.8422 -0.0317 0.5383
vn -0.9368 -0.0000 0.3500
vn 0.6947 0.6948 -0.1861
vn 0.5086 0.6948 -0.5086
vn 0.1861 0.6948 -0.6947
vn -0.5086 0.6948 -0.5086
vn -0.6947 0.6948 -0.1862
vn -0.6947 0.6948 -0.1861
vn 0.0445 0.7064 0.7064
vn 0.0977 0.7309 0.6754
vn 0.1454 0.7060 0.6932
vn 0.3071 0.7026 0.6419
vn 0.3135 0.7226 0.6161
vn 0.4162 0.7071 0.5717
vn 0.5469 0.6987 0.4611
vn 0.5907 0.4852 0.6447
vn 0.5470 0.7994 0.2485
vn 0.6061 0.7010 0.3758
vn 0.7010 0.7011 0.1307
vn -0.2588 -0.0034 -0.9659
vn 0.2588 -0.0057 -0.9659
vn 0.7071 -0.0069 -0.7071
vn 0.9659 -0.0069 -0.2588
vn 0.9659 -0.0057 0.2588
vn 0.6802 -0.0000 0.7330
vn 0.7071 -0.0034 0.7071
vn -0.1393 0.7002 0.7002
vn -0.1801 0.7838 0.5943
vn -0.0697 0.7054 0.7054
vn -0.6947 0.6948 0.1861
vn -0.6947 0.6948 0.1862
vn -0.5086 0.6948 0.5086
vn -0.1862 0.6948 0.6947
vn -0.1861 0.6948 0.6947
vn 0.1862 0.6948 0.6947
vn 0.1861 0.6948 0.6947
vn 0.5086 0.6948 0.5086
vn 0.6947 0.6948 0.1862
vn -0.1345 0.7007 -0.7007
vn -0.5426 0.8388 -0.0436
vn -0.8019 0.5542 -0.2234
vn -0.6347 0.6921 -0.3438
vn -0.4083 0.7023 -0.5831
vn -0.4047 0.6983 -0.5905
vn -0.1344 0.7007 -0.7007
vn 0.6802 -0.0000 -0.7331
vn 0.5633 -0.0000 0.8262
vn 0.1490 -0.0000 0.9888
vn -0.4997 0.8654 -0.0374
vn -0.4605 0.8646 0.2009
vn -0.3144 0.8636 0.3942
vn 0.1328 0.8584 0.4956
vn -0.0942 0.8622 0.4978
vn -0.2174 0.8654 0.4514
vn -0.4042 0.8647 0.2983
vn -0.4986 0.8636 0.0751
vn -0.4782 0.8622 -0.1673
vn -0.1344 0.7007 0.7007
vn -0.4047 0.6983 0.5905
vn -0.4083 0.7023 0.5832
vn -0.6011 0.6991 0.3871
vn -0.5757 0.7559 0.3119
vn -0.8189 0.5702 0.0658
vn -0.2111 0.6981 -0.6842
vn -0.0265 0.7068 -0.7069
vn 0.1090 0.6823 -0.7229
vn 0.1326 0.7008 -0.7009
vn 0.3072 0.7061 -0.6380
vn 0.4170 0.6723 -0.6117
vn 0.4434 0.7031 -0.5559
vn 0.6201 0.6981 -0.3580
vn 0.6300 0.6220 -0.4650
vn 0.6502 0.7049 -0.2837
vn 0.7140 0.6981 -0.0535
vn 0.7513 0.6502 -0.1132
vn 0.7061 0.7061 0.0529
vn 0.6665 0.6981 0.2616
vn 0.4870 0.6981 0.5249
vn 0.5990 0.7068 0.3763
vn 0.6960 0.6755 0.2436
vn 0.7071 0.7071 0.0100
vn 0.1140 0.7378 0.6653
vn 0.1636 0.7051 0.6900
vn 0.3231 0.7040 0.6325
vn 0.3374 0.7365 0.5863
vn 0.4308 0.7067 0.5613
vn 0.5570 0.7006 0.4460
vn 0.7071 0.7071 0.0099
vn 0.6975 0.7014 0.1467
vn 0.7360 0.6490 0.1926
vn 0.5686 0.7365 0.3663
vn 0.5944 0.5035 0.6271
vn 0.6087 -0.0219 0.7931
vn 0.7169 -0.0000 0.6972
vn 0.7168 0.0137 0.6971
vn 0.6135 -0.0000 0.7897
vn 0.4549 -0.0000 0.8905
vn 0.3573 -0.0250 0.9337
vn 0.2307 -0.0000 0.9730
vn 0.7805 0.0162 0.6249
vn 0.8332 -0.0000 0.5530
vn 0.9674 -0.0000 0.2531
vn 0.9709 -0.0057 0.2394
vn 0.9999 -0.0000 0.0141
vn 0.9907 -0.0000 -0.1360
vn 0.8450 -0.0298 -0.5339
vn 0.9385 -0.0000 -0.3452
vn 0.8869 0.0012 -0.4619
vn 0.7703 -0.0000 -0.6376
vn 0.6013 -0.0000 -0.7990
vn 0.5928 -0.0043 -0.8054
vn 0.3925 -0.0000 -0.9197
vn 0.2775 0.7071 -0.6504
vn 0.2776 0.7071 -0.6504
vn 0.3985 0.7014 -0.5910
vn 0.4595 0.6449 -0.6107
vn 0.5514 0.7375 -0.3900
vn 0.6003 0.7040 -0.3794
vn 0.6896 0.7015 -0.1800
vn 0.5903 0.7775 -0.2171
vn 0.7848 0.6190 -0.0307
vn 0.7038 0.7038 -0.0966
vn 0.1393 0.7002 -0.7002
vn 0.1801 0.7838 -0.5944
vn 0.0697 0.7054 -0.7054
vn 0.2900 -0.0000 -0.9570
vn 0.0983 -0.0000 -0.9952
vn 0.9965 -0.0000 -0.0840
vn 0.1885 -0.0000 -0.9821
vn 0.1873 -0.0001 -0.9823
vn 0.5706 0.0001 -0.8212
vn 0.5736 -0.0003 -0.8191
vn 0.8762 0.0003 -0.4820
vn 0.8793 -0.0004 -0.4763
vn 0.9968 0.0003 -0.0801
vn 0.1344 0.7007 -0.7007
vn 0.4047 0.6983 -0.5904
vn 0.4083 0.7023 -0.5831
vn 0.6011 0.6992 -0.3871
vn 0.5755 0.7560 -0.3118
vn 0.8188 0.5703 -0.0658
vn 0.4083 0.7023 0.5831
vn 0.6346 0.6921 0.3438
vn 0.8019 0.5542 0.2234
vn 0.5426 0.8389 0.0436
vn 0.1344 0.7007 0.7007
vn 0.4047 0.6983 0.5904
vn 0.1873 -0.0000 0.9823
vn 0.9968 -0.0000 0.0801
vn 0.1885 -0.0001 0.9821
vn 0.5736 0.0001 0.8191
vn 0.5706 -0.0003 0.8212
vn 0.8793 0.0003 0.4763
vn 0.8762 -0.0004 0.4820
vn 0.9965 0.0003 0.0840
vn -0.9782 -0.0000 -0.2079
vn -0.9821 0.0018 -0.1885
vn -0.8091 -0.0020 -0.5877
vn -0.8191 -0.0003 -0.5736
vn -0.5002 0.0002 -0.8659
vn -0.4763 -0.0023 -0.8793
vn -0.1048 0.0020 -0.9945
vn -0.0801 -0.0000 -0.9968
vn -0.7755 -0.0000 -0.6313
vn -0.7806 -0.0029 -0.6250
vn -0.6024 0.0007 -0.7982
vn -0.6089 -0.0000 -0.7933
vn -0.4545 -0.0449 -0.8896
vn -0.2307 -0.0000 -0.9730
vn -0.6702 0.0480 -0.7407
vn -0.8254 -0.0000 -0.5645
vn -0.9674 -0.0000 -0.2531
vn -0.9709 -0.0057 -0.2394
vn -0.9999 -0.0000 -0.0141
vn 0.2774 0.7071 -0.6504
vn 0.6003 0.7041 -0.3793
vn 0.6895 0.7015 -0.1800
vn 0.5902 0.7775 -0.2171
vn 0.7847 0.6191 -0.0307
vn 0.8854 -0.0000 -0.4648
vn 0.7047 -0.0000 -0.7095
vn 0.6011 0.0228 -0.7988
vn 0.5146 -0.0026 -0.8574
vn 0.9821 -0.0000 -0.1884
vn 0.9782 0.0017 -0.2079
vn 0.8191 -0.0018 -0.5736
vn 0.8091 -0.0002 -0.5877
vn 0.4763 0.0003 -0.8793
vn 0.5002 -0.0026 -0.8659
vn 0.0801 0.0023 -0.9968
vn 0.1049 -0.0000 -0.9945
vn 0.5831 0.7023 -0.4083
vn 0.4119 0.7023 -0.5806
vn 0.3156 0.7489 -0.5827
vn 0.1847 0.6305 -0.7539
vn 0.0436 0.8389 -0.5426
vn 0.7007 0.7007 -0.1344
vn 0.5904 0.6983 -0.4047
vn -0.7007 0.7007 -0.1345
vn -0.5905 0.6983 -0.4047
vn -0.5832 0.7023 -0.4083
vn -0.3871 0.6991 -0.6011
vn -0.3118 0.7559 -0.5757
vn -0.0658 0.5702 -0.8189
vn -0.9879 -0.0000 -0.1549
vn 0.9999 -0.0000 -0.0124
vn 0.9879 -0.0000 -0.1549
vn 0.9948 -0.0065 -0.1012
vn 0.9955 -0.0074 -0.0945
vn 0.9809 0.0078 -0.1945
vn 0.9985 -0.0099 -0.0530
vn 0.9945 -0.0000 -0.1046
vn 0.1838 -0.0001 -0.9830
vn 0.1032 -0.0178 -0.9945
vn -0.0853 -0.0000 -0.9964
vn -0.0000 -0.0012 -1.0000
vn 0.0868 -0.0000 -0.9962
vn -0.1875 -0.0000 -0.9823
vn -0.0960 -0.0000 -0.9954
vn -0.1837 -0.0007 -0.9830
vn -0.1024 -0.0180 -0.9946
vn -0.9958 -0.0078 -0.0917
vn -0.9809 0.0078 -0.1945
vn -0.9985 -0.0099 -0.0530
vn -0.9945 -0.0000 -0.1046
vn -0.9999 -0.0000 -0.0124
vn 0.9588 -0.0000 -0.2842
vn 0.9560 0.0016 -0.2932
vn 0.9290 -0.0000 -0.3701
vn 0.8909 -0.0000 -0.4542
vn 0.8872 0.0014 -0.4613
vn 0.8460 -0.0000 -0.5332
vn 0.7932 -0.0000 -0.6090
vn 0.7891 0.0012 -0.6142
vn 0.7346 -0.0000 -0.6785
vn 0.6688 -0.0000 -0.7434
vn 0.6650 0.0009 -0.7468
vn 0.5986 -0.0000 -0.8011
vn 0.5221 -0.0000 -0.8529
vn 0.5190 0.0007 -0.8548
vn 0.3612 -0.0007 -0.9325
vn 0.3558 0.0004 -0.9346
vn 0.1877 -0.0004 -0.9822
vn 0.1875 -0.0000 -0.9823
vn -0.1877 -0.0004 -0.9822
vn -0.3612 0.0004 -0.9325
vn -0.3558 -0.0007 -0.9346
vn -0.5221 0.0007 -0.8529
vn -0.5190 -0.0000 -0.8548
vn -0.5986 -0.0000 -0.8011
vn -0.6650 0.0009 -0.7468
vn -0.6688 -0.0000 -0.7434
vn -0.7346 -0.0000 -0.6785
vn -0.7891 0.0012 -0.6142
vn -0.7932 -0.0000 -0.6090
vn -0.8460 -0.0000 -0.5332
vn -0.8872 0.0014 -0.4613
vn -0.9949 -0.0066 -0.1003
vn -0.9588 -0.0000 -0.2842
vn -0.9560 0.0016 -0.2933
vn -0.9290 -0.0000 -0.3701
vn -0.8909 -0.0000 -0.4542
vn -0.7071 0.7071 -0.0088
vn -0.7770 0.6254 -0.0720
vn -0.7043 0.7060 -0.0741
vn -0.6936 0.7071 -0.1375
vn -0.7433 0.6347 -0.2115
vn -0.6790 0.7060 -0.2013
vn -0.6569 0.7071 -0.2617
vn -0.6848 0.6440 -0.3410
vn -0.6310 0.7059 -0.3217
vn -0.5982 0.7071 -0.3770
vn -0.6041 0.6537 -0.4559
vn -0.5604 0.7077 -0.4303
vn -0.5228 0.7070 -0.4762
vn -0.5194 0.7071 -0.4798
vn -0.5044 0.6629 -0.5533
vn -0.4738 0.7058 -0.5266
vn -0.4232 0.7071 -0.5664
vn -0.3896 0.6724 -0.6293
vn -0.3699 0.7058 -0.6042
vn -0.2560 0.7056 -0.6607
vn -0.1302 0.7056 -0.6965
vn -0.1302 0.7055 -0.6966
vn -0.0000 0.7055 -0.7087
vn 0.1302 0.7055 -0.6966
vn 0.1302 0.7056 -0.6965
vn 0.2560 0.7056 -0.6607
vn 0.3730 0.7056 -0.6025
vn 0.3875 0.6702 -0.6330
vn 0.4232 0.7071 -0.5664
vn 0.4774 0.7056 -0.5237
vn 0.5030 0.6591 -0.5591
vn 0.5194 0.7071 -0.4798
vn 0.5228 0.7071 -0.4760
vn 0.5640 0.7076 -0.4257
vn 0.6044 0.6476 -0.4641
vn 0.5982 0.7071 -0.3770
vn 0.6343 0.7056 -0.3158
vn 0.6877 0.6357 -0.3506
vn 0.6569 0.7071 -0.2617
vn 0.6815 0.7056 -0.1939
vn 0.7498 0.6232 -0.2222
vn 0.6936 0.7071 -0.1375
vn 0.7056 0.7056 -0.0654
vn 0.7879 0.6103 -0.0829
vn 0.7071 0.7071 -0.0088
vn 0.7070 0.7071 0.0088
vn 0.7769 0.6255 0.0720
vn 0.7043 0.7060 0.0741
vn 0.6936 0.7071 0.1375
vn 0.7433 0.6347 0.2115
vn 0.6791 0.7060 0.2013
vn 0.6569 0.7071 0.2617
vn 0.6848 0.6440 0.3410
vn 0.6310 0.7059 0.3217
vn 0.5982 0.7071 0.3771
vn 0.6041 0.6535 0.4562
vn 0.5618 0.7059 0.4314
vn 0.5194 0.7071 0.4798
vn 0.5044 0.6629 0.5533
vn 0.4738 0.7058 0.5266
vn 0.4232 0.7071 0.5664
vn 0.3896 0.6725 0.6293
vn 0.3699 0.7058 0.6042
vn 0.2560 0.7056 0.6607
vn 0.1302 0.7056 0.6965
vn 0.1302 0.7055 0.6966
vn -0.0000 0.7055 0.7087
vn -0.1302 0.7055 0.6966
vn -0.1302 0.7056 0.6965
vn -0.2560 0.7056 0.6607
vn -0.3730 0.7056 0.6025
vn -0.3875 0.6702 0.6330
vn -0.4232 0.7071 0.5664
vn -0.4774 0.7056 0.5237
vn -0.5030 0.6591 0.5591
vn -0.5194 0.7071 0.4798
vn -0.5655 0.7056 0.4270
vn -0.6044 0.6476 0.4641
vn -0.5982 0.7071 0.3771
vn -0.6343 0.7056 0.3158
vn -0.6878 0.6356 0.3506
vn -0.6569 0.7071 0.2617
vn -0.6815 0.7056 0.1939
vn -0.7498 0.6232 0.2222
vn -0.6936 0.7071 0.1375
vn -0.7056 0.7056 0.0654
vn -0.7879 0.6103 0.0829
vn -0.7071 0.7071 0.0088
vn 0.9879 -0.0000 0.1549
vn -0.9999 -0.0000 0.0124
vn -0.9879 -0.0000 0.1549
vn -0.9949 -0.0066 0.1011
vn -0.9955 -0.0074 0.0945
vn -0.9809 0.0078 0.1945
vn -0.9985 -0.0099 0.0530
vn -0.9945 -0.0000 0.1046
vn -0.1838 -0.0001 0.9830
vn -0.1032 -0.0178 0.9945
vn 0.0853 -0.0000 0.9964
vn -0.0000 -0.0012 1.0000
vn -0.0868 -0.0000 0.9962
vn 0.1875 -0.0000 0.9823
vn 0.0960 -0.0000 0.9954
vn 0.1837 -0.0007 0.9830
vn 0.1024 -0.0180 0.9946
vn 0.9958 -0.0078 0.0917
vn 0.9809 0.0078 0.1945
vn 0.9985 -0.0099 0.0530
vn 0.9945 -0.0000 0.1046
vn 0.9999 -0.0000 0.0124
vn -0.9588 -0.0000 0.2842
vn -0.9560 0.0016 0.2932
vn -0.9290 -0.0000 0.3701
vn -0.8909 -0.0000 0.4542
vn -0.8872 0.0014 0.4613
vn -0.8460 -0.0000 0.5332
vn -0.7932 -0.0000 0.6090
vn -0.7891 0.0012 0.6142
vn -0.7346 -0.0000 0.6785
vn -0.6688 -0.0000 0.7434
vn -0.6650 0.0009 0.7468
vn -0.5986 -0.0000 0.8011
vn -0.5221 -0.0000 0.8529
vn -0.5190 0.0007 0.8548
vn -0.3612 -0.0007 0.9325
vn -0.3558 0.0004 0.9346
vn -0.1877 -0.0004 0.9822
vn -0.1875 -0.0000 0.9823
vn 0.1877 -0.0004 0.9822
vn 0.3612 0.0004 0.9325
vn 0.3558 -0.0007 0.9346
vn 0.5221 0.0007 0.8529
vn 0.5190 -0.0000 0.8548
vn 0.5986 -0.0000 0.8011
vn 0.6650 0.0009 0.7468
vn 0.6688 -0.0000 0.7434
vn 0.7346 -0.0000 0.6785
vn 0.7891 0.0012 0.6142
vn 0.7932 -0.0000 0.6090
vn 0.8460 -0.0000 0.5332
vn 0.8872 0.0014 0.4613
vn 0.9949 -0.0066 0.1004
vn 0.9588 -0.0000 0.2842
vn 0.9560 0.0016 0.2933
vn 0.9290 -0.0000 0.3701
vn 0.8909 -0.0000 0.4542
vn -0.9823 -0.0000 0.1873
vn -0.0801 -0.0000 0.9968
vn -0.9821 -0.0001 0.1884
vn -0.8191 0.0001 0.5736
vn -0.8212 -0.0003 0.5706
vn -0.4763 0.0003 0.8793
vn -0.4820 -0.0004 0.8762
vn -0.0840 0.0003 0.9965
vn -0.5831 0.7023 0.4083
vn -0.4118 0.7023 0.5807
vn -0.3157 0.7488 0.5828
vn -0.1848 0.6304 0.7540
vn -0.0436 0.8389 0.5426
vn -0.7007 0.7007 0.1345
vn -0.5905 0.6983 0.4047
vn -0.1801 0.7837 0.5944
vn -0.3892 0.7010 0.5976
vn -0.7038 0.7038 0.0966
vn -0.7807 0.6240 0.0344
vn -0.5926 0.7745 0.2214
vn -0.6878 0.7015 0.1869
vn -0.5982 0.7043 0.3823
vn -0.5456 0.7394 0.3945
vn -0.5169 0.7065 0.4834
vn 0.0003 1.0000 -0.0000
vn 0.9960 -0.0000 0.0891
vn 0.9994 -0.0000 0.0353
vn 0.9991 0.0075 0.0406
vn 0.9901 -0.0135 0.1396
vn 0.9903 -0.0188 0.1375
vn 0.9883 -0.0000 0.1527
vn 0.9665 -0.0000 0.2568
vn 0.9494 -0.0596 0.3085
vn 0.9343 -0.0000 0.3564
vn 0.8912 -0.0000 0.4535
vn 0.8645 -0.0596 0.4991
vn 0.8390 -0.0000 0.5442
vn 0.7431 -0.0000 0.6691
vn 0.7712 -0.1161 0.6259
vn 0.7064 -0.0000 0.7079
vn 0.5878 -0.0000 0.8090
vn 0.6233 -0.1126 0.7739
vn 0.5424 -0.0000 0.8401
vn 0.4067 -0.0000 0.9135
vn 0.4475 -0.1090 0.8876
vn 0.3544 -0.0000 0.9351
vn 0.2079 -0.0000 0.9781
vn 0.2517 -0.1054 0.9620
vn 0.1506 -0.0000 0.9886
vn -0.2079 -0.0000 0.9781
vn -0.0876 -0.0000 0.9962
vn -0.0598 0.0104 0.9982
vn -0.0353 -0.0045 0.9994
vn 0.0449 0.0085 0.9990
vn 0.0353 0.0195 0.9992
vn 0.0876 -0.0000 0.9962
vn -0.1646 -0.0983 0.9815
vn -0.2676 -0.0000 0.9635
vn -0.4067 -0.0000 0.9135
vn -0.3666 -0.0947 0.9255
vn -0.4635 -0.0000 0.8861
vn -0.5878 -0.0000 0.8090
vn -0.5526 -0.0911 0.8285
vn -0.6388 -0.0000 0.7694
vn -0.7431 -0.0000 0.6691
vn -0.7141 -0.0875 0.6946
vn -0.7858 -0.0000 0.6185
vn -0.8440 -0.0839 0.5297
vn -0.8979 -0.0000 0.4402
vn -0.9511 -0.0000 0.3090
vn -0.9365 -0.0803 0.3413
vn -0.9702 -0.0000 0.2423
vn -0.9902 -0.0000 0.1396
vn -0.9904 0.0024 0.1380
vn -0.9989 -0.0007 0.0476
vn -0.9993 -0.0063 0.0358
vn -0.9999 0.0001 0.0139
vn -1.0000 -0.0000 0.0004
vn 0.7099 -0.7021 0.0551
vn -0.7007 -0.7127 0.0334
vn -0.7026 -0.7108 0.0343
vn 0.7118 -0.7001 0.0569
vn 0.7102 -0.7019 0.0550
vn 0.7089 -0.7030 0.0564
vn -0.7061 -0.7071 0.0384
vn -0.7012 -0.7062 0.0977
vn -0.8320 -0.5353 0.1460
vn -0.6862 -0.7069 0.1714
vn -0.6651 -0.7063 0.2424
vn -0.7852 -0.5305 0.3194
vn -0.6351 -0.7069 0.3113
vn -0.5930 -0.7058 0.3876
vn -0.6723 -0.6082 0.4220
vn -0.5285 -0.7345 0.4256
vn -0.5467 -0.7184 0.4303
vn -0.5418 -0.7071 0.4545
vn -0.5074 -0.7063 0.4936
vn -0.5766 -0.5533 0.6012
vn -0.4458 -0.7163 0.5369
vn -0.4326 -0.7071 0.5594
vn -0.3928 -0.7064 0.5889
vn -0.4443 -0.5187 0.7304
vn -0.1038 -0.5130 0.8521
vn -0.3279 -0.7068 0.6269
vn -0.2607 -0.7064 0.6581
vn -0.2808 -0.5156 0.8095
vn -0.1893 -0.7068 0.6816
vn -0.1170 -0.7065 0.6980
vn 0.2577 -0.5091 0.8212
vn -0.0423 -0.7068 0.7062
vn 0.0318 -0.7065 0.7070
vn 0.0785 -0.5108 0.8561
vn 0.1066 -0.7067 0.6994
vn 0.1792 -0.7065 0.6847
vn 0.2507 -0.7067 0.6616
vn 0.3186 -0.7065 0.6319
vn 0.4255 -0.5078 0.7490
vn 0.3838 -0.7067 0.5944
vn 0.4308 -0.7070 0.5609
vn 0.4207 -0.7418 0.5223
vn 0.5316 -0.6374 0.5578
vn 0.4998 -0.7067 0.5008
vn 0.5406 -0.7069 0.4561
vn 0.5238 -0.7382 0.4251
vn 0.6304 -0.6488 0.4262
vn 0.5936 -0.7066 0.3851
vn 0.6306 -0.7067 0.3209
vn 0.7884 -0.5069 0.3485
vn 0.6612 -0.7066 0.2522
vn 0.6838 -0.7067 0.1817
vn 0.8438 -0.5075 0.1742
vn 0.6994 -0.7065 0.1081
vn 0.7043 -0.7071 0.0630
vn -0.7203 -0.6936 -0.0000
vn -0.7130 -0.7011 -0.0099
vn -0.7159 -0.6982 -0.0088
vn -0.7444 -0.6676 0.0103
vn -0.7182 -0.6959 -0.0004
vn -0.7050 -0.7060 -0.0673
vn -0.7265 -0.6831 -0.0744
vn -0.6955 -0.7071 -0.1277
vn -0.7004 -0.6858 -0.1976
vn -0.6401 -0.7059 -0.3033
vn -0.6537 -0.6886 -0.3139
vn -0.5878 -0.6914 -0.4201
vn -0.4987 -0.7059 -0.5031
vn -0.5050 -0.6942 -0.5130
vn -0.4043 -0.7058 -0.5817
vn -0.4077 -0.6970 -0.5899
vn -0.2990 -0.6999 -0.6486
vn -0.1821 -0.7058 -0.6846
vn -0.1823 -0.7029 -0.6876
vn -0.1222 -0.7071 -0.6964
vn 0.2966 -0.7058 -0.6434
vn 0.3002 -0.6997 -0.6482
vn 0.1816 -0.7058 -0.6848
vn 0.1829 -0.7028 -0.6875
vn 0.4970 -0.7058 -0.5049
vn 0.5072 -0.6936 -0.5116
vn 0.4028 -0.7058 -0.5828
vn 0.4094 -0.6967 -0.5891
vn 0.6386 -0.7058 -0.3066
vn 0.6564 -0.6873 -0.3110
vn 0.5764 -0.7058 -0.4119
vn 0.5904 -0.6904 -0.4180
vn 0.7047 -0.7058 -0.0722
vn 0.7292 -0.6808 -0.0696
vn 0.6818 -0.7058 -0.1923
vn 0.7032 -0.6841 -0.1937
vn 0.7265 -0.6831 0.0744
vn 0.7004 -0.6859 0.1975
vn 0.6400 -0.7060 0.3032
vn 0.6537 -0.6886 0.3139
vn 0.6105 -0.7071 0.3567
vn 0.5781 -0.7059 0.4093
vn 0.5878 -0.6914 0.4201
vn 0.4987 -0.7059 0.5031
vn 0.5050 -0.6942 0.5130
vn 0.4077 -0.6970 0.5899
vn 0.2990 -0.6999 0.6486
vn 0.2406 -0.7071 0.6649
vn 0.1823 -0.7028 0.6876
vn -0.2966 -0.7058 0.6434
vn -0.3002 -0.6998 0.6482
vn -0.1816 -0.7058 0.6848
vn -0.1829 -0.7028 0.6874
vn -0.1222 -0.7071 0.6964
vn -0.4970 -0.7058 0.5049
vn -0.5072 -0.6936 0.5116
vn -0.4028 -0.7058 0.5828
vn -0.4094 -0.6967 0.5891
vn -0.6386 -0.7058 0.3067
vn -0.6565 -0.6873 0.3110
vn -0.5764 -0.7058 0.4119
vn -0.5904 -0.6904 0.4180
vn -0.7047 -0.7058 0.0722
vn -0.7292 -0.6808 0.0696
vn -0.6955 -0.7071 0.1276
vn -0.6818 -0.7058 0.1923
vn -0.7033 -0.6840 0.1937
vn 0.0585 -0.7059 -0.7059
vn 0.1739 -0.7059 -0.6866
vn 0.2845 -0.7059 -0.6486
vn 0.3874 -0.7059 -0.5930
vn 0.4797 -0.7059 -0.5211
vn 0.5590 -0.7059 -0.4351
vn 0.6230 -0.7059 -0.3371
vn 0.6699 -0.7059 -0.2300
vn 0.6700 -0.7059 -0.2300
vn 0.6987 -0.7059 -0.1166
vn 0.7083 -0.7059 -0.0000
vn 0.6987 -0.7059 0.1166
vn 0.6700 -0.7059 0.2300
vn 0.6699 -0.7059 0.2300
vn 0.6230 -0.7059 0.3371
vn 0.5590 -0.7059 0.4351
vn 0.4797 -0.7059 0.5211
vn 0.3874 -0.7059 0.5930
vn 0.2845 -0.7059 0.6486
vn 0.1739 -0.7059 0.6866
vn 0.0585 -0.7059 0.7059
vn -0.0585 -0.7059 0.7059
vn -0.1739 -0.7059 0.6867
vn -0.2845 -0.7059 0.6487
vn -0.2845 -0.7059 0.6486
vn -0.3874 -0.7059 0.5930
vn -0.4797 -0.7059 0.5211
vn -0.5589 -0.7059 0.4350
vn -0.6229 -0.7059 0.3371
vn -0.6230 -0.7059 0.3371
vn -0.6700 -0.7059 0.2300
vn -0.6987 -0.7059 0.1166
vn -0.7083 -0.7059 -0.0000
vn -0.6987 -0.7059 -0.1166
vn -0.6700 -0.7059 -0.2300
vn -0.6230 -0.7059 -0.3371
vn -0.6229 -0.7059 -0.3371
vn -0.5589 -0.7059 -0.4350
vn -0.4797 -0.7059 -0.5211
vn -0.3874 -0.7059 -0.5930
vn -0.2845 -0.7059 -0.6486
vn -0.2845 -0.7059 -0.6487
vn -0.1739 -0.7059 -0.6867
vn -0.0585 -0.7059 -0.7059
vn -0.0826 -0.0000 0.9966
vn -0.2455 -0.0000 0.9694
vn -0.4017 -0.0000 0.9158
vn -0.5469 -0.0000 0.8372
vn -0.6773 -0.0000 0.7357
vn -0.7891 -0.0000 0.6142
vn -0.8795 -0.0000 0.4759
vn -0.9458 -0.0000 0.3247
vn -0.9864 -0.0000 0.1646
vn -0.9864 -0.0000 -0.1646
vn -0.9458 -0.0000 -0.3247
vn -0.8795 -0.0000 -0.4759
vn -0.7891 -0.0000 -0.6142
vn -0.6773 -0.0000 -0.7357
vn -0.5469 -0.0000 -0.8372
vn -0.4017 -0.0000 -0.9158
vn -0.2455 -0.0000 -0.9694
vn -0.0826 -0.0000 -0.9966
vn 0.0826 -0.0000 -0.9966
vn 0.2455 -0.0000 -0.9694
vn 0.4017 -0.0000 -0.9158
vn 0.5469 -0.0000 -0.8372
vn 0.6773 -0.0000 -0.7357
vn 0.7891 -0.0000 -0.6142
vn 0.8795 -0.0000 -0.4759
vn 0.9458 -0.0000 -0.3247
vn 0.9864 -0.0000 -0.1646
vn 0.9864 -0.0000 0.1646
vn 0.9458 -0.0000 0.3247
vn 0.8795 -0.0000 0.4759
vn 0.7891 -0.0000 0.6142
vn 0.6773 -0.0000 0.7357
vn 0.5469 -0.0000 0.8372
vn 0.4017 -0.0000 0.9158
vn 0.2455 -0.0000 0.9694
vn 0.0826 -0.0000 0.9966
vn 0.6987 0.7059 -0.1166
vn 0.7083 0.7059 -0.0000
vn 0.6987 0.7059 0.1166
vn 0.6700 0.7059 0.2300
vn 0.6699 0.7059 0.2300
vn 0.6230 0.7059 0.3371
vn 0.6229 0.7059 0.3371
vn 0.5589 0.7059 0.4350
vn 0.4797 0.7059 0.5211
vn 0.3874 0.7059 0.5930
vn 0.2845 0.7059 0.6486
vn 0.2845 0.7059 0.6487
vn 0.1739 0.7059 0.6867
vn 0.0585 0.7059 0.7059
vn 0.7170 0.6477 -0.2576
vn 0.6830 0.7071 -0.1833
vn 0.6699 0.7059 -0.2300
vn 0.6230 0.7059 -0.3371
vn 0.6229 0.7059 -0.3371
vn 0.5589 0.7059 -0.4350
vn 0.4797 0.7059 -0.5211
vn 0.3874 0.7059 -0.5930
vn 0.2845 0.7059 -0.6486
vn 0.2845 0.7059 -0.6487
vn 0.1739 0.7059 -0.6867
vn 0.0585 0.7059 -0.7059
vn -0.0585 0.7059 -0.7059
vn -0.1739 0.7059 -0.6866
vn -0.2845 0.7059 -0.6486
vn -0.3874 0.7059 -0.5930
vn -0.4797 0.7059 -0.5211
vn -0.5590 0.7059 -0.4351
vn -0.6230 0.7059 -0.3371
vn -0.6699 0.7059 -0.2300
vn -0.6700 0.7059 -0.2300
vn -0.6987 0.7059 -0.1166
vn -0.7083 0.7059 -0.0000
vn -0.6987 0.7059 0.1166
vn -0.6699 0.7059 0.2300
vn -0.6700 0.7059 0.2300
vn -0.6230 0.7059 0.3371
vn -0.5590 0.7059 0.4351
vn -0.4797 0.7059 0.5211
vn -0.3874 0.7059 0.5930
vn -0.2845 0.7059 0.6486
vn -0.1739 0.7059 0.6866
vn -0.0585 0.7059 0.7059
vn 0.0012 1.0000 -0.0000
vn -0.0000 1.0000 0.0004
vn -0.0000 1.0000 0.0002
vn 0.0005 1.0000 -0.0000
vn -0.0000 1.0000 -0.0003
vn -0.2111 0.6981 0.6842
vn 0.1067 0.6981 0.7080
vn 0.4034 0.6981 0.5916
vn 0.6201 0.6981 0.3580
vn 0.7140 0.6981 0.0535
vn 0.6665 0.6981 -0.2616
vn 0.4870 0.6981 -0.5249
vn 0.2111 0.6981 -0.6842
vn -0.1067 0.6981 -0.7080
vn -0.4034 0.6981 -0.5916
vn -0.6201 0.6981 -0.3580
vn -0.7140 0.6981 -0.0535
vn -0.6666 0.6980 0.2616
vn -0.6665 0.6981 0.2616
vn -0.4870 0.6981 0.5249
vt 0.564263 0.330341
vt 0.750908 0.705636
vt 0.749043 0.699854
vt 0.757197 0.679915
vt 0.670754 0.492350
vt 0.675652 0.488503
vt 0.675652 0.504635
vt 0.751157 0.708950
vt 0.745490 0.694812
vt 0.741156 0.691326
vt 0.720714 0.524439
vt 0.722339 0.548596
vt 0.720714 0.552046
vt 0.662965 0.756076
vt 0.602898 0.740256
vt 0.664744 0.735605
vt 0.604278 0.735954
vt 0.665066 0.727852
vt 0.607999 0.722368
vt 0.665066 0.704824
vt 0.611559 0.703656
vt 0.664762 0.696844
vt 0.613337 0.684391
vt 0.662925 0.672224
vt 0.583578 0.670276
vt 0.583578 0.719796
vt 0.577538 0.699311
vt 0.685595 0.653810
vt 0.685496 0.736810
vt 0.672697 0.653810
vt 0.672468 0.731572
vt 0.666032 0.653812
vt 0.589174 0.772740
vt 0.596527 0.757109
vt 0.706321 0.402664
vt 0.707996 0.402869
vt 0.706321 0.421808
vt 0.663445 0.705428
vt 0.664294 0.706838
vt 0.653066 0.712019
vt 0.622597 0.453098
vt 0.634122 0.469007
vt 0.632869 0.469867
vt 0.724767 0.492177
vt 0.726431 0.482962
vt 0.726431 0.502618
vt 0.685422 0.738213
vt 0.684818 0.489587
vt 0.686264 0.489596
vt 0.684757 0.503998
vt 0.683384 0.503977
vt 0.687579 0.489787
vt 0.688839 0.504156
vt 0.687579 0.504568
vt 0.601647 0.740184
vt 0.673592 0.512743
vt 0.658515 0.499916
vt 0.673951 0.511423
vt 0.565811 0.524549
vt 0.565811 0.505425
vt 0.567076 0.505509
vt 0.593441 0.720580
vt 0.591080 0.701074
vt 0.592423 0.701063
vt 0.592030 0.681482
vt 0.593441 0.681581
vt 0.567135 0.487480
vt 0.565858 0.468078
vt 0.567335 0.468078
vt 0.567335 0.468078
vt 0.565812 0.448932
vt 0.567335 0.448866
vt 0.567362 0.448866
vt 0.565811 0.430088
vt 0.567362 0.429958
vt 0.567335 0.505425
vt 0.565811 0.487776
vt 0.567335 0.487480
vt 0.683384 0.489234
vt 0.712088 0.422588
vt 0.711418 0.403138
vt 0.712520 0.403138
vt 0.710275 0.422028
vt 0.709143 0.402762
vt 0.710275 0.402664
vt 0.709143 0.421849
vt 0.707996 0.402854
vt 0.709143 0.402664
vt 0.711418 0.422028
vt 0.710275 0.403436
vt 0.713591 0.422552
vt 0.712520 0.403172
vt 0.713591 0.403138
vt 0.675870 0.531556
vt 0.673678 0.531843
vt 0.675784 0.512609
vt 0.687806 0.302754
vt 0.690992 0.349022
vt 0.687863 0.349445
vt 0.684698 0.305198
vt 0.678160 0.577475
vt 0.675005 0.577524
vt 0.679793 0.531188
vt 0.676394 0.533905
vt 0.676651 0.530864
vt 0.686199 0.486172
vt 0.682416 0.489052
vt 0.565805 0.568012
vt 0.562654 0.568310
vt 0.563195 0.524195
vt 0.560046 0.528255
vt 0.560022 0.524139
vt 0.565805 0.482583
vt 0.562110 0.486640
vt 0.654643 0.567283
vt 0.653957 0.528624
vt 0.656136 0.525904
vt 0.597580 0.721290
vt 0.595469 0.722744
vt 0.595469 0.681482
vt 0.683296 0.346584
vt 0.683400 0.308436
vt 0.685595 0.302310
vt 0.673758 0.577685
vt 0.673700 0.538197
vt 0.597580 0.681482
vt 0.599869 0.686571
vt 0.597580 0.713256
vt 0.741145 0.395613
vt 0.735731 0.395613
vt 0.735766 0.390843
vt 0.740714 0.389201
vt 0.738291 0.383105
vt 0.653066 0.667905
vt 0.653066 0.718777
vt 0.630526 0.669245
vt 0.567448 0.434266
vt 0.567371 0.390741
vt 0.685490 0.390473
vt 0.685564 0.432791
vt 0.685571 0.438534
vt 0.567453 0.438802
vt 0.567476 0.480525
vt 0.685595 0.478347
vt 0.567476 0.483479
vt 0.685595 0.483211
vt 0.567447 0.524215
vt 0.685569 0.521472
vt 0.567446 0.525662
vt 0.685564 0.525394
vt 0.567362 0.564078
vt 0.685489 0.560965
vt 0.586196 0.368432
vt 0.589174 0.368522
vt 0.586196 0.486603
vt 0.589946 0.491369
vt 0.570655 0.462451
vt 0.657360 0.501947
vt 0.564633 0.507304
vt 0.583924 0.536222
vt 0.657103 0.504987
vt 0.564530 0.508594
vt 0.583821 0.537512
vt 0.655714 0.548606
vt 0.563291 0.553318
vt 0.582582 0.582236
vt 0.675052 0.579919
vt 0.655761 0.551001
vt 0.563361 0.556098
vt 0.592297 0.310295
vt 0.658927 0.595248
vt 0.566665 0.599251
vt 0.576310 0.324529
vt 0.668572 0.320527
vt 0.576856 0.328713
vt 0.596147 0.357631
vt 0.695844 0.394771
vt 0.603601 0.398056
vt 0.604906 0.403439
vt 0.659084 0.670879
vt 0.638120 0.699194
vt 0.648889 0.726572
vt 0.641534 0.726566
vt 0.622947 0.702410
vt 0.603656 0.673492
vt 0.622243 0.697648
vt 0.603452 0.697654
vt 0.555378 0.492920
vt 0.555286 0.480731
vt 0.555064 0.456202
vt 0.555282 0.452469
vt 0.644895 0.485550
vt 0.651099 0.492472
vt 0.555574 0.528330
vt 0.555613 0.538971
vt 0.555671 0.575075
vt 0.555668 0.583931
vt 0.673755 0.583158
vt 0.565313 0.309210
vt 0.565220 0.344898
vt 0.565186 0.351865
vt 0.683273 0.351091
vt 0.564931 0.385961
vt 0.683003 0.386768
vt 0.690079 0.505592
vt 0.808216 0.505545
vt 0.690180 0.511076
vt 0.516560 0.501437
vt 0.634596 0.495906
vt 0.634666 0.499706
vt 0.808286 0.509346
vt 0.690847 0.548654
vt 0.517227 0.539015
vt 0.635352 0.538365
vt 0.808971 0.548004
vt 0.690924 0.553190
vt 0.517305 0.543551
vt 0.635411 0.541820
vt 0.809030 0.551460
vt 0.691604 0.594528
vt 0.517985 0.584888
vt 0.636097 0.583512
vt 0.809716 0.593151
vt 0.691657 0.597821
vt 0.636143 0.586452
vt 0.518037 0.588182
vt 0.636811 0.630092
vt 0.810430 0.639731
vt 0.692331 0.641892
vt 0.636845 0.632395
vt 0.518711 0.632253
vt 0.567362 0.386769
vt 0.744036 0.486172
vt 0.744036 0.527453
vt 0.739887 0.487481
vt 0.722737 0.505021
vt 0.718341 0.481287
vt 0.722737 0.479795
vt 0.736410 0.725477
vt 0.736410 0.681482
vt 0.741156 0.688636
vt 0.686350 0.550283
vt 0.726822 0.460270
vt 0.731756 0.465943
vt 0.726822 0.504236
vt 0.687096 0.595423
vt 0.696451 0.699194
vt 0.701574 0.703317
vt 0.696781 0.743299
vt 0.701623 0.745007
vt 0.696451 0.746975
vt 0.746814 0.494305
vt 0.751963 0.494285
vt 0.753933 0.534398
vt 0.578344 0.484646
vt 0.585578 0.525390
vt 0.580313 0.524759
vt 0.585956 0.529750
vt 0.580638 0.569562
vt 0.585909 0.570923
vt 0.585654 0.573914
vt 0.754258 0.579202
vt 0.759273 0.583553
vt 0.746814 0.623866
vt 0.760759 0.719019
vt 0.755211 0.717991
vt 0.760889 0.674102
vt 0.755211 0.672224
vt 0.751963 0.625952
vt 0.690706 0.699194
vt 0.696362 0.699461
vt 0.696451 0.744967
vt 0.690706 0.745403
vt 0.559890 0.615398
vt 0.565596 0.615326
vt 0.565805 0.659881
vt 0.559890 0.661958
vt 0.559754 0.568545
vt 0.565496 0.568310
vt 0.559754 0.615326
vt 0.565805 0.611608
vt 0.710037 0.699194
vt 0.715500 0.740734
vt 0.710037 0.746785
vt 0.550694 0.481046
vt 0.550978 0.527884
vt 0.551073 0.573881
vt 0.550978 0.617712
vt 0.560623 0.342991
vt 0.731872 0.681482
vt 0.736411 0.690092
vt 0.731872 0.725672
vt 0.560340 0.383397
vt 0.685595 0.507910
vt 0.558616 0.496732
vt 0.616987 0.496535
vt 0.617419 0.541041
vt 0.732236 0.506371
vt 0.791038 0.550680
vt 0.732667 0.550876
vt 0.559048 0.541237
vt 0.617682 0.586940
vt 0.791302 0.596579
vt 0.732931 0.596775
vt 0.559311 0.587136
vt 0.617771 0.632991
vt 0.791390 0.642630
vt 0.733019 0.642827
vt 0.559400 0.633187
vt 0.617682 0.677951
vt 0.791302 0.687591
vt 0.732931 0.687788
vt 0.559311 0.678148
vt 0.617419 0.720606
vt 0.791038 0.730245
vt 0.732667 0.730442
vt 0.559048 0.720803
vt 0.616987 0.759802
vt 0.790607 0.769441
vt 0.732236 0.769638
vt 0.685595 0.642034
vt 0.743980 0.642136
vt 0.744034 0.684256
vt 0.685649 0.684155
vt 0.744035 0.728894
vt 0.685650 0.728792
vt 0.743984 0.774842
vt 0.685598 0.774740
vt 0.743980 0.776941
vt 0.685595 0.776840
vt 0.617771 0.496673
vt 0.676157 0.496535
vt 0.676237 0.542497
vt 0.617852 0.542634
vt 0.676264 0.587173
vt 0.617879 0.587311
vt 0.676237 0.629357
vt 0.617852 0.629494
vt 0.676157 0.667907
vt 0.617771 0.668045
vt 0.617938 0.519044
vt 0.663660 0.518909
vt 0.656649 0.563618
vt 0.610927 0.563753
vt 0.654290 0.609592
vt 0.620572 0.289032
vt 0.663936 0.334870
vt 0.618214 0.335005
vt 0.666294 0.380866
vt 0.620572 0.381001
vt 0.673306 0.425640
vt 0.627584 0.425776
vt 0.600088 0.552963
vt 0.740103 0.631164
vt 0.589174 0.580643
vt 0.719208 0.672224
vt 0.603814 0.523513
vt 0.761862 0.541848
vt 0.754450 0.587311
vt 0.554759 0.617918
vt 0.713171 0.555810
vt 0.567895 0.642628
vt 0.729818 0.595802
vt 0.573600 0.669975
vt 0.660158 0.486896
vt 0.689740 0.519178
vt 0.589174 0.467558
vt 0.741445 0.408110
vt 0.600088 0.494362
vt 0.755270 0.451021
vt 0.762138 0.496005
vt 0.739231 0.638073
vt 0.741156 0.681482
vt 0.573679 0.681482
vt 0.673940 0.357351
vt 0.678404 0.524616
vt 0.662402 0.356692
vt 0.634831 0.520508
vt 0.634831 0.349619
vt 0.721035 0.368432
vt 0.665216 0.739277
vt 0.710128 0.739278
vt 0.710124 0.751466
vt 0.665211 0.751465
vt 0.710075 0.780373
vt 0.665163 0.780372
vt 0.709978 0.806406
vt 0.665066 0.806405
vt 0.635631 0.427334
vt 0.670742 0.425290
vt 0.668283 0.454483
vt 0.633171 0.456528
vt 0.670742 0.484127
vt 0.635631 0.486172
vt 0.656136 0.738711
vt 0.656136 0.689063
vt 0.676242 0.717920
vt 0.710128 0.672328
vt 0.755029 0.672224
vt 0.755211 0.701576
vt 0.710310 0.701681
vt 0.755211 0.731187
vt 0.710310 0.731292
vt 0.755029 0.758977
vt 0.710128 0.759081
vt 0.665066 0.672224
vt 0.709978 0.672224
vt 0.710075 0.698210
vt 0.665163 0.698210
vt 0.710124 0.727093
vt 0.665211 0.727092
vt 0.633171 0.425044
vt 0.633171 0.406193
vt 0.635393 0.406879
vt 0.634717 0.424831
vt 0.646892 0.425290
vt 0.685245 0.704271
vt 0.690706 0.699194
vt 0.681403 0.711989
vt 0.690706 0.737554
vt 0.680636 0.719266
vt 0.726335 0.718217
vt 0.727943 0.721866
vt 0.716100 0.720796
vt 0.732236 0.725790
vt 0.549913 0.576720
vt 0.549913 0.555233
vt 0.550587 0.561010
vt 0.739121 0.513408
vt 0.740627 0.512589
vt 0.740627 0.524702
vt 0.650115 0.413122
vt 0.663933 0.425290
vt 0.650115 0.418938
vt 0.726022 0.714242
vt 0.715500 0.713408
vt 0.727943 0.708753
vt 0.717842 0.705164
vt 0.732236 0.704828
vt 0.722236 0.699194
vt 0.683068 0.689063
vt 0.683935 0.690553
vt 0.676746 0.699388
vt 0.685066 0.691482
vt 0.681868 0.702144
vt 0.690785 0.696197
vt 0.685072 0.706998
vt 0.695070 0.703618
vt 0.685740 0.710929
vt 0.696294 0.710929
vt 0.685072 0.714860
vt 0.695070 0.718241
vt 0.681868 0.719715
vt 0.690785 0.725662
vt 0.676746 0.722470
vt 0.685066 0.730377
vt 0.683422 0.732021
vt 0.720714 0.552046
vt 0.721675 0.553714
vt 0.720714 0.574287
vt 0.663933 0.406770
vt 0.647569 0.407338
vt 0.650115 0.424095
vt 0.649159 0.424773
vt 0.686264 0.492409
vt 0.687579 0.489234
vt 0.686264 0.501392
vt 0.680776 0.490338
vt 0.683384 0.503998
vt 0.679822 0.503998
vt 0.744826 0.512589
vt 0.745932 0.524495
vt 0.740627 0.524495
vt 0.663933 0.425290
vt 0.663933 0.411655
vt 0.669574 0.411686
vt 0.597327 0.443749
vt 0.612416 0.461962
vt 0.585713 0.461322
vt 0.657827 0.364510
vt 0.659718 0.691344
vt 0.653329 0.364485
vt 0.632178 0.691188
vt 0.648847 0.364460
vt 0.613117 0.691093
vt 0.665528 0.810181
vt 0.652126 0.801442
vt 0.665528 0.668045
vt 0.632824 0.791558
vt 0.659361 0.668052
vt 0.617771 0.785836
vt 0.617803 0.668188
vt 0.585956 0.368432
vt 0.585956 0.484646
vt 0.580715 0.368688
vt 0.754335 0.378328
vt 0.759575 0.494285
vt 0.738992 0.490776
vt 0.610446 0.537494
vt 0.598088 0.519248
vt 0.613890 0.343318
vt 0.583580 0.502683
vt 0.821268 0.343318
vt 0.790959 0.502683
vt 0.774611 0.487989
vt 0.772837 0.342285
vt 0.814339 0.343159
vt 0.567232 0.487989
vt 0.606961 0.343159
vt 0.613537 0.402904
vt 0.616817 0.381067
vt 0.639466 0.462672
vt 0.606924 0.423932
vt 0.631036 0.599945
vt 0.627293 0.578165
vt 0.661592 0.344529
vt 0.620308 0.557221
vt 0.654122 0.344326
vt 0.686863 0.332212
vt 0.714931 0.332407
vt 0.712308 0.691693
vt 0.679435 0.691467
vt 0.662341 0.332057
vt 0.658064 0.332031
vt 0.616567 0.358961
vt 0.653935 0.703656
vt 0.673672 0.704216
vt 0.699415 0.345636
vt 0.699487 0.705007
vt 0.707144 0.345880
vt 0.717741 0.705610
vt 0.741533 0.347051
vt 0.741533 0.706459
vt 0.569484 0.690917
vt 0.564263 0.331605
vt 0.572107 0.331630
vt 0.587303 0.690981
vt 0.606487 0.331764
vt 0.615740 0.331806
vt 0.649085 0.331980
vt 0.697528 0.597551
vt 0.700077 0.597916
vt 0.700989 0.644313
vt 0.683060 0.356567
vt 0.686520 0.403330
vt 0.683964 0.402594
vt 0.679022 0.449581
vt 0.676526 0.448474
vt 0.663342 0.494280
vt 0.560340 0.386769
vt 0.565805 0.434545
vt 0.562998 0.434199
vt 0.560340 0.482583
vt 0.714749 0.681542
vt 0.717607 0.681482
vt 0.717607 0.730178
vt 0.714749 0.729849
vt 0.720460 0.681482
vt 0.720460 0.730316
vt 0.717607 0.729900
vt 0.790031 0.681548
vt 0.791610 0.681508
vt 0.789765 0.716570
vt 0.793176 0.681482
vt 0.793176 0.719667
vt 0.641817 0.480251
vt 0.596159 0.479289
vt 0.596417 0.476143
vt 0.800304 0.479044
vt 0.755848 0.473211
vt 0.756488 0.470114
vt 0.727177 0.727992
vt 0.723833 0.724698
vt 0.727177 0.681738
vt 0.724017 0.681482
vt 0.723833 0.725772
vt 0.720460 0.722398
vt 0.723833 0.681703
vt 0.720665 0.681482
vt 0.783804 0.722901
vt 0.780403 0.719586
vt 0.783804 0.681598
vt 0.780635 0.681482
vt 0.727177 0.681482
vt 0.731872 0.681482
vt 0.727183 0.698845
vt 0.731871 0.715113
vt 0.729529 0.715657
vt 0.667107 0.631126
vt 0.666056 0.648491
vt 0.665475 0.631126
vt 0.706321 0.404413
vt 0.705794 0.421785
vt 0.704234 0.421808
vt 0.704234 0.404442
vt 0.550361 0.528147
vt 0.549812 0.527213
vt 0.550361 0.483143
vt 0.550694 0.452469
vt 0.550694 0.483142
vt 0.549812 0.481931
vt 0.712231 0.723368
vt 0.710002 0.722488
vt 0.712231 0.681482
vt 0.738575 0.435391
vt 0.736045 0.411366
vt 0.738575 0.404021
vt 0.740364 0.344824
vt 0.698583 0.343421
vt 0.653652 0.342121
vt 0.606868 0.340963
vt 0.559582 0.339980
vt 0.766960 0.339980
vt 0.736910 0.466893
vt 0.736910 0.748259
vt 0.692989 0.475773
vt 0.702634 0.201052
vt 0.746556 0.473538
vt 0.699949 0.482804
vt 0.690303 0.757526
vt 0.690303 0.476159
vt 0.644820 0.480152
vt 0.654465 0.205431
vt 0.651463 0.486896
vt 0.641817 0.761617
vt 0.605804 0.204568
vt 0.602571 0.485689
vt 0.592925 0.760411
vt 0.592925 0.479044
vt 0.548469 0.473211
vt 0.765493 0.198489
vt 0.809950 0.485689
vt 0.762138 0.479221
vt 0.743815 0.353480
vt 0.738516 0.712732
vt 0.741139 0.353445
vt 0.704258 0.352999
vt 0.698390 0.712250
vt 0.701013 0.352963
vt 0.660394 0.352537
vt 0.654012 0.711786
vt 0.656635 0.352500
vt 0.613542 0.352105
vt 0.594251 0.323187
vt 0.634721 0.682869
vt 0.587438 0.682438
vt 0.590061 0.323151
vt 0.763681 0.332791
vt 0.761058 0.692077
vt 0.719440 0.332440
vt 0.724767 0.482962
vt 0.724767 0.505021
vt 0.722737 0.487756
vt 0.656839 0.330341
vt 0.604848 0.623999
vt 0.603403 0.623727
vt 0.604848 0.615176
vt 0.581993 0.615130
vt 0.589268 0.614450
vt 0.589268 0.621955
vt 0.692230 0.567214
vt 0.677810 0.524616
vt 0.689683 0.549267
vt 0.694736 0.567334
vt 0.777198 0.681482
vt 0.780403 0.708531
vt 0.777198 0.726418
vt 0.618338 0.452469
vt 0.598649 0.450109
vt 0.617710 0.450205
vt 0.645250 0.450360
vt 0.783803 0.681482
vt 0.786860 0.708499
vt 0.783803 0.726559
vt 0.573822 0.452264
vt 0.572835 0.449997
vt 0.786860 0.681482
vt 0.789765 0.708522
vt 0.786860 0.726861
vt 0.702137 0.466893
vt 0.685019 0.464023
vt 0.703273 0.464627
vt 0.727065 0.465475
vt 0.585797 0.681482
vt 0.588553 0.708572
vt 0.585797 0.727283
vt 0.658420 0.465510
vt 0.659204 0.463233
vt 0.612007 0.464250
vt 0.575618 0.462096
vt 0.592753 0.467651
vt 0.592410 0.468822
vt 0.749237 0.471735
vt 0.766029 0.478462
vt 0.747847 0.473028
vt 0.574228 0.463388
vt 0.591951 0.469907
vt 0.565853 0.559483
vt 0.566929 0.581152
vt 0.565853 0.581221
vt 0.584621 0.461191
vt 0.737096 0.435982
vt 0.740293 0.456455
vt 0.739254 0.456845
vt 0.740388 0.466865
vt 0.567362 0.386934
vt 0.567362 0.408610
vt 0.565808 0.408381
vt 0.567336 0.581407
vt 0.565853 0.595366
vt 0.567237 0.596665
vt 0.664422 0.642213
vt 0.649139 0.650005
vt 0.648712 0.648743
vt 0.637296 0.652930
vt 0.631696 0.656120
vt 0.588553 0.681730
vt 0.589804 0.681686
vt 0.589953 0.701387
vt 0.612433 0.660305
vt 0.612728 0.661446
vt 0.604857 0.662052
vt 0.592281 0.664415
vt 0.592477 0.665517
vt 0.571307 0.667905
vt 0.571223 0.666825
vt 0.773680 0.489151
vt 0.582588 0.503671
vt 0.597062 0.520059
vt 0.619261 0.557674
vt 0.626248 0.578441
vt 0.629995 0.600041
vt 0.615780 0.380984
vt 0.612503 0.402643
vt 0.565882 0.408610
vt 0.567362 0.408842
vt 0.565882 0.429958
vt 0.565910 0.386769
vt 0.713296 0.681562
vt 0.714749 0.703273
vt 0.713420 0.703154
vt 0.712231 0.724947
vt 0.593441 0.681482
vt 0.595469 0.703213
vt 0.594375 0.703206
vt 0.593441 0.725013
vt 0.669574 0.403475
vt 0.670594 0.403380
vt 0.670594 0.425290
vt 0.625311 0.578692
vt 0.629060 0.600126
vt 0.630249 0.621968
vt 0.629317 0.621885
vt 0.614849 0.380902
vt 0.611576 0.402392
vt 0.710002 0.724990
vt 0.707916 0.703236
vt 0.708924 0.703303
vt 0.731368 0.344259
vt 0.731368 0.365272
vt 0.730359 0.364790
vt 0.712231 0.681482
vt 0.565853 0.596875
vt 0.567334 0.596665
vt 0.567334 0.611973
vt 0.565811 0.524767
vt 0.567199 0.524549
vt 0.567199 0.541628
vt 0.565898 0.541776
vt 0.591003 0.681482
vt 0.591080 0.701294
vt 0.589616 0.722026
vt 0.588553 0.721996
vt 0.565855 0.628284
vt 0.566873 0.628197
vt 0.566873 0.649948
vt 0.652070 0.506066
vt 0.631000 0.503672
vt 0.631329 0.502623
vt 0.603766 0.470620
vt 0.612294 0.472581
vt 0.612038 0.473705
vt 0.652222 0.504975
vt 0.710002 0.681482
vt 0.611709 0.474754
vt 0.594043 0.623872
vt 0.589268 0.617447
vt 0.594043 0.614450
vt 0.594044 0.622694
vt 0.594044 0.614450
vt 0.598846 0.616652
vt 0.604823 0.564090
vt 0.746814 0.693307
vt 0.749697 0.631895
vt 0.754191 0.636746
vt 0.757211 0.638787
vt 0.757532 0.638986
vt 0.758514 0.640820
vt 0.584894 0.631181
vt 0.585996 0.645198
vt 0.573195 0.683668
vt 0.586530 0.647278
vt 0.587344 0.648362
vt 0.587956 0.648864
vt 0.588976 0.649382
vt 0.588971 0.684520
vt 0.583578 0.704484
vt 0.590640 0.670296
vt 0.603452 0.707140
vt 0.599522 0.671631
vt 0.601659 0.671433
vt 0.602857 0.670802
vt 0.603452 0.670276
vt 0.550661 0.521664
vt 0.550361 0.483872
vt 0.550661 0.483143
vt 0.550587 0.576720
vt 0.550587 0.583840
vt 0.549857 0.579738
vt 0.657507 0.431734
vt 0.657779 0.505595
vt 0.746814 0.625952
vt 0.631585 0.501499
vt 0.623131 0.403439
vt 0.657799 0.428137
vt 0.657837 0.403439
vt 0.668751 0.412289
vt 0.663570 0.416399
vt 0.659809 0.421843
vt 0.670754 0.409862
vt 0.603840 0.374521
vt 0.572936 0.374534
vt 0.589174 0.574992
vt 0.586695 0.576899
vt 0.586695 0.487726
vt 0.766373 0.477290
vt 0.746556 0.384174
vt 0.746741 0.473688
vt 0.587821 0.486603
vt 0.731595 0.460270
vt 0.726822 0.421260
vt 0.731595 0.403439
vt 0.569938 0.610086
vt 0.572536 0.607710
vt 0.578582 0.592375
vt 0.578292 0.595972
vt 0.576289 0.602266
vt 0.570359 0.574997
vt 0.569787 0.564078
vt 0.574798 0.579893
vt 0.577618 0.585865
vt 0.665467 0.564150
vt 0.665467 0.641748
vt 0.637278 0.564114
vt 0.631324 0.654924
vt 0.566769 0.457225
vt 0.566674 0.446816
vt 0.613880 0.421803
vt 0.564441 0.425932
vt 0.563694 0.421789
vt 0.611826 0.386132
vt 0.559738 0.405133
vt 0.553445 0.386132
vt 0.610563 0.457254
vt 0.567362 0.572926
vt 0.602470 0.623999
vt 0.601476 0.615363
vt 0.603403 0.615363
vt 0.727065 0.383439
vt 0.735731 0.383105
vt 0.727065 0.394950
vt 0.735731 0.394616
vt 0.701707 0.421881
vt 0.701707 0.404413
vt 0.704234 0.405581
vt 0.739840 0.486172
vt 0.730001 0.461121
vt 0.739840 0.435391
vt 0.565811 0.541776
vt 0.567157 0.559285
vt 0.565811 0.559482
vt 0.667266 0.701637
vt 0.675557 0.699194
vt 0.677142 0.735204
vt 0.680636 0.716427
vt 0.565855 0.628197
vt 0.565855 0.611973
vt 0.567249 0.612579
vt 0.667266 0.720366
vt 0.777198 0.748343
vt 0.774478 0.748138
vt 0.775582 0.681482
vt 0.777198 0.681576
vt 0.665546 0.631126
vt 0.665546 0.564078
vt 0.667107 0.564271
vt 0.742902 0.419368
vt 0.742902 0.486172
vt 0.739840 0.485991
vt 0.704308 0.766080
vt 0.702136 0.699276
vt 0.704308 0.699194
vt 0.679822 0.496250
vt 0.678713 0.500649
vt 0.675653 0.503998
vt 0.745242 0.498410
vt 0.745932 0.507181
vt 0.738992 0.512589
vt 0.741928 0.495312
vt 0.738992 0.494285
vt 0.675653 0.488503
vt 0.698771 0.404413
vt 0.701707 0.421690
vt 0.698771 0.422717
vt 0.566097 0.697650
vt 0.559890 0.696810
vt 0.559916 0.693762
vt 0.610011 0.731982
vt 0.597794 0.732757
vt 0.588713 0.702443
vt 0.597649 0.732765
vt 0.563047 0.661958
vt 0.566237 0.690556
vt 0.566122 0.694656
vt 0.607672 0.703314
vt 0.590825 0.667905
vt 0.610011 0.668115
vt 0.739737 0.523496
vt 0.720714 0.524439
vt 0.720714 0.487405
vt 0.739887 0.486172
vt 0.738992 0.383374
vt 0.720502 0.387971
vt 0.713538 0.349540
vt 0.732171 0.345057
vt 0.713287 0.347443
vt 0.710862 0.306991
vt 0.729874 0.305186
vt 0.720228 0.579907
vt 0.701212 0.579993
vt 0.703497 0.538717
vt 0.722525 0.539669
vt 0.703642 0.537434
vt 0.710665 0.496579
vt 0.729347 0.500263
vt 0.707535 0.689063
vt 0.703231 0.670524
vt 0.743450 0.663272
vt 0.745946 0.682161
vt 0.648889 0.699194
vt 0.661126 0.699499
vt 0.667266 0.724884
vt 0.566122 0.700623
vt 0.559916 0.699838
vt 0.566237 0.704632
vt 0.745476 0.486423
vt 0.749975 0.491562
vt 0.745482 0.525462
vt 0.549812 0.552853
vt 0.550443 0.528147
vt 0.550587 0.528149
vt 0.550587 0.555233
vt 0.595808 0.795218
vt 0.594236 0.778101
vt 0.636845 0.777674
vt 0.620495 0.451767
vt 0.621561 0.434627
vt 0.660404 0.453371
vt 0.663342 0.436318
vt 0.567537 0.645294
vt 0.571021 0.628238
vt 0.605945 0.648468
vt 0.610805 0.631550
vt 0.625236 0.677386
vt 0.631289 0.660607
vt 0.660979 0.682723
vt 0.667900 0.666114
vt 0.669352 0.666388
vt 0.692990 0.690066
vt 0.701759 0.673880
vt 0.703345 0.674324
vt 0.714693 0.697024
vt 0.730663 0.683535
vt 0.720318 0.699194
vt 0.732236 0.684175
vt 0.759025 0.601737
vt 0.745530 0.606275
vt 0.758997 0.565288
vt 0.648889 0.726274
vt 0.745483 0.528859
vt 0.758979 0.526424
vt 0.745500 0.567128
vt 0.745502 0.569965
vt 0.718341 0.479491
vt 0.718341 0.403439
vt 0.726648 0.412464
vt 0.726822 0.479795
vt 0.745946 0.721617
vt 0.745946 0.737905
vt 0.737310 0.727944
vt 0.743375 0.689063
vt 0.727229 0.723738
vt 0.675456 0.409970
vt 0.698771 0.473004
vt 0.689611 0.474068
vt 0.670742 0.447146
vt 0.683644 0.480383
vt 0.670742 0.486172
vt 0.718341 0.424529
vt 0.714665 0.461821
vt 0.702831 0.408405
vt 0.695810 0.450363
vt 0.670754 0.403439
vt 0.678180 0.488503
vt 0.670754 0.481364
vt 0.594236 0.632822
vt 0.656136 0.806592
vt 0.613527 0.661741
vt 0.656136 0.661313
vt 0.620582 0.289351
vt 0.677810 0.677302
vt 0.635050 0.530335
vt 0.676831 0.532027
vt 0.567537 0.483001
vt 0.607320 0.486314
vt 0.630096 0.660468
vt 0.626611 0.515232
vt 0.611998 0.631689
vt 0.608513 0.486452
vt 0.627804 0.515370
vt 0.664416 0.520877
vt 0.665868 0.521151
vt 0.698274 0.528643
vt 0.731105 0.402384
vt 0.577325 0.402384
vt 0.731102 0.400729
vt 0.577323 0.400729
vt 0.731064 0.367533
vt 0.745532 0.608517
vt 0.591791 0.641713
vt 0.591752 0.608517
vt 0.591750 0.606275
vt 0.591722 0.569965
vt 0.591720 0.567128
vt 0.591703 0.528859
vt 0.591702 0.525462
vt 0.591696 0.486423
vt 0.745476 0.482543
vt 0.591696 0.482543
vt 0.745476 0.478663
vt 0.591696 0.478663
vt 0.745483 0.439675
vt 0.591703 0.439675
vt 0.745484 0.436286
vt 0.591704 0.436286
vt 0.745502 0.398159
vt 0.591722 0.398159
vt 0.745503 0.395337
vt 0.591724 0.395337
vt 0.745533 0.359259
vt 0.591753 0.359259
vt 0.686199 0.639952
vt 0.719078 0.639991
vt 0.719078 0.486212
vt 0.720714 0.639994
vt 0.720714 0.486214
vt 0.597812 0.340313
vt 0.701216 0.581713
vt 0.588166 0.615034
vt 0.585741 0.574583
vt 0.585737 0.572863
vt 0.588021 0.531587
vt 0.588166 0.530304
vt 0.595189 0.489449
vt 0.657571 0.564220
vt 0.697790 0.556967
vt 0.586000 0.576899
vt 0.589174 0.576899
vt 0.588818 0.610898
vt 0.728944 0.400728
vt 0.720114 0.381542
vt 0.728944 0.365272
vt 0.731506 0.385339
vt 0.728944 0.400064
vt 0.728944 0.365272
vt 0.707916 0.715602
vt 0.705353 0.696530
vt 0.707916 0.681482
vt 0.598846 0.617011
vt 0.601476 0.622694
vt 0.768403 0.717217
vt 0.762138 0.716977
vt 0.768183 0.685260
vt 0.762138 0.681482
vt 0.613528 0.423304
vt 0.607870 0.426134
vt 0.598520 0.392126
vt 0.591573 0.391817
vt 0.597522 0.389600
vt 0.586323 0.354299
vt 0.579572 0.353455
vt 0.585736 0.351923
vt 0.578771 0.313492
vt 0.752391 0.323131
vt 0.753192 0.363094
vt 0.745845 0.321830
vt 0.742494 0.595756
vt 0.736200 0.596551
vt 0.740069 0.555304
vt 0.733727 0.553613
vt 0.740065 0.553584
vt 0.742350 0.512308
vt 0.736200 0.510280
vt 0.742494 0.511025
vt 0.749518 0.470170
vt 0.743546 0.467842
vt 0.656136 0.558040
vt 0.697501 0.550608
vt 0.710038 0.742436
vt 0.704308 0.742436
vt 0.707844 0.699194
vt 0.567577 0.477257
vt 0.608940 0.480674
vt 0.780940 0.495953
vt 0.741156 0.492641
vt 0.741197 0.486896
vt 0.677810 0.526343
vt 0.634831 0.524616
vt 0.666723 0.515340
vt 0.701197 0.523247
vt 0.628231 0.509592
vt 0.741583 0.591499
vt 0.741552 0.552245
vt 0.746050 0.550686
vt 0.746078 0.586997
vt 0.736045 0.435391
vt 0.730001 0.433774
vt 0.736045 0.404363
vt 0.730082 0.404945
vt 0.768403 0.717086
vt 0.768403 0.684548
vt 0.774478 0.686037
vt 0.768730 0.681482
vt 0.746025 0.467145
vt 0.746030 0.506184
vt 0.741533 0.510392
vt 0.746031 0.509580
vt 0.746048 0.547850
vt 0.626624 0.493846
vt 0.649267 0.486679
vt 0.650026 0.521221
vt 0.712369 0.717674
vt 0.727229 0.689063
vt 0.727229 0.747795
vt 0.696294 0.715586
vt 0.712369 0.689063
vt 0.712369 0.742841
vt 0.610011 0.711566
vt 0.619145 0.667905
vt 0.630526 0.694147
vt 0.630526 0.735204
vt 0.695844 0.395248
vt 0.720114 0.365272
vt 0.720114 0.396189
vt 0.746709 0.642034
vt 0.767769 0.651541
vt 0.744035 0.679946
vt 0.570416 0.670307
vt 0.594149 0.641902
vt 0.591253 0.677488
vt 0.764872 0.687128
vt 0.747237 0.720333
vt 0.573617 0.710693
vt 0.594149 0.715563
vt 0.667456 0.564078
vt 0.685595 0.573208
vt 0.667107 0.608513
vt 0.685595 0.615236
vt 0.671912 0.653810
vt 0.588713 0.707899
vt 0.567362 0.738134
vt 0.567362 0.702430
vt 0.582246 0.667905
vt 0.745946 0.529056
vt 0.737804 0.548524
vt 0.703281 0.531140
vt 0.659485 0.538655
vt 0.719420 0.500902
vt 0.716012 0.546761
vt 0.717618 0.592445
vt 0.733840 0.361987
vt 0.745208 0.403622
vt 0.765192 0.401456
vt 0.571588 0.393983
vt 0.587436 0.431854
vt 0.722590 0.529807
vt 0.728180 0.528548
vt 0.734750 0.574791
vt 0.729056 0.575316
vt 0.738764 0.620992
vt 0.738701 0.300595
vt 0.748410 0.346270
vt 0.742652 0.346062
vt 0.749760 0.391168
vt 0.743981 0.390247
vt 0.748410 0.433539
vt 0.742652 0.431945
vt 0.744395 0.472226
vt 0.738701 0.470018
vt 0.737825 0.506175
vt 0.732236 0.503428
vt 0.620363 0.452429
vt 0.615864 0.454857
vt 0.615851 0.413609
vt 0.620350 0.411834
vt 0.615850 0.369307
vt 0.620350 0.368236
vt 0.634818 0.609220
vt 0.630319 0.610291
vt 0.630332 0.564145
vt 0.634831 0.563807
vt 0.644957 0.524824
vt 0.621178 0.497008
vt 0.607333 0.464928
vt 0.601887 0.468089
vt 0.581670 0.434482
vt 0.761056 0.441493
vt 0.755289 0.444121
vt 0.739186 0.405640
vt 0.727635 0.363333
vt 0.720953 0.318356
vt 0.727264 0.317724
vt 0.711307 0.593077
vt 0.709675 0.546656
vt 0.713138 0.500057
vt 0.721600 0.454552
vt 0.727748 0.456119
vt 0.702616 0.524824
vt 0.730001 0.486172
vt 0.698771 0.457449
vt 0.730001 0.422717
vt 0.561130 0.565152
vt 0.603203 0.559657
vt 0.607218 0.605858
vt 0.570776 0.290430
vt 0.616863 0.331137
vt 0.574790 0.336631
vt 0.618214 0.376034
vt 0.576141 0.381529
vt 0.616863 0.418405
vt 0.574790 0.423899
vt 0.612848 0.457092
vt 0.570775 0.462586
vt 0.615891 0.491929
vt 0.570978 0.491904
vt 0.570951 0.454832
vt 0.570938 0.413583
vt 0.570937 0.369282
vt 0.585406 0.610266
vt 0.585419 0.564120
vt 0.585446 0.517389
vt 0.630359 0.517414
vt 0.585485 0.471347
vt 0.630397 0.471372
vt 0.585535 0.427251
vt 0.630448 0.427276
vt 0.585595 0.386303
vt 0.630508 0.386328
vt 0.585664 0.349619
vt 0.630577 0.349644
vt 0.677581 0.590995
vt 0.675949 0.544574
vt 0.679411 0.497975
vt 0.687874 0.452469
vt 0.762138 0.368432
vt 0.719116 0.357442
vt 0.722634 0.353291
vt 0.681791 0.335004
vt 0.685902 0.331209
vt 0.648300 0.306125
vt 0.676256 0.605931
vt 0.638654 0.580846
vt 0.643297 0.577510
vt 0.609910 0.546315
vt 0.615010 0.543527
vt 0.586698 0.507072
vt 0.592166 0.504907
vt 0.569650 0.464189
vt 0.575388 0.462704
vt 0.749008 0.472344
vt 0.743270 0.473828
vt 0.732851 0.428474
vt 0.738755 0.427709
vt 0.729347 0.381886
vt 0.735306 0.381861
vt 0.749774 0.622845
vt 0.743815 0.622870
vt 0.747320 0.576319
vt 0.753223 0.577033
vt 0.757738 0.531075
vt 0.763476 0.532507
vt 0.589857 0.522867
vt 0.584118 0.521436
vt 0.601166 0.478733
vt 0.606634 0.480842
vt 0.624379 0.439735
vt 0.629478 0.442464
vt 0.653123 0.405508
vt 0.657765 0.408780
vt 0.686614 0.376984
vt 0.690725 0.380708
vt 0.723939 0.354940
vt 0.727457 0.359015
vt 0.764079 0.339980
vt 0.766960 0.344292
s 0
usemtl Material.006
f 1/1/1 2/1/1 3/1/1
f 1/1/1 4/1/1 2/1/1
f 2/1/1 4/1/1 5/1/1
f 2/1/1 5/1/1 6/1/1
f 7/1/1 8/1/1 9/1/1
f 10/1/1 11/1/1 12/1/1
f 12/1/1 11/1/1 1/1/1
f 12/1/1 1/1/1 13/1/1
f 13/1/1 1/1/1 3/1/1
f 6/1/1 14/1/1 2/1/1
f 2/1/1 14/1/1 7/1/1
f 2/1/1 7/1/1 15/1/1
f 15/1/1 7/1/1 9/1/1
f 16/1/1 17/1/1 18/1/1
f 16/1/1 19/1/1 17/1/1
f 17/1/1 19/1/1 20/1/1
f 17/1/1 20/1/1 21/1/1
f 22/1/1 23/1/1 24/1/1
f 25/1/1 26/1/1 27/1/1
f 27/1/1 26/1/1 17/1/1
f 27/1/1 17/1/1 28/1/1
f 28/1/1 17/1/1 21/1/1
f 18/1/1 29/1/1 16/1/1
f 16/1/1 29/1/1 22/1/1
f 16/1/1 22/1/1 30/1/1
f 30/1/1 22/1/1 24/1/1
f 31/1/1 32/1/1 33/1/1
f 32/1/1 34/1/1 33/1/1
f 33/1/1 34/1/1 35/1/1
f 33/1/1 35/1/1 36/1/1
f 37/1/1 38/1/1 39/1/1
f 40/1/1 33/1/1 41/1/1
f 41/1/1 33/1/1 36/1/1
f 41/1/1 36/1/1 42/1/1
f 42/1/1 36/1/1 43/1/1
f 33/1/1 44/1/1 31/1/1
f 31/1/1 44/1/1 37/1/1
f 31/1/1 37/1/1 45/1/1
f 45/1/1 37/1/1 39/1/1
f 46/1/1 47/1/1 48/1/1
f 46/1/1 49/1/1 47/1/1
f 47/1/1 49/1/1 50/1/1
f 47/1/1 50/1/1 51/1/1
f 52/1/1 53/1/1 54/1/1
f 55/1/1 56/1/1 57/1/1
f 57/1/1 56/1/1 46/1/1
f 57/1/1 46/1/1 58/1/1
f 58/1/1 46/1/1 48/1/1
f 51/1/1 59/1/1 47/1/1
f 47/1/1 59/1/1 52/1/1
f 47/1/1 52/1/1 60/1/1
f 60/1/1 52/1/1 54/1/1
f 61/1/2 62/1/2 63/1/2
f 63/1/3 62/1/3 64/1/3
f 63/1/4 64/1/4 65/1/4
f 66/1/5 67/1/5 65/1/5
f 65/1/6 67/1/6 68/1/6
f 65/1/7 68/1/7 63/1/7
f 69/1/8 70/1/8 66/1/8
f 66/1/9 70/1/9 71/1/9
f 66/1/10 71/1/10 67/1/10
f 72/1/11 73/1/11 69/1/11
f 69/1/12 73/1/12 74/1/12
f 69/1/13 74/1/13 70/1/13
f 69/1/14 75/1/14 72/1/14
f 72/1/15 75/1/15 76/1/15
f 72/1/16 76/1/16 77/1/16
f 77/1/17 76/1/17 78/1/17
f 77/1/18 78/1/18 79/1/18
f 79/1/19 78/1/19 80/1/19
f 80/1/20 78/1/20 81/1/20
f 80/1/21 81/1/21 82/1/21
f 83/1/22 84/1/22 82/1/22
f 82/1/23 84/1/23 85/1/23
f 82/1/24 85/1/24 80/1/24
f 86/1/25 87/1/25 83/1/25
f 83/1/26 87/1/26 88/1/26
f 83/1/27 88/1/27 84/1/27
f 89/1/28 90/1/28 86/1/28
f 86/1/29 90/1/29 91/1/29
f 86/1/30 91/1/30 87/1/30
f 86/1/31 92/1/31 89/1/31
f 89/1/32 92/1/32 93/1/32
f 89/1/33 93/1/33 94/1/33
f 94/1/34 93/1/34 62/1/34
f 94/1/35 62/1/35 61/1/35
f 95/1/36 96/1/36 97/1/36
f 97/1/36 96/1/36 98/1/36
f 97/1/37 98/1/37 99/1/37
f 99/1/37 98/1/37 100/1/37
f 99/1/38 100/1/38 101/1/38
f 101/1/38 100/1/38 102/1/38
f 101/1/39 102/1/39 103/1/39
f 103/1/39 102/1/39 104/1/39
f 103/1/40 104/1/40 105/1/40
f 105/1/41 104/1/41 106/1/41
f 105/1/42 106/1/42 107/1/42
f 107/1/42 106/1/42 108/1/42
f 107/1/43 108/1/43 109/1/43
f 109/1/43 108/1/43 110/1/43
f 109/1/44 110/1/44 111/1/44
f 111/1/44 110/1/44 112/1/44
f 6/1/45 113/1/45 14/1/45
f 14/1/45 113/1/45 114/1/45
f 14/1/46 114/1/46 7/1/46
f 7/1/46 114/1/46 115/1/46
f 7/1/47 115/1/47 8/1/47
f 8/1/47 115/1/47 116/1/47
f 8/1/48 116/1/48 9/1/48
f 9/1/48 116/1/48 117/1/48
f 9/1/49 117/1/49 15/1/49
f 15/1/49 117/1/49 118/1/49
f 15/1/50 118/1/50 2/1/50
f 2/1/50 118/1/50 119/1/50
f 2/1/51 119/1/51 3/1/51
f 3/1/51 119/1/51 120/1/51
f 121/1/52 113/1/52 6/1/52
f 3/1/53 120/1/53 13/1/53
f 13/1/53 120/1/53 122/1/53
f 13/1/54 122/1/54 12/1/54
f 12/1/54 122/1/54 123/1/54
f 12/1/55 123/1/55 10/1/55
f 10/1/55 123/1/55 124/1/55
f 10/1/56 124/1/56 11/1/56
f 11/1/56 124/1/56 125/1/56
f 11/1/57 125/1/57 1/1/57
f 1/1/57 125/1/57 126/1/57
f 1/1/58 126/1/58 4/1/58
f 4/1/59 126/1/59 121/1/59
f 4/1/60 121/1/60 5/1/60
f 5/1/52 121/1/52 6/1/52
f 21/1/61 127/1/61 28/1/61
f 28/1/61 127/1/61 128/1/61
f 28/1/62 128/1/62 27/1/62
f 27/1/62 128/1/62 129/1/62
f 27/1/63 129/1/63 25/1/63
f 25/1/63 129/1/63 130/1/63
f 25/1/64 130/1/64 26/1/64
f 26/1/64 130/1/64 131/1/64
f 26/1/65 131/1/65 17/1/65
f 17/1/65 131/1/65 132/1/65
f 17/1/66 132/1/66 18/1/66
f 18/1/66 132/1/66 133/1/66
f 18/1/67 133/1/67 29/1/67
f 29/1/67 133/1/67 134/1/67
f 135/1/68 127/1/68 21/1/68
f 29/1/69 134/1/69 22/1/69
f 22/1/69 134/1/69 136/1/69
f 22/1/70 136/1/70 23/1/70
f 23/1/70 136/1/70 137/1/70
f 23/1/71 137/1/71 24/1/71
f 24/1/71 137/1/71 138/1/71
f 24/1/72 138/1/72 30/1/72
f 30/1/72 138/1/72 139/1/72
f 30/1/73 139/1/73 16/1/73
f 16/1/73 139/1/73 140/1/73
f 16/1/74 140/1/74 19/1/74
f 19/1/75 140/1/75 135/1/75
f 19/1/76 135/1/76 20/1/76
f 20/1/68 135/1/68 21/1/68
f 35/1/53 141/1/53 36/1/53
f 36/1/53 141/1/53 142/1/53
f 36/1/54 142/1/54 43/1/54
f 43/1/54 142/1/54 143/1/54
f 43/1/55 143/1/55 42/1/55
f 42/1/55 143/1/55 144/1/55
f 42/1/56 144/1/56 41/1/56
f 41/1/56 144/1/56 145/1/56
f 41/1/57 145/1/57 40/1/57
f 40/1/57 145/1/57 146/1/57
f 40/1/77 146/1/77 33/1/77
f 33/1/77 146/1/77 147/1/77
f 33/1/52 147/1/52 44/1/52
f 44/1/52 147/1/52 148/1/52
f 149/1/51 141/1/51 35/1/51
f 44/1/45 148/1/45 37/1/45
f 37/1/45 148/1/45 150/1/45
f 37/1/46 150/1/46 38/1/46
f 38/1/46 150/1/46 151/1/46
f 38/1/47 151/1/47 39/1/47
f 39/1/47 151/1/47 152/1/47
f 39/1/48 152/1/48 45/1/48
f 45/1/48 152/1/48 153/1/48
f 45/1/49 153/1/49 31/1/49
f 31/1/49 153/1/49 154/1/49
f 31/1/78 154/1/78 32/1/78
f 32/1/79 154/1/79 149/1/79
f 32/1/80 149/1/80 34/1/80
f 34/1/51 149/1/51 35/1/51
f 51/1/69 155/1/69 59/1/69
f 59/1/69 155/1/69 156/1/69
f 59/1/70 156/1/70 52/1/70
f 52/1/70 156/1/70 157/1/70
f 52/1/71 157/1/71 53/1/71
f 53/1/71 157/1/71 158/1/71
f 53/1/72 158/1/72 54/1/72
f 54/1/72 158/1/72 159/1/72
f 54/1/73 159/1/73 60/1/73
f 60/1/73 159/1/73 160/1/73
f 60/1/81 160/1/81 47/1/81
f 47/1/81 160/1/81 161/1/81
f 47/1/68 161/1/68 48/1/68
f 48/1/68 161/1/68 162/1/68
f 163/1/67 155/1/67 51/1/67
f 48/1/61 162/1/61 58/1/61
f 58/1/61 162/1/61 164/1/61
f 58/1/62 164/1/62 57/1/62
f 57/1/62 164/1/62 165/1/62
f 57/1/63 165/1/63 55/1/63
f 55/1/63 165/1/63 166/1/63
f 55/1/64 166/1/64 56/1/64
f 56/1/64 166/1/64 167/1/64
f 56/1/65 167/1/65 46/1/65
f 46/1/65 167/1/65 168/1/65
f 46/1/82 168/1/82 49/1/82
f 49/1/83 168/1/83 163/1/83
f 49/1/84 163/1/84 50/1/84
f 50/1/67 163/1/67 51/1/67
f 78/1/85 169/1/85 81/1/85
f 81/1/85 169/1/85 170/1/85
f 81/1/85 170/1/85 82/1/85
f 82/1/85 170/1/85 171/1/85
f 82/1/85 171/1/85 83/1/85
f 83/1/85 171/1/85 172/1/85
f 83/1/85 172/1/85 86/1/85
f 86/1/85 172/1/85 173/1/85
f 86/1/85 173/1/85 92/1/85
f 92/1/85 173/1/85 174/1/85
f 92/1/85 174/1/85 93/1/85
f 93/1/85 174/1/85 175/1/85
f 93/1/85 175/1/85 62/1/85
f 62/1/85 175/1/85 176/1/85
f 62/1/85 176/1/85 64/1/85
f 64/1/85 176/1/85 177/1/85
f 64/1/85 177/1/85 65/1/85
f 65/1/85 177/1/85 178/1/85
f 65/1/85 178/1/85 66/1/85
f 66/1/85 178/1/85 179/1/85
f 66/1/85 179/1/85 69/1/85
f 69/1/85 179/1/85 180/1/85
f 69/1/85 180/1/85 75/1/85
f 75/1/85 180/1/85 181/1/85
f 75/1/85 181/1/85 76/1/85
f 76/1/85 181/1/85 182/1/85
f 76/1/85 182/1/85 78/1/85
f 78/1/85 182/1/85 169/1/85
f 96/1/86 95/1/86 183/1/86
f 183/1/87 95/1/87 184/1/87
f 183/1/88 184/1/88 185/1/88
f 185/1/89 184/1/89 186/1/89
f 187/1/48 188/1/48 189/1/48
f 190/1/48 191/1/48 189/1/48
f 189/1/48 191/1/48 192/1/48
f 189/1/48 192/1/48 187/1/48
f 190/1/48 189/1/48 193/1/48
f 193/1/48 189/1/48 194/1/48
f 193/1/48 194/1/48 195/1/48
f 90/1/90 89/1/90 190/1/90
f 90/1/91 190/1/91 91/1/91
f 91/1/92 190/1/92 193/1/92
f 91/1/93 193/1/93 87/1/93
f 94/1/94 61/1/94 105/1/94
f 105/1/95 61/1/95 63/1/95
f 63/1/96 68/1/96 105/1/96
f 105/1/97 68/1/97 67/1/97
f 105/1/98 67/1/98 103/1/98
f 103/1/99 67/1/99 71/1/99
f 72/1/100 77/1/100 101/1/100
f 71/1/93 70/1/93 103/1/93
f 103/1/101 70/1/101 74/1/101
f 103/1/102 74/1/102 101/1/102
f 101/1/103 74/1/103 73/1/103
f 101/1/104 73/1/104 72/1/104
f 79/1/105 80/1/105 195/1/105
f 80/1/106 85/1/106 195/1/106
f 195/1/107 85/1/107 84/1/107
f 195/1/108 84/1/108 193/1/108
f 193/1/109 84/1/109 88/1/109
f 193/1/101 88/1/101 87/1/101
f 77/1/110 79/1/110 101/1/110
f 101/1/111 79/1/111 195/1/111
f 101/1/112 195/1/112 99/1/112
f 99/1/112 195/1/112 194/1/112
f 99/1/113 194/1/113 97/1/113
f 97/1/113 194/1/113 189/1/113
f 97/1/114 189/1/114 95/1/114
f 95/1/115 189/1/115 188/1/115
f 95/1/116 188/1/116 196/1/116
f 89/1/117 94/1/117 190/1/117
f 190/1/118 94/1/118 105/1/118
f 190/1/119 105/1/119 191/1/119
f 191/1/119 105/1/119 107/1/119
f 191/1/120 107/1/120 192/1/120
f 192/1/120 107/1/120 109/1/120
f 192/1/121 109/1/121 187/1/121
f 187/1/122 109/1/122 111/1/122
f 187/1/123 111/1/123 197/1/123
f 198/1/124 199/1/124 200/1/124
f 200/1/124 199/1/124 201/1/124
f 200/1/125 201/1/125 112/1/125
f 112/1/126 201/1/126 111/1/126
f 198/1/48 200/1/48 112/1/48
f 202/1/127 198/1/127 203/1/127
f 203/1/48 198/1/48 112/1/48
f 203/1/48 112/1/48 204/1/48
f 204/1/48 112/1/48 110/1/48
f 204/1/48 110/1/48 205/1/48
f 205/1/48 110/1/48 108/1/48
f 205/1/48 108/1/48 206/1/48
f 206/1/48 108/1/48 106/1/48
f 206/1/48 106/1/48 207/1/48
f 207/1/48 106/1/48 104/1/48
f 207/1/48 104/1/48 208/1/48
f 208/1/48 104/1/48 102/1/48
f 208/1/48 102/1/48 209/1/48
f 209/1/48 102/1/48 100/1/48
f 209/1/48 100/1/48 210/1/48
f 210/1/48 100/1/48 98/1/48
f 210/1/48 98/1/48 211/1/48
f 211/1/48 98/1/48 96/1/48
f 96/1/48 183/1/48 211/1/48
f 211/1/48 183/1/48 185/1/48
f 211/1/128 185/1/128 212/1/128
f 202/1/129 213/1/129 214/1/129
f 212/1/130 215/1/130 216/1/130
f 217/1/85 113/1/85 218/1/85
f 218/1/85 113/1/85 121/1/85
f 218/1/85 121/1/85 219/1/85
f 219/1/85 121/1/85 126/1/85
f 219/1/85 126/1/85 220/1/85
f 220/1/85 126/1/85 125/1/85
f 220/1/85 125/1/85 221/1/85
f 221/1/85 125/1/85 124/1/85
f 221/1/85 124/1/85 222/1/85
f 222/1/85 124/1/85 123/1/85
f 222/1/85 123/1/85 223/1/85
f 223/1/85 123/1/85 122/1/85
f 223/1/85 122/1/85 224/1/85
f 224/1/85 122/1/85 120/1/85
f 224/1/85 120/1/85 225/1/85
f 225/1/85 120/1/85 119/1/85
f 225/1/85 119/1/85 226/1/85
f 226/1/85 119/1/85 118/1/85
f 226/1/85 118/1/85 227/1/85
f 227/1/85 118/1/85 117/1/85
f 227/1/85 117/1/85 228/1/85
f 228/1/85 117/1/85 116/1/85
f 228/1/85 116/1/85 229/1/85
f 229/1/85 116/1/85 115/1/85
f 229/1/85 115/1/85 230/1/85
f 230/1/85 115/1/85 114/1/85
f 230/1/85 114/1/85 217/1/85
f 217/1/85 114/1/85 113/1/85
f 131/1/85 231/1/85 132/1/85
f 132/1/85 231/1/85 232/1/85
f 132/1/85 232/1/85 133/1/85
f 133/1/85 232/1/85 233/1/85
f 133/1/85 233/1/85 134/1/85
f 134/1/85 233/1/85 234/1/85
f 134/1/85 234/1/85 136/1/85
f 136/1/85 234/1/85 235/1/85
f 136/1/85 235/1/85 137/1/85
f 137/1/85 235/1/85 236/1/85
f 137/1/85 236/1/85 138/1/85
f 138/1/85 236/1/85 237/1/85
f 138/1/85 237/1/85 139/1/85
f 237/1/85 238/1/85 139/1/85
f 139/1/85 238/1/85 239/1/85
f 139/1/85 239/1/85 140/1/85
f 140/1/85 239/1/85 240/1/85
f 140/1/85 240/1/85 135/1/85
f 135/1/85 240/1/85 241/1/85
f 135/1/85 241/1/85 127/1/85
f 127/1/85 241/1/85 242/1/85
f 127/1/85 242/1/85 128/1/85
f 128/1/85 242/1/85 243/1/85
f 128/1/85 243/1/85 129/1/85
f 129/1/85 243/1/85 244/1/85
f 129/1/85 244/1/85 130/1/85
f 130/1/85 244/1/85 245/1/85
f 130/1/85 245/1/85 131/1/85
f 131/1/85 245/1/85 246/1/85
f 131/1/85 246/1/85 231/1/85
f 247/1/85 141/1/85 248/1/85
f 248/1/85 141/1/85 149/1/85
f 248/1/85 149/1/85 249/1/85
f 249/1/85 149/1/85 154/1/85
f 249/1/85 154/1/85 250/1/85
f 250/1/85 154/1/85 153/1/85
f 250/1/85 153/1/85 251/1/85
f 251/1/85 153/1/85 152/1/85
f 251/1/85 152/1/85 252/1/85
f 252/1/85 152/1/85 151/1/85
f 252/1/85 151/1/85 253/1/85
f 253/1/85 151/1/85 150/1/85
f 253/1/85 150/1/85 254/1/85
f 254/1/85 150/1/85 148/1/85
f 254/1/85 148/1/85 255/1/85
f 255/1/85 148/1/85 147/1/85
f 255/1/85 147/1/85 256/1/85
f 256/1/85 147/1/85 146/1/85
f 256/1/85 146/1/85 257/1/85
f 257/1/85 146/1/85 145/1/85
f 257/1/85 145/1/85 258/1/85
f 258/1/85 145/1/85 144/1/85
f 258/1/85 144/1/85 259/1/85
f 259/1/85 144/1/85 143/1/85
f 259/1/85 143/1/85 260/1/85
f 260/1/85 143/1/85 142/1/85
f 260/1/85 142/1/85 247/1/85
f 247/1/85 142/1/85 141/1/85
f 167/1/85 261/1/85 168/1/85
f 168/1/85 261/1/85 262/1/85
f 168/1/85 262/1/85 163/1/85
f 163/1/85 262/1/85 263/1/85
f 163/1/85 263/1/85 155/1/85
f 155/1/85 263/1/85 264/1/85
f 155/1/85 264/1/85 156/1/85
f 156/1/85 264/1/85 265/1/85
f 156/1/85 265/1/85 157/1/85
f 157/1/85 265/1/85 266/1/85
f 157/1/85 266/1/85 158/1/85
f 158/1/85 266/1/85 267/1/85
f 158/1/85 267/1/85 159/1/85
f 267/1/85 268/1/85 159/1/85
f 159/1/85 268/1/85 269/1/85
f 159/1/85 269/1/85 160/1/85
f 160/1/85 269/1/85 270/1/85
f 160/1/85 270/1/85 161/1/85
f 161/1/85 270/1/85 271/1/85
f 161/1/85 271/1/85 162/1/85
f 162/1/85 271/1/85 272/1/85
f 162/1/85 272/1/85 164/1/85
f 164/1/85 272/1/85 273/1/85
f 164/1/85 273/1/85 165/1/85
f 165/1/85 273/1/85 274/1/85
f 165/1/85 274/1/85 166/1/85
f 166/1/85 274/1/85 275/1/85
f 166/1/85 275/1/85 167/1/85
f 167/1/85 275/1/85 276/1/85
f 167/1/85 276/1/85 261/1/85
f 277/1/131 173/1/131 278/1/131
f 278/1/132 173/1/132 172/1/132
f 279/1/133 280/1/133 171/1/133
f 171/1/134 280/1/134 281/1/134
f 171/1/135 281/1/135 172/1/135
f 172/1/136 281/1/136 282/1/136
f 172/1/137 282/1/137 278/1/137
f 279/1/138 171/1/138 283/1/138
f 283/1/139 171/1/139 170/1/139
f 283/1/140 170/1/140 284/1/140
f 284/1/141 170/1/141 169/1/141
f 284/1/142 169/1/142 285/1/142
f 286/1/143 176/1/143 287/1/143
f 287/1/144 176/1/144 175/1/144
f 287/1/145 175/1/145 288/1/145
f 288/1/146 175/1/146 174/1/146
f 288/1/147 174/1/147 289/1/147
f 277/1/148 290/1/148 173/1/148
f 173/1/149 290/1/149 291/1/149
f 173/1/150 291/1/150 174/1/150
f 174/1/151 291/1/151 292/1/151
f 174/1/152 292/1/152 289/1/152
f 293/1/153 294/1/153 178/1/153
f 295/1/154 180/1/154 296/1/154
f 296/1/155 180/1/155 179/1/155
f 294/1/156 297/1/156 178/1/156
f 178/1/157 297/1/157 298/1/157
f 178/1/158 298/1/158 179/1/158
f 179/1/159 298/1/159 299/1/159
f 179/1/160 299/1/160 296/1/160
f 293/1/161 178/1/161 300/1/161
f 300/1/162 178/1/162 177/1/162
f 300/1/163 177/1/163 301/1/163
f 301/1/164 177/1/164 176/1/164
f 301/1/165 176/1/165 286/1/165
f 285/1/166 169/1/166 302/1/166
f 302/1/167 169/1/167 182/1/167
f 302/1/168 182/1/168 303/1/168
f 303/1/169 182/1/169 181/1/169
f 303/1/170 181/1/170 304/1/170
f 295/1/171 305/1/171 180/1/171
f 180/1/172 305/1/172 306/1/172
f 180/1/173 306/1/173 181/1/173
f 181/1/174 306/1/174 307/1/174
f 181/1/175 307/1/175 304/1/175
f 203/1/176 204/1/176 308/1/176
f 213/1/177 202/1/177 309/1/177
f 309/1/178 202/1/178 203/1/178
f 309/1/179 203/1/179 310/1/179
f 310/1/180 203/1/180 308/1/180
f 311/1/181 312/1/181 205/1/181
f 205/1/182 312/1/182 313/1/182
f 205/1/183 313/1/183 204/1/183
f 204/1/184 313/1/184 314/1/184
f 204/1/185 314/1/185 308/1/185
f 205/1/186 206/1/186 311/1/186
f 311/1/187 206/1/187 207/1/187
f 311/1/187 207/1/187 315/1/187
f 315/1/188 207/1/188 208/1/188
f 315/1/188 208/1/188 316/1/188
f 316/1/189 208/1/189 317/1/189
f 317/1/190 208/1/190 209/1/190
f 317/1/191 209/1/191 318/1/191
f 318/1/192 209/1/192 319/1/192
f 319/1/193 209/1/193 210/1/193
f 319/1/194 210/1/194 320/1/194
f 320/1/195 210/1/195 321/1/195
f 321/1/196 210/1/196 211/1/196
f 321/1/197 211/1/197 322/1/197
f 322/1/198 211/1/198 212/1/198
f 322/1/199 212/1/199 216/1/199
f 212/1/200 185/1/200 215/1/200
f 215/1/201 185/1/201 186/1/201
f 186/1/202 184/1/202 323/1/202
f 323/1/203 184/1/203 324/1/203
f 95/1/204 196/1/204 184/1/204
f 184/1/205 196/1/205 325/1/205
f 184/1/206 325/1/206 324/1/206
f 326/1/207 327/1/207 328/1/207
f 188/1/208 187/1/208 196/1/208
f 196/1/209 187/1/209 325/1/209
f 187/1/210 197/1/210 328/1/210
f 328/1/208 197/1/208 329/1/208
f 328/1/211 329/1/211 326/1/211
f 325/1/208 187/1/208 324/1/208
f 324/1/208 187/1/208 328/1/208
f 324/1/212 328/1/212 323/1/212
f 197/1/213 111/1/213 329/1/213
f 329/1/214 111/1/214 201/1/214
f 329/1/215 201/1/215 326/1/215
f 326/1/216 201/1/216 199/1/216
f 326/1/217 199/1/217 327/1/217
f 214/1/218 199/1/218 202/1/218
f 202/1/201 199/1/201 198/1/201
f 213/1/219 330/1/219 214/1/219
f 214/1/220 330/1/220 331/1/220
f 332/1/221 216/1/221 333/1/221
f 333/1/222 216/1/222 215/1/222
f 334/1/223 335/1/223 336/1/223
f 336/1/223 335/1/223 337/1/223
f 336/1/224 337/1/224 338/1/224
f 338/1/224 337/1/224 339/1/224
f 338/1/225 339/1/225 340/1/225
f 340/1/225 339/1/225 341/1/225
f 340/1/226 341/1/226 342/1/226
f 342/1/226 341/1/226 343/1/226
f 342/1/227 343/1/227 344/1/227
f 344/1/227 343/1/227 345/1/227
f 344/1/228 345/1/228 346/1/228
f 346/1/228 345/1/228 347/1/228
f 346/1/229 347/1/229 348/1/229
f 348/1/230 347/1/230 349/1/230
f 348/1/231 349/1/231 350/1/231
f 350/1/232 349/1/232 351/1/232
f 350/1/233 351/1/233 352/1/233
f 352/1/234 351/1/234 353/1/234
f 352/1/235 353/1/235 354/1/235
f 354/1/235 353/1/235 355/1/235
f 354/1/236 355/1/236 356/1/236
f 356/1/237 355/1/237 357/1/237
f 356/1/238 357/1/238 358/1/238
f 358/1/238 357/1/238 359/1/238
f 358/1/239 359/1/239 360/1/239
f 360/1/239 359/1/239 361/1/239
f 360/1/240 361/1/240 362/1/240
f 362/1/240 361/1/240 363/1/240
f 362/1/241 363/1/241 364/1/241
f 364/1/242 363/1/242 365/1/242
f 364/1/243 365/1/243 366/1/243
f 366/1/243 365/1/243 367/1/243
f 366/1/244 367/1/244 368/1/244
f 368/1/244 367/1/244 369/1/244
f 368/1/245 369/1/245 370/1/245
f 370/1/245 369/1/245 371/1/245
f 370/1/246 371/1/246 372/1/246
f 372/1/247 371/1/247 373/1/247
f 372/1/248 373/1/248 374/1/248
f 374/1/248 373/1/248 375/1/248
f 374/1/249 375/1/249 376/1/249
f 376/1/249 375/1/249 377/1/249
f 376/1/250 377/1/250 378/1/250
f 378/1/251 377/1/251 379/1/251
f 378/1/252 379/1/252 380/1/252
f 380/1/252 379/1/252 381/1/252
f 380/1/253 381/1/253 382/1/253
f 382/1/253 381/1/253 383/1/253
f 382/1/254 383/1/254 384/1/254
f 384/1/255 383/1/255 385/1/255
f 384/1/256 385/1/256 386/1/256
f 386/1/256 385/1/256 387/1/256
f 386/1/257 387/1/257 388/1/257
f 388/1/258 387/1/258 389/1/258
f 388/1/259 389/1/259 390/1/259
f 390/1/260 389/1/260 391/1/260
f 390/1/261 391/1/261 392/1/261
f 392/1/261 391/1/261 393/1/261
f 392/1/262 393/1/262 394/1/262
f 394/1/263 393/1/263 395/1/263
f 394/1/264 395/1/264 396/1/264
f 396/1/264 395/1/264 397/1/264
f 396/1/265 397/1/265 398/1/265
f 398/1/265 397/1/265 399/1/265
f 398/1/266 399/1/266 400/1/266
f 400/1/267 399/1/267 401/1/267
f 400/1/268 401/1/268 402/1/268
f 402/1/268 401/1/268 403/1/268
f 402/1/269 403/1/269 404/1/269
f 404/1/269 403/1/269 405/1/269
f 404/1/270 405/1/270 334/1/270
f 334/1/271 405/1/271 335/1/271
f 217/1/45 406/1/45 230/1/45
f 230/1/45 406/1/45 407/1/45
f 230/1/46 407/1/46 229/1/46
f 229/1/46 407/1/46 408/1/46
f 229/1/47 408/1/47 228/1/47
f 228/1/47 408/1/47 409/1/47
f 228/1/48 409/1/48 227/1/48
f 227/1/48 409/1/48 410/1/48
f 227/1/49 410/1/49 226/1/49
f 226/1/49 410/1/49 411/1/49
f 226/1/50 411/1/50 225/1/50
f 225/1/50 411/1/50 412/1/50
f 225/1/51 412/1/51 224/1/51
f 224/1/51 412/1/51 413/1/51
f 224/1/53 413/1/53 223/1/53
f 223/1/53 413/1/53 414/1/53
f 223/1/54 414/1/54 222/1/54
f 222/1/54 414/1/54 415/1/54
f 222/1/272 415/1/272 221/1/272
f 221/1/272 415/1/272 416/1/272
f 221/1/56 416/1/56 220/1/56
f 220/1/56 416/1/56 417/1/56
f 220/1/273 417/1/273 219/1/273
f 219/1/273 417/1/273 418/1/273
f 219/1/77 418/1/77 218/1/77
f 218/1/77 418/1/77 419/1/77
f 218/1/52 419/1/52 217/1/52
f 217/1/52 419/1/52 406/1/52
f 246/1/45 420/1/45 231/1/45
f 231/1/45 420/1/45 421/1/45
f 231/1/46 421/1/46 232/1/46
f 232/1/46 421/1/46 422/1/46
f 232/1/47 422/1/47 233/1/47
f 233/1/47 422/1/47 423/1/47
f 233/1/274 423/1/274 234/1/274
f 234/1/275 423/1/275 424/1/275
f 425/1/51 238/1/51 426/1/51
f 426/1/51 238/1/51 237/1/51
f 426/1/50 237/1/50 427/1/50
f 427/1/50 237/1/50 236/1/50
f 427/1/49 236/1/49 424/1/49
f 424/1/49 236/1/49 235/1/49
f 424/1/276 235/1/276 234/1/276
f 238/1/53 425/1/53 239/1/53
f 239/1/53 425/1/53 428/1/53
f 239/1/54 428/1/54 240/1/54
f 240/1/54 428/1/54 429/1/54
f 240/1/272 429/1/272 241/1/272
f 241/1/272 429/1/272 430/1/272
f 241/1/277 430/1/277 242/1/277
f 242/1/278 430/1/278 431/1/278
f 420/1/52 246/1/52 432/1/52
f 432/1/52 246/1/52 245/1/52
f 432/1/77 245/1/77 433/1/77
f 433/1/77 245/1/77 244/1/77
f 433/1/273 244/1/273 431/1/273
f 431/1/273 244/1/273 243/1/273
f 431/1/279 243/1/279 242/1/279
f 254/1/45 434/1/45 253/1/45
f 253/1/45 434/1/45 435/1/45
f 253/1/46 435/1/46 252/1/46
f 252/1/46 435/1/46 436/1/46
f 252/1/280 436/1/280 251/1/280
f 251/1/280 436/1/280 437/1/280
f 251/1/48 437/1/48 250/1/48
f 250/1/48 437/1/48 438/1/48
f 250/1/281 438/1/281 249/1/281
f 249/1/281 438/1/281 439/1/281
f 249/1/50 439/1/50 248/1/50
f 248/1/50 439/1/50 440/1/50
f 248/1/51 440/1/51 247/1/51
f 247/1/51 440/1/51 441/1/51
f 247/1/53 441/1/53 260/1/53
f 260/1/53 441/1/53 442/1/53
f 260/1/54 442/1/54 259/1/54
f 259/1/54 442/1/54 443/1/54
f 259/1/55 443/1/55 258/1/55
f 258/1/55 443/1/55 444/1/55
f 258/1/56 444/1/56 257/1/56
f 257/1/56 444/1/56 445/1/56
f 257/1/57 445/1/57 256/1/57
f 256/1/57 445/1/57 446/1/57
f 256/1/77 446/1/77 255/1/77
f 255/1/77 446/1/77 447/1/77
f 255/1/52 447/1/52 254/1/52
f 254/1/52 447/1/52 434/1/52
f 276/1/45 448/1/45 261/1/45
f 261/1/45 448/1/45 449/1/45
f 261/1/46 449/1/46 262/1/46
f 262/1/46 449/1/46 450/1/46
f 262/1/280 450/1/280 263/1/280
f 263/1/280 450/1/280 451/1/280
f 263/1/30 451/1/30 264/1/30
f 264/1/275 451/1/275 452/1/275
f 453/1/51 268/1/51 454/1/51
f 454/1/51 268/1/51 267/1/51
f 454/1/50 267/1/50 455/1/50
f 455/1/50 267/1/50 266/1/50
f 455/1/281 266/1/281 452/1/281
f 452/1/281 266/1/281 265/1/281
f 452/1/26 265/1/26 264/1/26
f 268/1/53 453/1/53 269/1/53
f 269/1/53 453/1/53 456/1/53
f 269/1/54 456/1/54 270/1/54
f 270/1/54 456/1/54 457/1/54
f 270/1/55 457/1/55 271/1/55
f 271/1/55 457/1/55 458/1/55
f 271/1/277 458/1/277 272/1/277
f 272/1/278 458/1/278 459/1/278
f 448/1/52 276/1/52 460/1/52
f 460/1/52 276/1/52 275/1/52
f 460/1/77 275/1/77 461/1/77
f 461/1/77 275/1/77 274/1/77
f 461/1/57 274/1/57 459/1/57
f 459/1/57 274/1/57 273/1/57
f 459/1/279 273/1/279 272/1/279
f 462/1/282 463/1/282 386/1/282
f 386/1/283 463/1/283 464/1/283
f 464/1/284 465/1/284 386/1/284
f 386/1/285 465/1/285 466/1/285
f 386/1/286 466/1/286 384/1/286
f 466/1/287 467/1/287 384/1/287
f 384/1/288 467/1/288 468/1/288
f 384/1/289 468/1/289 469/1/289
f 462/1/290 386/1/290 470/1/290
f 470/1/291 386/1/291 388/1/291
f 470/1/292 388/1/292 471/1/292
f 471/1/293 388/1/293 472/1/293
f 472/1/294 388/1/294 390/1/294
f 472/1/295 390/1/295 473/1/295
f 474/1/296 475/1/296 476/1/296
f 476/1/297 475/1/297 392/1/297
f 477/1/298 478/1/298 390/1/298
f 390/1/299 478/1/299 479/1/299
f 390/1/300 479/1/300 473/1/300
f 392/1/301 475/1/301 390/1/301
f 390/1/302 475/1/302 480/1/302
f 390/1/303 480/1/303 477/1/303
f 404/1/304 334/1/304 481/1/304
f 482/1/305 370/1/305 483/1/305
f 483/1/306 370/1/306 372/1/306
f 483/1/307 372/1/307 374/1/307
f 376/1/308 484/1/308 374/1/308
f 374/1/309 484/1/309 485/1/309
f 374/1/310 485/1/310 483/1/310
f 378/1/311 486/1/311 376/1/311
f 376/1/312 486/1/312 487/1/312
f 376/1/313 487/1/313 484/1/313
f 380/1/314 488/1/314 378/1/314
f 378/1/315 488/1/315 489/1/315
f 378/1/316 489/1/316 486/1/316
f 382/1/317 490/1/317 380/1/317
f 380/1/318 490/1/318 491/1/318
f 380/1/319 491/1/319 488/1/319
f 469/1/320 492/1/320 384/1/320
f 384/1/321 492/1/321 493/1/321
f 384/1/322 493/1/322 382/1/322
f 382/1/323 493/1/323 494/1/323
f 382/1/324 494/1/324 490/1/324
f 394/1/325 495/1/325 392/1/325
f 392/1/326 495/1/326 496/1/326
f 392/1/327 496/1/327 476/1/327
f 396/1/328 497/1/328 394/1/328
f 394/1/329 497/1/329 498/1/329
f 394/1/330 498/1/330 495/1/330
f 398/1/331 499/1/331 396/1/331
f 396/1/332 499/1/332 500/1/332
f 396/1/333 500/1/333 497/1/333
f 400/1/334 501/1/334 398/1/334
f 398/1/335 501/1/335 502/1/335
f 398/1/336 502/1/336 499/1/336
f 481/1/337 503/1/337 404/1/337
f 404/1/338 503/1/338 504/1/338
f 404/1/339 504/1/339 402/1/339
f 402/1/340 504/1/340 505/1/340
f 402/1/341 505/1/341 400/1/341
f 400/1/342 505/1/342 506/1/342
f 400/1/343 506/1/343 501/1/343
f 368/1/344 370/1/344 482/1/344
f 481/1/345 334/1/345 507/1/345
f 507/1/346 334/1/346 336/1/346
f 507/1/347 336/1/347 338/1/347
f 340/1/348 508/1/348 338/1/348
f 338/1/349 508/1/349 509/1/349
f 338/1/350 509/1/350 507/1/350
f 342/1/351 510/1/351 340/1/351
f 340/1/352 510/1/352 511/1/352
f 340/1/353 511/1/353 508/1/353
f 344/1/354 512/1/354 342/1/354
f 342/1/355 512/1/355 513/1/355
f 342/1/356 513/1/356 510/1/356
f 346/1/357 514/1/357 344/1/357
f 344/1/358 514/1/358 515/1/358
f 344/1/359 515/1/359 512/1/359
f 348/1/360 516/1/360 346/1/360
f 346/1/361 516/1/361 517/1/361
f 346/1/362 517/1/362 514/1/362
f 354/1/363 518/1/363 352/1/363
f 352/1/364 518/1/364 519/1/364
f 352/1/365 519/1/365 350/1/365
f 350/1/366 519/1/366 520/1/366
f 350/1/367 520/1/367 348/1/367
f 348/1/368 520/1/368 521/1/368
f 348/1/369 521/1/369 516/1/369
f 356/1/370 522/1/370 354/1/370
f 354/1/371 522/1/371 523/1/371
f 354/1/372 523/1/372 518/1/372
f 358/1/373 524/1/373 356/1/373
f 356/1/374 524/1/374 525/1/374
f 356/1/375 525/1/375 522/1/375
f 360/1/376 526/1/376 358/1/376
f 358/1/377 526/1/377 527/1/377
f 358/1/378 527/1/378 524/1/378
f 362/1/379 528/1/379 360/1/379
f 360/1/380 528/1/380 529/1/380
f 360/1/381 529/1/381 526/1/381
f 364/1/382 530/1/382 362/1/382
f 362/1/383 530/1/383 531/1/383
f 362/1/384 531/1/384 528/1/384
f 482/1/385 532/1/385 368/1/385
f 368/1/386 532/1/386 533/1/386
f 368/1/387 533/1/387 366/1/387
f 366/1/388 533/1/388 534/1/388
f 366/1/389 534/1/389 364/1/389
f 364/1/390 534/1/390 535/1/390
f 364/1/391 535/1/391 530/1/391
f 315/1/392 296/1/392 299/1/392
f 315/1/393 299/1/393 311/1/393
f 299/1/394 298/1/394 311/1/394
f 311/1/395 298/1/395 297/1/395
f 311/1/396 297/1/396 294/1/396
f 286/1/397 287/1/397 536/1/397
f 294/1/398 293/1/398 311/1/398
f 311/1/399 293/1/399 300/1/399
f 311/1/400 300/1/400 301/1/400
f 292/1/401 537/1/401 289/1/401
f 289/1/402 537/1/402 536/1/402
f 289/1/403 536/1/403 288/1/403
f 288/1/404 536/1/404 287/1/404
f 292/1/405 291/1/405 537/1/405
f 537/1/406 291/1/406 290/1/406
f 537/1/407 290/1/407 538/1/407
f 538/1/408 290/1/408 277/1/408
f 538/1/409 277/1/409 278/1/409
f 301/1/410 286/1/410 311/1/410
f 311/1/411 286/1/411 536/1/411
f 311/1/412 536/1/412 312/1/412
f 330/1/413 213/1/413 539/1/413
f 539/1/414 213/1/414 309/1/414
f 539/1/415 309/1/415 540/1/415
f 540/1/416 309/1/416 310/1/416
f 540/1/417 310/1/417 541/1/417
f 541/1/418 310/1/418 308/1/418
f 541/1/419 308/1/419 542/1/419
f 542/1/420 308/1/420 314/1/420
f 542/1/421 314/1/421 543/1/421
f 543/1/422 314/1/422 313/1/422
f 543/1/423 313/1/423 544/1/423
f 544/1/424 313/1/424 312/1/424
f 544/1/425 312/1/425 545/1/425
f 545/1/426 312/1/426 536/1/426
f 285/2/427 302/3/427 316/4/427
f 279/5/428 283/6/428 546/7/428
f 547/1/429 538/1/429 278/1/429
f 278/1/430 282/1/430 547/1/430
f 547/1/431 282/1/431 281/1/431
f 547/1/432 281/1/432 546/1/432
f 546/1/433 281/1/433 280/1/433
f 546/1/434 280/1/434 279/1/434
f 285/2/435 316/4/435 284/8/435
f 302/3/436 303/9/436 316/4/436
f 316/4/437 303/9/437 304/10/437
f 316/1/438 304/1/438 307/1/438
f 307/1/439 306/1/439 316/1/439
f 316/11/440 306/12/440 305/13/440
f 316/1/441 305/1/441 315/1/441
f 315/1/442 305/1/442 295/1/442
f 315/1/443 295/1/443 296/1/443
f 321/14/444 548/15/444 320/16/444
f 320/16/445 548/15/445 549/17/445
f 320/16/446 549/17/446 319/18/446
f 319/18/447 549/17/447 550/19/447
f 319/18/448 550/19/448 318/20/448
f 318/20/449 550/19/449 551/21/449
f 318/20/450 551/21/450 317/22/450
f 317/22/451 551/21/451 552/23/451
f 317/22/452 552/23/452 316/24/452
f 316/1/453 552/1/453 546/1/453
f 316/25/454 546/26/454 284/27/454
f 284/1/455 546/1/455 283/1/455
f 216/28/456 332/29/456 322/30/456
f 322/30/457 332/29/457 553/31/457
f 322/30/458 553/31/458 321/32/458
f 321/14/459 553/33/459 554/34/459
f 321/14/460 554/34/460 548/15/460
f 330/1/461 555/1/461 331/1/461
f 331/1/462 555/1/462 556/1/462
f 331/1/463 556/1/463 557/1/463
f 557/1/464 556/1/464 558/1/464
f 557/1/465 558/1/465 559/1/465
f 559/1/466 558/1/466 560/1/466
f 561/1/467 332/1/467 333/1/467
f 333/1/468 562/1/468 561/1/468
f 561/1/469 562/1/469 563/1/469
f 561/1/470 563/1/470 564/1/470
f 564/1/471 563/1/471 565/1/471
f 564/1/472 565/1/472 566/1/472
f 566/1/473 565/1/473 567/1/473
f 566/1/474 567/1/474 568/1/474
f 327/1/1 199/1/1 214/1/1
f 215/1/1 186/1/1 333/1/1
f 333/1/1 186/1/1 323/1/1
f 333/1/1 323/1/1 562/1/1
f 562/1/1 323/1/1 563/1/1
f 381/1/1 379/1/1 451/1/1
f 451/1/1 379/1/1 452/1/1
f 452/1/1 379/1/1 377/1/1
f 452/1/1 377/1/1 569/1/1
f 569/1/1 377/1/1 570/1/1
f 570/1/1 377/1/1 375/1/1
f 570/1/1 375/1/1 571/1/1
f 571/1/1 375/1/1 373/1/1
f 571/1/1 373/1/1 572/1/1
f 573/1/1 574/1/1 457/1/1
f 457/1/1 456/1/1 573/1/1
f 573/1/1 456/1/1 453/1/1
f 573/1/1 453/1/1 575/1/1
f 575/1/1 453/1/1 454/1/1
f 575/1/1 454/1/1 569/1/1
f 569/1/1 454/1/1 455/1/1
f 569/1/1 455/1/1 452/1/1
f 563/1/475 323/1/475 565/1/475
f 565/1/476 323/1/476 461/1/476
f 565/1/1 461/1/1 567/1/1
f 567/1/1 461/1/1 576/1/1
f 576/1/1 461/1/1 459/1/1
f 576/1/1 459/1/1 574/1/1
f 574/1/1 459/1/1 458/1/1
f 574/1/1 458/1/1 457/1/1
f 451/1/1 450/1/1 381/1/1
f 381/1/1 450/1/1 449/1/1
f 381/1/1 449/1/1 383/1/1
f 383/1/1 449/1/1 448/1/1
f 383/1/1 448/1/1 385/1/1
f 385/1/1 448/1/1 460/1/1
f 385/1/1 460/1/1 387/1/1
f 414/1/1 413/1/1 577/1/1
f 577/1/1 413/1/1 412/1/1
f 577/1/1 412/1/1 578/1/1
f 412/1/1 411/1/1 578/1/1
f 578/1/1 411/1/1 410/1/1
f 578/1/1 410/1/1 579/1/1
f 579/1/1 410/1/1 409/1/1
f 579/1/1 409/1/1 580/1/1
f 409/1/1 408/1/1 580/1/1
f 580/1/1 408/1/1 407/1/1
f 580/1/1 407/1/1 355/1/1
f 353/1/1 581/1/1 355/1/1
f 355/1/1 581/1/1 582/1/1
f 355/1/1 582/1/1 580/1/1
f 416/1/1 365/1/1 417/1/1
f 417/1/1 365/1/1 363/1/1
f 417/1/1 363/1/1 418/1/1
f 418/1/1 363/1/1 361/1/1
f 418/1/1 361/1/1 419/1/1
f 414/1/1 577/1/1 415/1/1
f 415/1/1 577/1/1 583/1/1
f 415/1/1 583/1/1 584/1/1
f 419/1/1 361/1/1 406/1/1
f 406/1/1 361/1/1 359/1/1
f 406/1/1 359/1/1 407/1/1
f 407/1/1 359/1/1 357/1/1
f 407/1/1 357/1/1 355/1/1
f 416/1/1 415/1/1 365/1/1
f 365/1/1 415/1/1 584/1/1
f 365/1/1 584/1/1 367/1/1
f 367/1/1 584/1/1 585/1/1
f 367/1/1 585/1/1 369/1/1
f 369/1/1 585/1/1 572/1/1
f 369/1/1 572/1/1 371/1/1
f 371/1/1 572/1/1 373/1/1
f 421/1/1 586/1/1 422/1/1
f 422/1/1 586/1/1 587/1/1
f 422/1/1 587/1/1 423/1/1
f 345/1/1 428/1/1 347/1/1
f 347/1/1 428/1/1 425/1/1
f 347/1/1 425/1/1 349/1/1
f 349/1/1 425/1/1 426/1/1
f 588/1/1 589/1/1 351/1/1
f 351/1/1 589/1/1 590/1/1
f 351/1/1 590/1/1 353/1/1
f 353/1/1 590/1/1 591/1/1
f 353/1/1 591/1/1 581/1/1
f 423/1/1 587/1/1 424/1/1
f 424/1/1 587/1/1 592/1/1
f 424/1/1 592/1/1 427/1/1
f 427/1/1 592/1/1 588/1/1
f 427/1/1 588/1/1 426/1/1
f 426/1/1 588/1/1 351/1/1
f 426/1/1 351/1/1 349/1/1
f 341/1/1 339/1/1 593/1/1
f 421/1/1 420/1/1 586/1/1
f 586/1/1 420/1/1 432/1/1
f 586/1/1 432/1/1 594/1/1
f 594/1/1 432/1/1 433/1/1
f 594/1/1 433/1/1 595/1/1
f 595/1/1 433/1/1 431/1/1
f 593/1/1 339/1/1 596/1/1
f 593/1/1 595/1/1 341/1/1
f 341/1/1 595/1/1 431/1/1
f 341/1/1 431/1/1 343/1/1
f 343/1/1 431/1/1 430/1/1
f 343/1/1 430/1/1 345/1/1
f 345/1/1 430/1/1 429/1/1
f 345/1/1 429/1/1 428/1/1
f 440/1/1 439/1/1 397/1/1
f 397/1/1 439/1/1 399/1/1
f 399/1/1 439/1/1 438/1/1
f 399/1/1 438/1/1 401/1/1
f 401/1/1 438/1/1 437/1/1
f 401/1/1 437/1/1 436/1/1
f 339/1/1 337/1/1 596/1/1
f 596/1/1 337/1/1 335/1/1
f 596/1/1 335/1/1 597/1/1
f 597/1/1 335/1/1 405/1/1
f 597/1/1 405/1/1 598/1/1
f 598/1/1 405/1/1 403/1/1
f 598/1/1 403/1/1 599/1/1
f 600/1/1 601/1/1 447/1/1
f 214/1/1 331/1/1 327/1/1
f 327/1/1 331/1/1 557/1/1
f 327/1/477 557/1/477 559/1/477
f 447/1/1 446/1/1 600/1/1
f 600/1/1 446/1/1 445/1/1
f 600/1/1 445/1/1 602/1/1
f 602/1/1 445/1/1 444/1/1
f 602/1/1 444/1/1 559/1/1
f 559/1/1 444/1/1 443/1/1
f 559/1/478 443/1/478 327/1/478
f 460/1/1 461/1/1 387/1/1
f 387/1/1 461/1/1 323/1/1
f 387/1/1 323/1/1 389/1/1
f 389/1/1 323/1/1 328/1/1
f 389/1/1 328/1/1 391/1/1
f 391/1/1 328/1/1 327/1/1
f 391/1/1 327/1/1 442/1/1
f 442/1/1 327/1/1 443/1/1
f 440/1/1 397/1/1 441/1/1
f 441/1/1 397/1/1 395/1/1
f 441/1/1 395/1/1 442/1/1
f 442/1/1 395/1/1 393/1/1
f 442/1/1 393/1/1 391/1/1
f 403/1/1 401/1/1 599/1/1
f 599/1/1 401/1/1 436/1/1
f 599/1/1 436/1/1 603/1/1
f 603/1/1 436/1/1 435/1/1
f 603/1/1 435/1/1 601/1/1
f 601/1/1 435/1/1 434/1/1
f 601/1/1 434/1/1 447/1/1
f 477/1/479 480/1/479 604/1/479
f 605/1/480 606/1/480 604/1/480
f 604/1/481 606/1/481 607/1/481
f 604/1/482 607/1/482 608/1/482
f 609/1/483 610/1/483 611/1/483
f 609/1/484 611/1/484 612/1/484
f 613/1/485 614/1/485 615/1/485
f 615/1/486 614/1/486 616/1/486
f 615/1/487 616/1/487 617/1/487
f 612/1/488 472/1/488 609/1/488
f 609/1/489 472/1/489 608/1/489
f 609/1/490 608/1/490 610/1/490
f 610/1/491 608/1/491 607/1/491
f 472/1/492 473/1/492 608/1/492
f 608/1/493 473/1/493 479/1/493
f 608/1/494 479/1/494 604/1/494
f 604/1/495 479/1/495 478/1/495
f 604/1/496 478/1/496 477/1/496
f 463/1/497 462/1/497 618/1/497
f 618/1/498 462/1/498 470/1/498
f 618/1/499 470/1/499 612/1/499
f 612/1/500 470/1/500 471/1/500
f 612/1/501 471/1/501 472/1/501
f 466/1/502 465/1/502 615/1/502
f 615/1/503 465/1/503 464/1/503
f 464/1/504 463/1/504 615/1/504
f 615/1/505 463/1/505 618/1/505
f 615/1/506 618/1/506 613/1/506
f 613/1/507 618/1/507 612/1/507
f 613/1/508 612/1/508 619/1/508
f 619/1/509 612/1/509 611/1/509
f 620/1/510 621/1/510 474/1/510
f 622/1/511 623/1/511 489/1/511
f 489/1/512 488/1/512 622/1/512
f 622/1/513 488/1/513 491/1/513
f 622/1/514 491/1/514 624/1/514
f 491/1/515 490/1/515 624/1/515
f 624/1/516 490/1/516 494/1/516
f 624/1/517 494/1/517 625/1/517
f 468/1/518 626/1/518 469/1/518
f 469/1/519 626/1/519 627/1/519
f 469/1/520 627/1/520 492/1/520
f 492/1/521 627/1/521 625/1/521
f 492/1/522 625/1/522 493/1/522
f 493/1/523 625/1/523 494/1/523
f 474/1/524 476/1/524 620/1/524
f 620/1/525 476/1/525 496/1/525
f 620/1/526 496/1/526 628/1/526
f 500/1/527 629/1/527 630/1/527
f 496/1/528 495/1/528 628/1/528
f 628/1/529 495/1/529 498/1/529
f 628/1/530 498/1/530 630/1/530
f 630/1/531 498/1/531 497/1/531
f 630/1/532 497/1/532 500/1/532
f 506/1/533 631/1/533 632/1/533
f 500/1/534 499/1/534 629/1/534
f 629/1/535 499/1/535 502/1/535
f 629/1/536 502/1/536 632/1/536
f 632/1/537 502/1/537 501/1/537
f 632/1/538 501/1/538 506/1/538
f 506/1/539 505/1/539 631/1/539
f 631/1/540 505/1/540 504/1/540
f 631/1/541 504/1/541 633/1/541
f 633/1/542 504/1/542 503/1/542
f 633/1/543 503/1/543 634/1/543
f 634/1/543 503/1/543 481/1/543
f 634/1/544 481/1/544 635/1/544
f 635/1/544 481/1/544 507/1/544
f 635/1/545 507/1/545 636/1/545
f 507/1/546 509/1/546 636/1/546
f 636/1/547 509/1/547 508/1/547
f 636/1/548 508/1/548 637/1/548
f 508/1/549 511/1/549 637/1/549
f 637/1/550 511/1/550 510/1/550
f 637/1/551 510/1/551 638/1/551
f 510/1/552 513/1/552 638/1/552
f 638/1/553 513/1/553 512/1/553
f 638/1/554 512/1/554 639/1/554
f 512/1/555 515/1/555 639/1/555
f 639/1/556 515/1/556 514/1/556
f 639/1/557 514/1/557 640/1/557
f 514/1/558 517/1/558 640/1/558
f 640/1/559 517/1/559 516/1/559
f 640/1/560 516/1/560 641/1/560
f 516/1/561 521/1/561 641/1/561
f 641/1/562 521/1/562 520/1/562
f 641/1/563 520/1/563 642/1/563
f 642/1/563 520/1/563 519/1/563
f 642/1/564 519/1/564 643/1/564
f 643/1/564 519/1/564 518/1/564
f 643/1/565 518/1/565 644/1/565
f 644/1/565 518/1/565 523/1/565
f 644/1/566 523/1/566 645/1/566
f 523/1/566 522/1/566 645/1/566
f 645/1/567 522/1/567 525/1/567
f 645/1/568 525/1/568 646/1/568
f 525/1/569 524/1/569 646/1/569
f 646/1/570 524/1/570 527/1/570
f 646/1/571 527/1/571 647/1/571
f 527/1/572 526/1/572 647/1/572
f 647/1/573 526/1/573 529/1/573
f 647/1/574 529/1/574 648/1/574
f 529/1/575 528/1/575 648/1/575
f 648/1/576 528/1/576 531/1/576
f 648/1/577 531/1/577 649/1/577
f 531/1/578 530/1/578 649/1/578
f 649/1/579 530/1/579 535/1/579
f 649/1/580 535/1/580 650/1/580
f 535/1/581 534/1/581 650/1/581
f 650/1/582 534/1/582 533/1/582
f 650/1/583 533/1/583 651/1/583
f 651/1/584 533/1/584 532/1/584
f 651/1/585 532/1/585 652/1/585
f 652/1/585 532/1/585 482/1/585
f 652/1/586 482/1/586 653/1/586
f 482/1/586 483/1/586 653/1/586
f 653/1/587 483/1/587 485/1/587
f 653/1/588 485/1/588 654/1/588
f 485/1/589 484/1/589 654/1/589
f 654/1/590 484/1/590 487/1/590
f 654/1/591 487/1/591 623/1/591
f 623/1/592 487/1/592 486/1/592
f 623/1/593 486/1/593 489/1/593
f 604/1/594 480/1/594 475/1/594
f 605/1/595 604/1/595 655/1/595
f 655/1/596 604/1/596 475/1/596
f 655/1/597 475/1/597 656/1/597
f 656/1/598 475/1/598 474/1/598
f 656/1/599 474/1/599 621/1/599
f 657/1/600 658/1/600 659/1/600
f 538/1/601 658/1/601 537/1/601
f 537/1/602 658/1/602 657/1/602
f 537/1/603 657/1/603 536/1/603
f 536/1/604 657/1/604 660/1/604
f 536/1/605 660/1/605 545/1/605
f 545/1/606 660/1/606 661/1/606
f 545/1/607 661/1/607 544/1/607
f 544/1/608 661/1/608 662/1/608
f 544/1/609 662/1/609 543/1/609
f 543/1/610 662/1/610 542/1/610
f 542/1/611 662/1/611 663/1/611
f 542/1/612 663/1/612 541/1/612
f 541/1/613 663/1/613 664/1/613
f 541/1/614 664/1/614 540/1/614
f 540/1/615 664/1/615 665/1/615
f 540/1/616 665/1/616 539/1/616
f 666/1/617 556/1/617 555/1/617
f 667/1/618 558/1/618 556/1/618
f 668/1/619 669/1/619 670/1/619
f 670/1/620 669/1/620 671/1/620
f 670/1/621 671/1/621 672/1/621
f 672/1/622 671/1/622 673/1/622
f 672/1/623 673/1/623 667/1/623
f 667/1/624 673/1/624 674/1/624
f 667/1/625 674/1/625 558/1/625
f 558/1/626 674/1/626 560/1/626
f 675/1/627 676/1/627 677/1/627
f 677/1/628 676/1/628 678/1/628
f 677/1/629 678/1/629 668/1/629
f 668/1/630 678/1/630 679/1/630
f 668/1/631 679/1/631 669/1/631
f 680/1/632 681/1/632 682/1/632
f 682/1/633 681/1/633 683/1/633
f 682/1/634 683/1/634 675/1/634
f 675/1/635 683/1/635 684/1/635
f 675/1/636 684/1/636 676/1/636
f 556/1/637 666/1/637 667/1/637
f 667/1/638 666/1/638 685/1/638
f 667/1/639 685/1/639 672/1/639
f 672/1/640 685/1/640 686/1/640
f 672/1/641 686/1/641 670/1/641
f 670/1/642 686/1/642 687/1/642
f 670/1/643 687/1/643 668/1/643
f 668/1/644 687/1/644 688/1/644
f 668/1/645 688/1/645 677/1/645
f 677/1/646 688/1/646 689/1/646
f 677/1/647 689/1/647 675/1/647
f 675/1/648 689/1/648 690/1/648
f 675/1/649 690/1/649 682/1/649
f 682/1/650 690/1/650 691/1/650
f 682/1/651 691/1/651 680/1/651
f 330/1/652 539/1/652 555/1/652
f 555/1/653 539/1/653 665/1/653
f 555/1/654 665/1/654 666/1/654
f 666/1/655 665/1/655 664/1/655
f 666/1/656 664/1/656 685/1/656
f 685/1/657 664/1/657 663/1/657
f 685/1/658 663/1/658 686/1/658
f 686/1/659 663/1/659 662/1/659
f 686/1/660 662/1/660 687/1/660
f 687/1/661 662/1/661 661/1/661
f 687/1/662 661/1/662 688/1/662
f 688/1/663 661/1/663 660/1/663
f 688/1/664 660/1/664 689/1/664
f 689/1/665 660/1/665 657/1/665
f 689/1/666 657/1/666 690/1/666
f 690/1/667 657/1/667 659/1/667
f 690/1/668 659/1/668 691/1/668
f 680/1/669 691/1/669 692/1/669
f 693/1/670 694/1/670 692/1/670
f 692/1/671 694/1/671 695/1/671
f 692/1/672 695/1/672 680/1/672
f 692/1/673 696/1/673 693/1/673
f 693/35/674 696/36/674 697/37/674
f 693/1/675 697/1/675 698/1/675
f 698/38/676 697/39/676 699/40/676
f 699/1/677 697/1/677 700/1/677
f 699/1/678 700/1/678 701/1/678
f 701/1/679 700/1/679 702/1/679
f 701/41/680 702/42/680 703/43/680
f 703/1/681 702/1/681 704/1/681
f 703/1/682 704/1/682 705/1/682
f 705/1/683 704/1/683 706/1/683
f 706/44/684 704/45/684 707/46/684
f 706/1/685 707/1/685 708/1/685
f 709/1/686 564/1/686 566/1/686
f 553/31/687 332/29/687 561/47/687
f 710/1/688 554/1/688 711/1/688
f 711/48/689 554/49/689 553/50/689
f 711/48/690 553/50/690 712/51/690
f 712/1/691 553/1/691 561/1/691
f 712/52/692 561/53/692 564/54/692
f 550/1/693 549/1/693 710/1/693
f 710/1/694 549/1/694 548/1/694
f 710/55/695 548/15/695 554/34/695
f 710/1/696 713/1/696 550/1/696
f 550/1/697 713/1/697 714/1/697
f 550/1/698 714/1/698 551/1/698
f 551/1/699 714/1/699 715/1/699
f 551/1/700 715/1/700 552/1/700
f 552/1/701 715/1/701 546/1/701
f 546/1/702 715/1/702 716/1/702
f 546/1/703 716/1/703 547/1/703
f 547/1/704 716/1/704 658/1/704
f 547/1/705 658/1/705 538/1/705
f 568/56/706 708/57/706 566/58/706
f 566/1/707 708/1/707 707/1/707
f 566/59/708 707/60/708 709/61/708
f 709/1/709 707/1/709 704/1/709
f 709/62/710 704/63/710 717/64/710
f 717/64/711 704/63/711 702/65/711
f 717/64/712 702/65/712 718/66/712
f 718/1/713 702/1/713 700/1/713
f 718/67/714 700/68/714 719/69/714
f 719/1/715 700/1/715 697/1/715
f 719/70/716 697/71/716 720/72/716
f 720/1/717 697/1/717 696/1/717
f 720/73/718 696/74/718 721/75/718
f 721/1/719 696/1/719 692/1/719
f 721/1/720 692/1/720 722/1/720
f 722/1/721 692/1/721 691/1/721
f 722/76/722 691/77/722 659/78/722
f 564/1/723 709/1/723 712/1/723
f 712/1/724 709/1/724 717/1/724
f 712/51/725 717/79/725 711/48/725
f 711/1/726 717/1/726 718/1/726
f 711/80/727 718/81/727 710/82/727
f 710/1/728 718/1/728 719/1/728
f 710/83/729 719/84/729 713/85/729
f 713/1/730 719/1/730 720/1/730
f 713/86/731 720/87/731 714/88/731
f 714/1/732 720/1/732 721/1/732
f 714/89/733 721/90/733 715/81/733
f 715/1/734 721/1/734 722/1/734
f 715/91/735 722/92/735 716/93/735
f 716/1/736 722/1/736 659/1/736
f 716/1/737 659/1/737 658/1/737
f 572/1/738 585/1/738 723/1/738
f 602/1/739 559/1/739 560/1/739
f 576/94/740 724/95/740 567/96/740
f 567/1/740 724/1/740 568/1/740
f 560/1/739 725/1/739 602/1/739
f 602/1/741 725/1/741 726/1/741
f 602/1/742 726/1/742 600/1/742
f 726/1/743 727/1/743 600/1/743
f 600/1/744 727/1/744 728/1/744
f 600/1/745 728/1/745 601/1/745
f 728/1/746 729/1/746 601/1/746
f 601/1/747 729/1/747 730/1/747
f 601/1/748 730/1/748 603/1/748
f 730/1/749 731/1/749 603/1/749
f 603/1/750 731/1/750 732/1/750
f 603/1/751 732/1/751 599/1/751
f 732/1/752 733/1/752 599/1/752
f 599/1/753 733/1/753 734/1/753
f 599/1/754 734/1/754 598/1/754
f 593/1/755 596/1/755 735/1/755
f 734/1/756 736/1/756 598/1/756
f 598/1/757 736/1/757 737/1/757
f 598/1/758 737/1/758 597/1/758
f 597/1/759 737/1/759 738/1/759
f 597/1/760 738/1/760 596/1/760
f 596/1/760 738/1/760 739/1/760
f 596/1/761 739/1/761 735/1/761
f 735/1/762 740/1/762 593/1/762
f 593/1/763 740/1/763 741/1/763
f 593/1/764 741/1/764 595/1/764
f 741/1/765 742/1/765 595/1/765
f 595/1/766 742/1/766 743/1/766
f 595/1/767 743/1/767 594/1/767
f 743/1/768 744/1/768 594/1/768
f 594/1/769 744/1/769 745/1/769
f 594/1/770 745/1/770 586/1/770
f 745/1/771 746/1/771 586/1/771
f 586/1/772 746/1/772 747/1/772
f 586/1/773 747/1/773 587/1/773
f 747/1/774 748/1/774 587/1/774
f 587/1/775 748/1/775 749/1/775
f 587/1/776 749/1/776 592/1/776
f 749/1/777 750/1/777 592/1/777
f 592/1/778 750/1/778 751/1/778
f 592/1/779 751/1/779 588/1/779
f 752/1/780 589/1/780 753/1/780
f 753/1/781 589/1/781 588/1/781
f 753/1/781 588/1/781 754/1/781
f 754/1/782 588/1/782 751/1/782
f 579/97/783 580/98/783 755/99/783
f 755/1/784 580/1/784 582/1/784
f 755/1/784 582/1/784 756/1/784
f 756/1/785 582/1/785 581/1/785
f 756/1/785 581/1/785 757/1/785
f 757/1/786 581/1/786 591/1/786
f 757/1/787 591/1/787 752/1/787
f 752/1/788 591/1/788 590/1/788
f 752/1/780 590/1/780 589/1/780
f 755/99/789 758/100/789 579/97/789
f 579/1/790 758/1/790 759/1/790
f 579/101/791 759/102/791 578/103/791
f 759/102/792 760/104/792 578/103/792
f 578/1/793 760/1/793 761/1/793
f 578/103/794 761/105/794 577/106/794
f 761/105/795 762/107/795 577/106/795
f 577/1/796 762/1/796 763/1/796
f 577/108/797 763/109/797 583/110/797
f 763/109/798 764/111/798 583/110/798
f 583/110/799 764/111/799 765/112/799
f 583/110/800 765/112/800 584/113/800
f 765/112/801 766/114/801 584/113/801
f 584/1/802 766/1/802 767/1/802
f 584/1/803 767/1/803 585/1/803
f 585/1/804 767/1/804 768/1/804
f 585/1/805 768/1/805 723/1/805
f 723/1/738 769/1/738 572/1/738
f 572/1/806 769/1/806 770/1/806
f 572/1/807 770/1/807 571/1/807
f 571/1/808 770/1/808 771/1/808
f 571/1/809 771/1/809 570/1/809
f 771/1/810 772/1/810 570/1/810
f 570/1/811 772/1/811 773/1/811
f 570/1/812 773/1/812 569/1/812
f 773/1/813 774/1/813 569/1/813
f 569/1/814 774/1/814 775/1/814
f 569/1/815 775/1/815 575/1/815
f 775/115/816 776/116/816 575/117/816
f 575/1/817 776/1/817 777/1/817
f 575/118/818 777/119/818 573/120/818
f 777/1/819 778/1/819 573/1/819
f 573/1/820 778/1/820 779/1/820
f 573/1/821 779/1/821 574/1/821
f 779/121/822 780/122/822 574/123/822
f 574/1/823 780/1/823 781/1/823
f 574/1/824 781/1/824 576/1/824
f 576/94/825 781/124/825 782/125/825
f 576/94/826 782/125/826 724/95/826
f 783/1/827 784/1/827 785/1/827
f 786/1/828 787/1/828 788/1/828
f 789/1/829 790/1/829 791/1/829
f 791/1/830 790/1/830 792/1/830
f 791/1/830 792/1/830 793/1/830
f 793/1/831 792/1/831 794/1/831
f 793/1/832 794/1/832 795/1/832
f 795/1/833 794/1/833 796/1/833
f 795/126/834 796/127/834 786/128/834
f 786/1/835 796/1/835 797/1/835
f 786/1/836 797/1/836 798/1/836
f 799/1/837 800/1/837 789/1/837
f 789/1/838 800/1/838 801/1/838
f 789/1/829 801/1/829 790/1/829
f 783/1/839 785/1/839 802/1/839
f 786/1/840 788/1/840 795/1/840
f 795/1/841 788/1/841 803/1/841
f 795/1/842 803/1/842 793/1/842
f 793/1/843 803/1/843 804/1/843
f 793/1/844 804/1/844 791/1/844
f 791/1/845 804/1/845 802/1/845
f 791/1/846 802/1/846 789/1/846
f 789/1/847 802/1/847 785/1/847
f 789/1/848 785/1/848 799/1/848
f 785/1/849 784/1/849 805/1/849
f 785/1/850 805/1/850 806/1/850
f 806/1/851 805/1/851 807/1/851
f 806/1/852 807/1/852 808/1/852
f 808/129/853 807/130/853 809/131/853
f 808/129/854 809/131/854 810/132/854
f 810/132/855 809/131/855 811/133/855
f 811/1/856 809/1/856 812/1/856
f 811/1/857 812/1/857 813/1/857
f 787/1/858 786/1/858 814/1/858
f 814/1/859 786/1/859 798/1/859
f 814/1/860 798/1/860 815/1/860
f 798/1/861 816/1/861 815/1/861
f 815/1/862 816/1/862 817/1/862
f 815/1/863 817/1/863 818/1/863
f 818/1/864 817/1/864 819/1/864
f 818/1/865 819/1/865 820/1/865
f 820/1/866 819/1/866 821/1/866
f 820/1/867 821/1/867 822/1/867
f 617/1/868 616/1/868 787/1/868
f 787/1/869 616/1/869 614/1/869
f 787/1/85 614/1/85 788/1/85
f 788/1/85 614/1/85 613/1/85
f 788/1/85 613/1/85 803/1/85
f 803/1/85 613/1/85 804/1/85
f 804/1/85 613/1/85 619/1/85
f 804/134/85 619/135/85 802/136/85
f 619/1/85 611/1/85 802/1/85
f 802/1/85 611/1/85 610/1/85
f 802/1/85 610/1/85 783/1/85
f 783/1/85 610/1/85 607/1/85
f 783/1/85 607/1/85 784/1/85
f 784/1/870 607/1/870 606/1/870
f 784/1/871 606/1/871 605/1/871
f 467/1/872 466/1/872 615/1/872
f 626/1/873 468/1/873 823/1/873
f 823/1/874 468/1/874 467/1/874
f 823/1/875 467/1/875 824/1/875
f 824/1/876 467/1/876 615/1/876
f 824/1/877 615/1/877 617/1/877
f 825/1/85 826/1/85 827/1/85
f 828/1/85 829/1/85 830/1/85
f 830/1/85 829/1/85 656/1/85
f 823/1/85 825/1/85 626/1/85
f 626/1/85 825/1/85 827/1/85
f 626/1/85 827/1/85 627/1/85
f 656/1/85 621/1/85 830/1/85
f 830/1/85 621/1/85 620/1/85
f 830/1/85 620/1/85 831/1/85
f 831/1/85 620/1/85 628/1/85
f 831/1/85 628/1/85 832/1/85
f 832/1/85 628/1/85 630/1/85
f 832/1/85 630/1/85 833/1/85
f 833/1/85 630/1/85 629/1/85
f 833/1/85 629/1/85 834/1/85
f 834/1/85 629/1/85 632/1/85
f 834/1/85 632/1/85 835/1/85
f 835/1/85 632/1/85 836/1/85
f 836/1/85 632/1/85 631/1/85
f 836/1/85 631/1/85 837/1/85
f 838/1/85 624/1/85 827/1/85
f 827/1/85 624/1/85 625/1/85
f 827/1/85 625/1/85 627/1/85
f 838/1/85 839/1/85 624/1/85
f 624/1/85 839/1/85 840/1/85
f 624/1/85 840/1/85 622/1/85
f 622/1/85 840/1/85 841/1/85
f 622/1/85 841/1/85 623/1/85
f 623/1/85 841/1/85 842/1/85
f 623/1/85 842/1/85 654/1/85
f 654/1/85 842/1/85 843/1/85
f 654/1/85 843/1/85 653/1/85
f 653/1/85 843/1/85 844/1/85
f 653/1/85 844/1/85 652/1/85
f 652/1/85 844/1/85 845/1/85
f 652/1/85 845/1/85 651/1/85
f 651/1/85 845/1/85 846/1/85
f 651/1/85 846/1/85 650/1/85
f 650/1/85 846/1/85 847/1/85
f 650/1/85 847/1/85 649/1/85
f 649/1/85 847/1/85 848/1/85
f 649/1/85 848/1/85 648/1/85
f 648/1/85 848/1/85 849/1/85
f 648/1/85 849/1/85 647/1/85
f 647/1/85 849/1/85 850/1/85
f 647/1/85 850/1/85 646/1/85
f 646/1/85 850/1/85 851/1/85
f 646/1/85 851/1/85 645/1/85
f 645/1/85 851/1/85 852/1/85
f 645/1/85 852/1/85 644/1/85
f 644/1/85 852/1/85 853/1/85
f 644/1/85 853/1/85 643/1/85
f 643/1/85 853/1/85 854/1/85
f 643/1/85 854/1/85 642/1/85
f 642/1/85 854/1/85 855/1/85
f 642/1/85 855/1/85 641/1/85
f 641/1/85 855/1/85 856/1/85
f 641/1/85 856/1/85 640/1/85
f 640/1/85 856/1/85 857/1/85
f 640/1/85 857/1/85 639/1/85
f 639/1/85 857/1/85 858/1/85
f 639/1/85 858/1/85 638/1/85
f 638/1/85 858/1/85 859/1/85
f 638/1/85 859/1/85 637/1/85
f 637/1/85 859/1/85 860/1/85
f 637/1/85 860/1/85 636/1/85
f 636/1/85 860/1/85 861/1/85
f 636/1/85 861/1/85 635/1/85
f 635/1/85 861/1/85 862/1/85
f 635/1/85 862/1/85 634/1/85
f 634/1/85 862/1/85 837/1/85
f 634/1/85 837/1/85 633/1/85
f 633/1/85 837/1/85 631/1/85
f 863/1/878 864/1/878 865/1/878
f 866/1/879 828/1/879 830/1/879
f 830/1/880 867/1/880 866/1/880
f 866/1/881 867/1/881 863/1/881
f 866/1/882 863/1/882 868/1/882
f 868/1/883 863/1/883 865/1/883
f 869/1/884 870/1/884 871/1/884
f 871/1/885 872/1/885 869/1/885
f 869/1/886 872/1/886 873/1/886
f 869/1/887 873/1/887 874/1/887
f 874/1/888 873/1/888 827/1/888
f 874/1/889 827/1/889 826/1/889
f 811/1/890 813/1/890 875/1/890
f 876/1/891 877/1/891 875/1/891
f 875/1/892 877/1/892 878/1/892
f 875/1/893 878/1/893 811/1/893
f 875/1/894 879/1/894 876/1/894
f 876/1/895 879/1/895 880/1/895
f 876/1/896 880/1/896 881/1/896
f 881/1/897 880/1/897 882/1/897
f 881/1/898 882/1/898 883/1/898
f 828/1/899 655/1/899 829/1/899
f 829/1/899 655/1/899 656/1/899
f 866/1/900 807/1/900 828/1/900
f 828/1/901 807/1/901 805/1/901
f 828/1/902 805/1/902 655/1/902
f 655/1/903 805/1/903 784/1/903
f 655/1/904 784/1/904 605/1/904
f 865/1/905 813/1/905 868/1/905
f 868/1/906 813/1/906 812/1/906
f 868/1/907 812/1/907 866/1/907
f 866/1/908 812/1/908 809/1/908
f 866/1/909 809/1/909 807/1/909
f 884/1/910 885/1/910 865/1/910
f 886/1/911 887/1/911 888/1/911
f 888/1/912 887/1/912 884/1/912
f 888/1/913 884/1/913 889/1/913
f 889/1/914 884/1/914 865/1/914
f 890/1/915 891/1/915 892/1/915
f 892/1/916 891/1/916 893/1/916
f 892/1/917 893/1/917 894/1/917
f 894/1/918 886/1/918 892/1/918
f 892/1/919 886/1/919 888/1/919
f 892/1/920 888/1/920 890/1/920
f 890/1/921 888/1/921 889/1/921
f 890/1/922 889/1/922 895/1/922
f 895/1/923 889/1/923 865/1/923
f 895/1/924 865/1/924 864/1/924
f 896/137/925 897/138/925 769/139/925
f 769/139/926 723/140/926 896/137/926
f 896/137/927 723/140/927 768/141/927
f 896/137/928 768/141/928 898/142/928
f 898/142/929 768/141/929 899/143/929
f 899/143/930 768/141/930 767/144/930
f 899/143/931 767/144/931 900/145/931
f 900/145/932 767/144/932 766/146/932
f 900/145/933 766/146/933 901/147/933
f 901/147/934 766/146/934 765/148/934
f 901/147/935 765/148/935 902/149/935
f 902/149/936 765/148/936 764/150/936
f 902/149/937 764/150/937 903/151/937
f 903/151/938 764/150/938 763/152/938
f 903/1/939 763/1/939 904/1/939
f 763/153/940 762/154/940 904/155/940
f 904/156/941 762/107/941 761/105/941
f 904/157/942 761/158/942 905/159/942
f 905/160/943 761/105/943 760/104/943
f 905/159/944 760/161/944 906/162/944
f 906/163/945 760/104/945 759/102/945
f 906/162/946 759/164/946 907/165/946
f 907/166/947 759/102/947 758/167/947
f 907/165/948 758/168/948 908/169/948
f 908/170/949 758/100/949 755/99/949
f 908/169/950 755/171/950 909/172/950
f 909/173/951 755/174/951 910/175/951
f 910/176/952 755/99/952 756/177/952
f 910/176/953 756/177/953 911/178/953
f 911/178/954 756/177/954 912/179/954
f 912/1/955 756/1/955 757/1/955
f 912/1/956 757/1/956 913/1/956
f 913/1/957 757/1/957 914/1/957
f 914/1/958 757/1/958 752/1/958
f 914/1/959 752/1/959 915/1/959
f 915/1/960 752/1/960 916/1/960
f 916/1/961 752/1/961 753/1/961
f 916/1/962 753/1/962 917/1/962
f 917/1/963 753/1/963 918/1/963
f 918/1/964 753/1/964 754/1/964
f 918/1/965 754/1/965 919/1/965
f 919/1/966 754/1/966 920/1/966
f 920/1/967 754/1/967 751/1/967
f 920/1/968 751/1/968 921/1/968
f 921/1/969 751/1/969 750/1/969
f 921/1/970 750/1/970 922/1/970
f 922/1/971 750/1/971 749/1/971
f 922/1/972 749/1/972 923/1/972
f 923/1/973 749/1/973 748/1/973
f 923/1/974 748/1/974 924/1/974
f 924/1/975 748/1/975 747/1/975
f 924/1/976 747/1/976 925/1/976
f 925/1/977 747/1/977 926/1/977
f 926/1/978 747/1/978 746/1/978
f 926/1/979 746/1/979 927/1/979
f 927/1/980 746/1/980 745/1/980
f 927/1/981 745/1/981 928/1/981
f 928/1/982 745/1/982 744/1/982
f 928/1/983 744/1/983 929/1/983
f 929/1/984 744/1/984 743/1/984
f 929/1/985 743/1/985 930/1/985
f 930/1/986 743/1/986 742/1/986
f 930/1/987 742/1/987 931/1/987
f 739/1/988 932/1/988 735/1/988
f 735/1/989 932/1/989 933/1/989
f 735/1/990 933/1/990 740/1/990
f 740/1/991 933/1/991 931/1/991
f 740/1/992 931/1/992 741/1/992
f 741/1/993 931/1/993 742/1/993
f 934/1/994 673/1/994 671/1/994
f 671/1/995 669/1/995 934/1/995
f 934/1/996 669/1/996 679/1/996
f 934/1/997 679/1/997 935/1/997
f 935/1/998 679/1/998 883/1/998
f 808/1/999 810/1/999 678/1/999
f 678/1/1000 810/1/1000 811/1/1000
f 881/1/1001 883/1/1001 876/1/1001
f 876/1/1002 883/1/1002 679/1/1002
f 876/1/1003 679/1/1003 877/1/1003
f 877/1/1004 679/1/1004 678/1/1004
f 877/1/1005 678/1/1005 878/1/1005
f 878/1/1006 678/1/1006 811/1/1006
f 695/1/1007 792/1/1007 680/1/1007
f 680/1/1008 792/1/1008 790/1/1008
f 680/1/1009 790/1/1009 681/1/1009
f 681/1/1010 790/1/1010 801/1/1010
f 681/1/1011 801/1/1011 683/1/1011
f 683/1/1012 801/1/1012 800/1/1012
f 683/1/1013 800/1/1013 684/1/1013
f 684/1/1014 800/1/1014 799/1/1014
f 684/1/1015 799/1/1015 676/1/1015
f 676/1/1016 799/1/1016 785/1/1016
f 676/1/1017 785/1/1017 678/1/1017
f 678/1/1018 785/1/1018 806/1/1018
f 678/1/1019 806/1/1019 808/1/1019
f 821/1/1020 819/1/1020 699/1/1020
f 819/1/1021 817/1/1021 699/1/1021
f 699/40/1022 817/134/1022 816/180/1022
f 699/40/1023 816/180/1023 698/38/1023
f 698/1/1024 816/1/1024 798/1/1024
f 698/1/1025 798/1/1025 693/1/1025
f 693/181/1026 798/182/1026 797/183/1026
f 693/181/1027 797/183/1027 694/184/1027
f 694/185/1028 797/186/1028 796/187/1028
f 694/1/1029 796/1/1029 695/1/1029
f 695/1/1030 796/1/1030 794/1/1030
f 695/1/1031 794/1/1031 792/1/1031
f 703/43/1032 936/188/1032 701/41/1032
f 701/41/1033 936/188/1033 937/189/1033
f 701/41/1034 937/189/1034 938/190/1034
f 938/190/1035 939/191/1035 701/41/1035
f 701/1/1036 939/1/1036 940/1/1036
f 701/1/1037 940/1/1037 699/1/1037
f 699/1/1038 940/1/1038 941/1/1038
f 699/1/1039 941/1/1039 821/1/1039
f 703/43/1040 705/192/1040 936/188/1040
f 936/188/1041 705/192/1041 706/193/1041
f 936/188/1042 706/193/1042 942/194/1042
f 942/194/1043 706/193/1043 708/57/1043
f 942/194/1044 708/57/1044 943/195/1044
f 943/195/1045 708/57/1045 568/56/1045
f 568/56/1046 724/95/1046 943/195/1046
f 943/195/1047 724/95/1047 782/125/1047
f 943/195/1048 782/125/1048 944/196/1048
f 944/196/1049 782/125/1049 781/124/1049
f 944/196/1050 781/124/1050 945/197/1050
f 945/197/1051 781/124/1051 780/198/1051
f 945/199/1052 780/122/1052 946/200/1052
f 946/200/1053 780/122/1053 779/121/1053
f 946/200/1054 779/121/1054 947/201/1054
f 947/201/1055 779/121/1055 778/202/1055
f 947/201/1056 778/202/1056 948/203/1056
f 948/203/1057 778/202/1057 777/204/1057
f 948/205/1058 777/206/1058 949/207/1058
f 949/208/1059 777/209/1059 776/210/1059
f 949/207/1060 776/211/1060 950/212/1060
f 950/213/1061 776/210/1061 775/214/1061
f 950/212/1062 775/215/1062 951/216/1062
f 951/217/1063 775/214/1063 774/218/1063
f 951/216/1064 774/219/1064 952/220/1064
f 952/221/1065 774/218/1065 773/222/1065
f 952/220/1066 773/223/1066 953/224/1066
f 773/222/1067 772/225/1067 953/226/1067
f 953/226/1068 772/225/1068 771/227/1068
f 953/224/1069 771/228/1069 954/229/1069
f 771/227/1070 770/230/1070 954/231/1070
f 954/1/1071 770/1/1071 769/1/1071
f 954/232/1072 769/139/1072 897/138/1072
f 560/1/1073 674/1/1073 725/1/1073
f 725/1/1074 674/1/1074 955/1/1074
f 673/1/1075 934/1/1075 674/1/1075
f 674/1/1076 934/1/1076 956/1/1076
f 674/1/1077 956/1/1077 955/1/1077
f 932/1/1078 739/1/1078 957/1/1078
f 957/1/1079 739/1/1079 738/1/1079
f 957/1/1080 738/1/1080 958/1/1080
f 958/1/1081 738/1/1081 737/1/1081
f 958/1/1082 737/1/1082 959/1/1082
f 959/1/1083 737/1/1083 960/1/1083
f 960/1/1084 737/1/1084 736/1/1084
f 960/1/1085 736/1/1085 961/1/1085
f 961/1/1086 736/1/1086 734/1/1086
f 961/1/1087 734/1/1087 962/1/1087
f 962/1/1088 734/1/1088 733/1/1088
f 962/1/1089 733/1/1089 963/1/1089
f 963/1/1090 733/1/1090 732/1/1090
f 963/1/1091 732/1/1091 964/1/1091
f 964/1/1092 732/1/1092 731/1/1092
f 964/1/1093 731/1/1093 965/1/1093
f 965/1/1094 731/1/1094 730/1/1094
f 965/1/1095 730/1/1095 966/1/1095
f 966/1/1096 730/1/1096 729/1/1096
f 966/1/1097 729/1/1097 967/1/1097
f 967/1/1098 729/1/1098 728/1/1098
f 967/1/1099 728/1/1099 968/1/1099
f 968/1/1100 728/1/1100 727/1/1100
f 968/1/1101 727/1/1101 955/1/1101
f 955/1/1102 727/1/1102 726/1/1102
f 955/1/1103 726/1/1103 725/1/1103
f 815/1/1104 824/1/1104 814/1/1104
f 814/1/1105 824/1/1105 617/1/1105
f 814/1/1106 617/1/1106 787/1/1106
f 815/1/1107 826/1/1107 824/1/1107
f 824/1/1108 826/1/1108 825/1/1108
f 824/1/1108 825/1/1108 823/1/1108
f 815/1/1109 818/1/1109 826/1/1109
f 826/1/1110 818/1/1110 820/1/1110
f 826/1/1111 820/1/1111 874/1/1111
f 874/1/1112 820/1/1112 869/1/1112
f 869/1/1113 820/1/1113 822/1/1113
f 869/1/1114 822/1/1114 870/1/1114
f 969/1/1115 822/1/1115 821/1/1115
f 939/1/1116 938/1/1116 970/1/1116
f 970/1/1117 971/1/1117 939/1/1117
f 939/1/1118 971/1/1118 972/1/1118
f 939/1/1119 972/1/1119 940/1/1119
f 940/1/1120 972/1/1120 969/1/1120
f 940/1/1121 969/1/1121 941/1/1121
f 941/1/1122 969/1/1122 821/1/1122
f 973/1/1123 974/1/1123 975/1/1123
f 976/1/1124 977/1/1124 978/1/1124
f 977/1/1125 979/1/1125 978/1/1125
f 978/1/1126 979/1/1126 980/1/1126
f 978/1/1127 980/1/1127 981/1/1127
f 981/1/1128 980/1/1128 982/1/1128
f 981/1/1129 982/1/1129 975/1/1129
f 975/1/1130 982/1/1130 983/1/1130
f 975/1/1131 983/1/1131 973/1/1131
f 984/1/1132 871/1/1132 870/1/1132
f 973/1/1133 985/1/1133 974/1/1133
f 974/1/1134 985/1/1134 986/1/1134
f 974/1/1135 986/1/1135 975/1/1135
f 975/1/1136 986/1/1136 987/1/1136
f 975/1/1137 987/1/1137 981/1/1137
f 981/1/1138 987/1/1138 984/1/1138
f 981/1/1139 984/1/1139 978/1/1139
f 978/1/1140 984/1/1140 870/1/1140
f 978/1/1141 870/1/1141 976/1/1141
f 872/1/1142 838/1/1142 873/1/1142
f 873/1/1143 838/1/1143 827/1/1143
f 987/1/1144 986/1/1144 985/1/1144
f 872/1/1145 871/1/1145 838/1/1145
f 838/1/1146 871/1/1146 984/1/1146
f 838/1/1147 984/1/1147 987/1/1147
f 895/1/1148 864/1/1148 831/1/1148
f 890/1/1149 895/1/1149 891/1/1149
f 891/1/1150 895/1/1150 831/1/1150
f 891/1/1151 831/1/1151 893/1/1151
f 893/1/1152 831/1/1152 988/1/1152
f 864/1/1153 863/1/1153 831/1/1153
f 831/1/1154 863/1/1154 867/1/1154
f 831/1/1155 867/1/1155 830/1/1155
f 987/1/1156 985/1/1156 838/1/1156
f 838/1/1157 985/1/1157 989/1/1157
f 838/1/1158 989/1/1158 839/1/1158
f 989/1/1159 990/1/1159 839/1/1159
f 839/1/1160 990/1/1160 991/1/1160
f 839/1/1161 991/1/1161 840/1/1161
f 991/1/1162 992/1/1162 840/1/1162
f 840/1/1163 992/1/1163 993/1/1163
f 840/1/1164 993/1/1164 841/1/1164
f 993/1/1165 994/1/1165 841/1/1165
f 841/1/1166 994/1/1166 995/1/1166
f 841/1/1167 995/1/1167 842/1/1167
f 995/1/1168 996/1/1168 842/1/1168
f 842/1/1169 996/1/1169 997/1/1169
f 842/1/1170 997/1/1170 843/1/1170
f 997/1/1171 998/1/1171 843/1/1171
f 843/1/1172 998/1/1172 999/1/1172
f 843/1/1173 999/1/1173 844/1/1173
f 999/1/1174 1000/1/1174 844/1/1174
f 844/1/1175 1000/1/1175 1001/1/1175
f 844/1/1176 1001/1/1176 845/1/1176
f 845/1/1177 1001/1/1177 1002/1/1177
f 845/1/1178 1002/1/1178 846/1/1178
f 846/1/1179 1002/1/1179 1003/1/1179
f 846/1/1180 1003/1/1180 847/1/1180
f 1003/1/1181 1004/1/1181 847/1/1181
f 847/1/1182 1004/1/1182 1005/1/1182
f 847/1/1183 1005/1/1183 848/1/1183
f 1005/1/1184 1006/1/1184 848/1/1184
f 848/1/1185 1006/1/1185 1007/1/1185
f 848/1/1186 1007/1/1186 849/1/1186
f 1007/1/1187 1008/1/1187 849/1/1187
f 849/1/1188 1008/1/1188 1009/1/1188
f 849/1/1189 1009/1/1189 850/1/1189
f 1009/1/1190 1010/1/1190 850/1/1190
f 850/1/1191 1010/1/1191 1011/1/1191
f 850/1/1192 1011/1/1192 851/1/1192
f 1011/1/1193 1012/1/1193 851/1/1193
f 851/1/1194 1012/1/1194 1013/1/1194
f 851/1/1195 1013/1/1195 852/1/1195
f 1013/1/1196 1014/1/1196 852/1/1196
f 852/1/1197 1014/1/1197 1015/1/1197
f 852/1/1198 1015/1/1198 853/1/1198
f 1015/1/1199 1016/1/1199 853/1/1199
f 853/1/1200 1016/1/1200 1017/1/1200
f 853/1/1201 1017/1/1201 854/1/1201
f 1017/1/1202 1018/1/1202 854/1/1202
f 854/1/1203 1018/1/1203 1019/1/1203
f 854/1/1204 1019/1/1204 855/1/1204
f 1019/1/1205 1020/1/1205 855/1/1205
f 855/1/1206 1020/1/1206 1021/1/1206
f 855/1/1207 1021/1/1207 856/1/1207
f 1021/1/1208 1022/1/1208 856/1/1208
f 856/1/1209 1022/1/1209 1023/1/1209
f 856/1/1210 1023/1/1210 857/1/1210
f 1023/1/1211 1024/1/1211 857/1/1211
f 857/1/1212 1024/1/1212 1025/1/1212
f 857/1/1213 1025/1/1213 858/1/1213
f 1025/1/1214 1026/1/1214 858/1/1214
f 858/1/1215 1026/1/1215 1027/1/1215
f 858/1/1216 1027/1/1216 859/1/1216
f 1027/1/1217 1028/1/1217 859/1/1217
f 859/1/1218 1028/1/1218 1029/1/1218
f 859/1/1219 1029/1/1219 860/1/1219
f 1029/1/1220 1030/1/1220 860/1/1220
f 860/1/1221 1030/1/1221 1031/1/1221
f 860/1/1222 1031/1/1222 861/1/1222
f 1031/1/1223 1032/1/1223 861/1/1223
f 861/1/1224 1032/1/1224 1033/1/1224
f 861/1/1225 1033/1/1225 862/1/1225
f 1033/1/1226 1034/1/1226 862/1/1226
f 862/1/1227 1034/1/1227 1035/1/1227
f 862/1/1228 1035/1/1228 837/1/1228
f 1035/1/1229 1036/1/1229 837/1/1229
f 837/1/1230 1036/1/1230 1037/1/1230
f 837/1/1231 1037/1/1231 836/1/1231
f 1037/1/1232 1038/1/1232 836/1/1232
f 836/1/1233 1038/1/1233 1039/1/1233
f 836/1/1234 1039/1/1234 835/1/1234
f 1039/1/1235 1040/1/1235 835/1/1235
f 835/1/1236 1040/1/1236 1041/1/1236
f 835/1/1237 1041/1/1237 834/1/1237
f 1041/1/1238 1042/1/1238 834/1/1238
f 834/1/1239 1042/1/1239 1043/1/1239
f 834/1/1240 1043/1/1240 833/1/1240
f 1043/1/1241 1044/1/1241 833/1/1241
f 833/1/1242 1044/1/1242 1045/1/1242
f 833/1/1243 1045/1/1243 832/1/1243
f 1045/1/1244 1046/1/1244 832/1/1244
f 832/1/1245 1046/1/1245 1047/1/1245
f 832/1/1246 1047/1/1246 831/1/1246
f 831/1/1247 1047/1/1247 1048/1/1247
f 831/1/1248 1048/1/1248 988/1/1248
f 813/1/1249 865/1/1249 885/1/1249
f 813/1/1250 885/1/1250 875/1/1250
f 875/1/1251 885/1/1251 884/1/1251
f 875/233/1252 884/234/1252 879/235/1252
f 879/1/1253 884/1/1253 887/1/1253
f 879/1/1254 887/1/1254 880/1/1254
f 880/1/1255 887/1/1255 882/1/1255
f 882/1/1256 887/1/1256 886/1/1256
f 882/1/1257 886/1/1257 894/1/1257
f 1049/1/1258 1050/1/1258 933/1/1258
f 883/1/1259 882/1/1259 1051/1/1259
f 1052/236/1260 970/237/1260 938/238/1260
f 1053/239/1261 1054/240/1261 949/241/1261
f 949/207/1262 950/212/1262 1053/242/1262
f 1053/242/1263 950/212/1263 951/216/1263
f 1053/243/1264 951/244/1264 1055/245/1264
f 951/216/1265 952/220/1265 1055/246/1265
f 1055/246/1266 952/220/1266 953/224/1266
f 1055/247/1267 953/248/1267 1056/249/1267
f 1056/249/1268 953/248/1268 954/250/1268
f 1056/249/1269 954/250/1269 1057/251/1269
f 1057/1/1269 954/1/1269 897/1/1269
f 1057/252/1270 897/253/1270 1058/254/1270
f 897/255/1270 896/256/1270 1058/257/1270
f 1058/257/1271 896/256/1271 898/258/1271
f 1058/257/1272 898/258/1272 1059/259/1272
f 898/258/1273 899/260/1273 1059/259/1273
f 1059/259/1274 899/260/1274 900/261/1274
f 1059/262/1275 900/263/1275 1060/264/1275
f 903/265/1276 1061/266/1276 902/267/1276
f 902/267/1277 1061/266/1277 1060/268/1277
f 902/1/1278 1060/1/1278 901/1/1278
f 901/269/1279 1060/264/1279 900/263/1279
f 903/1/1280 904/1/1280 1061/1/1280
f 1061/270/1281 904/271/1281 905/272/1281
f 1061/270/1282 905/272/1282 1062/273/1282
f 905/1/1283 906/1/1283 1062/1/1283
f 1062/274/1284 906/275/1284 907/276/1284
f 1062/274/1285 907/276/1285 1063/277/1285
f 1063/1/1286 907/1/1286 908/1/1286
f 1063/278/1287 908/279/1287 1064/280/1287
f 908/279/1288 909/281/1288 1064/280/1288
f 1064/1/1289 909/1/1289 910/1/1289
f 1064/1/1290 910/1/1290 1065/1/1290
f 910/282/1291 911/283/1291 1065/284/1291
f 1065/1/1292 911/1/1292 912/1/1292
f 1065/1/1293 912/1/1293 1066/1/1293
f 912/1/1294 913/1/1294 1066/1/1294
f 1066/1/1295 913/1/1295 914/1/1295
f 1066/1/1296 914/1/1296 1067/1/1296
f 914/1/1297 915/1/1297 1067/1/1297
f 1067/1/1298 915/1/1298 916/1/1298
f 1067/1/1299 916/1/1299 1068/1/1299
f 916/1/1300 917/1/1300 1068/1/1300
f 1068/1/1301 917/1/1301 918/1/1301
f 1068/1/1302 918/1/1302 1069/1/1302
f 918/1/1303 919/1/1303 1069/1/1303
f 1069/1/1304 919/1/1304 920/1/1304
f 1069/1/1305 920/1/1305 1070/1/1305
f 920/1/1306 921/1/1306 1070/1/1306
f 1070/1/1307 921/1/1307 922/1/1307
f 1070/1/1308 922/1/1308 1071/1/1308
f 922/1/1309 923/1/1309 1071/1/1309
f 1071/1/1310 923/1/1310 924/1/1310
f 1071/1/1311 924/1/1311 1072/1/1311
f 924/1/1312 925/1/1312 1072/1/1312
f 1072/1/1313 925/1/1313 926/1/1313
f 1072/1/1314 926/1/1314 1073/1/1314
f 926/1/1315 927/1/1315 1073/1/1315
f 1073/1/1316 927/1/1316 928/1/1316
f 1073/1/1317 928/1/1317 1074/1/1317
f 928/1/1318 929/1/1318 1074/1/1318
f 1074/1/1319 929/1/1319 930/1/1319
f 1074/1/1320 930/1/1320 1050/1/1320
f 1050/1/1321 930/1/1321 931/1/1321
f 1050/1/1322 931/1/1322 933/1/1322
f 933/1/1258 932/1/1258 1049/1/1258
f 1049/1/1323 932/1/1323 957/1/1323
f 1049/1/1324 957/1/1324 1075/1/1324
f 1075/1/1325 957/1/1325 958/1/1325
f 1075/1/1326 958/1/1326 1076/1/1326
f 958/1/1327 959/1/1327 1076/1/1327
f 1076/1/1328 959/1/1328 960/1/1328
f 1076/1/1329 960/1/1329 1077/1/1329
f 960/1/1330 961/1/1330 1077/1/1330
f 1077/1/1331 961/1/1331 962/1/1331
f 1077/1/1332 962/1/1332 1078/1/1332
f 962/1/1333 963/1/1333 1078/1/1333
f 1078/1/1334 963/1/1334 964/1/1334
f 1078/1/1335 964/1/1335 1079/1/1335
f 1079/1/1336 964/1/1336 965/1/1336
f 965/1/1337 966/1/1337 1079/1/1337
f 1079/1/1338 966/1/1338 967/1/1338
f 1079/1/1339 967/1/1339 1080/1/1339
f 967/1/1340 968/1/1340 1080/1/1340
f 1080/1/1341 968/1/1341 955/1/1341
f 1080/1/1342 955/1/1342 1081/1/1342
f 955/1/1343 956/1/1343 1081/1/1343
f 1081/1/1344 956/1/1344 934/1/1344
f 1081/1/1345 934/1/1345 1051/1/1345
f 1051/1/1346 934/1/1346 935/1/1346
f 1051/1/1347 935/1/1347 883/1/1347
f 938/1/1260 937/1/1260 1052/1/1260
f 1052/1/1348 937/1/1348 936/1/1348
f 1052/285/1349 936/188/1349 1082/286/1349
f 936/188/1350 942/194/1350 1082/286/1350
f 1082/286/1351 942/194/1351 943/195/1351
f 1082/286/1352 943/195/1352 1083/287/1352
f 943/195/1353 944/196/1353 1083/287/1353
f 1083/287/1354 944/196/1354 945/197/1354
f 1083/287/1355 945/197/1355 1084/288/1355
f 945/199/1356 946/200/1356 1084/289/1356
f 1084/1/1357 946/1/1357 947/1/1357
f 1084/290/1358 947/291/1358 1054/292/1358
f 1054/293/1359 947/201/1359 948/203/1359
f 1054/294/1360 948/205/1360 949/207/1360
f 970/1/1361 973/1/1361 983/1/1361
f 970/1/1362 983/1/1362 971/1/1362
f 971/1/1363 983/1/1363 982/1/1363
f 971/1/1364 982/1/1364 972/1/1364
f 982/1/1365 980/1/1365 972/1/1365
f 972/1/1366 980/1/1366 979/1/1366
f 972/1/1367 979/1/1367 969/1/1367
f 870/1/1368 822/1/1368 976/1/1368
f 976/1/1369 822/1/1369 969/1/1369
f 976/1/1370 969/1/1370 977/1/1370
f 977/1/1371 969/1/1371 979/1/1371
f 1085/1/1372 894/1/1372 893/1/1372
f 893/1/1373 988/1/1373 1085/1/1373
f 1085/1/1374 988/1/1374 1048/1/1374
f 1085/1/1375 1048/1/1375 1086/1/1375
f 1048/1/1376 1047/1/1376 1086/1/1376
f 1086/1/1377 1047/1/1377 1046/1/1377
f 1086/1/1378 1046/1/1378 1087/1/1378
f 1087/1/1379 1046/1/1379 1045/1/1379
f 1087/1/1380 1045/1/1380 32/1/1380
f 32/1/1381 1045/1/1381 1044/1/1381
f 32/1/1382 1044/1/1382 1088/1/1382
f 1044/1/1383 1043/1/1383 1088/1/1383
f 1088/1/1384 1043/1/1384 1042/1/1384
f 1088/1/1385 1042/1/1385 1089/1/1385
f 1042/1/1386 1041/1/1386 1089/1/1386
f 1089/1/1387 1041/1/1387 1040/1/1387
f 1089/1/1388 1040/1/1388 1090/1/1388
f 1040/1/1389 1039/1/1389 1090/1/1389
f 1090/1/1390 1039/1/1390 1038/1/1390
f 1090/1/1391 1038/1/1391 1091/1/1391
f 1038/1/1392 1037/1/1392 1091/1/1392
f 1091/1/1393 1037/1/1393 1036/1/1393
f 1091/1/1394 1036/1/1394 1092/1/1394
f 1036/1/1395 1035/1/1395 1092/1/1395
f 1092/1/1396 1035/1/1396 1034/1/1396
f 1092/1/1397 1034/1/1397 1093/1/1397
f 1034/1/1398 1033/1/1398 1093/1/1398
f 1093/1/1399 1033/1/1399 1032/1/1399
f 1093/1/1400 1032/1/1400 1094/1/1400
f 1032/1/1401 1031/1/1401 1094/1/1401
f 1094/1/1402 1031/1/1402 1030/1/1402
f 1094/1/1403 1030/1/1403 1095/1/1403
f 1030/1/1404 1029/1/1404 1095/1/1404
f 1095/1/1405 1029/1/1405 1028/1/1405
f 1095/1/1406 1028/1/1406 19/1/1406
f 19/1/1407 1028/1/1407 1027/1/1407
f 19/1/1408 1027/1/1408 1096/1/1408
f 1096/1/1409 1027/1/1409 1026/1/1409
f 1096/1/1410 1026/1/1410 1097/1/1410
f 1026/1/1411 1025/1/1411 1097/1/1411
f 1097/1/1412 1025/1/1412 1024/1/1412
f 1097/1/1413 1024/1/1413 1098/1/1413
f 1024/1/1414 1023/1/1414 1098/1/1414
f 1098/1/1415 1023/1/1415 1022/1/1415
f 1098/1/1416 1022/1/1416 1099/1/1416
f 1022/1/1417 1021/1/1417 1099/1/1417
f 1099/1/1418 1021/1/1418 1020/1/1418
f 1099/1/1419 1020/1/1419 1100/1/1419
f 1020/1/1420 1019/1/1420 1100/1/1420
f 1100/1/1421 1019/1/1421 1018/1/1421
f 1100/1/1422 1018/1/1422 1101/1/1422
f 1018/1/1423 1017/1/1423 1101/1/1423
f 1101/1/1424 1017/1/1424 1016/1/1424
f 1101/1/1425 1016/1/1425 1102/1/1425
f 1016/1/1426 1015/1/1426 1102/1/1426
f 1102/1/1427 1015/1/1427 1014/1/1427
f 1102/1/1428 1014/1/1428 1103/1/1428
f 1014/1/1429 1013/1/1429 1103/1/1429
f 1103/1/1430 1013/1/1430 1012/1/1430
f 1103/1/1431 1012/1/1431 1104/1/1431
f 1104/1/1432 1012/1/1432 1011/1/1432
f 1104/1/1433 1011/1/1433 4/1/1433
f 4/1/1434 1011/1/1434 1010/1/1434
f 4/1/1435 1010/1/1435 1105/1/1435
f 1010/1/1436 1009/1/1436 1105/1/1436
f 1105/1/1437 1009/1/1437 1008/1/1437
f 1105/1/1438 1008/1/1438 1106/1/1438
f 1008/1/1439 1007/1/1439 1106/1/1439
f 1106/1/1440 1007/1/1440 1006/1/1440
f 1106/1/1441 1006/1/1441 1107/1/1441
f 1006/1/1442 1005/1/1442 1107/1/1442
f 1107/1/1443 1005/1/1443 1004/1/1443
f 1107/1/1444 1004/1/1444 1108/1/1444
f 1004/1/1445 1003/1/1445 1108/1/1445
f 1108/1/1446 1003/1/1446 1002/1/1446
f 1108/1/1447 1002/1/1447 1109/1/1447
f 1002/1/1448 1001/1/1448 1109/1/1448
f 1109/1/1449 1001/1/1449 1000/1/1449
f 1109/1/1450 1000/1/1450 1110/1/1450
f 1000/1/1451 999/1/1451 1110/1/1451
f 1110/1/1452 999/1/1452 998/1/1452
f 1110/1/1453 998/1/1453 1111/1/1453
f 998/1/1454 997/1/1454 1111/1/1454
f 1111/1/1455 997/1/1455 996/1/1455
f 1111/1/1456 996/1/1456 1112/1/1456
f 996/1/1457 995/1/1457 1112/1/1457
f 1112/1/1458 995/1/1458 994/1/1458
f 1112/1/1459 994/1/1459 49/1/1459
f 49/1/1460 994/1/1460 993/1/1460
f 49/1/1461 993/1/1461 1113/1/1461
f 1113/1/1462 993/1/1462 992/1/1462
f 1113/1/1463 992/1/1463 1114/1/1463
f 985/1/1464 973/1/1464 989/1/1464
f 989/1/1465 973/1/1465 1115/1/1465
f 989/1/1466 1115/1/1466 990/1/1466
f 990/1/1467 1115/1/1467 1114/1/1467
f 990/1/1468 1114/1/1468 991/1/1468
f 991/1/1469 1114/1/1469 992/1/1469
f 1087/1/1 32/1/1 1109/1/1
f 894/1/1 49/1/1 1113/1/1
f 1087/1/1 1109/1/1 1086/1/1
f 1103/1/1 1104/1/1 1098/1/1
f 1082/1/1 1116/1/1 1052/1/1
f 1052/1/1 1116/1/1 1117/1/1
f 1052/1/1 1117/1/1 970/1/1
f 1110/1/1 1111/1/1 894/1/1
f 894/1/1 1111/1/1 1112/1/1
f 894/1/1 1112/1/1 49/1/1
f 1113/1/1 1114/1/1 894/1/1
f 894/1/1 1114/1/1 1115/1/1
f 894/1/1 1115/1/1 973/1/1
f 1110/1/1 894/1/1 1109/1/1
f 1109/1/1 894/1/1 1085/1/1
f 1109/1/1 1085/1/1 1086/1/1
f 19/1/1 1105/1/1 1106/1/1
f 1106/1/1 1107/1/1 19/1/1
f 19/1/1 1107/1/1 1108/1/1
f 19/1/1 1108/1/1 1109/1/1
f 32/1/1 1088/1/1 1109/1/1
f 1109/1/1 1088/1/1 1089/1/1
f 1109/1/1 1089/1/1 1090/1/1
f 1105/1/1 19/1/1 4/1/1
f 4/1/1 19/1/1 1096/1/1
f 4/1/1 1096/1/1 1104/1/1
f 1104/1/1 1096/1/1 1097/1/1
f 1104/1/1 1097/1/1 1098/1/1
f 1090/1/1 1091/1/1 1109/1/1
f 1109/1/1 1091/1/1 1092/1/1
f 1109/1/1 1092/1/1 1093/1/1
f 1093/1/1 1094/1/1 1109/1/1
f 1109/1/1 1094/1/1 1095/1/1
f 1109/1/1 1095/1/1 19/1/1
f 1098/1/1 1099/1/1 1103/1/1
f 1103/1/1 1099/1/1 1100/1/1
f 1103/1/1 1100/1/1 1102/1/1
f 1102/1/1 1100/1/1 1101/1/1
f 1057/1/1 1118/1/1 1056/1/1
f 1056/1/1 1118/1/1 1119/1/1
f 1056/1/1 1119/1/1 1055/1/1
f 1055/1/1 1119/1/1 1120/1/1
f 1055/1/1 1120/1/1 1053/1/1
f 1053/1/1 1120/1/1 1121/1/1
f 1053/1/1 1121/1/1 1054/1/1
f 1054/1/1 1121/1/1 1122/1/1
f 1054/1/1 1122/1/1 1084/1/1
f 1084/1/1 1122/1/1 1123/1/1
f 1084/1/1 1123/1/1 1083/1/1
f 1083/1/1 1123/1/1 1124/1/1
f 1083/1/1 1124/1/1 1082/1/1
f 1082/1/1 1124/1/1 1125/1/1
f 1082/1/1 1125/1/1 1116/1/1
f 970/1/1 1117/1/1 973/1/1
f 973/1/1 1117/1/1 1126/1/1
f 973/1/1 1126/1/1 894/1/1
f 894/1/1 1126/1/1 1127/1/1
f 894/1/1 1127/1/1 882/1/1
f 882/1/1 1127/1/1 1128/1/1
f 882/1/1 1128/1/1 1051/1/1
f 1051/1/1 1128/1/1 1129/1/1
f 1051/1/1 1129/1/1 1081/1/1
f 1081/1/1 1129/1/1 1130/1/1
f 1081/1/1 1130/1/1 1080/1/1
f 1080/1/1 1130/1/1 1131/1/1
f 1080/1/1 1131/1/1 1079/1/1
f 1079/1/1 1131/1/1 1132/1/1
f 1079/1/1 1132/1/1 1078/1/1
f 1078/1/1 1132/1/1 1133/1/1
f 1078/1/1 1133/1/1 1077/1/1
f 1077/1/1 1133/1/1 1134/1/1
f 1077/1/1 1134/1/1 1076/1/1
f 1076/1/1 1134/1/1 1135/1/1
f 1076/1/1 1135/1/1 1075/1/1
f 1075/1/1 1135/1/1 1136/1/1
f 1075/1/1 1136/1/1 1049/1/1
f 1136/1/1 1137/1/1 1049/1/1
f 1049/1/1 1137/1/1 1138/1/1
f 1049/1/1 1138/1/1 1050/1/1
f 1050/1/1 1138/1/1 1139/1/1
f 1050/1/1 1139/1/1 1074/1/1
f 1074/1/1 1139/1/1 1140/1/1
f 1074/1/1 1140/1/1 1073/1/1
f 1073/1/1 1140/1/1 1141/1/1
f 1073/1/1 1141/1/1 1072/1/1
f 1072/1/1 1141/1/1 1142/1/1
f 1072/1/1 1142/1/1 1071/1/1
f 1071/1/1 1142/1/1 1143/1/1
f 1071/1/1 1143/1/1 1070/1/1
f 1070/1/1 1143/1/1 1144/1/1
f 1070/1/1 1144/1/1 1069/1/1
f 1069/1/1 1144/1/1 1145/1/1
f 1069/1/1 1145/1/1 1068/1/1
f 1068/1/1 1145/1/1 1146/1/1
f 1068/1/1 1146/1/1 1067/1/1
f 1067/1/1 1146/1/1 1147/1/1
f 1067/1/1 1147/1/1 1066/1/1
f 1066/1/1 1147/1/1 1148/1/1
f 1066/1/1 1148/1/1 1065/1/1
f 1065/1/1 1148/1/1 1149/1/1
f 1065/1/1 1149/1/1 1064/1/1
f 1064/1/1 1149/1/1 1150/1/1
f 1064/1/1 1150/1/1 1063/1/1
f 1063/1/1 1150/1/1 1151/1/1
f 1063/1/1 1151/1/1 1062/1/1
f 1062/1/1 1151/1/1 1152/1/1
f 1062/1/1 1152/1/1 1061/1/1
f 1061/1/1 1152/1/1 1153/1/1
f 1061/1/1 1153/1/1 1060/1/1
f 1060/1/1 1153/1/1 1154/1/1
f 1060/1/1 1154/1/1 1059/1/1
f 1059/1/1 1154/1/1 1155/1/1
f 1059/1/1 1155/1/1 1058/1/1
f 1058/1/1 1155/1/1 1156/1/1
f 1058/1/1 1156/1/1 1057/1/1
f 1057/1/1 1156/1/1 1157/1/1
f 1057/1/1 1157/1/1 1118/1/1
f 1158/1/1078 1137/1/1078 1136/1/1078
f 1158/1/1078 1136/1/1078 1159/1/1078
f 1159/1/1470 1136/1/1470 1135/1/1470
f 1159/1/1470 1135/1/1470 1160/1/1470
f 1160/1/1471 1135/1/1471 1134/1/1471
f 1160/1/1471 1134/1/1471 1161/1/1471
f 1161/1/1472 1134/1/1472 1133/1/1472
f 1161/1/1472 1133/1/1472 1162/1/1472
f 1162/1/50 1133/1/50 1132/1/50
f 1162/1/50 1132/1/50 1163/1/50
f 1163/1/1473 1132/1/1473 1131/1/1473
f 1163/1/1473 1131/1/1473 1164/1/1473
f 1164/1/1474 1131/1/1474 1130/1/1474
f 1164/1/1474 1130/1/1474 1165/1/1474
f 1165/1/49 1130/1/49 1129/1/49
f 1165/1/49 1129/1/49 1166/1/49
f 1166/1/1475 1129/1/1475 1128/1/1475
f 1166/1/1475 1128/1/1475 1167/1/1475
f 1167/1/1476 1128/1/1476 1127/1/1476
f 1167/1/1476 1127/1/1476 1168/1/1476
f 1168/1/48 1127/1/48 1126/1/48
f 1168/1/48 1126/1/48 1169/1/48
f 1169/295/1477 1126/296/1477 1117/297/1477
f 1169/298/1477 1117/299/1477 1170/300/1477
f 1170/301/1478 1117/297/1478 1116/302/1478
f 1170/300/1478 1116/303/1478 1171/304/1478
f 1171/305/47 1116/302/47 1125/306/47
f 1171/304/47 1125/307/47 1172/308/47
f 1172/309/1479 1125/306/1479 1124/310/1479
f 1172/308/1479 1124/311/1479 1173/312/1479
f 1173/313/1480 1124/310/1480 1123/314/1480
f 1173/312/1480 1123/315/1480 1174/316/1480
f 1174/317/46 1123/314/46 1122/318/46
f 1174/316/46 1122/319/46 1175/320/46
f 1175/321/1481 1122/322/1481 1121/323/1481
f 1175/321/1481 1121/323/1481 1176/324/1481
f 1176/324/1482 1121/323/1482 1120/325/1482
f 1176/324/1482 1120/325/1482 1177/326/1482
f 1177/326/1483 1120/325/1483 1119/327/1483
f 1177/326/1483 1119/327/1483 1178/328/1483
f 1178/328/1484 1119/327/1484 1118/329/1484
f 1178/328/1484 1118/329/1484 1179/330/1484
f 1179/1/1485 1118/1/1485 1157/1/1485
f 1179/1/1485 1157/1/1485 1180/1/1485
f 1180/331/1486 1157/332/1486 1156/333/1486
f 1180/331/1486 1156/333/1486 1181/334/1486
f 1181/334/1487 1156/333/1487 1155/335/1487
f 1181/334/1487 1155/335/1487 1182/336/1487
f 1182/336/1488 1155/335/1488 1154/337/1488
f 1182/336/1488 1154/337/1488 1183/338/1488
f 1183/338/77 1154/337/77 1153/339/77
f 1183/338/77 1153/339/77 1184/340/77
f 1184/341/1489 1153/342/1489 1152/343/1489
f 1184/341/1489 1152/343/1489 1185/344/1489
f 1185/344/1490 1152/343/1490 1151/345/1490
f 1185/346/1490 1151/347/1490 1186/348/1490
f 1186/348/57 1151/347/57 1150/349/57
f 1186/348/57 1150/349/57 1187/350/57
f 1187/350/1491 1150/349/1491 1149/351/1491
f 1187/350/1491 1149/351/1491 1188/352/1491
f 1188/1/1492 1149/1/1492 1148/1/1492
f 1188/1/1492 1148/1/1492 1189/1/1492
f 1189/1/56 1148/1/56 1147/1/56
f 1189/1/56 1147/1/56 1190/1/56
f 1190/1/1493 1147/1/1493 1146/1/1493
f 1190/1/1493 1146/1/1493 1191/1/1493
f 1191/1/1494 1146/1/1494 1145/1/1494
f 1191/1/1494 1145/1/1494 1192/1/1494
f 1192/1/55 1145/1/55 1144/1/55
f 1192/1/55 1144/1/55 1193/1/55
f 1193/1/1495 1144/1/1495 1143/1/1495
f 1193/1/1495 1143/1/1495 1194/1/1495
f 1194/1/1496 1143/1/1496 1142/1/1496
f 1194/1/1496 1142/1/1496 1195/1/1496
f 1195/1/54 1142/1/54 1141/1/54
f 1195/1/54 1141/1/54 1196/1/54
f 1196/1/1497 1141/1/1497 1140/1/1497
f 1196/1/1497 1140/1/1497 1197/1/1497
f 1197/1/1498 1140/1/1498 1139/1/1498
f 1197/1/1498 1139/1/1498 1198/1/1498
f 1198/1/1499 1139/1/1499 1138/1/1499
f 1198/1/1499 1138/1/1499 1199/1/1499
f 1199/1/988 1138/1/988 1137/1/988
f 1199/1/988 1137/1/988 1158/1/988
f 1200/353/85 1188/354/85 1201/355/85
f 1201/355/85 1188/354/85 1189/356/85
f 1201/1/85 1189/1/85 1202/1/85
f 1203/1/85 1204/1/85 1165/1/85
f 1205/357/85 1186/358/85 1200/353/85
f 1200/353/85 1186/358/85 1187/359/85
f 1200/353/85 1187/359/85 1188/354/85
f 1206/1/85 1196/1/85 1207/1/85
f 1207/1/85 1196/1/85 1197/1/85
f 1207/1/85 1197/1/85 1208/1/85
f 1165/1/85 1166/1/85 1203/1/85
f 1203/1/85 1166/1/85 1167/1/85
f 1203/1/85 1167/1/85 1209/1/85
f 1209/1/85 1167/1/85 1168/1/85
f 1209/1/85 1168/1/85 1210/1/85
f 1211/360/85 1175/361/85 1212/362/85
f 1212/362/85 1175/361/85 1176/363/85
f 1212/362/85 1176/363/85 1213/364/85
f 1214/1/85 1162/1/85 1215/1/85
f 1215/1/85 1162/1/85 1163/1/85
f 1215/1/85 1163/1/85 1204/1/85
f 1204/1/85 1163/1/85 1164/1/85
f 1204/1/85 1164/1/85 1165/1/85
f 1216/1/85 1193/1/85 1217/1/85
f 1217/1/85 1193/1/85 1194/1/85
f 1217/1/85 1194/1/85 1206/1/85
f 1206/1/85 1194/1/85 1195/1/85
f 1206/1/85 1195/1/85 1196/1/85
f 1218/1/85 1172/1/85 1219/1/85
f 1219/1/85 1172/1/85 1173/1/85
f 1219/1/85 1173/1/85 1211/1/85
f 1211/360/85 1173/365/85 1174/366/85
f 1211/360/85 1174/366/85 1175/361/85
f 1197/1/85 1198/1/85 1208/1/85
f 1208/1/85 1198/1/85 1199/1/85
f 1208/1/85 1199/1/85 1220/1/85
f 1189/1/85 1190/1/85 1202/1/85
f 1202/1/85 1190/1/85 1191/1/85
f 1202/1/85 1191/1/85 1216/1/85
f 1216/1/85 1191/1/85 1192/1/85
f 1216/1/85 1192/1/85 1193/1/85
f 1168/1/85 1169/1/85 1210/1/85
f 1210/1/85 1169/1/85 1170/1/85
f 1210/1/85 1170/1/85 1218/1/85
f 1218/1/85 1170/1/85 1171/1/85
f 1218/1/85 1171/1/85 1172/1/85
f 1199/1/85 1158/1/85 1220/1/85
f 1220/1/85 1158/1/85 1159/1/85
f 1220/1/85 1159/1/85 1221/1/85
f 1221/1/85 1159/1/85 1160/1/85
f 1221/1/85 1160/1/85 1214/1/85
f 1214/1/85 1160/1/85 1161/1/85
f 1214/1/85 1161/1/85 1162/1/85
f 1222/367/85 1183/368/85 1223/369/85
f 1223/369/85 1183/368/85 1184/370/85
f 1223/369/85 1184/370/85 1205/357/85
f 1205/357/85 1184/370/85 1185/371/85
f 1205/357/85 1185/371/85 1186/358/85
f 1176/363/85 1177/372/85 1213/364/85
f 1213/364/85 1177/372/85 1178/373/85
f 1213/364/85 1178/373/85 1224/374/85
f 1178/1/85 1179/1/85 1224/1/85
f 1224/1/85 1179/1/85 1180/1/85
f 1224/375/85 1180/376/85 1225/377/85
f 1225/377/85 1180/376/85 1181/378/85
f 1225/377/85 1181/378/85 1222/379/85
f 1222/1/85 1181/1/85 1182/1/85
f 1222/367/85 1182/380/85 1183/368/85
f 1226/381/1500 1224/382/1500 1225/383/1500
f 1226/381/1500 1225/383/1500 1227/384/1500
f 1227/384/1501 1225/383/1501 1222/385/1501
f 1227/384/1501 1222/385/1501 1228/386/1501
f 1228/386/1502 1222/385/1502 1223/387/1502
f 1228/386/1502 1223/387/1502 1229/388/1502
f 1229/389/1503 1223/390/1503 1205/391/1503
f 1229/389/1503 1205/391/1503 1230/392/1503
f 1230/392/1504 1205/391/1504 1200/393/1504
f 1230/392/1504 1200/393/1504 1231/394/1504
f 1231/1/1505 1200/1/1505 1201/1/1505
f 1231/395/1505 1201/396/1505 1232/397/1505
f 1232/1/56 1201/1/56 1202/1/56
f 1232/1/56 1202/1/56 1233/1/56
f 1233/1/1506 1202/1/1506 1216/1/1506
f 1233/1/1506 1216/1/1506 1234/1/1506
f 1234/1/1507 1216/1/1507 1217/1/1507
f 1234/1/1507 1217/1/1507 1235/1/1507
f 1235/1/1508 1217/1/1508 1206/1/1508
f 1235/1/1508 1206/1/1508 1236/1/1508
f 1236/1/1509 1206/1/1509 1207/1/1509
f 1236/1/1509 1207/1/1509 1237/1/1509
f 1237/1/1510 1207/1/1510 1208/1/1510
f 1237/1/1510 1208/1/1510 1238/1/1510
f 1238/1/1511 1208/1/1511 1220/1/1511
f 1238/1/1511 1220/1/1511 1239/1/1511
f 1240/1/85 1226/1/85 1241/1/85
f 1227/1/85 1238/1/85 1226/1/85
f 1226/1/85 1238/1/85 1239/1/85
f 1226/1/85 1239/1/85 1241/1/85
f 1233/1/85 1234/1/85 1238/1/85
f 1241/1/85 1242/1/85 1240/1/85
f 1240/1/85 1242/1/85 1243/1/85
f 1240/1/85 1243/1/85 1244/1/85
f 1227/1/85 1228/1/85 1238/1/85
f 1238/1/85 1228/1/85 1229/1/85
f 1238/1/85 1229/1/85 1230/1/85
f 1244/1/85 1245/1/85 1240/1/85
f 1240/1/85 1245/1/85 1246/1/85
f 1240/1/85 1246/1/85 1247/1/85
f 1247/1/85 1248/1/85 1240/1/85
f 1240/1/85 1248/1/85 1249/1/85
f 1240/1/85 1249/1/85 1250/1/85
f 1250/1/85 1249/1/85 1251/1/85
f 1230/1/85 1231/1/85 1238/1/85
f 1238/1/85 1231/1/85 1232/1/85
f 1238/1/85 1232/1/85 1233/1/85
f 1234/1/85 1235/1/85 1238/1/85
f 1238/1/85 1235/1/85 1236/1/85
f 1238/1/85 1236/1/85 1237/1/85
f 1239/1/1512 1220/1/1512 1221/1/1512
f 1239/1/1512 1221/1/1512 1241/1/1512
f 1241/1/1513 1221/1/1513 1214/1/1513
f 1241/1/1513 1214/1/1513 1242/1/1513
f 1242/1/1514 1214/1/1514 1215/1/1514
f 1242/1/1514 1215/1/1514 1243/1/1514
f 1243/1/1515 1215/1/1515 1204/1/1515
f 1243/1/1515 1204/1/1515 1244/1/1515
f 1244/1/1516 1204/1/1516 1203/1/1516
f 1244/1/1516 1203/1/1516 1245/1/1516
f 1245/1/1517 1203/1/1517 1209/1/1517
f 1245/1/1517 1209/1/1517 1246/1/1517
f 1246/1/48 1209/1/48 1210/1/48
f 1246/1/48 1210/1/48 1247/1/48
f 1247/398/1518 1210/399/1518 1218/400/1518
f 1247/398/1518 1218/400/1518 1248/401/1518
f 1248/401/1519 1218/400/1519 1219/402/1519
f 1248/401/1519 1219/402/1519 1249/403/1519
f 1249/403/1520 1219/402/1520 1211/404/1520
f 1249/403/1520 1211/404/1520 1251/405/1520
f 1251/406/1521 1211/407/1521 1212/408/1521
f 1251/406/1521 1212/408/1521 1250/409/1521
f 1250/409/1522 1212/408/1522 1213/410/1522
f 1250/409/1522 1213/410/1522 1240/411/1522
f 1240/411/1523 1213/410/1523 1224/382/1523
f 1240/411/1523 1224/382/1523 1226/381/1523
f 1252/1/1 1253/1/1 1254/1/1
f 1254/1/1 1253/1/1 1255/1/1
f 1256/1/1 1257/1/1 1255/1/1
f 1255/1/1 1257/1/1 1258/1/1
f 1255/1/1 1258/1/1 1254/1/1
f 1259/1/1 1260/1/1 1252/1/1
f 1252/1/1 1260/1/1 1261/1/1
f 1252/1/1 1261/1/1 1253/1/1
f 1262/1/1 1263/1/1 1252/1/1
f 1252/1/1 1263/1/1 1264/1/1
f 1252/1/1 1264/1/1 1265/1/1
f 1266/1/1 1267/1/1 1252/1/1
f 1252/1/1 1267/1/1 1268/1/1
f 1252/1/1 1268/1/1 1259/1/1
f 1265/1/1 1269/1/1 1252/1/1
f 1252/1/1 1269/1/1 1270/1/1
f 1252/1/1 1270/1/1 1266/1/1
f 1271/1/1 1272/1/1 1255/1/1
f 1255/1/1 1272/1/1 1273/1/1
f 1255/1/1 1274/1/1 1275/1/1
f 1273/1/1 1276/1/1 1255/1/1
f 1255/1/1 1276/1/1 1277/1/1
f 1255/1/1 1277/1/1 1256/1/1
f 1275/1/1 1278/1/1 1255/1/1
f 1255/1/1 1278/1/1 1279/1/1
f 1255/1/1 1279/1/1 1271/1/1
f 1254/1/1524 1280/1/1524 1281/1/1524
f 1254/1/1525 1281/1/1525 1252/1/1525
f 1252/1/1526 1281/1/1526 1282/1/1526
f 1252/1/1526 1282/1/1526 1262/1/1526
f 1262/1/1527 1282/1/1527 1283/1/1527
f 1262/1/1527 1283/1/1527 1263/1/1527
f 1263/1/1528 1283/1/1528 1284/1/1528
f 1263/1/1528 1284/1/1528 1264/1/1528
f 1264/1/1529 1284/1/1529 1285/1/1529
f 1264/1/1529 1285/1/1529 1265/1/1529
f 1265/1/1530 1285/1/1530 1286/1/1530
f 1265/1/1530 1286/1/1530 1269/1/1530
f 1269/1/1531 1286/1/1531 1287/1/1531
f 1269/1/1531 1287/1/1531 1270/1/1531
f 1270/1/1532 1287/1/1532 1288/1/1532
f 1270/1/1532 1288/1/1532 1266/1/1532
f 1266/1/1533 1288/1/1533 1289/1/1533
f 1266/1/1533 1289/1/1533 1267/1/1533
f 1267/1/1534 1289/1/1534 1290/1/1534
f 1267/1/1534 1290/1/1534 1268/1/1534
f 1268/1/1535 1290/1/1535 1291/1/1535
f 1268/1/1535 1291/1/1535 1259/1/1535
f 1259/1/1536 1291/1/1536 1292/1/1536
f 1259/1/1536 1292/1/1536 1260/1/1536
f 1260/1/1537 1292/1/1537 1293/1/1537
f 1260/1/1538 1293/1/1538 1261/1/1538
f 1261/1/1539 1293/1/1539 1294/1/1539
f 1261/1/1539 1294/1/1539 1253/1/1539
f 1253/1/1540 1294/1/1540 1295/1/1540
f 1253/1/1541 1295/1/1541 1255/1/1541
f 1255/1/1542 1295/1/1542 1296/1/1542
f 1255/1/1542 1296/1/1542 1274/1/1542
f 1274/1/1543 1296/1/1543 1297/1/1543
f 1274/1/1543 1297/1/1543 1275/1/1543
f 1275/1/1544 1297/1/1544 1298/1/1544
f 1275/1/1544 1298/1/1544 1278/1/1544
f 1278/1/1545 1298/1/1545 1299/1/1545
f 1278/1/1545 1299/1/1545 1279/1/1545
f 1279/1/1546 1299/1/1546 1300/1/1546
f 1279/1/1546 1300/1/1546 1271/1/1546
f 1271/1/1547 1300/1/1547 1301/1/1547
f 1271/1/1547 1301/1/1547 1272/1/1547
f 1272/1/1548 1301/1/1548 1302/1/1548
f 1272/1/1548 1302/1/1548 1273/1/1548
f 1273/1/1549 1302/1/1549 1303/1/1549
f 1273/1/1549 1303/1/1549 1276/1/1549
f 1276/1/1550 1303/1/1550 1304/1/1550
f 1276/1/1551 1304/1/1551 1277/1/1551
f 1277/1/1552 1304/1/1552 1305/1/1552
f 1277/1/1552 1305/1/1552 1256/1/1552
f 1256/1/1553 1305/1/1553 1306/1/1553
f 1256/1/1553 1306/1/1553 1257/1/1553
f 1257/1/1554 1306/1/1554 1307/1/1554
f 1257/1/1555 1307/1/1555 1258/1/1555
f 1258/1/1556 1307/1/1556 1280/1/1556
f 1258/1/1557 1280/1/1557 1254/1/1557
f 1307/1/85 1295/1/85 1280/1/85
f 1280/1/85 1295/1/85 1294/1/85
f 1280/1/85 1294/1/85 1281/1/85
f 1281/1/85 1294/1/85 1293/1/85
f 1293/1/85 1292/1/85 1281/1/85
f 1281/1/85 1292/1/85 1291/1/85
f 1281/1/85 1291/1/85 1290/1/85
f 1307/1/85 1306/1/85 1295/1/85
f 1295/1/85 1306/1/85 1305/1/85
f 1295/1/85 1305/1/85 1304/1/85
f 1290/1/85 1289/1/85 1281/1/85
f 1281/1/85 1289/1/85 1288/1/85
f 1281/1/85 1288/1/85 1287/1/85
f 1282/1/85 1281/1/85 1283/1/85
f 1283/1/85 1281/1/85 1284/1/85
f 1301/1/85 1300/1/85 1295/1/85
f 1295/1/85 1300/1/85 1299/1/85
f 1287/1/85 1286/1/85 1281/1/85
f 1281/1/85 1286/1/85 1285/1/85
f 1281/1/85 1285/1/85 1284/1/85
f 1304/1/85 1303/1/85 1295/1/85
f 1295/1/85 1303/1/85 1302/1/85
f 1295/1/85 1302/1/85 1301/1/85
f 1299/1/85 1298/1/85 1295/1/85
f 1295/1/85 1298/1/85 1297/1/85
f 1295/1/85 1297/1/85 1296/1/85
f 1308/1/1 1309/1/1 1310/1/1
f 1310/1/1 1309/1/1 1311/1/1
f 1310/1/1 1311/1/1 1312/1/1
f 1312/1/1 1311/1/1 1313/1/1
f 1314/1/1 1315/1/1 1311/1/1
f 1311/1/1 1315/1/1 1316/1/1
f 1311/1/1 1316/1/1 1313/1/1
f 1317/1/1 1318/1/1 1319/1/1
f 1320/1/1 1321/1/1 1322/1/1
f 1322/1/1 1321/1/1 1323/1/1
f 1322/1/1 1323/1/1 1308/1/1
f 1308/1/1 1323/1/1 1324/1/1
f 1308/1/1 1324/1/1 1309/1/1
f 1311/1/1 1325/1/1 1326/1/1
f 1325/1/1 1311/1/1 1327/1/1
f 1327/1/1 1311/1/1 1328/1/1
f 1327/1/1 1328/1/1 1329/1/1
f 1326/1/1 1330/1/1 1311/1/1
f 1311/1/1 1330/1/1 1331/1/1
f 1311/1/1 1331/1/1 1314/1/1
f 1318/1/1 1332/1/1 1319/1/1
f 1319/1/1 1332/1/1 1333/1/1
f 1319/1/1 1333/1/1 1334/1/1
f 1317/1/1 1319/1/1 1322/1/1
f 1322/1/1 1319/1/1 1335/1/1
f 1322/1/1 1335/1/1 1320/1/1
f 1310/1/1558 1336/1/1558 1337/1/1558
f 1310/1/1558 1337/1/1558 1308/1/1558
f 1308/1/1542 1337/1/1542 1338/1/1542
f 1308/1/1542 1338/1/1542 1322/1/1542
f 1322/1/1543 1338/1/1543 1339/1/1543
f 1322/1/1543 1339/1/1543 1317/1/1543
f 1317/1/1544 1339/1/1544 1340/1/1544
f 1317/1/1544 1340/1/1544 1318/1/1544
f 1318/1/1545 1340/1/1545 1341/1/1545
f 1318/1/1545 1341/1/1545 1332/1/1545
f 1332/1/1546 1341/1/1546 1342/1/1546
f 1332/1/1546 1342/1/1546 1333/1/1546
f 1333/1/1547 1342/1/1547 1343/1/1547
f 1333/1/1547 1343/1/1547 1334/1/1547
f 1334/1/1548 1343/1/1548 1344/1/1548
f 1334/1/1548 1344/1/1548 1319/1/1548
f 1319/1/1549 1344/1/1549 1345/1/1549
f 1319/1/1549 1345/1/1549 1335/1/1549
f 1335/1/1551 1345/1/1551 1346/1/1551
f 1335/1/1550 1346/1/1550 1320/1/1550
f 1320/1/1552 1346/1/1552 1347/1/1552
f 1320/1/1552 1347/1/1552 1321/1/1552
f 1321/1/1559 1347/1/1559 1348/1/1559
f 1321/1/1559 1348/1/1559 1323/1/1559
f 1323/1/1555 1348/1/1555 1349/1/1555
f 1323/1/1554 1349/1/1554 1324/1/1554
f 1324/1/1560 1349/1/1560 1350/1/1560
f 1324/1/1560 1350/1/1560 1309/1/1560
f 1309/1/1525 1350/1/1525 1351/1/1525
f 1309/1/1524 1351/1/1524 1311/1/1524
f 1311/1/1526 1351/1/1526 1352/1/1526
f 1311/1/1526 1352/1/1526 1328/1/1526
f 1328/1/1527 1352/1/1527 1353/1/1527
f 1328/1/1527 1353/1/1527 1329/1/1527
f 1329/1/1528 1353/1/1528 1354/1/1528
f 1329/1/1528 1354/1/1528 1327/1/1528
f 1327/1/1529 1354/1/1529 1355/1/1529
f 1327/1/1529 1355/1/1529 1325/1/1529
f 1325/1/1530 1355/1/1530 1356/1/1530
f 1325/1/1530 1356/1/1530 1326/1/1530
f 1326/1/1531 1356/1/1531 1357/1/1531
f 1326/1/1531 1357/1/1531 1330/1/1531
f 1330/1/1532 1357/1/1532 1358/1/1532
f 1330/1/1532 1358/1/1532 1331/1/1532
f 1331/1/1533 1358/1/1533 1359/1/1533
f 1331/1/1533 1359/1/1533 1314/1/1533
f 1314/1/1561 1359/1/1561 1360/1/1561
f 1314/1/1561 1360/1/1561 1315/1/1561
f 1315/1/1562 1360/1/1562 1361/1/1562
f 1315/1/1562 1361/1/1562 1316/1/1562
f 1316/1/1536 1361/1/1536 1362/1/1536
f 1316/1/1536 1362/1/1536 1313/1/1536
f 1313/1/1538 1362/1/1538 1363/1/1538
f 1313/1/1537 1363/1/1537 1312/1/1537
f 1312/1/1563 1363/1/1563 1336/1/1563
f 1312/1/1564 1336/1/1564 1310/1/1564
f 1337/1/85 1336/1/85 1350/1/85
f 1362/1/85 1361/1/85 1351/1/85
f 1350/1/85 1336/1/85 1351/1/85
f 1351/1/85 1336/1/85 1363/1/85
f 1351/1/85 1363/1/85 1362/1/85
f 1361/1/85 1360/1/85 1351/1/85
f 1351/1/85 1360/1/85 1359/1/85
f 1351/1/85 1359/1/85 1358/1/85
f 1350/1/85 1349/1/85 1337/1/85
f 1337/1/85 1349/1/85 1348/1/85
f 1337/1/85 1348/1/85 1338/1/85
f 1338/1/85 1348/1/85 1347/1/85
f 1338/1/85 1347/1/85 1346/1/85
f 1344/1/85 1343/1/85 1342/1/85
f 1346/1/85 1345/1/85 1338/1/85
f 1338/1/85 1345/1/85 1344/1/85
f 1338/1/85 1344/1/85 1339/1/85
f 1342/1/85 1341/1/85 1344/1/85
f 1344/1/85 1341/1/85 1340/1/85
f 1344/1/85 1340/1/85 1339/1/85
f 1358/1/85 1357/1/85 1351/1/85
f 1351/1/85 1357/1/85 1356/1/85
f 1351/1/85 1356/1/85 1355/1/85
f 1355/1/85 1354/1/85 1351/1/85
f 1351/1/85 1354/1/85 1353/1/85
f 1351/1/85 1353/1/85 1352/1/85
f 1364/1/1 1365/1/1 1366/1/1
f 1366/1/1 1365/1/1 1367/1/1
f 1366/1/1 1367/1/1 1368/1/1
f 1367/1/1 1369/1/1 1368/1/1
f 1368/1/1 1369/1/1 1370/1/1
f 1368/1/1 1370/1/1 1371/1/1
f 1372/1/1 1373/1/1 1374/1/1
f 1364/1/1 1375/1/1 1365/1/1
f 1365/1/1 1375/1/1 1376/1/1
f 1365/1/1 1376/1/1 1377/1/1
f 1377/1/1 1376/1/1 1378/1/1
f 1378/1/1 1379/1/1 1377/1/1
f 1377/1/1 1379/1/1 1380/1/1
f 1377/1/1 1380/1/1 1381/1/1
f 1381/1/1 1382/1/1 1383/1/1
f 1371/1/1 1384/1/1 1368/1/1
f 1368/1/1 1384/1/1 1385/1/1
f 1368/1/1 1385/1/1 1373/1/1
f 1373/1/1 1385/1/1 1386/1/1
f 1373/1/1 1386/1/1 1374/1/1
f 1383/1/1 1387/1/1 1381/1/1
f 1381/1/1 1387/1/1 1388/1/1
f 1381/1/1 1388/1/1 1377/1/1
f 1372/1/1 1374/1/1 1389/1/1
f 1389/1/1 1374/1/1 1390/1/1
f 1389/1/1 1390/1/1 1391/1/1
f 1366/1/1565 1392/1/1565 1393/1/1565
f 1366/1/1565 1393/1/1565 1364/1/1565
f 1364/1/1566 1393/1/1566 1394/1/1566
f 1364/1/1567 1394/1/1567 1375/1/1567
f 1375/1/1568 1394/1/1568 1395/1/1568
f 1375/1/1568 1395/1/1568 1376/1/1568
f 1376/1/1569 1395/1/1569 1396/1/1569
f 1376/1/1569 1396/1/1569 1378/1/1569
f 1378/1/1570 1396/1/1570 1397/1/1570
f 1378/1/1571 1397/1/1571 1379/1/1571
f 1379/1/1572 1397/1/1572 1398/1/1572
f 1379/1/1572 1398/1/1572 1380/1/1572
f 1380/1/1573 1398/1/1573 1399/1/1573
f 1380/1/1573 1399/1/1573 1381/1/1573
f 1381/1/1574 1399/1/1574 1400/1/1574
f 1381/1/1574 1400/1/1574 1382/1/1574
f 1382/1/1575 1400/1/1575 1401/1/1575
f 1382/1/1575 1401/1/1575 1383/1/1575
f 1383/1/1576 1401/1/1576 1402/1/1576
f 1383/1/1576 1402/1/1576 1387/1/1576
f 1387/1/1577 1402/1/1577 1403/1/1577
f 1387/1/1577 1403/1/1577 1388/1/1577
f 1388/1/1578 1403/1/1578 1404/1/1578
f 1388/1/1578 1404/1/1578 1377/1/1578
f 1377/1/1579 1404/1/1579 1405/1/1579
f 1377/1/1579 1405/1/1579 1365/1/1579
f 1365/1/1580 1405/1/1580 1406/1/1580
f 1365/1/1580 1406/1/1580 1367/1/1580
f 1367/1/1581 1406/1/1581 1407/1/1581
f 1367/1/1582 1407/1/1582 1369/1/1582
f 1369/1/1583 1407/1/1583 1408/1/1583
f 1369/1/1584 1408/1/1584 1370/1/1584
f 1370/1/1585 1408/1/1585 1409/1/1585
f 1370/1/1585 1409/1/1585 1371/1/1585
f 1371/1/1586 1409/1/1586 1410/1/1586
f 1371/1/1586 1410/1/1586 1384/1/1586
f 1384/1/1587 1410/1/1587 1411/1/1587
f 1384/1/1588 1411/1/1588 1385/1/1588
f 1385/1/1589 1411/1/1589 1412/1/1589
f 1385/1/1589 1412/1/1589 1386/1/1589
f 1386/1/1590 1412/1/1590 1413/1/1590
f 1386/1/1590 1413/1/1590 1374/1/1590
f 1374/1/1591 1413/1/1591 1414/1/1591
f 1374/1/1591 1414/1/1591 1390/1/1591
f 1390/1/1592 1414/1/1592 1415/1/1592
f 1390/1/1592 1415/1/1592 1391/1/1592
f 1391/1/1593 1415/1/1593 1416/1/1593
f 1391/1/1593 1416/1/1593 1389/1/1593
f 1389/1/1594 1416/1/1594 1417/1/1594
f 1389/1/1594 1417/1/1594 1372/1/1594
f 1372/1/1595 1417/1/1595 1418/1/1595
f 1372/1/1595 1418/1/1595 1373/1/1595
f 1373/1/1596 1418/1/1596 1419/1/1596
f 1373/1/1596 1419/1/1596 1368/1/1596
f 1368/1/1597 1419/1/1597 1392/1/1597
f 1368/1/1598 1392/1/1598 1366/1/1598
f 1419/1/85 1406/1/85 1392/1/85
f 1392/1/85 1406/1/85 1405/1/85
f 1392/1/85 1405/1/85 1393/1/85
f 1409/1/85 1408/1/85 1419/1/85
f 1419/1/85 1408/1/85 1407/1/85
f 1419/1/85 1407/1/85 1406/1/85
f 1401/1/85 1400/1/85 1399/1/85
f 1398/1/85 1397/1/85 1404/1/85
f 1401/1/85 1399/1/85 1402/1/85
f 1397/1/85 1396/1/85 1404/1/85
f 1404/1/85 1396/1/85 1395/1/85
f 1404/1/85 1395/1/85 1405/1/85
f 1405/1/85 1395/1/85 1394/1/85
f 1405/1/85 1394/1/85 1393/1/85
f 1398/1/85 1404/1/85 1399/1/85
f 1399/1/85 1404/1/85 1403/1/85
f 1399/1/85 1403/1/85 1402/1/85
f 1413/1/85 1412/1/85 1418/1/85
f 1418/1/85 1412/1/85 1411/1/85
f 1418/1/85 1411/1/85 1419/1/85
f 1419/1/85 1411/1/85 1410/1/85
f 1419/1/85 1410/1/85 1409/1/85
f 1418/1/85 1417/1/85 1413/1/85
f 1413/1/85 1417/1/85 1416/1/85
f 1413/1/85 1416/1/85 1414/1/85
f 1414/1/85 1416/1/85 1415/1/85
f 1420/1/1 1421/1/1 1422/1/1
f 1422/1/1 1421/1/1 1423/1/1
f 1422/1/1 1423/1/1 1424/1/1
f 1424/1/1 1423/1/1 1425/1/1
f 1425/1/1 1426/1/1 1424/1/1
f 1424/1/1 1426/1/1 1427/1/1
f 1424/1/1 1427/1/1 1428/1/1
f 1420/1/1 1429/1/1 1421/1/1
f 1421/1/1 1429/1/1 1430/1/1
f 1421/1/1 1430/1/1 1431/1/1
f 1431/1/1 1430/1/1 1432/1/1
f 1431/1/1 1432/1/1 1433/1/1
f 1434/1/1 1435/1/1 1436/1/1
f 1428/1/1 1437/1/1 1424/1/1
f 1424/1/1 1437/1/1 1436/1/1
f 1424/1/1 1436/1/1 1438/1/1
f 1438/1/1 1436/1/1 1435/1/1
f 1433/1/1 1439/1/1 1431/1/1
f 1431/1/1 1439/1/1 1440/1/1
f 1431/1/1 1440/1/1 1441/1/1
f 1442/1/1 1443/1/1 1441/1/1
f 1441/1/1 1443/1/1 1444/1/1
f 1441/1/1 1444/1/1 1431/1/1
f 1445/1/1 1446/1/1 1436/1/1
f 1436/1/1 1446/1/1 1447/1/1
f 1436/1/1 1447/1/1 1434/1/1
f 1422/1/1599 1448/1/1599 1449/1/1599
f 1422/1/1599 1449/1/1599 1420/1/1599
f 1420/1/1584 1449/1/1584 1450/1/1584
f 1420/1/1583 1450/1/1583 1429/1/1583
f 1429/1/1600 1450/1/1600 1451/1/1600
f 1429/1/1600 1451/1/1600 1430/1/1600
f 1430/1/1586 1451/1/1586 1452/1/1586
f 1430/1/1586 1452/1/1586 1432/1/1586
f 1432/1/1588 1452/1/1588 1453/1/1588
f 1432/1/1588 1453/1/1588 1433/1/1588
f 1433/1/1589 1453/1/1589 1454/1/1589
f 1433/1/1589 1454/1/1589 1439/1/1589
f 1439/1/1590 1454/1/1590 1455/1/1590
f 1439/1/1590 1455/1/1590 1440/1/1590
f 1440/1/1591 1455/1/1591 1456/1/1591
f 1440/1/1591 1456/1/1591 1441/1/1591
f 1441/1/1592 1456/1/1592 1457/1/1592
f 1441/1/1592 1457/1/1592 1442/1/1592
f 1442/1/1593 1457/1/1593 1458/1/1593
f 1442/1/1593 1458/1/1593 1443/1/1593
f 1443/1/1594 1458/1/1594 1459/1/1594
f 1443/1/1594 1459/1/1594 1444/1/1594
f 1444/1/1595 1459/1/1595 1460/1/1595
f 1444/1/1595 1460/1/1595 1431/1/1595
f 1431/1/1596 1460/1/1596 1461/1/1596
f 1431/1/1596 1461/1/1596 1421/1/1596
f 1421/1/1601 1461/1/1601 1462/1/1601
f 1421/1/1601 1462/1/1601 1423/1/1601
f 1423/1/1602 1462/1/1602 1463/1/1602
f 1423/1/1603 1463/1/1603 1425/1/1603
f 1425/1/1567 1463/1/1567 1464/1/1567
f 1425/1/1566 1464/1/1566 1426/1/1566
f 1426/1/1604 1464/1/1604 1465/1/1604
f 1426/1/1604 1465/1/1604 1427/1/1604
f 1427/1/1569 1465/1/1569 1466/1/1569
f 1427/1/1569 1466/1/1569 1428/1/1569
f 1428/1/1571 1466/1/1571 1467/1/1571
f 1428/1/1571 1467/1/1571 1437/1/1571
f 1437/1/1572 1467/1/1572 1468/1/1572
f 1437/1/1572 1468/1/1572 1436/1/1572
f 1436/1/1573 1468/1/1573 1469/1/1573
f 1436/1/1573 1469/1/1573 1445/1/1573
f 1445/1/1574 1469/1/1574 1470/1/1574
f 1445/1/1574 1470/1/1574 1446/1/1574
f 1446/1/1575 1470/1/1575 1471/1/1575
f 1446/1/1575 1471/1/1575 1447/1/1575
f 1447/1/1576 1471/1/1576 1472/1/1576
f 1447/1/1576 1472/1/1576 1434/1/1576
f 1434/1/1577 1472/1/1577 1473/1/1577
f 1434/1/1577 1473/1/1577 1435/1/1577
f 1435/1/1578 1473/1/1578 1474/1/1578
f 1435/1/1578 1474/1/1578 1438/1/1578
f 1438/1/1579 1474/1/1579 1475/1/1579
f 1438/1/1579 1475/1/1579 1424/1/1579
f 1424/1/1580 1475/1/1580 1448/1/1580
f 1424/1/1605 1448/1/1605 1422/1/1605
f 1475/1/85 1462/1/85 1448/1/85
f 1448/1/85 1462/1/85 1461/1/85
f 1448/1/85 1461/1/85 1449/1/85
f 1465/1/85 1464/1/85 1475/1/85
f 1475/1/85 1464/1/85 1463/1/85
f 1475/1/85 1463/1/85 1462/1/85
f 1454/1/85 1453/1/85 1460/1/85
f 1468/1/85 1467/1/85 1475/1/85
f 1475/1/85 1467/1/85 1466/1/85
f 1475/1/85 1466/1/85 1465/1/85
f 1454/1/85 1460/1/85 1455/1/85
f 1453/1/85 1452/1/85 1460/1/85
f 1460/1/85 1452/1/85 1451/1/85
f 1460/1/85 1451/1/85 1461/1/85
f 1461/1/85 1451/1/85 1450/1/85
f 1461/1/85 1450/1/85 1449/1/85
f 1475/1/85 1474/1/85 1468/1/85
f 1468/1/85 1474/1/85 1473/1/85
f 1468/1/85 1473/1/85 1472/1/85
f 1458/1/85 1457/1/85 1456/1/85
f 1472/1/85 1471/1/85 1468/1/85
f 1468/1/85 1471/1/85 1470/1/85
f 1468/1/85 1470/1/85 1469/1/85
f 1455/1/85 1460/1/85 1456/1/85
f 1456/1/85 1460/1/85 1459/1/85
f 1456/1/85 1459/1/85 1458/1/85
f 1476/1/64 1477/1/64 1478/1/64
f 1479/1/64 1480/1/64 1481/1/64
f 1481/412/64 1480/413/64 1482/414/64
f 1481/412/64 1482/414/64 1483/415/64
f 1483/415/64 1482/414/64 1484/416/64
f 1485/417/64 1486/418/64 1487/419/64
f 1487/419/64 1486/418/64 1480/420/64
f 1487/419/64 1480/420/64 1488/421/64
f 1488/1/64 1480/1/64 1479/1/64
f 1489/422/64 1490/423/64 1486/424/64
f 1486/424/64 1490/423/64 1491/425/64
f 1486/1/64 1491/1/64 1480/1/64
f 1480/426/64 1491/427/64 1492/428/64
f 1480/1/64 1492/1/64 1493/1/64
f 1494/1/64 1495/1/64 1496/1/64
f 1497/1/64 1498/1/64 1499/1/64
f 1499/1/64 1498/1/64 1500/1/64
f 1499/1/64 1500/1/64 1501/1/64
f 1502/429/64 1503/430/64 1504/431/64
f 1504/1/64 1503/1/64 1505/1/64
f 1504/432/64 1506/433/64 1478/434/64
f 1478/1/64 1506/1/64 1507/1/64
f 1478/1/64 1507/1/64 1476/1/64
f 1489/422/64 1486/424/64 1508/435/64
f 1508/435/64 1486/424/64 1509/436/64
f 1508/435/64 1509/436/64 1510/437/64
f 1510/437/64 1509/436/64 1511/438/64
f 1510/437/64 1511/438/64 1504/439/64
f 1504/439/64 1511/438/64 1512/440/64
f 1504/1/64 1512/1/64 1502/1/64
f 1477/441/64 1513/442/64 1478/443/64
f 1478/443/64 1513/442/64 1514/444/64
f 1478/443/64 1514/444/64 1515/445/64
f 1515/445/64 1514/444/64 1516/446/64
f 1515/445/64 1516/446/64 1517/447/64
f 1517/447/64 1516/446/64 1518/448/64
f 1517/447/64 1518/448/64 1519/449/64
f 1519/449/64 1518/448/64 1520/450/64
f 1519/449/64 1520/450/64 1521/451/64
f 1521/451/64 1520/450/64 1522/452/64
f 1521/451/64 1522/452/64 1523/453/64
f 1523/453/64 1522/452/64 1524/454/64
f 1523/453/64 1524/454/64 1493/455/64
f 1493/455/64 1524/454/64 1525/456/64
f 1493/455/64 1525/456/64 1480/457/64
f 1497/458/64 1526/459/64 1498/460/64
f 1498/1/64 1526/1/64 1506/1/64
f 1498/1/64 1506/1/64 1527/1/64
f 1527/461/64 1506/433/64 1504/432/64
f 1527/1/64 1504/1/64 1528/1/64
f 1528/1/64 1504/1/64 1505/1/64
f 1529/1/1606 1530/1/1606 1531/1/1606
f 1531/1/64 1530/1/64 1496/1/64
f 1531/462/64 1496/463/64 1482/414/64
f 1482/414/64 1496/463/64 1532/464/64
f 1482/414/64 1532/464/64 1484/416/64
f 1494/465/64 1496/466/64 1533/467/64
f 1533/467/64 1496/466/64 1530/54/64
f 1533/1/64 1530/1/64 1534/1/64
f 1535/1/1607 1536/1/1607 1486/1/1607
f 1486/1/1608 1485/1/1608 1535/1/1608
f 1535/1/1609 1485/1/1609 1487/1/1609
f 1535/1/1610 1487/1/1610 1537/1/1610
f 1537/1/1611 1487/1/1611 1538/1/1611
f 1538/1/1612 1487/1/1612 1488/1/1612
f 1538/1/1613 1488/1/1613 1539/1/1613
f 1540/1/1614 1541/1/1614 1519/1/1614
f 1519/1/1615 1521/1/1615 1540/1/1615
f 1540/468/1616 1521/469/1616 1523/470/1616
f 1540/1/1617 1523/1/1617 1542/1/1617
f 1542/1/1618 1523/1/1618 1543/1/1618
f 1543/471/1619 1523/472/1619 1493/473/1619
f 1543/1/1620 1493/1/1620 1544/1/1620
f 1545/1/1621 1546/1/1621 1492/1/1621
f 1492/1/1622 1546/1/1622 1547/1/1622
f 1492/1/1623 1547/1/1623 1493/1/1623
f 1493/1/1624 1547/1/1624 1548/1/1624
f 1493/1/1625 1548/1/1625 1544/1/1625
f 1492/1/1626 1491/1/1626 1545/1/1626
f 1545/1/1627 1491/1/1627 1490/1/1627
f 1545/1/1628 1490/1/1628 1549/1/1628
f 1549/1/1629 1490/1/1629 1489/1/1629
f 1549/1/1630 1489/1/1630 1550/1/1630
f 1551/1/48 1552/1/48 1553/1/48
f 1554/1/48 1555/1/48 1499/1/48
f 1499/1/48 1501/1/48 1556/1/48
f 1554/1/48 1499/1/48 1557/1/48
f 1501/1/48 1558/1/48 1556/1/48
f 1556/1/48 1558/1/48 1559/1/48
f 1556/1/48 1559/1/48 1560/1/48
f 1560/1/48 1559/1/48 1561/1/48
f 1560/1/48 1561/1/48 1562/1/48
f 1563/1/48 1564/1/48 1565/1/48
f 1565/1/48 1564/1/48 1557/1/48
f 1565/1/48 1557/1/48 1566/1/48
f 1566/1/48 1557/1/48 1499/1/48
f 1566/1/48 1499/1/48 1567/1/48
f 1567/1/48 1499/1/48 1556/1/48
f 1568/1/48 1569/1/48 1570/1/48
f 1570/1/48 1569/1/48 1571/1/48
f 1572/1/48 1573/1/48 1570/1/48
f 1570/1/48 1573/1/48 1574/1/48
f 1570/1/48 1574/1/48 1552/1/48
f 1552/1/48 1574/1/48 1575/1/48
f 1552/1/48 1575/1/48 1553/1/48
f 1576/1/48 1577/1/48 1563/1/48
f 1563/1/48 1577/1/48 1578/1/48
f 1563/1/48 1578/1/48 1564/1/48
f 1579/1/1631 1580/1/1631 1581/1/1631
f 1581/1/48 1580/1/48 1582/1/48
f 1581/1/48 1582/1/48 1583/1/48
f 1583/1/48 1582/1/48 1562/1/48
f 1583/1/48 1562/1/48 1584/1/48
f 1584/1/48 1562/1/48 1561/1/48
f 1585/1/48 1586/1/48 1587/1/48
f 1588/1/48 1589/1/48 1590/1/48
f 1590/1/48 1589/1/48 1591/1/48
f 1590/1/48 1591/1/48 1592/1/48
f 1593/1/1632 1594/1/1632 1595/1/1632
f 1595/1/48 1594/1/48 1551/1/48
f 1595/1/1623 1551/1/1623 1596/1/1623
f 1596/1/48 1551/1/48 1553/1/48
f 1597/1/1633 1598/1/1633 1599/1/1633
f 1599/1/1633 1598/1/1633 1577/1/1633
f 1599/1/48 1577/1/48 1600/1/48
f 1600/1/48 1577/1/48 1576/1/48
f 1600/1/48 1576/1/48 1601/1/48
f 1601/1/48 1576/1/48 1602/1/48
f 1603/1/48 1586/1/48 1604/1/48
f 1604/1/48 1586/1/48 1585/1/48
f 1604/1/48 1585/1/48 1605/1/48
f 1605/1/48 1585/1/48 1606/1/48
f 1568/1/48 1570/1/48 1607/1/48
f 1607/1/48 1570/1/48 1608/1/48
f 1607/1/48 1608/1/48 1609/1/48
f 1609/1/48 1608/1/48 1610/1/48
f 1609/1/48 1610/1/48 1611/1/48
f 1611/1/48 1610/1/48 1612/1/48
f 1611/1/48 1612/1/48 1613/1/48
f 1613/1/48 1612/1/48 1590/1/48
f 1613/1/48 1590/1/48 1614/1/48
f 1571/1/48 1615/1/48 1570/1/48
f 1570/1/48 1615/1/48 1616/1/48
f 1570/1/48 1616/1/48 1617/1/48
f 1578/1/48 1618/1/48 1564/1/48
f 1564/1/48 1618/1/48 1619/1/48
f 1564/1/48 1619/1/48 1620/1/48
f 1620/1/48 1619/1/48 1621/1/48
f 1620/1/48 1621/1/48 1622/1/48
f 1622/1/48 1621/1/48 1623/1/48
f 1622/1/48 1623/1/48 1624/1/48
f 1624/1/48 1623/1/48 1625/1/48
f 1624/1/48 1625/1/48 1585/1/48
f 1585/1/48 1625/1/48 1626/1/48
f 1585/1/48 1626/1/48 1606/1/48
f 1587/1/48 1627/1/48 1585/1/48
f 1585/1/48 1627/1/48 1628/1/48
f 1585/1/48 1628/1/48 1629/1/48
f 1629/1/48 1630/1/48 1585/1/48
f 1585/1/48 1630/1/48 1631/1/48
f 1585/1/48 1631/1/48 1632/1/48
f 1632/1/48 1631/1/48 1633/1/48
f 1632/1/48 1633/1/48 1634/1/48
f 1634/1/48 1633/1/48 1635/1/48
f 1634/1/48 1635/1/48 1636/1/48
f 1636/1/48 1635/1/48 1637/1/48
f 1636/1/48 1637/1/48 1588/1/48
f 1588/1/48 1637/1/48 1638/1/48
f 1588/1/48 1638/1/48 1589/1/48
f 1592/1/48 1639/1/48 1590/1/48
f 1590/1/48 1639/1/48 1640/1/48
f 1590/1/48 1640/1/48 1614/1/48
f 1641/1/48 1572/1/48 1642/1/48
f 1642/1/48 1572/1/48 1570/1/48
f 1642/1/48 1570/1/48 1643/1/48
f 1643/1/48 1570/1/48 1617/1/48
f 1644/1/48 1645/1/48 1646/1/48
f 1646/1/48 1645/1/48 1639/1/48
f 1646/1/48 1639/1/48 1647/1/48
f 1647/1/48 1639/1/48 1592/1/48
f 1647/1/48 1592/1/48 1648/1/48
f 1648/1/48 1592/1/48 1649/1/48
f 1552/1/1634 1551/1/1634 1650/1/1634
f 1650/1/1635 1551/1/1635 1651/1/1635
f 1650/1/1635 1651/1/1635 1652/1/1635
f 1653/1/85 1654/1/85 1655/1/85
f 1653/1/85 1655/1/85 1656/1/85
f 1657/1/85 591/1/85 1658/1/85
f 1658/1/85 591/1/85 1659/1/85
f 1658/1/85 1659/1/85 1660/1/85
f 1660/1/85 1659/1/85 1661/1/85
f 1660/1/85 1661/1/85 1662/1/85
f 1655/1/85 1663/1/85 1656/1/85
f 1656/1/85 1663/1/85 1664/1/85
f 1656/1/85 1664/1/85 1665/1/85
f 1665/1/85 1664/1/85 1666/1/85
f 1665/1/85 1666/1/85 1667/1/85
f 1667/1/85 1666/1/85 1659/1/85
f 1667/1/85 1659/1/85 1668/1/85
f 1668/1/85 1659/1/85 591/1/85
f 1669/1/85 596/1/85 1670/1/85
f 1670/1/85 596/1/85 335/1/85
f 1654/1/85 1653/1/85 1671/1/85
f 1671/1/85 1653/1/85 1672/1/85
f 1671/1/85 1672/1/85 1673/1/85
f 1673/1/85 1672/1/85 1674/1/85
f 1673/1/85 1674/1/85 1675/1/85
f 1661/1/85 1676/1/85 1662/1/85
f 1662/1/85 1676/1/85 1677/1/85
f 1662/1/85 1677/1/85 1678/1/85
f 1678/1/85 1677/1/85 1679/1/85
f 1678/1/85 1679/1/85 1669/1/85
f 1669/1/85 1679/1/85 1673/1/85
f 1669/1/85 1673/1/85 596/1/85
f 596/1/85 1673/1/85 1675/1/85
f 1680/1/85 1681/1/85 1682/1/85
f 1657/1/85 353/1/85 591/1/85
f 591/1/85 353/1/85 1683/1/85
f 591/1/85 1683/1/85 1684/1/85
f 1685/1/85 1686/1/85 1687/1/85
f 1686/1/85 1685/1/85 1688/1/85
f 1688/1/85 1685/1/85 1689/1/85
f 1688/1/85 1689/1/85 1681/1/85
f 1681/1/85 1689/1/85 1690/1/85
f 1681/1/85 1690/1/85 1682/1/85
f 1691/1/85 1692/1/85 1693/1/85
f 1693/1/85 1692/1/85 1694/1/85
f 1693/1/85 1694/1/85 1684/1/85
f 1684/1/85 1694/1/85 1685/1/85
f 1684/1/85 1685/1/85 591/1/85
f 591/1/85 1685/1/85 1687/1/85
f 1682/1/85 1695/1/85 1680/1/85
f 1680/1/85 1695/1/85 1696/1/85
f 1680/1/85 1696/1/85 1697/1/85
f 1697/1/85 1696/1/85 1698/1/85
f 1697/1/85 1698/1/85 1699/1/85
f 1699/1/85 1698/1/85 1700/1/85
f 1699/1/85 1700/1/85 1701/1/85
f 1701/1/85 1700/1/85 572/1/85
f 1702/1/85 572/1/85 1703/1/85
f 1703/1/85 572/1/85 1700/1/85
f 1703/1/85 1700/1/85 1704/1/85
f 1704/1/85 1700/1/85 1705/1/85
f 1704/1/85 1705/1/85 1691/1/85
f 1691/1/85 1705/1/85 1706/1/85
f 1691/1/85 1706/1/85 1692/1/85
f 1707/1/85 1708/1/85 1709/1/85
f 1709/1/85 1708/1/85 1710/1/85
f 1711/1/85 1712/1/85 1713/1/85
f 1713/1/85 1712/1/85 1714/1/85
f 1713/1/85 1714/1/85 328/1/85
f 1702/1/85 371/1/85 572/1/85
f 572/1/85 371/1/85 1715/1/85
f 572/1/85 1715/1/85 1716/1/85
f 1717/1/85 572/1/85 1718/1/85
f 1718/1/85 572/1/85 1716/1/85
f 1718/1/85 1716/1/85 1719/1/85
f 1719/1/85 1716/1/85 1720/1/85
f 1719/1/85 1720/1/85 1721/1/85
f 1721/1/85 1720/1/85 1722/1/85
f 1721/1/85 1722/1/85 1723/1/85
f 1707/1/85 1709/1/85 1724/1/85
f 1724/1/85 1709/1/85 1725/1/85
f 1724/1/85 1725/1/85 1726/1/85
f 1726/1/85 1725/1/85 1727/1/85
f 1726/1/85 1727/1/85 1718/1/85
f 1718/1/85 1727/1/85 1728/1/85
f 1718/1/85 1728/1/85 1717/1/85
f 1708/1/85 1729/1/85 1710/1/85
f 1710/1/85 1729/1/85 1730/1/85
f 1710/1/85 1730/1/85 1714/1/85
f 1714/1/85 1730/1/85 1731/1/85
f 1714/1/85 1731/1/85 328/1/85
f 1723/1/85 1722/1/85 1732/1/85
f 1732/1/85 1722/1/85 1733/1/85
f 1732/1/85 1733/1/85 1731/1/85
f 1731/1/85 1733/1/85 1734/1/85
f 1731/1/85 1734/1/85 328/1/85
f 1734/1/85 1735/1/85 328/1/85
f 328/1/85 1735/1/85 389/1/85
f 328/1/85 389/1/85 1736/1/85
f 1652/1/85 1651/1/85 1737/1/85
f 1737/1/85 1651/1/85 1738/1/85
f 1737/1/85 1738/1/85 328/1/85
f 1739/1/85 1740/1/85 1741/1/85
f 1741/1/85 1740/1/85 1742/1/85
f 1741/1/85 1742/1/85 1743/1/85
f 1743/1/85 1742/1/85 1744/1/85
f 1743/1/85 1744/1/85 1745/1/85
f 1736/1/85 1740/1/85 328/1/85
f 328/1/85 1740/1/85 1739/1/85
f 328/1/85 1739/1/85 1737/1/85
f 1737/1/85 1739/1/85 1746/1/85
f 1739/1/85 1747/1/85 1746/1/85
f 1746/1/85 1747/1/85 1748/1/85
f 1746/1/85 1748/1/85 1749/1/85
f 1748/1/85 1750/1/85 1749/1/85
f 1749/1/85 1750/1/85 1751/1/85
f 1749/1/85 1751/1/85 1752/1/85
f 1752/1/85 1751/1/85 1753/1/85
f 1752/1/85 1753/1/85 1754/1/85
f 1754/1/85 1753/1/85 1755/1/85
f 1754/1/85 1755/1/85 1756/1/85
f 1756/1/85 1755/1/85 1757/1/85
f 1756/1/85 1757/1/85 1758/1/85
f 1758/1/85 1757/1/85 596/1/85
f 1745/1/85 1744/1/85 1759/1/85
f 1759/1/85 1744/1/85 1760/1/85
f 1759/1/85 1760/1/85 1757/1/85
f 1757/1/85 1760/1/85 1761/1/85
f 1757/1/85 1761/1/85 596/1/85
f 596/1/85 1761/1/85 1762/1/85
f 596/1/85 1762/1/85 335/1/85
f 1712/1/1635 1711/1/1635 1763/1/1635
f 1763/1/1635 1711/1/1635 1583/1/1635
f 1763/1/1636 1583/1/1636 1584/1/1636
f 1527/1/1637 1528/1/1637 1764/1/1637
f 1558/1/1638 1501/1/1638 1765/1/1638
f 1765/1/1639 1501/1/1639 1500/1/1639
f 1764/1/1640 1766/1/1640 1527/1/1640
f 1527/1/1641 1766/1/1641 1767/1/1641
f 1527/1/1642 1767/1/1642 1498/1/1642
f 1498/1/1643 1767/1/1643 1768/1/1643
f 1498/1/1644 1768/1/1644 1500/1/1644
f 1500/1/1645 1768/1/1645 1769/1/1645
f 1500/1/1646 1769/1/1646 1765/1/1646
f 1764/1/1 1528/1/1 1770/1/1
f 1770/1/1 1528/1/1 1505/1/1
f 1771/1/1647 1772/1/1647 1773/1/1647
f 1773/1/1648 1772/1/1648 1774/1/1648
f 1773/1/1649 1774/1/1649 1775/1/1649
f 1775/1/1650 1774/1/1650 1776/1/1650
f 1776/1/1651 1774/1/1651 1777/1/1651
f 1776/1/1652 1777/1/1652 1778/1/1652
f 1778/1/1653 1777/1/1653 1779/1/1653
f 1779/1/1654 1777/1/1654 1780/1/1654
f 1779/1/1655 1780/1/1655 1781/1/1655
f 1782/1/1656 1783/1/1656 1780/1/1656
f 1780/1/1657 1783/1/1657 1784/1/1657
f 1780/1/1658 1784/1/1658 1781/1/1658
f 1785/1/1659 1786/1/1659 1787/1/1659
f 1787/1/1660 1786/1/1660 1788/1/1660
f 1787/1/1661 1788/1/1661 1782/1/1661
f 1782/1/1662 1788/1/1662 1789/1/1662
f 1782/1/1663 1789/1/1663 1783/1/1663
f 1790/1/53 1791/1/53 1792/1/53
f 1792/1/1664 1791/1/1664 1793/1/1664
f 1792/1/1665 1793/1/1665 1787/1/1665
f 1787/1/1666 1793/1/1666 1794/1/1666
f 1787/1/1667 1794/1/1667 1785/1/1667
f 1795/1/1668 1796/1/1668 1797/1/1668
f 1791/1/1669 1790/1/1669 1798/1/1669
f 1798/1/1670 1790/1/1670 1799/1/1670
f 1798/1/1671 1799/1/1671 1800/1/1671
f 1800/1/1672 1799/1/1672 1801/1/1672
f 1800/1/1673 1801/1/1673 1802/1/1673
f 1802/1/1674 1801/1/1674 1803/1/1674
f 1803/1/1675 1801/1/1675 1804/1/1675
f 1803/1/1676 1804/1/1676 1805/1/1676
f 1806/1/1677 1807/1/1677 1804/1/1677
f 1804/1/1678 1807/1/1678 1808/1/1678
f 1804/1/1679 1808/1/1679 1805/1/1679
f 1796/1/1680 1809/1/1680 1797/1/1680
f 1797/1/1681 1809/1/1681 1810/1/1681
f 1797/1/1682 1810/1/1682 1806/1/1682
f 1806/1/1683 1810/1/1683 1811/1/1683
f 1806/1/1684 1811/1/1684 1807/1/1684
f 1772/1/1685 1771/1/1685 1812/1/1685
f 1812/1/1686 1771/1/1686 1813/1/1686
f 1812/1/1687 1813/1/1687 1797/1/1687
f 1797/1/1688 1813/1/1688 1814/1/1688
f 1797/1/1689 1814/1/1689 1795/1/1689
f 1815/1/1690 1550/1/1690 1489/1/1690
f 1489/1/1691 1508/1/1691 1815/1/1691
f 1815/1/1692 1508/1/1692 1510/1/1692
f 1815/1/1693 1510/1/1693 1816/1/1693
f 1816/1/1694 1510/1/1694 1817/1/1694
f 1817/1/1695 1510/1/1695 1504/1/1695
f 1817/1/1696 1504/1/1696 1818/1/1696
f 1819/1/1697 1820/1/1697 1478/1/1697
f 1478/1/1698 1820/1/1698 1821/1/1698
f 1478/1/1699 1821/1/1699 1504/1/1699
f 1504/1/1700 1821/1/1700 1822/1/1700
f 1504/1/1701 1822/1/1701 1818/1/1701
f 1478/1/1702 1515/1/1702 1819/1/1702
f 1819/474/1703 1515/475/1703 1517/476/1703
f 1819/1/1704 1517/1/1704 1823/1/1704
f 1823/1/1705 1517/1/1705 1519/1/1705
f 1823/1/1706 1519/1/1706 1541/1/1706
f 1824/477/1707 1825/478/1707 1826/479/1707
f 1827/1/1708 1828/1/1708 1829/1/1708
f 1830/480/1709 1831/481/1709 1832/482/1709
f 1832/482/1710 1831/481/1710 1833/483/1710
f 1832/482/1711 1833/483/1711 1834/484/1711
f 1834/484/1712 1833/483/1712 1835/485/1712
f 1836/1/1713 1837/1/1713 1838/1/1713
f 1839/1/1714 1840/1/1714 1841/1/1714
f 1839/1/1715 1841/1/1715 1828/1/1715
f 1828/1/1716 1841/1/1716 1842/1/1716
f 1828/1/1717 1842/1/1717 1829/1/1717
f 1837/1/1718 1843/1/1718 1838/1/1718
f 1838/1/1719 1843/1/1719 1844/1/1719
f 1838/1/1720 1844/1/1720 1845/1/1720
f 1845/1/1721 1844/1/1721 1846/1/1721
f 1845/1/1722 1846/1/1722 1847/1/1722
f 1848/1/1723 1849/1/1723 1850/1/1723
f 1850/1/1724 1849/1/1724 1851/1/1724
f 1850/1/1725 1851/1/1725 1852/1/1725
f 1851/1/1726 1853/1/1726 1852/1/1726
f 1852/1/1727 1853/1/1727 1854/1/1727
f 1852/1/1728 1854/1/1728 1855/1/1728
f 1855/1/1729 1854/1/1729 1856/1/1729
f 1855/1/1730 1856/1/1730 1829/1/1730
f 1829/1/1731 1856/1/1731 1857/1/1731
f 1829/1/1732 1857/1/1732 1827/1/1732
f 1858/486/1733 1859/487/1733 1860/488/1733
f 1860/488/1734 1859/487/1734 1861/489/1734
f 1860/488/1735 1861/489/1735 1862/490/1735
f 1862/490/1736 1861/489/1736 1863/491/1736
f 1862/490/1737 1863/491/1737 1864/492/1737
f 1864/1/1738 1863/1/1738 1865/1/1738
f 1864/493/1739 1865/494/1739 1866/495/1739
f 1866/496/1740 1865/497/1740 1867/498/1740
f 1866/1/1741 1867/1/1741 1868/1/1741
f 1868/1/1742 1867/1/1742 1869/1/1742
f 1868/1/1743 1869/1/1743 1870/1/1743
f 1870/1/1744 1869/1/1744 1871/1/1744
f 1870/1/1745 1871/1/1745 1848/1/1745
f 1848/1/1746 1871/1/1746 1872/1/1746
f 1848/1/1747 1872/1/1747 1849/1/1747
f 1873/499/1748 1874/500/1748 1875/501/1748
f 1875/501/1749 1874/500/1749 1876/502/1749
f 1875/503/1750 1876/504/1750 1877/505/1750
f 1858/1/1751 1860/1/1751 1877/1/1751
f 1877/505/1752 1860/506/1752 1878/507/1752
f 1877/508/1753 1878/509/1753 1875/501/1753
f 1879/510/1754 1880/511/1754 1881/512/1754
f 1825/478/1755 1824/477/1755 1881/512/1755
f 1881/512/1756 1824/477/1756 1882/513/1756
f 1881/512/1757 1882/513/1757 1879/510/1757
f 1883/514/1758 1884/515/1758 1885/516/1758
f 1885/516/1759 1884/515/1759 1886/517/1759
f 1873/499/1760 1875/501/1760 1886/517/1760
f 1886/517/1761 1875/501/1761 1887/518/1761
f 1886/517/1762 1887/518/1762 1885/516/1762
f 1888/519/1763 1889/520/1763 1890/521/1763
f 1890/521/1764 1891/522/1764 1888/519/1764
f 1888/519/1765 1891/522/1765 1831/481/1765
f 1888/519/1766 1831/481/1766 1892/523/1766
f 1892/523/1767 1831/481/1767 1830/480/1767
f 1892/523/1767 1830/480/1767 1893/524/1767
f 1880/511/1768 1883/525/1768 1881/512/1768
f 1881/526/1769 1883/514/1769 1885/516/1769
f 1881/526/1770 1885/516/1770 1894/527/1770
f 1894/527/1771 1885/516/1771 1895/528/1771
f 1894/527/1772 1895/528/1772 1896/529/1772
f 1896/529/1773 1895/528/1773 1897/530/1773
f 1896/529/1774 1897/530/1774 1898/531/1774
f 1898/531/1775 1897/530/1775 1899/532/1775
f 1898/531/1776 1899/532/1776 1900/533/1776
f 1900/534/1777 1899/535/1777 1901/536/1777
f 1900/534/1778 1901/536/1778 1902/537/1778
f 1902/537/1779 1901/536/1779 1903/538/1779
f 1902/537/1780 1903/538/1780 1835/485/1780
f 1835/485/1781 1903/538/1781 1904/539/1781
f 1835/485/1782 1904/539/1782 1834/484/1782
f 1834/484/1782 1904/539/1782 1905/540/1782
f 1840/1/1783 1836/1/1783 1841/1/1783
f 1841/1/1784 1836/1/1784 1838/1/1784
f 1841/1/1785 1838/1/1785 1906/1/1785
f 1906/1/1786 1838/1/1786 1907/1/1786
f 1906/1/1787 1907/1/1787 1908/1/1787
f 1908/1/1788 1907/1/1788 1909/1/1788
f 1908/1/1789 1909/1/1789 1910/1/1789
f 1910/1/1790 1909/1/1790 1911/1/1790
f 1910/1/1791 1911/1/1791 1912/1/1791
f 1912/1/1792 1911/1/1792 1913/1/1792
f 1912/1/1793 1913/1/1793 1914/1/1793
f 1914/1/1794 1913/1/1794 1915/1/1794
f 1914/1/1795 1915/1/1795 1916/1/1795
f 1916/1/1796 1915/1/1796 1917/1/1796
f 1915/1/1797 1918/1/1797 1917/1/1797
f 1917/1/1798 1918/1/1798 1919/1/1798
f 1917/1/1799 1919/1/1799 1920/1/1799
f 1920/1/1800 1919/1/1800 1921/1/1800
f 1922/1/1801 1923/1/1801 1924/1/1801
f 1924/1/1802 1923/1/1802 1925/1/1802
f 1924/1/1803 1925/1/1803 1926/1/1803
f 1926/1/1804 1925/1/1804 1921/1/1804
f 1926/1/1805 1921/1/1805 1927/1/1805
f 1927/1/1806 1921/1/1806 1919/1/1806
f 572/541/1807 1890/542/1807 1928/543/1807
f 572/544/1808 1928/545/1808 1701/546/1808
f 1701/546/1809 1928/545/1809 1929/547/1809
f 1701/546/1809 1929/547/1809 1699/548/1809
f 1699/548/1810 1929/547/1810 1930/549/1810
f 1699/1/1811 1930/1/1811 1697/1/1811
f 1697/1/1812 1930/1/1812 1931/1/1812
f 1697/550/1813 1931/551/1813 1680/552/1813
f 1680/552/1814 1931/551/1814 1932/553/1814
f 1680/1/1815 1932/1/1815 1681/1/1815
f 1681/554/1816 1932/555/1816 1933/556/1816
f 1681/554/1817 1933/556/1817 1688/557/1817
f 1688/1/1818 1933/1/1818 1934/1/1818
f 1688/558/1818 1934/559/1818 1686/560/1818
f 1686/1/1819 1934/1/1819 1935/1/1819
f 1686/1/1819 1935/1/1819 1687/1/1819
f 1687/1/1820 1935/1/1820 1936/1/1820
f 1687/1/1820 1936/1/1820 591/1/1820
f 591/1/1821 1936/1/1821 1937/1/1821
f 591/1/1822 1937/1/1822 1668/1/1822
f 1668/1/1823 1937/1/1823 1938/1/1823
f 1668/1/1823 1938/1/1823 1667/1/1823
f 1667/1/1824 1938/1/1824 1939/1/1824
f 1667/1/1824 1939/1/1824 1665/1/1824
f 1665/1/1825 1939/1/1825 1940/1/1825
f 1665/1/1826 1940/1/1826 1656/1/1826
f 1656/1/1827 1940/1/1827 1941/1/1827
f 1656/1/1827 1941/1/1827 1653/1/1827
f 1653/1/1828 1941/1/1828 1942/1/1828
f 1653/1/1829 1942/1/1829 1672/1/1829
f 1672/1/1830 1942/1/1830 1943/1/1830
f 1672/1/1831 1943/1/1831 1674/1/1831
f 1674/1/1832 1943/1/1832 1944/1/1832
f 1674/1/1832 1944/1/1832 1675/1/1832
f 1675/1/1833 1944/1/1833 1922/1/1833
f 1675/1/1834 1922/1/1834 596/1/1834
f 1945/1/1835 1946/1/1835 1947/1/1835
f 1947/1/1836 1948/1/1836 1945/1/1836
f 1945/1/1837 1948/1/1837 1949/1/1837
f 1945/1/1838 1949/1/1838 1950/1/1838
f 1950/1/1839 1949/1/1839 1951/1/1839
f 1951/1/1840 1949/1/1840 1952/1/1840
f 1951/1/1841 1952/1/1841 1953/1/1841
f 1954/1/1842 1955/1/1842 1956/1/1842
f 1956/1/1843 1955/1/1843 1957/1/1843
f 1956/1/1844 1957/1/1844 1952/1/1844
f 1952/1/1845 1957/1/1845 1958/1/1845
f 1952/1/1846 1958/1/1846 1953/1/1846
f 1956/1/1847 1959/1/1847 1954/1/1847
f 1954/1/1848 1959/1/1848 1960/1/1848
f 1954/1/1849 1960/1/1849 1961/1/1849
f 1961/1/1850 1960/1/1850 1962/1/1850
f 1961/1/1851 1962/1/1851 1963/1/1851
f 1963/1/1852 1962/1/1852 1964/1/1852
f 1964/1/1853 1962/1/1853 1965/1/1853
f 1964/1/1854 1965/1/1854 1966/1/1854
f 1967/1/1855 1968/1/1855 1966/1/1855
f 1966/1/1856 1968/1/1856 1969/1/1856
f 1966/1/1857 1969/1/1857 1964/1/1857
f 1970/1/1858 1971/1/1858 1967/1/1858
f 1967/1/1859 1971/1/1859 1972/1/1859
f 1967/1/1860 1972/1/1860 1968/1/1860
f 1973/1/1861 1974/1/1861 1970/1/1861
f 1970/1/1862 1974/1/1862 1975/1/1862
f 1970/1/1863 1975/1/1863 1971/1/1863
f 1970/1/1864 1976/1/1864 1973/1/1864
f 1973/1/1865 1976/1/1865 1977/1/1865
f 1973/1/1866 1977/1/1866 1978/1/1866
f 1978/1/1867 1977/1/1867 1947/1/1867
f 1978/1/1868 1947/1/1868 1946/1/1868
f 1823/1/1869 1541/1/1869 1979/1/1869
f 1979/1/1870 1541/1/1870 1980/1/1870
f 1981/1/1871 1982/1/1871 1983/1/1871
f 1545/1/1872 1549/1/1872 1984/1/1872
f 1541/1/1873 1540/1/1873 1980/1/1873
f 1980/1/1874 1540/1/1874 1542/1/1874
f 1980/1/1875 1542/1/1875 1985/1/1875
f 1985/1/1876 1542/1/1876 1543/1/1876
f 1985/1/1877 1543/1/1877 1544/1/1877
f 1544/1/1878 1548/1/1878 1985/1/1878
f 1985/1/1879 1548/1/1879 1547/1/1879
f 1985/1/1880 1547/1/1880 1984/1/1880
f 1984/1/1881 1547/1/1881 1546/1/1881
f 1984/1/1882 1546/1/1882 1545/1/1882
f 1986/1/1883 1550/1/1883 1815/1/1883
f 1815/1/1884 1816/1/1884 1986/1/1884
f 1986/1/1885 1816/1/1885 1817/1/1885
f 1986/1/1886 1817/1/1886 1987/1/1886
f 1987/1/1887 1817/1/1887 1818/1/1887
f 1987/1/1888 1818/1/1888 1822/1/1888
f 1822/1/1889 1821/1/1889 1987/1/1889
f 1987/1/1890 1821/1/1890 1820/1/1890
f 1987/1/1891 1820/1/1891 1979/1/1891
f 1979/1/1892 1820/1/1892 1819/1/1892
f 1979/1/1893 1819/1/1893 1823/1/1893
f 1983/1/1894 1988/1/1894 1981/1/1894
f 1981/1/1895 1988/1/1895 1984/1/1895
f 1981/1/1896 1984/1/1896 1986/1/1896
f 1986/1/1897 1984/1/1897 1549/1/1897
f 1986/1/1898 1549/1/1898 1550/1/1898
f 1553/1/1899 1989/1/1899 1990/1/1899
f 1553/1/1900 1990/1/1900 1596/1/1900
f 1596/1/1901 1990/1/1901 1991/1/1901
f 1596/1/1901 1991/1/1901 1595/1/1901
f 1595/1/1902 1991/1/1902 1992/1/1902
f 1595/1/1902 1992/1/1902 1593/1/1902
f 1593/1/1903 1992/1/1903 1993/1/1903
f 1593/1/1903 1993/1/1903 1594/1/1903
f 1594/1/1904 1993/1/1904 1651/1/1904
f 1594/1/1905 1651/1/1905 1551/1/1905
f 1989/1/1906 1553/1/1906 1994/1/1906
f 1994/1/1907 1553/1/1907 1575/1/1907
f 1994/1/1908 1575/1/1908 1995/1/1908
f 1995/1/1908 1575/1/1908 1574/1/1908
f 1995/1/1909 1574/1/1909 1996/1/1909
f 1996/1/1910 1574/1/1910 1573/1/1910
f 1996/1/1911 1573/1/1911 1997/1/1911
f 1997/1/1911 1573/1/1911 1572/1/1911
f 1643/1/1912 1998/1/1912 1999/1/1912
f 1643/1/1912 1999/1/1912 1642/1/1912
f 1642/1/1913 1999/1/1913 2000/1/1913
f 1642/1/1913 2000/1/1913 1641/1/1913
f 1641/1/1914 2000/1/1914 1997/1/1914
f 1641/1/1914 1997/1/1914 1572/1/1914
f 1998/1/1915 1643/1/1915 2001/1/1915
f 2001/1/1916 1643/1/1916 1617/1/1916
f 1571/1/1917 2002/1/1917 2003/1/1917
f 1571/1/1917 2003/1/1917 1615/1/1917
f 1615/1/1918 2003/1/1918 2004/1/1918
f 1615/1/1918 2004/1/1918 1616/1/1918
f 1616/1/1919 2004/1/1919 2001/1/1919
f 1616/1/1920 2001/1/1920 1617/1/1920
f 2002/1/1921 1571/1/1921 2005/1/1921
f 2005/1/1921 1571/1/1921 1569/1/1921
f 2005/1/1922 1569/1/1922 2006/1/1922
f 2006/1/1922 1569/1/1922 1568/1/1922
f 2006/1/1923 1568/1/1923 2007/1/1923
f 2007/1/1924 1568/1/1924 1607/1/1924
f 1611/1/1925 1613/1/1925 2008/1/1925
f 2008/1/1925 2009/1/1925 1611/1/1925
f 1611/1/1926 2009/1/1926 2010/1/1926
f 1611/1/1927 2010/1/1927 1609/1/1927
f 2007/1/1928 1607/1/1928 2011/1/1928
f 2011/1/1929 1607/1/1929 1609/1/1929
f 2011/1/1930 1609/1/1930 2012/1/1930
f 2012/1/1931 1609/1/1931 2010/1/1931
f 2008/1/1932 1613/1/1932 2013/1/1932
f 2013/1/1932 1613/1/1932 1614/1/1932
f 2013/1/1933 1614/1/1933 2014/1/1933
f 2014/1/1933 1614/1/1933 1640/1/1933
f 2014/1/1934 1640/1/1934 2015/1/1934
f 2015/1/1934 1640/1/1934 1639/1/1934
f 1646/1/1935 2016/1/1935 2017/1/1935
f 1646/1/1935 2017/1/1935 1644/1/1935
f 1644/1/1936 2017/1/1936 2018/1/1936
f 1644/1/1937 2018/1/1937 1645/1/1937
f 1645/1/1938 2018/1/1938 2015/1/1938
f 1645/1/1938 2015/1/1938 1639/1/1938
f 2016/1/1939 1646/1/1939 2019/1/1939
f 2019/1/1939 1646/1/1939 1647/1/1939
f 1592/1/1940 2020/1/1940 2021/1/1940
f 1592/1/1940 2021/1/1940 1649/1/1940
f 1649/1/1941 2021/1/1941 2022/1/1941
f 1649/1/1941 2022/1/1941 1648/1/1941
f 1648/1/1942 2022/1/1942 2019/1/1942
f 1648/1/1942 2019/1/1942 1647/1/1942
f 2020/1/1943 1592/1/1943 2023/1/1943
f 2023/1/1944 1592/1/1944 1591/1/1944
f 2023/1/1945 1591/1/1945 2024/1/1945
f 2024/1/1945 1591/1/1945 1589/1/1945
f 2024/1/1946 1589/1/1946 2025/1/1946
f 2025/1/1946 1589/1/1946 1638/1/1946
f 1635/1/1947 1633/1/1947 2026/1/1947
f 2025/1/1948 1638/1/1948 2027/1/1948
f 2027/1/1949 1638/1/1949 1637/1/1949
f 2027/1/1950 1637/1/1950 2028/1/1950
f 2028/1/1951 1637/1/1951 1635/1/1951
f 2028/1/1952 1635/1/1952 2029/1/1952
f 2029/1/1953 1635/1/1953 2026/1/1953
f 2026/1/1954 1633/1/1954 2030/1/1954
f 2030/1/1954 1633/1/1954 1631/1/1954
f 2030/1/1955 1631/1/1955 2031/1/1955
f 2031/1/1956 1631/1/1956 1630/1/1956
f 2031/1/1957 1630/1/1957 2032/1/1957
f 2032/1/1957 1630/1/1957 1629/1/1957
f 1587/1/1958 2033/1/1958 2034/1/1958
f 1587/1/1958 2034/1/1958 1627/1/1958
f 1627/1/1959 2034/1/1959 2035/1/1959
f 1627/1/1959 2035/1/1959 1628/1/1959
f 1628/1/1960 2035/1/1960 2032/1/1960
f 1628/1/1960 2032/1/1960 1629/1/1960
f 2033/1/1961 1587/1/1961 2036/1/1961
f 2036/1/1961 1587/1/1961 1586/1/1961
f 1605/1/1962 2037/1/1962 2038/1/1962
f 1605/1/1962 2038/1/1962 1604/1/1962
f 1604/1/1963 2038/1/1963 2039/1/1963
f 1604/1/1964 2039/1/1964 1603/1/1964
f 1603/1/1965 2039/1/1965 2036/1/1965
f 1603/1/1965 2036/1/1965 1586/1/1965
f 2037/1/1966 1605/1/1966 2040/1/1966
f 2040/1/1966 1605/1/1966 1606/1/1966
f 2040/1/1967 1606/1/1967 2041/1/1967
f 2041/1/1968 1606/1/1968 1626/1/1968
f 2041/1/1969 1626/1/1969 2042/1/1969
f 2042/1/1970 1626/1/1970 1625/1/1970
f 1621/1/1971 1619/1/1971 2043/1/1971
f 2042/1/1972 1625/1/1972 2044/1/1972
f 2044/1/1972 1625/1/1972 1623/1/1972
f 2044/1/1973 1623/1/1973 2045/1/1973
f 2045/1/1974 1623/1/1974 1621/1/1974
f 2045/1/1975 1621/1/1975 2046/1/1975
f 2046/1/1971 1621/1/1971 2043/1/1971
f 2043/1/1976 1619/1/1976 2047/1/1976
f 2047/1/1976 1619/1/1976 1618/1/1976
f 2047/1/1977 1618/1/1977 2048/1/1977
f 2048/1/1977 1618/1/1977 1578/1/1977
f 2048/1/1978 1578/1/1978 2049/1/1978
f 2049/1/1978 1578/1/1978 1577/1/1978
f 1599/1/1979 2050/1/1979 2051/1/1979
f 1599/1/1980 2051/1/1980 1597/1/1980
f 1597/1/1981 2051/1/1981 2052/1/1981
f 1597/1/1981 2052/1/1981 1598/1/1981
f 1598/1/1982 2052/1/1982 2049/1/1982
f 1598/1/1983 2049/1/1983 1577/1/1983
f 2050/1/1984 1599/1/1984 2053/1/1984
f 2053/1/1985 1599/1/1985 1600/1/1985
f 1576/1/1986 2054/1/1986 2055/1/1986
f 1576/1/1986 2055/1/1986 1602/1/1986
f 1602/1/1987 2055/1/1987 2056/1/1987
f 1602/1/1987 2056/1/1987 1601/1/1987
f 1601/1/1988 2056/1/1988 2053/1/1988
f 1601/1/1989 2053/1/1989 1600/1/1989
f 2054/1/1990 1576/1/1990 2057/1/1990
f 2057/1/1990 1576/1/1990 1563/1/1990
f 2057/1/1991 1563/1/1991 2058/1/1991
f 2058/1/1991 1563/1/1991 1565/1/1991
f 2058/1/1992 1565/1/1992 1979/1/1992
f 1979/1/1993 1565/1/1993 1566/1/1993
f 1979/1/1994 1566/1/1994 1987/1/1994
f 1987/1/1994 1566/1/1994 1567/1/1994
f 1987/1/1995 1567/1/1995 1986/1/1995
f 1986/1/1996 1567/1/1996 1556/1/1996
f 1986/1/1997 1556/1/1997 1981/1/1997
f 1981/1/1997 1556/1/1997 1560/1/1997
f 1981/1/1998 1560/1/1998 1982/1/1998
f 1982/1/1999 1560/1/1999 1562/1/1999
f 1583/1/2000 1711/1/2000 2059/1/2000
f 1583/1/2000 2059/1/2000 1581/1/2000
f 1581/1/2001 2059/1/2001 2060/1/2001
f 1581/1/2001 2060/1/2001 1579/1/2001
f 1579/1/2002 2060/1/2002 2061/1/2002
f 1579/1/2002 2061/1/2002 1580/1/2002
f 1580/1/2003 2061/1/2003 2062/1/2003
f 1580/1/2004 2062/1/2004 1582/1/2004
f 1582/1/2005 2062/1/2005 1982/1/2005
f 1582/1/2006 1982/1/2006 1562/1/2006
f 2063/1/1635 2064/1/1635 328/1/1635
f 2065/1/1634 2066/1/1634 2067/1/1634
f 2067/1/2007 2066/1/2007 2068/1/2007
f 2063/1/2008 328/1/2008 2066/1/2008
f 2064/1/1634 2069/1/1634 328/1/1634
f 328/1/2009 2069/1/2009 2070/1/2009
f 328/1/2010 2070/1/2010 1713/1/2010
f 2068/1/1634 2066/1/1634 2071/1/1634
f 2071/1/1635 2066/1/1635 328/1/1635
f 2071/1/1635 328/1/1635 1738/1/1635
f 335/1/2011 2072/1/2011 2073/1/2011
f 335/1/2012 2073/1/2012 1670/1/2012
f 2073/1/2013 2074/1/2013 1670/1/2013
f 1670/1/2014 2074/1/2014 2075/1/2014
f 1670/1/2015 2075/1/2015 1669/1/2015
f 2075/1/2016 2076/1/2016 1669/1/2016
f 1669/1/2017 2076/1/2017 2077/1/2017
f 1669/1/2018 2077/1/2018 1678/1/2018
f 2077/1/2019 2078/1/2019 1678/1/2019
f 1678/1/2020 2078/1/2020 2079/1/2020
f 1678/1/2021 2079/1/2021 1662/1/2021
f 2079/1/2022 2080/1/2022 1662/1/2022
f 1662/1/2023 2080/1/2023 2081/1/2023
f 1662/1/2024 2081/1/2024 1660/1/2024
f 2081/1/2025 2082/1/2025 1660/1/2025
f 1660/1/2026 2082/1/2026 2083/1/2026
f 1660/1/2027 2083/1/2027 1658/1/2027
f 2083/1/2028 2084/1/2028 1658/1/2028
f 1658/1/2029 2084/1/2029 2085/1/2029
f 1658/1/2030 2085/1/2030 1657/1/2030
f 1657/1/2031 2085/1/2031 2086/1/2031
f 1657/1/2032 2086/1/2032 353/1/2032
f 353/1/2032 2086/1/2032 2087/1/2032
f 353/1/2033 2087/1/2033 1683/1/2033
f 1683/1/2033 2087/1/2033 2088/1/2033
f 1683/1/2034 2088/1/2034 1684/1/2034
f 2088/1/2035 2089/1/2035 1684/1/2035
f 1684/1/2036 2089/1/2036 2090/1/2036
f 1684/1/2037 2090/1/2037 1693/1/2037
f 2090/1/2038 2091/1/2038 1693/1/2038
f 1693/1/2039 2091/1/2039 2092/1/2039
f 1693/1/2040 2092/1/2040 1691/1/2040
f 2092/1/2041 2093/1/2041 1691/1/2041
f 1691/1/2042 2093/1/2042 2094/1/2042
f 1691/1/2043 2094/1/2043 1704/1/2043
f 2094/1/2044 2095/1/2044 1704/1/2044
f 1704/1/2045 2095/1/2045 2096/1/2045
f 1704/1/2046 2096/1/2046 1703/1/2046
f 2096/1/2047 2097/1/2047 1703/1/2047
f 1703/1/2048 2097/1/2048 2098/1/2048
f 1703/1/2049 2098/1/2049 1702/1/2049
f 2098/1/2050 2099/1/2050 1702/1/2050
f 1702/1/2051 2099/1/2051 2100/1/2051
f 1702/1/2052 2100/1/2052 371/1/2052
f 371/1/2053 2100/1/2053 2101/1/2053
f 371/1/2054 2101/1/2054 2102/1/2054
f 371/1/2055 2102/1/2055 2103/1/2055
f 371/1/2056 2103/1/2056 1715/1/2056
f 2103/1/2057 2104/1/2057 1715/1/2057
f 1715/1/2058 2104/1/2058 2105/1/2058
f 1715/1/2059 2105/1/2059 1716/1/2059
f 2105/1/2060 2106/1/2060 1716/1/2060
f 1716/1/2061 2106/1/2061 2107/1/2061
f 1716/1/2062 2107/1/2062 1720/1/2062
f 2107/1/2063 2108/1/2063 1720/1/2063
f 1720/1/2064 2108/1/2064 2109/1/2064
f 1720/1/2065 2109/1/2065 1722/1/2065
f 2109/1/2066 2110/1/2066 1722/1/2066
f 1722/1/2067 2110/1/2067 2111/1/2067
f 1722/1/2068 2111/1/2068 1733/1/2068
f 2111/1/2069 2112/1/2069 1733/1/2069
f 1733/1/2070 2112/1/2070 2113/1/2070
f 1733/1/2071 2113/1/2071 1734/1/2071
f 2113/1/2072 2114/1/2072 1734/1/2072
f 1734/1/2073 2114/1/2073 2115/1/2073
f 1734/1/2074 2115/1/2074 1735/1/2074
f 1735/1/2075 2115/1/2075 2116/1/2075
f 1735/1/2076 2116/1/2076 389/1/2076
f 389/1/2076 2116/1/2076 2117/1/2076
f 389/1/2077 2117/1/2077 1736/1/2077
f 1736/1/2077 2117/1/2077 2118/1/2077
f 1736/1/2078 2118/1/2078 1740/1/2078
f 2118/1/2079 2119/1/2079 1740/1/2079
f 1740/1/2080 2119/1/2080 2120/1/2080
f 1740/1/2081 2120/1/2081 1742/1/2081
f 2120/1/2082 2121/1/2082 1742/1/2082
f 1742/1/2083 2121/1/2083 2122/1/2083
f 1742/1/2084 2122/1/2084 1744/1/2084
f 2122/1/2085 2123/1/2085 1744/1/2085
f 1744/1/2086 2123/1/2086 2124/1/2086
f 1744/1/2087 2124/1/2087 1760/1/2087
f 2124/1/2088 2125/1/2088 1760/1/2088
f 1760/1/2089 2125/1/2089 2126/1/2089
f 1760/1/2090 2126/1/2090 1761/1/2090
f 2126/1/2091 2127/1/2091 1761/1/2091
f 1761/1/2092 2127/1/2092 2128/1/2092
f 1761/1/2093 2128/1/2093 1762/1/2093
f 2128/1/2094 2129/1/2094 1762/1/2094
f 1762/1/2095 2129/1/2095 2130/1/2095
f 1762/1/2096 2130/1/2096 335/1/2096
f 335/1/2097 2130/1/2097 2131/1/2097
f 335/1/2098 2131/1/2098 2072/1/2098
f 1724/1/2099 2132/1/2099 1707/1/2099
f 1707/1/2099 2132/1/2099 2133/1/2099
f 1707/1/2100 2133/1/2100 1708/1/2100
f 1708/1/2100 2133/1/2100 2134/1/2100
f 1708/1/2101 2134/1/2101 1729/1/2101
f 1729/1/2102 2134/1/2102 2135/1/2102
f 1729/1/2103 2135/1/2103 1730/1/2103
f 1730/1/2103 2135/1/2103 2136/1/2103
f 1730/1/2104 2136/1/2104 1731/1/2104
f 1731/1/2104 2136/1/2104 2137/1/2104
f 1731/1/2105 2137/1/2105 1732/1/2105
f 1732/1/2105 2137/1/2105 2138/1/2105
f 1732/1/2106 2138/1/2106 1723/1/2106
f 1723/1/2106 2138/1/2106 2139/1/2106
f 1723/1/2107 2139/1/2107 1721/1/2107
f 1721/1/2107 2139/1/2107 2140/1/2107
f 1721/1/2108 2140/1/2108 1719/1/2108
f 1719/1/2108 2140/1/2108 2141/1/2108
f 1719/1/2109 2141/1/2109 1718/1/2109
f 1718/1/2109 2141/1/2109 2142/1/2109
f 1718/1/2110 2142/1/2110 1726/1/2110
f 1726/1/2110 2142/1/2110 2143/1/2110
f 1726/1/2111 2143/1/2111 1724/1/2111
f 1724/1/2111 2143/1/2111 2132/1/2111
f 1696/1/2099 2144/1/2099 1698/1/2099
f 1698/1/2099 2144/1/2099 2145/1/2099
f 1698/1/2100 2145/1/2100 1700/1/2100
f 1700/1/2100 2145/1/2100 2146/1/2100
f 1700/1/2101 2146/1/2101 1705/1/2101
f 1705/1/2101 2146/1/2101 2147/1/2101
f 1705/1/2112 2147/1/2112 1706/1/2112
f 1706/1/2112 2147/1/2112 2148/1/2112
f 1706/1/2104 2148/1/2104 1692/1/2104
f 1692/1/2104 2148/1/2104 2149/1/2104
f 1692/1/2105 2149/1/2105 1694/1/2105
f 1694/1/2105 2149/1/2105 2150/1/2105
f 1694/1/2106 2150/1/2106 1685/1/2106
f 1685/1/2106 2150/1/2106 2151/1/2106
f 1685/1/2107 2151/1/2107 1689/1/2107
f 1689/1/2107 2151/1/2107 2152/1/2107
f 1689/1/2108 2152/1/2108 1690/1/2108
f 1690/1/2108 2152/1/2108 2153/1/2108
f 1690/1/2109 2153/1/2109 1682/1/2109
f 1682/1/2109 2153/1/2109 2154/1/2109
f 1682/1/2110 2154/1/2110 1695/1/2110
f 1695/1/2110 2154/1/2110 2155/1/2110
f 1695/1/2111 2155/1/2111 1696/1/2111
f 1696/1/2111 2155/1/2111 2144/1/2111
f 1741/1/2099 2156/1/2099 1739/1/2099
f 1739/1/2099 2156/1/2099 2157/1/2099
f 1739/1/2100 2157/1/2100 1747/1/2100
f 1747/1/2100 2157/1/2100 2158/1/2100
f 1747/1/2101 2158/1/2101 1748/1/2101
f 1748/1/2102 2158/1/2102 2159/1/2102
f 1748/1/2103 2159/1/2103 1750/1/2103
f 1750/1/2103 2159/1/2103 2160/1/2103
f 1750/1/2104 2160/1/2104 1751/1/2104
f 1751/1/2104 2160/1/2104 2161/1/2104
f 1751/1/2105 2161/1/2105 1753/1/2105
f 1753/1/2105 2161/1/2105 2162/1/2105
f 1753/1/2106 2162/1/2106 1755/1/2106
f 1755/1/2106 2162/1/2106 2163/1/2106
f 1755/1/2107 2163/1/2107 1757/1/2107
f 1757/1/2107 2163/1/2107 2164/1/2107
f 1757/1/2108 2164/1/2108 1759/1/2108
f 1759/1/2108 2164/1/2108 2165/1/2108
f 1759/1/2109 2165/1/2109 1745/1/2109
f 1745/1/2109 2165/1/2109 2166/1/2109
f 1745/1/2110 2166/1/2110 1743/1/2110
f 1743/1/2110 2166/1/2110 2167/1/2110
f 1743/1/2111 2167/1/2111 1741/1/2111
f 1741/1/2111 2167/1/2111 2156/1/2111
f 1661/1/2099 2168/1/2099 1676/1/2099
f 1676/1/2099 2168/1/2099 2169/1/2099
f 1676/1/2100 2169/1/2100 1677/1/2100
f 1677/1/2100 2169/1/2100 2170/1/2100
f 1677/1/2101 2170/1/2101 1679/1/2101
f 1679/1/2101 2170/1/2101 2171/1/2101
f 1679/1/2112 2171/1/2112 1673/1/2112
f 1673/1/2112 2171/1/2112 2172/1/2112
f 1673/1/2104 2172/1/2104 1671/1/2104
f 1671/1/2104 2172/1/2104 2173/1/2104
f 1671/1/2105 2173/1/2105 1654/1/2105
f 1654/1/2105 2173/1/2105 2174/1/2105
f 1654/1/2106 2174/1/2106 1655/1/2106
f 1655/1/2106 2174/1/2106 2175/1/2106
f 1655/1/2107 2175/1/2107 1663/1/2107
f 1663/1/2107 2175/1/2107 2176/1/2107
f 1663/1/2108 2176/1/2108 1664/1/2108
f 1664/1/2108 2176/1/2108 2177/1/2108
f 1664/1/2109 2177/1/2109 1666/1/2109
f 1666/1/2109 2177/1/2109 2178/1/2109
f 1666/1/2110 2178/1/2110 1659/1/2110
f 1659/1/2110 2178/1/2110 2179/1/2110
f 1659/1/2111 2179/1/2111 1661/1/2111
f 1661/1/2111 2179/1/2111 2168/1/2111
f 1998/1/2113 2180/1/2113 2181/1/2113
f 1998/1/2113 2181/1/2113 1999/1/2113
f 1999/1/2114 2181/1/2114 2182/1/2114
f 1999/1/2114 2182/1/2114 2000/1/2114
f 2000/1/2115 2182/1/2115 2183/1/2115
f 2000/1/2115 2183/1/2115 1997/1/2115
f 2002/1/2116 2184/1/2116 2185/1/2116
f 2002/1/2116 2185/1/2116 2003/1/2116
f 2003/1/2117 2185/1/2117 2186/1/2117
f 2003/1/2117 2186/1/2117 2004/1/2117
f 2004/1/2118 2186/1/2118 2187/1/2118
f 2004/1/2118 2187/1/2118 2001/1/2118
f 2016/1/2119 2188/1/2119 2189/1/2119
f 2016/1/2119 2189/1/2119 2017/1/2119
f 2017/1/2120 2189/1/2120 2190/1/2120
f 2017/1/2120 2190/1/2120 2018/1/2120
f 2018/1/2121 2190/1/2121 2191/1/2121
f 2018/1/2121 2191/1/2121 2015/1/2121
f 2020/1/2122 2192/1/2122 2193/1/2122
f 2020/1/2122 2193/1/2122 2021/1/2122
f 2021/1/2123 2193/1/2123 2194/1/2123
f 2021/1/2123 2194/1/2123 2022/1/2123
f 2022/1/2124 2194/1/2124 2195/1/2124
f 2022/1/2124 2195/1/2124 2019/1/2124
f 2196/1/2125 2197/1/2125 2198/1/2125
f 2199/1/2126 2200/1/2126 2198/1/2126
f 2198/1/2127 2200/1/2127 2201/1/2127
f 2198/1/2128 2201/1/2128 2196/1/2128
f 2198/1/2129 2202/1/2129 2199/1/2129
f 2199/1/2130 2202/1/2130 2203/1/2130
f 2199/1/2131 2203/1/2131 2204/1/2131
f 2197/1/2132 2196/1/2132 2205/1/2132
f 2205/1/2133 2196/1/2133 2206/1/2133
f 2206/1/2134 2207/1/2134 2205/1/2134
f 2205/1/2135 2207/1/2135 2208/1/2135
f 2205/1/2136 2208/1/2136 2036/1/2136
f 2209/1/2137 2033/1/2137 2210/1/2137
f 2210/1/2138 2033/1/2138 2036/1/2138
f 2210/1/2139 2036/1/2139 2211/1/2139
f 2211/1/2140 2036/1/2140 2208/1/2140
f 2037/1/2141 2212/1/2141 2213/1/2141
f 2037/1/2141 2213/1/2141 2038/1/2141
f 2038/1/2142 2213/1/2142 2214/1/2142
f 2038/1/2142 2214/1/2142 2039/1/2142
f 2039/1/2143 2214/1/2143 2205/1/2143
f 2039/1/2143 2205/1/2143 2036/1/2143
f 2050/1/2144 2215/1/2144 2216/1/2144
f 2050/1/2144 2216/1/2144 2051/1/2144
f 2051/1/2145 2216/1/2145 2217/1/2145
f 2051/1/2145 2217/1/2145 2052/1/2145
f 2052/1/2146 2217/1/2146 2218/1/2146
f 2052/1/2146 2218/1/2146 2049/1/2146
f 2215/1/2147 2050/1/2147 2219/1/2147
f 2219/1/2147 2050/1/2147 2053/1/2147
f 2054/1/2148 2220/1/2148 2221/1/2148
f 2054/1/2148 2221/1/2148 2055/1/2148
f 2055/1/2149 2221/1/2149 2222/1/2149
f 2055/1/2149 2222/1/2149 2056/1/2149
f 2056/1/2150 2222/1/2150 2219/1/2150
f 2056/1/2150 2219/1/2150 2053/1/2150
f 2223/1/2151 2224/1/2151 2026/1/2151
f 2026/1/2152 2030/1/2152 2223/1/2152
f 2223/1/2153 2030/1/2153 2031/1/2153
f 2223/1/2154 2031/1/2154 2225/1/2154
f 2225/1/2155 2031/1/2155 2032/1/2155
f 2225/1/2156 2032/1/2156 2226/1/2156
f 2226/1/2157 2032/1/2157 2227/1/2157
f 2227/1/2158 2032/1/2158 2035/1/2158
f 2227/1/2159 2035/1/2159 2228/1/2159
f 2228/1/2160 2035/1/2160 2034/1/2160
f 2228/1/2161 2034/1/2161 2229/1/2161
f 2229/1/2162 2034/1/2162 2230/1/2162
f 2230/1/2163 2034/1/2163 2033/1/2163
f 2230/1/2164 2033/1/2164 2209/1/2164
f 2231/1/56 2232/1/56 1905/1/56
f 1905/1/56 2232/1/56 1834/1/56
f 1834/1/2165 2232/1/2165 1832/1/2165
f 1832/1/2165 2232/1/2165 2233/1/2165
f 2233/1/2165 2234/1/2165 1832/1/2165
f 1832/1/2165 2234/1/2165 2235/1/2165
f 1832/1/2165 2235/1/2165 1830/1/2165
f 2236/1/1 2237/1/1 2238/1/1
f 2239/1/1 2240/1/1 2241/1/1
f 2242/1/1 2243/1/1 2244/1/1
f 2245/1/1 2246/1/1 2247/1/1
f 2247/1/1 2246/1/1 2248/1/1
f 2247/1/1 2248/1/1 2249/1/1
f 2249/1/1 2248/1/1 2250/1/1
f 2249/1/1 2250/1/1 2251/1/1
f 2251/1/1 2250/1/1 2252/1/1
f 2251/1/1 2252/1/1 2253/1/1
f 2253/1/1 2252/1/1 2254/1/1
f 2255/1/1 2256/1/1 2244/1/1
f 2257/1/1 2258/1/1 2259/1/1
f 2259/1/1 2258/1/1 2260/1/1
f 2259/1/1 2260/1/1 2261/1/1
f 2255/1/1 2244/1/1 2262/1/1
f 2254/1/1 2252/1/1 2263/1/1
f 2263/1/1 2252/1/1 2264/1/1
f 2263/1/1 2264/1/1 2244/1/1
f 2244/1/1 2264/1/1 2265/1/1
f 2244/1/1 2265/1/1 2262/1/1
f 2266/1/1 2267/1/1 2268/1/1
f 2244/1/1 2243/1/1 2263/1/1
f 2263/1/1 2243/1/1 2269/1/1
f 2263/1/1 2269/1/1 2270/1/1
f 2271/1/1 2272/1/1 2273/1/1
f 2273/1/1 2272/1/1 2274/1/1
f 2273/1/1 2274/1/1 2275/1/1
f 2275/1/1 2274/1/1 2276/1/1
f 2266/1/1 2268/1/1 2277/1/1
f 2267/1/1 2278/1/1 2268/1/1
f 2268/1/1 2278/1/1 2279/1/1
f 2268/1/1 2279/1/1 2244/1/1
f 2244/1/1 2279/1/1 2280/1/1
f 2244/1/1 2280/1/1 2242/1/1
f 2273/1/1 2281/1/1 2271/1/1
f 2271/1/1 2281/1/1 2282/1/1
f 2271/1/1 2282/1/1 2270/1/1
f 2270/1/2166 2282/1/2166 2283/1/2166
f 2270/1/1 2283/1/1 2263/1/1
f 2284/1/1 2285/1/1 2286/1/1
f 2286/1/1 2285/1/1 2287/1/1
f 2286/1/1 2287/1/1 2275/1/1
f 2288/1/1 2289/1/1 2290/1/1
f 2289/1/1 2291/1/1 2290/1/1
f 2290/1/1 2291/1/1 2292/1/1
f 2290/1/1 2292/1/1 2293/1/1
f 2292/1/1 2294/1/1 2293/1/1
f 2293/1/1 2294/1/1 2295/1/1
f 2293/1/1 2295/1/1 2296/1/1
f 2288/1/1 2290/1/1 2297/1/1
f 2297/1/1 2290/1/1 2298/1/1
f 2297/1/1 2298/1/1 2299/1/1
f 2299/1/1 2298/1/1 2300/1/1
f 2300/1/1 2298/1/1 2301/1/1
f 2300/1/1 2301/1/1 2302/1/1
f 2302/1/1 2301/1/1 2303/1/1
f 2302/1/1 2303/1/1 2304/1/1
f 2304/1/1 2303/1/1 2284/1/1
f 2304/1/1 2284/1/1 2305/1/1
f 2306/1/1 2307/1/1 2290/1/1
f 2290/1/1 2307/1/1 2308/1/1
f 2298/1/1 2309/1/1 2310/1/1
f 2310/1/1 2309/1/1 2311/1/1
f 2310/1/1 2311/1/1 2312/1/1
f 2308/1/1 2313/1/1 2290/1/1
f 2290/1/1 2313/1/1 2314/1/1
f 2290/1/1 2314/1/1 2298/1/1
f 2298/1/1 2314/1/1 2315/1/1
f 2298/1/1 2315/1/1 2309/1/1
f 2316/1/1 2317/1/1 2318/1/1
f 2318/1/1 2317/1/1 2319/1/1
f 2311/1/1 2320/1/1 2312/1/1
f 2312/1/1 2320/1/1 2321/1/1
f 2312/1/1 2321/1/1 2317/1/1
f 2317/1/1 2321/1/1 2322/1/1
f 2317/1/1 2322/1/1 2319/1/1
f 2319/1/1 2323/1/1 2318/1/1
f 2318/1/1 2323/1/1 2324/1/1
f 2318/1/1 2324/1/1 2306/1/1
f 2306/1/1 2324/1/1 2325/1/1
f 2306/1/1 2325/1/1 2307/1/1
f 2326/1/1 2327/1/1 2316/1/1
f 2316/1/1 2327/1/1 2328/1/1
f 2316/1/1 2328/1/1 2317/1/1
f 2329/1/1 2330/1/1 2331/1/1
f 2332/1/1 2333/1/1 2334/1/1
f 2334/1/1 2333/1/1 2335/1/1
f 2335/1/1 2336/1/1 2334/1/1
f 2334/1/1 2336/1/1 2337/1/1
f 2334/1/1 2337/1/1 2329/1/1
f 2329/1/1 2337/1/1 2338/1/1
f 2329/1/1 2338/1/1 2330/1/1
f 2339/1/1 2340/1/1 2341/1/1
f 2341/1/1 2340/1/1 2342/1/1
f 2341/1/1 2342/1/1 2343/1/1
f 2343/1/1 2342/1/1 2344/1/1
f 2343/1/1 2344/1/1 2345/1/1
f 2345/1/1 2344/1/1 2326/1/1
f 2345/1/1 2326/1/1 2346/1/1
f 2347/1/1 2348/1/1 2334/1/1
f 2334/1/1 2348/1/1 2340/1/1
f 2334/1/1 2340/1/1 2332/1/1
f 2332/1/1 2340/1/1 2339/1/1
f 2349/1/1 2350/1/1 2351/1/1
f 2351/1/1 2350/1/1 2352/1/1
f 2351/1/1 2352/1/1 2353/1/1
f 2353/1/1 2352/1/1 2340/1/1
f 2353/1/1 2340/1/1 2354/1/1
f 2354/1/1 2340/1/1 2348/1/1
f 2351/1/1 2355/1/1 2349/1/1
f 2349/1/1 2355/1/1 2356/1/1
f 2349/1/1 2356/1/1 2357/1/1
f 2357/1/1 2356/1/1 2358/1/1
f 2357/1/1 2358/1/1 2359/1/1
f 2359/1/1 2358/1/1 2360/1/1
f 2359/1/1 2360/1/1 2361/1/1
f 2361/1/1 2360/1/1 2362/1/1
f 2361/1/1 2362/1/1 2363/1/1
f 2363/1/1 2364/1/1 2361/1/1
f 2361/1/1 2364/1/1 2365/1/1
f 2361/1/1 2365/1/1 2334/1/1
f 2334/1/1 2365/1/1 2366/1/1
f 2334/1/1 2366/1/1 2347/1/1
f 2367/1/1 2368/1/1 2369/1/1
f 2370/1/1 2371/1/1 2372/1/1
f 2372/1/1 2371/1/1 2373/1/1
f 2373/1/1 2371/1/1 2368/1/1
f 2373/1/1 2368/1/1 2374/1/1
f 2375/1/1 2376/1/1 2367/1/1
f 2367/1/1 2376/1/1 2377/1/1
f 2367/1/1 2377/1/1 2368/1/1
f 2368/1/1 2377/1/1 2378/1/1
f 2368/1/1 2378/1/1 2374/1/1
f 2372/1/1 2379/1/1 2370/1/1
f 2370/1/1 2379/1/1 2380/1/1
f 2370/1/1 2380/1/1 2381/1/1
f 2381/1/1 2380/1/1 2382/1/1
f 2381/1/1 2382/1/1 2383/1/1
f 2383/1/1 2382/1/1 2384/1/1
f 2383/1/1 2384/1/1 2385/1/1
f 2241/1/1 2240/1/1 2386/1/1
f 2386/1/1 2240/1/1 2259/1/1
f 2386/1/1 2259/1/1 2245/1/1
f 2245/1/1 2259/1/1 2261/1/1
f 2245/1/1 2261/1/1 2246/1/1
f 2387/1/1 2388/1/1 2259/1/1
f 2259/1/1 2388/1/1 2244/1/1
f 2259/1/1 2244/1/1 2257/1/1
f 2257/1/1 2244/1/1 2256/1/1
f 2389/1/1 2390/1/1 2391/1/1
f 2390/1/1 2392/1/1 2391/1/1
f 2391/1/1 2392/1/1 2393/1/1
f 2391/1/1 2393/1/1 2387/1/1
f 2334/1/1 2394/1/1 2361/1/1
f 2361/1/1 2394/1/1 2395/1/1
f 2361/1/1 2395/1/1 2396/1/1
f 2396/1/1 2395/1/1 2397/1/1
f 2396/1/1 2397/1/1 2398/1/1
f 2398/1/1 2397/1/1 2399/1/1
f 2398/1/1 2399/1/1 2400/1/1
f 2237/1/1 2236/1/1 2401/1/1
f 2236/1/1 2402/1/1 2401/1/1
f 2401/1/1 2402/1/1 2403/1/1
f 2401/1/1 2403/1/1 2329/1/1
f 2329/1/1 2403/1/1 2404/1/1
f 2329/1/1 2404/1/1 2334/1/1
f 2334/1/1 2404/1/1 2405/1/1
f 2334/1/1 2405/1/1 2394/1/1
f 2268/1/1 2406/1/1 2293/1/1
f 2293/1/1 2406/1/1 2407/1/1
f 2407/1/1 2408/1/1 2293/1/1
f 2293/1/1 2408/1/1 2409/1/1
f 2293/1/1 2409/1/1 2290/1/1
f 2290/1/1 2409/1/1 2410/1/1
f 2290/1/1 2410/1/1 2306/1/1
f 2388/1/1 2411/1/1 2244/1/1
f 2244/1/1 2411/1/1 2412/1/1
f 2244/1/1 2412/1/1 2268/1/1
f 2268/1/1 2412/1/1 2413/1/1
f 2268/1/1 2413/1/1 2406/1/1
f 2406/1/1 2413/1/1 2414/1/1
f 2406/1/1 2414/1/1 2407/1/1
f 2415/1/1 2416/1/1 2367/1/1
f 2367/1/1 2416/1/1 2383/1/1
f 2367/1/1 2383/1/1 2375/1/1
f 2375/1/1 2383/1/1 2385/1/1
f 2417/1/1 2418/1/1 2419/1/1
f 2416/1/1 2420/1/1 2383/1/1
f 2383/1/1 2420/1/1 2421/1/1
f 2383/1/1 2421/1/1 2419/1/1
f 2419/1/1 2421/1/1 2422/1/1
f 2419/1/1 2422/1/1 2417/1/1
f 2418/1/1 2423/1/1 2419/1/1
f 2419/1/1 2423/1/1 2398/1/1
f 2419/1/1 2398/1/1 2424/1/1
f 2424/1/1 2398/1/1 2400/1/1
f 2425/1/1 2426/1/1 2427/1/1
f 2428/1/1 2429/1/1 2369/1/1
f 2369/1/1 2429/1/1 2427/1/1
f 2369/1/1 2427/1/1 2367/1/1
f 2367/1/1 2427/1/1 2426/1/1
f 2367/1/1 2426/1/1 2415/1/1
f 2423/1/1 2430/1/1 2398/1/1
f 2398/1/1 2430/1/1 2431/1/1
f 2398/1/1 2431/1/1 2396/1/1
f 2396/1/1 2431/1/1 2432/1/1
f 2387/1/1 2259/1/1 2391/1/1
f 2391/1/1 2259/1/1 2240/1/1
f 2391/1/1 2240/1/1 2433/1/1
f 2433/1/1 2240/1/1 2239/1/1
f 2433/1/1 2239/1/1 2383/1/1
f 2383/1/1 2239/1/1 2434/1/1
f 2383/1/1 2434/1/1 2381/1/1
f 2435/1/1 2436/1/1 2419/1/1
f 2437/1/1 2438/1/1 2383/1/1
f 2383/1/1 2438/1/1 2439/1/1
f 2383/1/1 2439/1/1 2433/1/1
f 2433/1/1 2439/1/1 2440/1/1
f 2391/1/1 2441/1/1 2442/1/1
f 2440/1/1 2443/1/1 2433/1/1
f 2433/1/1 2443/1/1 2444/1/1
f 2433/1/1 2444/1/1 2391/1/1
f 2391/1/1 2444/1/1 2445/1/1
f 2391/1/1 2445/1/1 2441/1/1
f 2424/1/1 2389/1/1 2419/1/1
f 2419/1/1 2389/1/1 2391/1/1
f 2419/1/1 2391/1/1 2435/1/1
f 2435/1/1 2391/1/1 2442/1/1
f 2436/1/1 2446/1/1 2419/1/1
f 2419/1/1 2446/1/1 2447/1/1
f 2419/1/1 2447/1/1 2383/1/1
f 2383/1/1 2447/1/1 2448/1/1
f 2383/1/1 2448/1/1 2437/1/1
f 2428/1/1 2359/1/1 2429/1/1
f 2429/1/1 2359/1/1 2361/1/1
f 2429/1/1 2361/1/1 2427/1/1
f 2427/1/1 2361/1/1 2396/1/1
f 2427/1/1 2396/1/1 2425/1/1
f 2425/1/1 2396/1/1 2432/1/1
f 2276/1/1 2277/1/1 2275/1/1
f 2275/1/1 2277/1/1 2268/1/1
f 2275/1/1 2268/1/1 2286/1/1
f 2286/1/1 2268/1/1 2293/1/1
f 2286/1/1 2293/1/1 2284/1/1
f 2284/1/1 2293/1/1 2296/1/1
f 2284/1/1 2296/1/1 2305/1/1
f 2410/1/1 2238/1/1 2306/1/1
f 2306/1/1 2238/1/1 2237/1/1
f 2306/1/1 2237/1/1 2318/1/1
f 2318/1/1 2237/1/1 2401/1/1
f 2318/1/1 2401/1/1 2316/1/1
f 2316/1/1 2401/1/1 2329/1/1
f 2316/1/1 2329/1/1 2326/1/1
f 2326/1/1 2329/1/1 2331/1/1
f 2326/1/1 2331/1/1 2346/1/1
f 2449/1/2167 2283/1/2167 2282/1/2167
f 2340/1/2168 1923/1/2168 2450/1/2168
f 2451/561/2169 2449/562/2169 2452/563/2169
f 2452/563/2170 2449/562/2170 2282/564/2170
f 2452/563/2171 2282/564/2171 2281/565/2171
f 2340/1/2168 2450/1/2168 2342/1/2168
f 2342/1/2172 2450/1/2172 2453/1/2172
f 2342/1/2172 2453/1/2172 2344/1/2172
f 2344/1/2173 2453/1/2173 2454/1/2173
f 2344/1/2174 2454/1/2174 2326/1/2174
f 2454/1/2175 2455/1/2175 2326/1/2175
f 2326/1/2176 2455/1/2176 2456/1/2176
f 2326/1/2177 2456/1/2177 2327/1/2177
f 2456/1/2178 2457/1/2178 2327/1/2178
f 2327/1/2179 2457/1/2179 2458/1/2179
f 2327/1/2180 2458/1/2180 2328/1/2180
f 2458/1/2181 2459/1/2181 2328/1/2181
f 2328/1/2182 2459/1/2182 2460/1/2182
f 2328/1/2183 2460/1/2183 2317/1/2183
f 2460/1/2184 2461/1/2184 2317/1/2184
f 2317/1/2185 2461/1/2185 2462/1/2185
f 2317/1/2186 2462/1/2186 2312/1/2186
f 2462/1/2187 2463/1/2187 2312/1/2187
f 2312/1/2188 2463/1/2188 2464/1/2188
f 2312/1/2189 2464/1/2189 2310/1/2189
f 2464/1/2190 2465/1/2190 2310/1/2190
f 2310/1/2191 2465/1/2191 2466/1/2191
f 2310/1/2192 2466/1/2192 2298/1/2192
f 2466/1/2193 2467/1/2193 2298/1/2193
f 2298/1/2194 2467/1/2194 2468/1/2194
f 2298/1/2195 2468/1/2195 2301/1/2195
f 2468/1/2196 2469/1/2196 2301/1/2196
f 2301/1/2197 2469/1/2197 2470/1/2197
f 2301/1/2198 2470/1/2198 2303/1/2198
f 2470/1/2199 2471/1/2199 2303/1/2199
f 2303/1/2200 2471/1/2200 2472/1/2200
f 2303/1/2201 2472/1/2201 2284/1/2201
f 2472/1/2202 2473/1/2202 2284/1/2202
f 2284/1/2203 2473/1/2203 2474/1/2203
f 2284/1/2204 2474/1/2204 2285/1/2204
f 2474/566/2205 2475/567/2205 2285/568/2205
f 2285/1/2206 2475/1/2206 2476/1/2206
f 2285/1/2207 2476/1/2207 2287/1/2207
f 2476/569/2208 2477/570/2208 2287/571/2208
f 2287/1/2209 2477/1/2209 2478/1/2209
f 2287/572/2210 2478/573/2210 2275/574/2210
f 2478/573/2211 2479/575/2211 2275/574/2211
f 2275/1/2212 2479/1/2212 2480/1/2212
f 2275/576/2213 2480/577/2213 2273/578/2213
f 2480/577/2214 2481/579/2214 2273/578/2214
f 2273/1/2215 2481/1/2215 2482/1/2215
f 2273/580/2216 2482/581/2216 2281/582/2216
f 2281/582/2217 2482/581/2217 2483/583/2217
f 2281/1/2218 2483/1/2218 2452/1/2218
f 2101/1/2219 2100/1/2219 2484/1/2219
f 2484/1/2220 2100/1/2220 2485/1/2220
f 2486/1/344 2102/1/344 2487/1/344
f 2487/1/344 2102/1/344 2101/1/344
f 2487/1/2221 2101/1/2221 2488/1/2221
f 2488/1/2222 2101/1/2222 2484/1/2222
f 2100/1/2223 2099/1/2223 2485/1/2223
f 2485/1/2224 2099/1/2224 2098/1/2224
f 2485/1/2225 2098/1/2225 2489/1/2225
f 2098/1/2226 2097/1/2226 2489/1/2226
f 2489/1/2227 2097/1/2227 2096/1/2227
f 2489/1/2228 2096/1/2228 2490/1/2228
f 2096/1/2229 2095/1/2229 2490/1/2229
f 2490/1/2230 2095/1/2230 2094/1/2230
f 2490/1/2231 2094/1/2231 2491/1/2231
f 2094/1/2232 2093/1/2232 2491/1/2232
f 2491/1/2233 2093/1/2233 2092/1/2233
f 2491/1/2234 2092/1/2234 2492/1/2234
f 2092/1/2235 2091/1/2235 2492/1/2235
f 2492/1/2236 2091/1/2236 2090/1/2236
f 2492/1/2237 2090/1/2237 2493/1/2237
f 2090/1/2238 2089/1/2238 2493/1/2238
f 2493/1/2239 2089/1/2239 2088/1/2239
f 2493/1/2240 2088/1/2240 2494/1/2240
f 2495/1/2241 2496/1/2241 2087/1/2241
f 2087/1/2242 2496/1/2242 2497/1/2242
f 2087/1/2243 2497/1/2243 2088/1/2243
f 2088/1/2244 2497/1/2244 2498/1/2244
f 2088/1/2245 2498/1/2245 2494/1/2245
f 2499/1/2246 2495/1/2246 2500/1/2246
f 2500/1/2247 2495/1/2247 2087/1/2247
f 2500/1/2248 2087/1/2248 2501/1/2248
f 2501/1/2249 2087/1/2249 2086/1/2249
f 2501/1/2250 2086/1/2250 2502/1/2250
f 2502/1/2251 2086/1/2251 2085/1/2251
f 2502/1/2252 2085/1/2252 2503/1/2252
f 2504/1/2253 2505/1/2253 2506/1/2253
f 2503/1/2254 2085/1/2254 2507/1/2254
f 2507/1/2255 2085/1/2255 2084/1/2255
f 2507/1/2256 2084/1/2256 2508/1/2256
f 2508/1/2257 2084/1/2257 2083/1/2257
f 2508/1/2258 2083/1/2258 2509/1/2258
f 2509/1/2259 2083/1/2259 2082/1/2259
f 2509/1/2260 2082/1/2260 2510/1/2260
f 2510/1/2261 2082/1/2261 2081/1/2261
f 2510/1/2262 2081/1/2262 2511/1/2262
f 2511/1/2263 2081/1/2263 2080/1/2263
f 2511/1/2264 2080/1/2264 2512/1/2264
f 2512/1/2265 2080/1/2265 2079/1/2265
f 2512/1/2266 2079/1/2266 2513/1/2266
f 2513/1/2267 2079/1/2267 2078/1/2267
f 2513/1/2268 2078/1/2268 2514/1/2268
f 2514/1/2269 2078/1/2269 2077/1/2269
f 2514/1/2270 2077/1/2270 2515/1/2270
f 2515/1/2271 2077/1/2271 2076/1/2271
f 2515/1/2272 2076/1/2272 2516/1/2272
f 2516/1/2273 2076/1/2273 2075/1/2273
f 2516/1/2274 2075/1/2274 2517/1/2274
f 2517/1/2275 2075/1/2275 2074/1/2275
f 2517/1/2276 2074/1/2276 2506/1/2276
f 2506/1/2277 2074/1/2277 2073/1/2277
f 2506/1/2278 2073/1/2278 2504/1/2278
f 2072/1/2279 2518/1/2279 2073/1/2279
f 2073/1/2279 2518/1/2279 2519/1/2279
f 2073/1/2280 2519/1/2280 2504/1/2280
f 2518/1/304 2072/1/304 2520/1/304
f 2520/1/304 2072/1/304 2131/1/304
f 2521/1/2281 2522/1/2281 2523/1/2281
f 2524/1/2282 2525/1/2282 2118/1/2282
f 2118/1/2283 2525/1/2283 2526/1/2283
f 2118/1/2284 2526/1/2284 2119/1/2284
f 2119/1/2285 2526/1/2285 2527/1/2285
f 2119/1/2286 2527/1/2286 2120/1/2286
f 2120/1/2287 2527/1/2287 2528/1/2287
f 2120/1/2288 2528/1/2288 2121/1/2288
f 2121/1/2289 2528/1/2289 2529/1/2289
f 2121/1/2290 2529/1/2290 2122/1/2290
f 2122/1/2291 2529/1/2291 2530/1/2291
f 2122/1/2292 2530/1/2292 2123/1/2292
f 2123/1/2293 2530/1/2293 2531/1/2293
f 2123/1/2294 2531/1/2294 2124/1/2294
f 2124/1/2295 2531/1/2295 2532/1/2295
f 2124/1/2296 2532/1/2296 2125/1/2296
f 2125/1/2297 2532/1/2297 2533/1/2297
f 2125/1/2298 2533/1/2298 2126/1/2298
f 2126/1/2299 2533/1/2299 2534/1/2299
f 2126/1/2300 2534/1/2300 2127/1/2300
f 2127/1/2301 2534/1/2301 2535/1/2301
f 2127/1/2302 2535/1/2302 2128/1/2302
f 2128/1/2303 2535/1/2303 2536/1/2303
f 2128/1/2304 2536/1/2304 2129/1/2304
f 2129/1/2305 2536/1/2305 2537/1/2305
f 2129/1/2306 2537/1/2306 2130/1/2306
f 2130/1/2307 2537/1/2307 2521/1/2307
f 2130/1/2308 2521/1/2308 2131/1/2308
f 2131/1/2309 2521/1/2309 2523/1/2309
f 2131/1/2310 2523/1/2310 2520/1/2310
f 2538/1/2311 2539/1/2311 2117/1/2311
f 2117/1/2312 2539/1/2312 2540/1/2312
f 2524/1/2313 2118/1/2313 2541/1/2313
f 2541/1/2314 2118/1/2314 2117/1/2314
f 2541/1/2315 2117/1/2315 2542/1/2315
f 2542/1/2316 2117/1/2316 2540/1/2316
f 2542/1/2317 2540/1/2317 2543/1/2317
f 2538/1/2318 2117/1/2318 2544/1/2318
f 2544/1/2319 2117/1/2319 2116/1/2319
f 2544/1/2320 2116/1/2320 2545/1/2320
f 2545/1/2321 2116/1/2321 2115/1/2321
f 2545/1/2322 2115/1/2322 2546/1/2322
f 2546/1/2323 2115/1/2323 2114/1/2323
f 2546/1/2324 2114/1/2324 2547/1/2324
f 2114/1/2325 2113/1/2325 2547/1/2325
f 2547/1/2326 2113/1/2326 2112/1/2326
f 2547/1/2327 2112/1/2327 2548/1/2327
f 2112/1/2328 2111/1/2328 2548/1/2328
f 2548/1/2329 2111/1/2329 2110/1/2329
f 2548/1/2330 2110/1/2330 2549/1/2330
f 2110/1/2331 2109/1/2331 2549/1/2331
f 2549/1/2332 2109/1/2332 2108/1/2332
f 2549/1/2333 2108/1/2333 2550/1/2333
f 2108/1/2334 2107/1/2334 2550/1/2334
f 2550/1/2335 2107/1/2335 2106/1/2335
f 2550/1/2336 2106/1/2336 2551/1/2336
f 2106/1/2337 2105/1/2337 2551/1/2337
f 2551/1/2338 2105/1/2338 2104/1/2338
f 2551/1/2339 2104/1/2339 2552/1/2339
f 2552/1/2340 2104/1/2340 2103/1/2340
f 2552/1/2341 2103/1/2341 2553/1/2341
f 2102/1/2342 2486/1/2342 2103/1/2342
f 2103/1/2342 2486/1/2342 2554/1/2342
f 2103/1/2343 2554/1/2343 2553/1/2343
f 2555/1/2344 2154/1/2344 2153/1/2344
f 2155/1/2345 2154/1/2345 2555/1/2345
f 2144/1/2346 2155/1/2346 2555/1/2346
f 2555/1/2347 2151/1/2347 2150/1/2347
f 2152/1/2348 2151/1/2348 2555/1/2348
f 2153/1/2349 2152/1/2349 2555/1/2349
f 2556/1/2350 2411/1/2350 2557/1/2350
f 2557/1/2350 2411/1/2350 2388/1/2350
f 2557/1/2351 2388/1/2351 2558/1/2351
f 2558/1/2351 2388/1/2351 2387/1/2351
f 2558/1/2352 2387/1/2352 2559/1/2352
f 2559/1/2353 2387/1/2353 2393/1/2353
f 2559/1/2354 2393/1/2354 2560/1/2354
f 2560/1/2354 2393/1/2354 2392/1/2354
f 2560/1/2355 2392/1/2355 2561/1/2355
f 2561/1/2355 2392/1/2355 2390/1/2355
f 2561/1/2356 2390/1/2356 2562/1/2356
f 2562/1/2357 2390/1/2357 2389/1/2357
f 2562/1/2358 2389/1/2358 2563/1/2358
f 2563/1/2358 2389/1/2358 2424/1/2358
f 2563/1/2359 2424/1/2359 2564/1/2359
f 2564/1/2360 2424/1/2360 2400/1/2360
f 2564/1/2361 2400/1/2361 2565/1/2361
f 2565/1/2361 2400/1/2361 2399/1/2361
f 2565/1/2362 2399/1/2362 2566/1/2362
f 2566/1/2362 2399/1/2362 2397/1/2362
f 2566/1/2363 2397/1/2363 2567/1/2363
f 2567/1/2364 2397/1/2364 2395/1/2364
f 2567/1/2365 2395/1/2365 2568/1/2365
f 2568/1/2365 2395/1/2365 2394/1/2365
f 2568/1/2366 2394/1/2366 2569/1/2366
f 2569/1/2366 2394/1/2366 2405/1/2366
f 2569/1/2367 2405/1/2367 2570/1/2367
f 2570/1/2367 2405/1/2367 2404/1/2367
f 2570/1/2368 2404/1/2368 2571/1/2368
f 2571/1/2369 2404/1/2369 2403/1/2369
f 2571/1/2370 2403/1/2370 2572/1/2370
f 2572/1/2371 2403/1/2371 2402/1/2371
f 2572/1/2372 2402/1/2372 2573/1/2372
f 2573/1/2372 2402/1/2372 2236/1/2372
f 2573/1/2373 2236/1/2373 2574/1/2373
f 2574/1/2373 2236/1/2373 2238/1/2373
f 2574/1/2374 2238/1/2374 2575/1/2374
f 2575/1/2375 2238/1/2375 2410/1/2375
f 2575/1/2376 2410/1/2376 2576/1/2376
f 2576/1/2376 2410/1/2376 2409/1/2376
f 2576/1/2377 2409/1/2377 2577/1/2377
f 2577/1/2377 2409/1/2377 2408/1/2377
f 2577/1/2378 2408/1/2378 2578/1/2378
f 2578/1/2378 2408/1/2378 2407/1/2378
f 2578/1/2379 2407/1/2379 2579/1/2379
f 2579/1/2379 2407/1/2379 2414/1/2379
f 2579/1/2380 2414/1/2380 2580/1/2380
f 2580/1/2381 2414/1/2381 2413/1/2381
f 2580/1/2382 2413/1/2382 2581/1/2382
f 2581/1/2383 2413/1/2383 2412/1/2383
f 2581/1/2384 2412/1/2384 2556/1/2384
f 2556/1/2384 2412/1/2384 2411/1/2384
f 2425/1/2385 2582/1/2385 2426/1/2385
f 2426/1/2386 2582/1/2386 2583/1/2386
f 2426/1/2387 2583/1/2387 2415/1/2387
f 2583/1/2388 2584/1/2388 2415/1/2388
f 2415/1/2389 2584/1/2389 2585/1/2389
f 2415/1/2390 2585/1/2390 2416/1/2390
f 2416/1/2391 2585/1/2391 2586/1/2391
f 2586/1/2392 2587/1/2392 2416/1/2392
f 2416/1/2393 2587/1/2393 2588/1/2393
f 2416/1/2394 2588/1/2394 2420/1/2394
f 2589/1/2395 2422/1/2395 2590/1/2395
f 2590/1/2396 2422/1/2396 2421/1/2396
f 2590/1/2397 2421/1/2397 2591/1/2397
f 2591/1/2398 2421/1/2398 2420/1/2398
f 2591/1/2399 2420/1/2399 2592/1/2399
f 2592/1/2400 2420/1/2400 2588/1/2400
f 2417/1/2401 2422/1/2401 2589/1/2401
f 2589/1/2401 2593/1/2401 2417/1/2401
f 2417/1/2402 2593/1/2402 2594/1/2402
f 2417/1/2403 2594/1/2403 2418/1/2403
f 2594/1/2404 2595/1/2404 2418/1/2404
f 2418/1/2405 2595/1/2405 2596/1/2405
f 2418/1/2406 2596/1/2406 2423/1/2406
f 2423/1/2407 2596/1/2407 2597/1/2407
f 2423/1/2408 2597/1/2408 2430/1/2408
f 2597/1/2409 2598/1/2409 2430/1/2409
f 2430/1/2410 2598/1/2410 2599/1/2410
f 2430/1/2411 2599/1/2411 2431/1/2411
f 2599/1/2412 2600/1/2412 2431/1/2412
f 2431/1/2413 2600/1/2413 2601/1/2413
f 2431/1/2414 2601/1/2414 2432/1/2414
f 2582/1/2415 2425/1/2415 2602/1/2415
f 2602/1/2415 2425/1/2415 2432/1/2415
f 2602/1/2416 2432/1/2416 2603/1/2416
f 2603/1/2417 2432/1/2417 2601/1/2417
f 2438/1/2418 2437/1/2418 2604/1/2418
f 2604/1/2418 2605/1/2418 2438/1/2418
f 2438/1/2419 2605/1/2419 2606/1/2419
f 2438/1/2420 2606/1/2420 2439/1/2420
f 2606/1/2421 2607/1/2421 2439/1/2421
f 2439/1/2422 2607/1/2422 2608/1/2422
f 2439/1/2423 2608/1/2423 2440/1/2423
f 2608/1/2424 2609/1/2424 2440/1/2424
f 2440/1/2425 2609/1/2425 2610/1/2425
f 2440/1/2426 2610/1/2426 2443/1/2426
f 2443/1/2427 2610/1/2427 2611/1/2427
f 2443/1/2428 2611/1/2428 2444/1/2428
f 2611/1/2429 2612/1/2429 2444/1/2429
f 2444/1/2430 2612/1/2430 2613/1/2430
f 2444/1/2431 2613/1/2431 2445/1/2431
f 2614/1/2432 2441/1/2432 2615/1/2432
f 2615/1/2432 2441/1/2432 2445/1/2432
f 2615/1/2433 2445/1/2433 2616/1/2433
f 2616/1/2434 2445/1/2434 2613/1/2434
f 2604/1/2435 2437/1/2435 2617/1/2435
f 2617/1/2435 2437/1/2435 2448/1/2435
f 2617/1/2436 2448/1/2436 2618/1/2436
f 2618/1/2436 2448/1/2436 2447/1/2436
f 2618/1/2437 2447/1/2437 2619/1/2437
f 2619/1/2437 2447/1/2437 2446/1/2437
f 2619/1/2438 2446/1/2438 2620/1/2438
f 2620/1/2439 2446/1/2439 2436/1/2439
f 2620/1/2440 2436/1/2440 2621/1/2440
f 2621/1/2440 2436/1/2440 2435/1/2440
f 2621/1/2441 2435/1/2441 2622/1/2441
f 2622/1/2441 2435/1/2441 2442/1/2441
f 2622/1/2442 2442/1/2442 2614/1/2442
f 2614/1/2442 2442/1/2442 2441/1/2442
f 2261/1/2443 2623/1/2443 2246/1/2443
f 2246/1/2444 2623/1/2444 2624/1/2444
f 2246/1/2445 2624/1/2445 2248/1/2445
f 2624/1/2446 2625/1/2446 2248/1/2446
f 2248/1/2447 2625/1/2447 2626/1/2447
f 2248/1/2396 2626/1/2396 2250/1/2396
f 2250/1/2448 2626/1/2448 2627/1/2448
f 2627/1/2449 2628/1/2449 2250/1/2449
f 2250/1/2450 2628/1/2450 2629/1/2450
f 2250/1/2451 2629/1/2451 2252/1/2451
f 2630/1/2452 2265/1/2452 2631/1/2452
f 2631/1/2452 2265/1/2452 2264/1/2452
f 2631/1/2453 2264/1/2453 2632/1/2453
f 2632/1/2454 2264/1/2454 2252/1/2454
f 2632/1/2455 2252/1/2455 2633/1/2455
f 2633/1/2456 2252/1/2456 2629/1/2456
f 2262/1/2457 2265/1/2457 2630/1/2457
f 2630/1/2457 2634/1/2457 2262/1/2457
f 2262/1/2458 2634/1/2458 2635/1/2458
f 2262/1/2459 2635/1/2459 2255/1/2459
f 2635/1/2460 2636/1/2460 2255/1/2460
f 2255/1/2461 2636/1/2461 2637/1/2461
f 2255/1/2462 2637/1/2462 2256/1/2462
f 2256/1/2463 2637/1/2463 2638/1/2463
f 2256/1/2464 2638/1/2464 2257/1/2464
f 2638/1/2465 2639/1/2465 2257/1/2465
f 2257/1/2466 2639/1/2466 2640/1/2466
f 2257/1/2467 2640/1/2467 2258/1/2467
f 2640/1/2468 2641/1/2468 2258/1/2468
f 2258/1/2469 2641/1/2469 2642/1/2469
f 2258/1/2470 2642/1/2470 2260/1/2470
f 2623/1/2471 2261/1/2471 2643/1/2471
f 2643/1/2471 2261/1/2471 2260/1/2471
f 2643/1/2472 2260/1/2472 2644/1/2472
f 2644/1/2473 2260/1/2473 2642/1/2473
f 2645/1/2474 2267/1/2474 2646/1/2474
f 2646/1/2474 2267/1/2474 2266/1/2474
f 2646/1/2475 2266/1/2475 2647/1/2475
f 2647/1/2475 2266/1/2475 2277/1/2475
f 2647/1/2476 2277/1/2476 2648/1/2476
f 2648/1/2476 2277/1/2476 2276/1/2476
f 2648/1/2477 2276/1/2477 2649/1/2477
f 2649/1/2478 2276/1/2478 2274/1/2478
f 2649/1/2479 2274/1/2479 2650/1/2479
f 2650/1/2479 2274/1/2479 2272/1/2479
f 2650/1/2480 2272/1/2480 2651/1/2480
f 2651/1/2480 2272/1/2480 2271/1/2480
f 2651/1/2481 2271/1/2481 2652/1/2481
f 2652/1/2481 2271/1/2481 2270/1/2481
f 2278/1/2482 2267/1/2482 2645/1/2482
f 2645/1/2482 2653/1/2482 2278/1/2482
f 2278/1/2483 2653/1/2483 2654/1/2483
f 2278/1/2484 2654/1/2484 2279/1/2484
f 2654/1/2485 2655/1/2485 2279/1/2485
f 2279/1/2486 2655/1/2486 2656/1/2486
f 2279/1/2487 2656/1/2487 2280/1/2487
f 2280/1/2488 2656/1/2488 2657/1/2488
f 2280/1/2489 2657/1/2489 2242/1/2489
f 2657/1/2490 2658/1/2490 2242/1/2490
f 2242/1/2491 2658/1/2491 2659/1/2491
f 2242/1/2492 2659/1/2492 2243/1/2492
f 2659/1/2493 2660/1/2493 2243/1/2493
f 2243/1/2494 2660/1/2494 2661/1/2494
f 2243/1/2495 2661/1/2495 2269/1/2495
f 2652/1/2496 2270/1/2496 2662/1/2496
f 2662/1/2496 2270/1/2496 2269/1/2496
f 2662/1/2497 2269/1/2497 2663/1/2497
f 2663/1/2498 2269/1/2498 2661/1/2498
f 2305/1/2401 2296/1/2401 2664/1/2401
f 2664/1/2401 2665/1/2401 2305/1/2401
f 2305/1/2402 2665/1/2402 2666/1/2402
f 2305/1/2403 2666/1/2403 2304/1/2403
f 2666/1/2404 2667/1/2404 2304/1/2404
f 2304/1/2499 2667/1/2499 2668/1/2499
f 2304/1/2406 2668/1/2406 2302/1/2406
f 2302/1/2407 2668/1/2407 2669/1/2407
f 2302/1/2408 2669/1/2408 2300/1/2408
f 2669/1/2500 2670/1/2500 2300/1/2500
f 2300/1/2410 2670/1/2410 2671/1/2410
f 2300/1/2411 2671/1/2411 2299/1/2411
f 2671/1/2501 2672/1/2501 2299/1/2501
f 2299/1/2502 2672/1/2502 2673/1/2502
f 2299/1/2414 2673/1/2414 2297/1/2414
f 2674/1/2415 2288/1/2415 2675/1/2415
f 2675/1/2415 2288/1/2415 2297/1/2415
f 2675/1/2503 2297/1/2503 2676/1/2503
f 2676/1/2417 2297/1/2417 2673/1/2417
f 2288/1/2386 2674/1/2386 2289/1/2386
f 2289/1/2386 2674/1/2386 2677/1/2386
f 2289/1/2387 2677/1/2387 2291/1/2387
f 2677/1/2388 2678/1/2388 2291/1/2388
f 2291/1/2504 2678/1/2504 2679/1/2504
f 2291/1/2390 2679/1/2390 2292/1/2390
f 2292/1/2391 2679/1/2391 2680/1/2391
f 2680/1/2505 2681/1/2505 2292/1/2505
f 2292/1/2506 2681/1/2506 2682/1/2506
f 2292/1/2394 2682/1/2394 2294/1/2394
f 2664/1/2396 2296/1/2396 2683/1/2396
f 2683/1/2396 2296/1/2396 2295/1/2396
f 2683/1/2397 2295/1/2397 2684/1/2397
f 2684/1/2398 2295/1/2398 2294/1/2398
f 2684/1/2507 2294/1/2507 2685/1/2507
f 2685/1/2400 2294/1/2400 2682/1/2400
f 2311/1/2442 2309/1/2442 2686/1/2442
f 2686/1/2442 2687/1/2442 2311/1/2442
f 2311/1/2508 2687/1/2508 2688/1/2508
f 2311/1/2509 2688/1/2509 2320/1/2509
f 2688/1/2510 2689/1/2510 2320/1/2510
f 2320/1/2511 2689/1/2511 2690/1/2511
f 2320/1/2512 2690/1/2512 2321/1/2512
f 2690/1/2513 2691/1/2513 2321/1/2513
f 2321/1/2514 2691/1/2514 2692/1/2514
f 2321/1/2515 2692/1/2515 2322/1/2515
f 2322/1/2516 2692/1/2516 2693/1/2516
f 2322/1/2437 2693/1/2437 2319/1/2437
f 2693/1/2517 2694/1/2517 2319/1/2517
f 2319/1/2518 2694/1/2518 2695/1/2518
f 2319/1/2436 2695/1/2436 2323/1/2436
f 2696/1/2435 2324/1/2435 2697/1/2435
f 2697/1/2435 2324/1/2435 2323/1/2435
f 2697/1/2519 2323/1/2519 2698/1/2519
f 2698/1/2520 2323/1/2520 2695/1/2520
f 2686/1/2432 2309/1/2432 2699/1/2432
f 2699/1/2432 2309/1/2432 2315/1/2432
f 2699/1/2431 2315/1/2431 2700/1/2431
f 2700/1/2431 2315/1/2431 2314/1/2431
f 2700/1/2521 2314/1/2521 2701/1/2521
f 2701/1/2521 2314/1/2521 2313/1/2521
f 2701/1/2522 2313/1/2522 2702/1/2522
f 2702/1/2522 2313/1/2522 2308/1/2522
f 2702/1/2523 2308/1/2523 2703/1/2523
f 2703/1/2524 2308/1/2524 2307/1/2524
f 2703/1/2525 2307/1/2525 2704/1/2525
f 2704/1/2525 2307/1/2525 2325/1/2525
f 2704/1/2418 2325/1/2418 2696/1/2418
f 2696/1/2418 2325/1/2418 2324/1/2418
f 2705/1/2471 2333/1/2471 2706/1/2471
f 2706/1/2471 2333/1/2471 2332/1/2471
f 2706/1/2470 2332/1/2470 2707/1/2470
f 2707/1/2470 2332/1/2470 2339/1/2470
f 2707/1/2467 2339/1/2467 2708/1/2467
f 2708/1/2467 2339/1/2467 2341/1/2467
f 2708/1/2464 2341/1/2464 2709/1/2464
f 2709/1/2464 2341/1/2464 2343/1/2464
f 2709/1/2526 2343/1/2526 2710/1/2526
f 2710/1/2526 2343/1/2526 2345/1/2526
f 2710/1/2527 2345/1/2527 2711/1/2527
f 2711/1/2527 2345/1/2527 2346/1/2527
f 2711/1/2457 2346/1/2457 2712/1/2457
f 2712/1/2457 2346/1/2457 2331/1/2457
f 2712/1/2452 2331/1/2452 2713/1/2452
f 2713/1/2528 2331/1/2528 2330/1/2528
f 2713/1/2529 2330/1/2529 2714/1/2529
f 2714/1/2530 2330/1/2530 2338/1/2530
f 2714/1/2531 2338/1/2531 2715/1/2531
f 2715/1/2532 2338/1/2532 2337/1/2532
f 2715/1/2396 2337/1/2396 2716/1/2396
f 2716/1/2396 2337/1/2396 2336/1/2396
f 2716/1/2533 2336/1/2533 2717/1/2533
f 2717/1/2445 2336/1/2445 2335/1/2445
f 2717/1/2444 2335/1/2444 2705/1/2444
f 2705/1/2443 2335/1/2443 2333/1/2443
f 2351/1/2482 2353/1/2482 2718/1/2482
f 2718/1/2482 2719/1/2482 2351/1/2482
f 2351/1/2483 2719/1/2483 2720/1/2483
f 2351/1/2484 2720/1/2484 2355/1/2484
f 2720/1/2485 2721/1/2485 2355/1/2485
f 2355/1/2486 2721/1/2486 2722/1/2486
f 2355/1/2487 2722/1/2487 2356/1/2487
f 2356/1/2488 2722/1/2488 2723/1/2488
f 2356/1/2534 2723/1/2534 2358/1/2534
f 2723/1/2490 2724/1/2490 2358/1/2490
f 2358/1/2535 2724/1/2535 2725/1/2535
f 2358/1/2536 2725/1/2536 2360/1/2536
f 2725/1/2493 2726/1/2493 2360/1/2493
f 2360/1/2494 2726/1/2494 2727/1/2494
f 2360/1/2495 2727/1/2495 2362/1/2495
f 2728/1/2496 2363/1/2496 2729/1/2496
f 2729/1/2496 2363/1/2496 2362/1/2496
f 2729/1/2497 2362/1/2497 2730/1/2497
f 2730/1/2498 2362/1/2498 2727/1/2498
f 2718/1/2474 2353/1/2474 2731/1/2474
f 2731/1/2474 2353/1/2474 2354/1/2474
f 2731/1/2475 2354/1/2475 2732/1/2475
f 2732/1/2475 2354/1/2475 2348/1/2475
f 2732/1/2476 2348/1/2476 2733/1/2476
f 2733/1/2476 2348/1/2476 2347/1/2476
f 2733/1/2478 2347/1/2478 2734/1/2478
f 2734/1/2477 2347/1/2477 2366/1/2477
f 2734/1/2537 2366/1/2537 2735/1/2537
f 2735/1/2479 2366/1/2479 2365/1/2479
f 2735/1/2480 2365/1/2480 2736/1/2480
f 2736/1/2480 2365/1/2480 2364/1/2480
f 2736/1/2481 2364/1/2481 2728/1/2481
f 2728/1/2481 2364/1/2481 2363/1/2481
f 2737/1/1 2738/1/1 2739/1/1
f 2740/1/1 2488/1/1 2484/1/1
f 2497/1/2538 2737/1/2538 2498/1/2538
f 2498/1/1 2737/1/1 2739/1/1
f 2498/1/1 2739/1/1 2494/1/1
f 2494/1/1 2739/1/1 2741/1/1
f 2494/1/1 2741/1/1 2493/1/1
f 2493/1/1 2741/1/1 2742/1/1
f 2493/1/1 2742/1/1 2492/1/1
f 2492/1/1 2742/1/1 2743/1/1
f 2492/1/1 2743/1/1 2491/1/1
f 2491/1/1 2743/1/1 2744/1/1
f 2491/1/1 2744/1/1 2490/1/1
f 2490/1/1 2744/1/1 2745/1/1
f 2490/1/1 2745/1/1 2489/1/1
f 2489/1/1 2745/1/1 2746/1/1
f 2489/1/1 2746/1/1 2485/1/1
f 2485/1/1 2746/1/1 2747/1/1
f 2485/1/1 2747/1/1 2484/1/1
f 2484/1/1 2747/1/1 2748/1/1
f 2484/1/1 2748/1/1 2740/1/1
f 2749/1/2539 2750/1/2539 2751/1/2539
f 2751/1/2539 2752/1/2539 2749/1/2539
f 2749/1/2540 2752/1/2540 2495/1/2540
f 2749/1/2541 2495/1/2541 2753/1/2541
f 2753/1/2542 2495/1/2542 2499/1/2542
f 2754/1/2543 2755/1/2543 2756/1/2543
f 2756/1/2543 2755/1/2543 2757/1/2543
f 2756/1/2544 2757/1/2544 2504/1/2544
f 2504/1/2545 2757/1/2545 2758/1/2545
f 2504/1/2546 2758/1/2546 2505/1/2546
f 2759/1/2547 2760/1/2547 2761/1/2547
f 2761/1/2547 2760/1/2547 2762/1/2547
f 2760/1/2548 2759/1/2548 2763/1/2548
f 2763/1/2549 2759/1/2549 2764/1/2549
f 2763/1/2550 2764/1/2550 2497/1/2550
f 2497/1/2551 2764/1/2551 2765/1/2551
f 2766/1/2552 2739/1/2552 2767/1/2552
f 2767/1/2552 2739/1/2552 2738/1/2552
f 2767/1/2553 2738/1/2553 2765/1/2553
f 2765/1/2554 2738/1/2554 2737/1/2554
f 2765/1/2555 2737/1/2555 2497/1/2555
f 2751/1/2556 2750/1/2556 2768/1/2556
f 2768/1/2556 2750/1/2556 2769/1/2556
f 2770/1/2557 2771/1/2557 2769/1/2557
f 2769/1/2558 2771/1/2558 2772/1/2558
f 2769/1/2559 2772/1/2559 2768/1/2559
f 2773/1/2560 2774/1/2560 2775/1/2560
f 2770/1/2561 2776/1/2561 2771/1/2561
f 2771/1/2562 2776/1/2562 2773/1/2562
f 2771/1/2563 2773/1/2563 2777/1/2563
f 2777/1/2564 2773/1/2564 2775/1/2564
f 2775/1/2565 2774/1/2565 2778/1/2565
f 2778/1/2566 2774/1/2566 2779/1/2566
f 2778/1/2567 2779/1/2567 2780/1/2567
f 2780/1/2568 2779/1/2568 2781/1/2568
f 2782/1/2569 2783/1/2569 2762/1/2569
f 2762/1/2570 2783/1/2570 2761/1/2570
f 2780/1/2571 2781/1/2571 2784/1/2571
f 2780/1/2572 2784/1/2572 2785/1/2572
f 2784/1/2573 2786/1/2573 2785/1/2573
f 2785/1/2574 2786/1/2574 2787/1/2574
f 2785/1/2575 2787/1/2575 2788/1/2575
f 2788/1/2576 2787/1/2576 2783/1/2576
f 2788/1/2577 2783/1/2577 2789/1/2577
f 2789/1/2578 2783/1/2578 2782/1/2578
f 2790/1/72 2791/1/72 2750/1/72
f 2750/1/72 2791/1/72 2769/1/72
f 2792/1/85 2793/1/85 2794/1/85
f 2795/1/85 2796/1/85 2797/1/85
f 2798/1/85 2799/1/85 2800/1/85
f 2801/1/85 2802/1/85 2803/1/85
f 2804/1/2579 2805/1/2579 2806/1/2579
f 2806/1/85 2805/1/85 2807/1/85
f 2808/1/85 2809/1/85 2794/1/85
f 2810/1/85 2811/1/85 2812/1/85
f 2812/1/85 2811/1/85 2813/1/85
f 2812/1/85 2813/1/85 2814/1/85
f 2814/1/870 2813/1/870 2815/1/870
f 2814/1/85 2815/1/85 2816/1/85
f 2816/1/85 2815/1/85 2794/1/85
f 2816/1/85 2794/1/85 2817/1/85
f 2817/1/85 2794/1/85 2809/1/85
f 2818/1/85 2819/1/85 2820/1/85
f 2820/1/85 2819/1/85 2821/1/85
f 2820/1/85 2821/1/85 2812/1/85
f 2812/1/85 2821/1/85 2822/1/85
f 2812/1/85 2822/1/85 2810/1/85
f 2823/1/85 2824/1/85 2825/1/85
f 2818/1/85 2826/1/85 2819/1/85
f 2819/1/85 2826/1/85 2827/1/85
f 2819/1/85 2827/1/85 2807/1/85
f 2807/1/85 2827/1/85 2828/1/85
f 2807/1/85 2828/1/85 2806/1/85
f 2826/1/85 2829/1/85 2827/1/85
f 2827/1/85 2829/1/85 2830/1/85
f 2827/1/85 2830/1/85 2824/1/85
f 2824/1/85 2830/1/85 2831/1/85
f 2824/1/85 2831/1/85 2825/1/85
f 2825/1/85 2808/1/85 2823/1/85
f 2823/1/85 2808/1/85 2794/1/85
f 2823/1/85 2794/1/85 2832/1/85
f 2832/1/85 2794/1/85 2793/1/85
f 2832/1/85 2793/1/85 2833/1/85
f 2834/1/85 2835/1/85 2833/1/85
f 2833/1/85 2835/1/85 2836/1/85
f 2833/1/85 2836/1/85 2837/1/85
f 2837/1/85 2836/1/85 2838/1/85
f 2836/1/85 2839/1/85 2838/1/85
f 2838/1/85 2839/1/85 2840/1/85
f 2838/1/85 2840/1/85 2841/1/85
f 2842/1/85 2843/1/85 2833/1/85
f 2833/1/85 2843/1/85 2844/1/85
f 2833/1/85 2844/1/85 2845/1/85
f 2846/1/2579 2847/1/2579 2848/1/2579
f 2790/1/85 2846/1/85 2849/1/85
f 2849/1/85 2846/1/85 2848/1/85
f 2849/1/85 2848/1/85 2850/1/85
f 2850/1/85 2848/1/85 2851/1/85
f 2850/1/85 2851/1/85 2852/1/85
f 2852/1/85 2851/1/85 2841/1/85
f 2852/1/85 2841/1/85 2853/1/85
f 2853/1/85 2841/1/85 2840/1/85
f 2834/1/85 2833/1/85 2854/1/85
f 2854/1/85 2833/1/85 2845/1/85
f 2854/1/85 2845/1/85 2855/1/85
f 2790/1/85 2849/1/85 2791/1/85
f 2791/1/85 2849/1/85 2856/1/85
f 2791/1/85 2856/1/85 2857/1/85
f 2857/1/85 2856/1/85 2845/1/85
f 2845/1/85 2856/1/85 2858/1/85
f 2845/1/85 2858/1/85 2855/1/85
f 2859/1/85 2860/1/85 2861/1/85
f 2862/1/2580 2863/1/2580 2864/1/2580
f 2861/1/85 2860/1/85 2865/1/85
f 2865/1/85 2860/1/85 2862/1/85
f 2865/1/85 2862/1/85 2866/1/85
f 2866/1/85 2862/1/85 2864/1/85
f 2866/1/85 2864/1/85 2867/1/85
f 2868/1/85 2869/1/85 2870/1/85
f 2870/1/85 2869/1/85 2871/1/85
f 2870/1/85 2871/1/85 2866/1/85
f 2866/1/85 2871/1/85 2872/1/85
f 2866/1/85 2872/1/85 2865/1/85
f 2868/1/85 2873/1/85 2874/1/85
f 2874/1/85 2873/1/85 2875/1/85
f 2874/1/2579 2875/1/2579 2842/1/2579
f 2842/1/85 2875/1/85 2876/1/85
f 2842/1/85 2876/1/85 2843/1/85
f 2861/1/85 2877/1/85 2859/1/85
f 2859/1/85 2877/1/85 2878/1/85
f 2859/1/85 2878/1/85 2879/1/85
f 2879/1/85 2878/1/85 2880/1/85
f 2879/1/85 2880/1/85 2874/1/85
f 2874/1/85 2880/1/85 2881/1/85
f 2874/1/85 2881/1/85 2882/1/85
f 2882/1/85 2883/1/85 2874/1/85
f 2874/1/85 2883/1/85 2884/1/85
f 2874/1/85 2884/1/85 2868/1/85
f 2868/1/85 2884/1/85 2885/1/85
f 2868/1/85 2885/1/85 2869/1/85
f 2886/1/85 2887/1/85 2888/1/85
f 2889/1/85 2890/1/85 2891/1/85
f 2892/1/85 2802/1/85 2893/1/85
f 2893/1/85 2802/1/85 2894/1/85
f 2893/1/85 2894/1/85 2895/1/85
f 2892/1/85 2896/1/85 2802/1/85
f 2802/1/85 2896/1/85 2897/1/85
f 2802/1/85 2897/1/85 2803/1/85
f 2803/1/85 2897/1/85 2898/1/85
f 2803/1/85 2898/1/85 2890/1/85
f 2890/1/85 2898/1/85 2899/1/85
f 2890/1/85 2899/1/85 2891/1/85
f 2900/1/85 2901/1/85 2902/1/85
f 2902/1/85 2901/1/85 2903/1/85
f 2902/1/85 2903/1/85 2904/1/85
f 2904/1/85 2903/1/85 2905/1/85
f 2904/1/85 2905/1/85 2906/1/85
f 2906/1/85 2905/1/85 2889/1/85
f 2906/1/85 2889/1/85 2907/1/85
f 2907/1/85 2889/1/85 2891/1/85
f 2888/1/85 2908/1/85 2886/1/85
f 2886/1/85 2908/1/85 2909/1/85
f 2886/1/85 2909/1/85 2902/1/85
f 2902/1/85 2909/1/85 2910/1/85
f 2902/1/85 2910/1/85 2900/1/85
f 2886/1/85 2895/1/85 2887/1/85
f 2887/1/85 2895/1/85 2894/1/85
f 2887/1/85 2894/1/85 2911/1/85
f 2911/1/85 2894/1/85 2912/1/85
f 2913/1/85 2914/1/85 2915/1/85
f 2916/1/85 2917/1/85 2918/1/85
f 2919/1/85 2920/1/85 2921/1/85
f 2914/1/85 2922/1/85 2915/1/85
f 2915/1/85 2922/1/85 2912/1/85
f 2915/1/85 2912/1/85 2923/1/85
f 2923/1/870 2912/1/870 2894/1/870
f 2923/1/85 2894/1/85 2924/1/85
f 2924/1/85 2894/1/85 2925/1/85
f 2924/1/85 2925/1/85 2926/1/85
f 2919/1/85 2921/1/85 2927/1/85
f 2913/1/85 2915/1/85 2928/1/85
f 2928/1/85 2915/1/85 2929/1/85
f 2928/1/85 2929/1/85 2918/1/85
f 2918/1/85 2929/1/85 2930/1/85
f 2918/1/85 2930/1/85 2916/1/85
f 2921/1/85 2931/1/85 2927/1/85
f 2927/1/85 2931/1/85 2932/1/85
f 2927/1/85 2932/1/85 2933/1/85
f 2933/1/85 2932/1/85 2934/1/85
f 2933/1/85 2934/1/85 2925/1/85
f 2925/1/85 2934/1/85 2935/1/85
f 2925/1/85 2935/1/85 2926/1/85
f 2920/1/85 2919/1/85 2936/1/85
f 2936/1/85 2919/1/85 2937/1/85
f 2936/1/85 2937/1/85 2930/1/85
f 2930/1/85 2937/1/85 2938/1/85
f 2930/1/85 2938/1/85 2916/1/85
f 2894/1/85 2939/1/85 2925/1/85
f 2925/1/85 2939/1/85 2940/1/85
f 2925/1/85 2940/1/85 2941/1/85
f 2799/1/85 2942/1/85 2800/1/85
f 2800/1/85 2942/1/85 2943/1/85
f 2800/1/85 2943/1/85 2944/1/85
f 2945/1/85 2796/1/85 2799/1/85
f 2799/1/85 2796/1/85 2946/1/85
f 2799/1/85 2946/1/85 2942/1/85
f 2943/1/85 2947/1/85 2944/1/85
f 2944/1/85 2947/1/85 2948/1/85
f 2944/1/85 2948/1/85 2949/1/85
f 2949/1/85 2948/1/85 2950/1/85
f 2949/1/85 2950/1/85 2951/1/85
f 2951/1/85 2952/1/85 2953/1/85
f 2953/1/85 2952/1/85 2954/1/85
f 2953/1/85 2954/1/85 2955/1/85
f 2955/1/85 2954/1/85 2956/1/85
f 2955/1/85 2956/1/85 2957/1/85
f 2957/1/85 2956/1/85 2797/1/85
f 2797/1/85 2956/1/85 2958/1/85
f 2797/1/85 2958/1/85 2795/1/85
f 2959/1/85 2960/1/85 2961/1/85
f 2951/1/85 2953/1/85 2949/1/85
f 2949/1/85 2953/1/85 2959/1/85
f 2949/1/85 2959/1/85 2962/1/85
f 2962/1/85 2959/1/85 2961/1/85
f 2962/1/2579 2961/1/2579 2963/1/2579
f 2964/1/85 2965/1/85 2945/1/85
f 2945/1/85 2965/1/85 2966/1/85
f 2945/1/2581 2966/1/2581 2796/1/2581
f 2796/1/2579 2966/1/2579 2967/1/2579
f 2796/1/85 2967/1/85 2797/1/85
f 2964/1/85 2945/1/85 2968/1/85
f 2968/1/85 2945/1/85 2969/1/85
f 2968/1/85 2969/1/85 2970/1/85
f 2968/1/85 2971/1/85 2964/1/85
f 2964/1/85 2971/1/85 2972/1/85
f 2964/1/85 2972/1/85 2973/1/85
f 2973/1/85 2972/1/85 2974/1/85
f 2974/1/85 2972/1/85 2975/1/85
f 2975/1/85 2972/1/85 2976/1/85
f 2975/1/85 2976/1/85 2977/1/85
f 2977/1/85 2976/1/85 2978/1/85
f 2977/1/85 2978/1/85 2979/1/85
f 2980/1/85 2981/1/85 2982/1/85
f 2982/1/85 2981/1/85 2983/1/85
f 2981/1/85 2984/1/85 2983/1/85
f 2983/1/85 2984/1/85 2985/1/85
f 2983/1/85 2985/1/85 2986/1/85
f 2986/1/85 2985/1/85 2987/1/85
f 2986/1/85 2987/1/85 2969/1/85
f 2969/1/85 2987/1/85 2988/1/85
f 2969/1/85 2988/1/85 2970/1/85
f 2989/1/85 2990/1/85 2991/1/85
f 2991/1/85 2992/1/85 2989/1/85
f 2989/1/85 2992/1/85 2977/1/85
f 2989/1/85 2977/1/85 2982/1/85
f 2982/1/85 2977/1/85 2979/1/85
f 2982/1/85 2979/1/85 2980/1/85
f 2993/1/85 2994/1/85 2995/1/85
f 2995/1/85 2994/1/85 2969/1/85
f 2993/1/85 2996/1/85 2994/1/85
f 2994/1/85 2996/1/85 2997/1/85
f 2994/1/85 2997/1/85 2815/1/85
f 2998/1/85 2999/1/85 3000/1/85
f 3001/1/85 3002/1/85 2994/1/85
f 3002/1/85 3003/1/85 2994/1/85
f 2994/1/85 3003/1/85 3004/1/85
f 2994/1/85 3004/1/85 3005/1/85
f 3005/1/85 3004/1/85 3006/1/85
f 3004/1/85 3007/1/85 3006/1/85
f 3006/1/85 3007/1/85 3008/1/85
f 3006/1/85 3008/1/85 3009/1/85
f 3009/1/85 3008/1/85 3010/1/85
f 3009/1/85 3010/1/85 3011/1/85
f 2998/1/85 3000/1/85 3012/1/85
f 3012/1/85 3000/1/85 3013/1/85
f 3012/1/85 3013/1/85 3014/1/85
f 3014/1/85 3013/1/85 3015/1/85
f 3015/1/85 3013/1/85 3016/1/85
f 3015/1/85 3016/1/85 3017/1/85
f 3017/1/85 3001/1/85 3015/1/85
f 3015/1/85 3001/1/85 2994/1/85
f 3015/1/85 2994/1/85 3018/1/85
f 3018/1/85 2994/1/85 2815/1/85
f 3018/1/85 2815/1/85 3019/1/85
f 3019/1/85 2815/1/85 2813/1/85
f 3020/1/85 3021/1/85 3022/1/85
f 3022/1/85 3021/1/85 3023/1/85
f 3022/1/85 3023/1/85 3024/1/85
f 3024/1/85 3023/1/85 3009/1/85
f 3024/1/85 3009/1/85 2998/1/85
f 2998/1/85 3009/1/85 3011/1/85
f 2998/1/85 3011/1/85 2999/1/85
f 3025/1/85 2799/1/85 2941/1/85
f 2941/1/85 2799/1/85 2798/1/85
f 2941/1/85 2798/1/85 2925/1/85
f 3025/1/85 3026/1/85 2799/1/85
f 2799/1/85 3026/1/85 3027/1/85
f 2799/1/85 3027/1/85 2945/1/85
f 2945/1/85 3027/1/85 3028/1/85
f 2945/1/85 3028/1/85 2969/1/85
f 2969/1/85 3028/1/85 3029/1/85
f 2969/1/85 3029/1/85 2995/1/85
f 3030/1/85 2802/1/85 3031/1/85
f 3031/1/85 2802/1/85 2801/1/85
f 3031/1/85 2801/1/85 2874/1/85
f 2874/1/85 2801/1/85 3032/1/85
f 2874/1/85 3032/1/85 2879/1/85
f 3030/1/85 3033/1/85 2802/1/85
f 2802/1/85 3033/1/85 3034/1/85
f 2802/1/85 3034/1/85 2894/1/85
f 2894/1/85 3034/1/85 3035/1/85
f 2894/1/85 3035/1/85 2939/1/85
f 2793/1/85 3036/1/85 2833/1/85
f 2833/1/85 3036/1/85 3037/1/85
f 2833/1/85 3037/1/85 2842/1/85
f 2842/1/85 3037/1/85 3038/1/85
f 2842/1/85 3038/1/85 2874/1/85
f 2874/1/85 3038/1/85 3039/1/85
f 2874/1/85 3039/1/85 3031/1/85
f 3031/1/85 3039/1/85 3040/1/85
f 3031/1/85 3040/1/85 3030/1/85
f 2997/1/85 3041/1/85 2815/1/85
f 2815/1/85 3041/1/85 3042/1/85
f 2815/1/85 3042/1/85 2794/1/85
f 2794/1/85 3042/1/85 3043/1/85
f 2794/1/85 3043/1/85 2792/1/85
f 2807/1/56 2755/1/56 2819/1/56
f 2819/1/56 2755/1/56 3044/1/56
f 2819/1/56 3044/1/56 2821/1/56
f 3045/1/2582 3046/1/2582 3047/1/2582
f 3047/1/2582 3046/1/2582 3048/1/2582
f 3047/1/2583 3048/1/2583 3049/1/2583
f 3049/1/2584 3048/1/2584 3050/1/2584
f 3049/1/2585 3050/1/2585 3051/1/2585
f 3051/1/2585 3050/1/2585 3052/1/2585
f 3051/1/2586 3052/1/2586 3053/1/2586
f 3053/1/2586 3052/1/2586 3054/1/2586
f 3053/1/2587 3054/1/2587 3055/1/2587
f 3055/1/2588 3054/1/2588 3056/1/2588
f 3055/1/2589 3056/1/2589 3057/1/2589
f 3057/1/2589 3056/1/2589 3058/1/2589
f 3057/1/2590 3058/1/2590 3059/1/2590
f 3059/1/2590 3058/1/2590 3060/1/2590
f 3061/1/2591 3062/1/2591 3063/1/2591
f 3046/1/2592 3045/1/2592 3064/1/2592
f 3064/1/2593 3045/1/2593 3065/1/2593
f 3064/1/2594 3065/1/2594 3066/1/2594
f 3066/1/2594 3065/1/2594 3067/1/2594
f 3066/1/2595 3067/1/2595 2538/1/2595
f 2538/1/2596 3067/1/2596 3061/1/2596
f 2538/1/2597 3061/1/2597 3068/1/2597
f 3068/1/2591 3061/1/2591 3063/1/2591
f 2542/1/1 3069/1/1 2541/1/1
f 2541/1/1 3069/1/1 3070/1/1
f 3071/1/1 2521/1/1 3072/1/1
f 3072/1/1 2521/1/1 2537/1/1
f 3072/1/2598 2537/1/2598 3073/1/2598
f 3073/1/1 2537/1/1 2536/1/1
f 3073/1/476 2536/1/476 3074/1/476
f 3074/1/1 2536/1/1 2535/1/1
f 3074/1/2599 2535/1/2599 3075/1/2599
f 3075/1/1 2535/1/1 2534/1/1
f 3075/1/2600 2534/1/2600 3076/1/2600
f 3076/1/1 2534/1/1 2533/1/1
f 3076/1/2601 2533/1/2601 3077/1/2601
f 3077/1/1 2533/1/1 2532/1/1
f 3077/1/2602 2532/1/2602 3078/1/2602
f 3078/1/1 2532/1/1 2531/1/1
f 3078/1/1 2531/1/1 3079/1/1
f 3079/1/1 2531/1/1 2530/1/1
f 3079/1/1 2530/1/1 3080/1/1
f 3080/1/1 2530/1/1 2529/1/1
f 3080/1/2538 2529/1/2538 3081/1/2538
f 3081/1/1 2529/1/1 2528/1/1
f 3081/1/1 2528/1/1 3082/1/1
f 3082/1/2599 2528/1/2599 2527/1/2599
f 3082/1/1 2527/1/1 3083/1/1
f 3083/1/1 2527/1/1 2526/1/1
f 3083/1/1 2526/1/1 3084/1/1
f 3084/1/1 2526/1/1 2525/1/1
f 3084/1/1 2525/1/1 3070/1/1
f 3070/1/1 2525/1/1 2524/1/1
f 3070/1/2538 2524/1/2538 2541/1/2538
f 2759/1/2603 2866/1/2603 2764/1/2603
f 2764/1/2603 2866/1/2603 2867/1/2603
f 2764/1/2604 2867/1/2604 2765/1/2604
f 2765/1/2605 2867/1/2605 2864/1/2605
f 2765/1/2606 2864/1/2606 2767/1/2606
f 2767/1/2606 2864/1/2606 2863/1/2606
f 2767/1/2607 2863/1/2607 2766/1/2607
f 2766/1/2607 2863/1/2607 2862/1/2607
f 2959/1/2608 3062/1/2608 2960/1/2608
f 2960/1/2608 3062/1/2608 3061/1/2608
f 2960/1/2609 3061/1/2609 2961/1/2609
f 2961/1/2610 3061/1/2610 3067/1/2610
f 2961/1/2611 3067/1/2611 2963/1/2611
f 2963/1/2611 3067/1/2611 3065/1/2611
f 2963/1/2612 3065/1/2612 2962/1/2612
f 2962/1/2612 3065/1/2612 3045/1/2612
f 3085/1/2613 2977/1/2613 2992/1/2613
f 3069/1/2614 2542/1/2614 2543/1/2614
f 3085/1/2615 2992/1/2615 3086/1/2615
f 3086/1/2616 2992/1/2616 2991/1/2616
f 3086/1/2617 2991/1/2617 3087/1/2617
f 3087/1/2618 2991/1/2618 2990/1/2618
f 3087/1/2619 2990/1/2619 2543/1/2619
f 2543/1/2620 2990/1/2620 2989/1/2620
f 2543/1/2614 2989/1/2614 3069/1/2614
f 3088/1/2621 3085/1/2621 3089/1/2621
f 3089/1/2621 3085/1/2621 3086/1/2621
f 3089/1/2622 3086/1/2622 2540/1/2622
f 2540/1/2623 3086/1/2623 3087/1/2623
f 2540/1/2624 3087/1/2624 2543/1/2624
f 3063/1/2547 3062/1/2547 3090/1/2547
f 3090/1/2547 3062/1/2547 3091/1/2547
f 2955/1/64 3091/1/64 2953/1/64
f 2953/1/64 3091/1/64 3062/1/64
f 2953/1/64 3062/1/64 2959/1/64
f 2569/1/2625 3092/1/2625 2568/1/2625
f 2568/1/2625 3092/1/2625 3093/1/2625
f 2568/1/2626 3093/1/2626 2567/1/2626
f 2567/1/2626 3093/1/2626 3094/1/2626
f 2567/1/2627 3094/1/2627 2566/1/2627
f 2566/1/2627 3094/1/2627 3095/1/2627
f 2566/1/2628 3095/1/2628 2565/1/2628
f 2565/1/2628 3095/1/2628 3096/1/2628
f 2565/1/2629 3096/1/2629 2564/1/2629
f 2564/1/2629 3096/1/2629 3097/1/2629
f 2564/1/2630 3097/1/2630 2563/1/2630
f 2563/1/2630 3097/1/2630 3098/1/2630
f 2563/1/56 3098/1/56 2562/1/56
f 2562/1/56 3098/1/56 3099/1/56
f 2562/1/2631 3099/1/2631 2561/1/2631
f 2561/1/2631 3099/1/2631 3100/1/2631
f 2561/1/2632 3100/1/2632 2560/1/2632
f 2560/1/2632 3100/1/2632 3101/1/2632
f 2560/1/2633 3101/1/2633 2559/1/2633
f 2559/1/2633 3101/1/2633 3102/1/2633
f 2559/1/2634 3102/1/2634 2558/1/2634
f 2558/1/2634 3102/1/2634 3103/1/2634
f 2558/1/2635 3103/1/2635 2557/1/2635
f 2557/1/2635 3103/1/2635 3104/1/2635
f 2557/1/2636 3104/1/2636 2556/1/2636
f 2556/1/2636 3104/1/2636 3105/1/2636
f 2556/1/2637 3105/1/2637 2581/1/2637
f 2581/1/2637 3105/1/2637 3106/1/2637
f 2581/1/2638 3106/1/2638 2580/1/2638
f 2580/1/2638 3106/1/2638 3107/1/2638
f 2580/1/2639 3107/1/2639 2579/1/2639
f 2579/1/2639 3107/1/2639 3108/1/2639
f 2579/1/2640 3108/1/2640 2578/1/2640
f 2578/1/2640 3108/1/2640 3109/1/2640
f 2578/1/2641 3109/1/2641 2577/1/2641
f 2577/1/2641 3109/1/2641 3110/1/2641
f 2577/1/2642 3110/1/2642 2576/1/2642
f 2576/1/2642 3110/1/2642 3111/1/2642
f 2576/1/48 3111/1/48 2575/1/48
f 2575/1/48 3111/1/48 3112/1/48
f 2575/1/2643 3112/1/2643 2574/1/2643
f 2574/1/2643 3112/1/2643 3113/1/2643
f 2574/1/2644 3113/1/2644 2573/1/2644
f 2573/1/2644 3113/1/2644 3114/1/2644
f 2573/1/2645 3114/1/2645 2572/1/2645
f 2572/1/2645 3114/1/2645 3115/1/2645
f 2572/1/2646 3115/1/2646 2571/1/2646
f 2571/1/2646 3115/1/2646 3116/1/2646
f 2571/1/2647 3116/1/2647 2570/1/2647
f 2570/1/2647 3116/1/2647 3117/1/2647
f 2570/1/2648 3117/1/2648 2569/1/2648
f 2569/1/2648 3117/1/2648 3092/1/2648
f 2589/1/2649 2976/1/2649 2593/1/2649
f 2593/1/2650 2976/1/2650 2972/1/2650
f 2593/1/2651 2972/1/2651 2594/1/2651
f 2594/1/2652 2972/1/2652 2595/1/2652
f 2595/1/2653 2972/1/2653 2971/1/2653
f 2595/1/2654 2971/1/2654 2596/1/2654
f 2596/1/2655 2971/1/2655 2597/1/2655
f 2597/1/2656 2971/1/2656 2968/1/2656
f 2597/1/2657 2968/1/2657 2598/1/2657
f 2598/1/2658 2968/1/2658 2599/1/2658
f 2599/1/2659 2968/1/2659 2970/1/2659
f 2599/1/2660 2970/1/2660 2600/1/2660
f 2600/1/2661 2970/1/2661 2601/1/2661
f 2601/1/2662 2970/1/2662 2988/1/2662
f 2601/1/2663 2988/1/2663 2603/1/2663
f 2603/1/2664 2988/1/2664 2602/1/2664
f 2602/1/2665 2988/1/2665 2987/1/2665
f 2602/1/2666 2987/1/2666 2582/1/2666
f 2614/1/2667 2942/1/2667 2622/1/2667
f 2622/1/2667 2942/1/2667 2946/1/2667
f 2622/1/2657 2946/1/2657 2621/1/2657
f 2621/1/2657 2946/1/2657 2796/1/2657
f 2621/1/2668 2796/1/2668 2620/1/2668
f 2620/1/2668 2796/1/2668 2795/1/2668
f 2620/1/2107 2795/1/2107 2619/1/2107
f 2619/1/2107 2795/1/2107 2958/1/2107
f 2619/1/2669 2958/1/2669 2618/1/2669
f 2618/1/2669 2958/1/2669 2956/1/2669
f 2618/1/2670 2956/1/2670 2617/1/2670
f 2617/1/2670 2956/1/2670 2954/1/2670
f 2617/1/60 2954/1/60 2604/1/60
f 2604/1/60 2954/1/60 2952/1/60
f 2630/1/2671 2929/1/2671 2634/1/2671
f 2634/1/2672 2929/1/2672 2915/1/2672
f 2634/1/2673 2915/1/2673 2635/1/2673
f 2635/1/2674 2915/1/2674 2636/1/2674
f 2636/1/2675 2915/1/2675 2923/1/2675
f 2636/1/2676 2923/1/2676 2637/1/2676
f 2637/1/2677 2923/1/2677 2638/1/2677
f 2638/1/2678 2923/1/2678 2924/1/2678
f 2638/1/2679 2924/1/2679 2639/1/2679
f 2639/1/2670 2924/1/2670 2640/1/2670
f 2640/1/2680 2924/1/2680 2926/1/2680
f 2640/1/2681 2926/1/2681 2641/1/2681
f 2641/1/2682 2926/1/2682 2642/1/2682
f 2642/1/2683 2926/1/2683 2935/1/2683
f 2642/1/2684 2935/1/2684 2644/1/2684
f 2644/1/2685 2935/1/2685 2643/1/2685
f 2643/1/2686 2935/1/2686 2934/1/2686
f 2643/1/2687 2934/1/2687 2623/1/2687
f 2645/1/2688 2896/1/2688 2653/1/2688
f 2653/1/2689 2896/1/2689 2892/1/2689
f 2653/1/2690 2892/1/2690 2654/1/2690
f 2654/1/2691 2892/1/2691 2655/1/2691
f 2655/1/2692 2892/1/2692 2893/1/2692
f 2655/1/2693 2893/1/2693 2656/1/2693
f 2656/1/2694 2893/1/2694 2657/1/2694
f 2657/1/2695 2893/1/2695 2895/1/2695
f 2657/1/2696 2895/1/2696 2658/1/2696
f 2658/1/2697 2895/1/2697 2659/1/2697
f 2659/1/2698 2895/1/2698 2886/1/2698
f 2659/1/2699 2886/1/2699 2660/1/2699
f 2660/1/2700 2886/1/2700 2661/1/2700
f 2661/1/2701 2886/1/2701 2902/1/2701
f 2661/1/2702 2902/1/2702 2663/1/2702
f 2663/1/2703 2902/1/2703 2662/1/2703
f 2662/1/2704 2902/1/2704 2904/1/2704
f 2662/1/76 2904/1/76 2652/1/76
f 2674/1/2705 2871/1/2705 2869/1/2705
f 2674/1/2706 2869/1/2706 2677/1/2706
f 2677/1/2707 2869/1/2707 2885/1/2707
f 2677/1/2708 2885/1/2708 2678/1/2708
f 2678/1/2709 2885/1/2709 2679/1/2709
f 2679/1/2710 2885/1/2710 2884/1/2710
f 2679/1/2711 2884/1/2711 2680/1/2711
f 2680/1/2712 2884/1/2712 2681/1/2712
f 2681/1/2713 2884/1/2713 2883/1/2713
f 2681/1/2714 2883/1/2714 2682/1/2714
f 2682/1/2715 2883/1/2715 2685/1/2715
f 2685/1/2716 2883/1/2716 2882/1/2716
f 2685/1/2717 2882/1/2717 2684/1/2717
f 2684/1/2718 2882/1/2718 2881/1/2718
f 2684/1/2719 2881/1/2719 2683/1/2719
f 2683/1/2720 2881/1/2720 2880/1/2720
f 2683/1/2099 2880/1/2099 2664/1/2099
f 2696/1/2721 2835/1/2721 2704/1/2721
f 2704/1/2721 2835/1/2721 2834/1/2721
f 2704/1/2722 2834/1/2722 2703/1/2722
f 2703/1/2722 2834/1/2722 2854/1/2722
f 2703/1/2723 2854/1/2723 2702/1/2723
f 2702/1/2723 2854/1/2723 2855/1/2723
f 2702/1/2100 2855/1/2100 2701/1/2100
f 2701/1/2100 2855/1/2100 2858/1/2100
f 2701/1/2724 2858/1/2724 2700/1/2724
f 2700/1/2724 2858/1/2724 2856/1/2724
f 2700/1/2725 2856/1/2725 2699/1/2725
f 2699/1/2725 2856/1/2725 2849/1/2725
f 2699/1/80 2849/1/80 2686/1/80
f 2686/1/80 2849/1/80 2850/1/80
f 2705/1/2101 2820/1/2101 2717/1/2101
f 2717/1/2101 2820/1/2101 2812/1/2101
f 2717/1/2100 2812/1/2100 2716/1/2100
f 2716/1/2100 2812/1/2100 2814/1/2100
f 2716/1/2099 2814/1/2099 2715/1/2099
f 2715/1/2099 2814/1/2099 2816/1/2099
f 2715/1/2111 2816/1/2111 2714/1/2111
f 2714/1/2111 2816/1/2111 2817/1/2111
f 2714/1/2110 2817/1/2110 2713/1/2110
f 2713/1/2110 2817/1/2110 2809/1/2110
f 2713/1/2109 2809/1/2109 2712/1/2109
f 2712/1/2109 2809/1/2109 2808/1/2109
f 2728/1/2726 3003/1/2726 2736/1/2726
f 2736/1/2726 3003/1/2726 3002/1/2726
f 2736/1/2727 3002/1/2727 2735/1/2727
f 2735/1/2727 3002/1/2727 3001/1/2727
f 2735/1/2728 3001/1/2728 2734/1/2728
f 2734/1/2728 3001/1/2728 3017/1/2728
f 2734/1/2110 3017/1/2110 2733/1/2110
f 2733/1/2110 3017/1/2110 3016/1/2110
f 2733/1/2729 3016/1/2729 2732/1/2729
f 2732/1/2729 3016/1/2729 3013/1/2729
f 2732/1/2658 3013/1/2658 2731/1/2658
f 2731/1/2658 3013/1/2658 3000/1/2658
f 2731/1/84 3000/1/84 2718/1/84
f 2718/1/84 3000/1/84 2999/1/84
f 2781/1/2730 2876/1/2730 2875/1/2730
f 2870/1/2731 2761/1/2731 2783/1/2731
f 2870/1/2731 2783/1/2731 2868/1/2731
f 2868/1/2732 2783/1/2732 2787/1/2732
f 2868/1/2732 2787/1/2732 2873/1/2732
f 2873/1/2733 2787/1/2733 2786/1/2733
f 2873/1/2734 2786/1/2734 2875/1/2734
f 2875/1/2735 2786/1/2735 2784/1/2735
f 2875/1/2730 2784/1/2730 2781/1/2730
f 2769/1/2736 2791/1/2736 2857/1/2736
f 2844/1/2737 2774/1/2737 2773/1/2737
f 2844/1/2737 2773/1/2737 2845/1/2737
f 2845/1/2738 2773/1/2738 2776/1/2738
f 2845/1/2739 2776/1/2739 2857/1/2739
f 2857/1/2740 2776/1/2740 2770/1/2740
f 2857/1/2736 2770/1/2736 2769/1/2736
f 2876/1/2741 2781/1/2741 2779/1/2741
f 2876/1/2741 2779/1/2741 2843/1/2741
f 2843/1/2742 2779/1/2742 2774/1/2742
f 2843/1/2742 2774/1/2742 2844/1/2742
f 3105/1/2743 3035/1/2743 3106/1/2743
f 3106/1/2743 3035/1/2743 3034/1/2743
f 3106/1/2744 3034/1/2744 3107/1/2744
f 3107/1/2744 3034/1/2744 3033/1/2744
f 3107/1/2745 3033/1/2745 3108/1/2745
f 3108/1/2745 3033/1/2745 3030/1/2745
f 3108/1/2746 3030/1/2746 3109/1/2746
f 3109/1/2746 3030/1/2746 3040/1/2746
f 3109/1/2747 3040/1/2747 3110/1/2747
f 3110/1/2747 3040/1/2747 3039/1/2747
f 3110/1/2748 3039/1/2748 3111/1/2748
f 3111/1/2749 3039/1/2749 3038/1/2749
f 3111/1/2750 3038/1/2750 3112/1/2750
f 3112/1/2750 3038/1/2750 3037/1/2750
f 3112/1/2751 3037/1/2751 3113/1/2751
f 3113/1/2751 3037/1/2751 3036/1/2751
f 3113/1/2752 3036/1/2752 3114/1/2752
f 3114/1/2752 3036/1/2752 2793/1/2752
f 3114/1/2753 2793/1/2753 3115/1/2753
f 3115/1/2753 2793/1/2753 2792/1/2753
f 3115/1/2754 2792/1/2754 3116/1/2754
f 3116/1/2754 2792/1/2754 3043/1/2754
f 3116/1/2755 3043/1/2755 3117/1/2755
f 3117/1/2755 3043/1/2755 3042/1/2755
f 3117/1/2756 3042/1/2756 3092/1/2756
f 3092/1/2756 3042/1/2756 3041/1/2756
f 3092/1/2757 3041/1/2757 3093/1/2757
f 3093/1/2757 3041/1/2757 2997/1/2757
f 3093/1/2758 2997/1/2758 3094/1/2758
f 3094/1/2758 2997/1/2758 2996/1/2758
f 3094/1/2759 2996/1/2759 3095/1/2759
f 3095/1/2760 2996/1/2760 2993/1/2760
f 3095/1/2761 2993/1/2761 3096/1/2761
f 3096/1/2761 2993/1/2761 2995/1/2761
f 3096/1/2762 2995/1/2762 3097/1/2762
f 3097/1/2762 2995/1/2762 3029/1/2762
f 3097/1/2763 3029/1/2763 3098/1/2763
f 3098/1/2764 3029/1/2764 3028/1/2764
f 3098/1/2765 3028/1/2765 3099/1/2765
f 3099/1/2765 3028/1/2765 3027/1/2765
f 3099/1/2766 3027/1/2766 3100/1/2766
f 3100/1/2767 3027/1/2767 3026/1/2767
f 3100/1/2768 3026/1/2768 3101/1/2768
f 3101/1/2768 3026/1/2768 3025/1/2768
f 3101/1/2769 3025/1/2769 3102/1/2769
f 3102/1/2769 3025/1/2769 2941/1/2769
f 3102/1/2770 2941/1/2770 3103/1/2770
f 3103/1/2771 2941/1/2771 2940/1/2771
f 3103/1/2772 2940/1/2772 3104/1/2772
f 3104/1/2772 2940/1/2772 2939/1/2772
f 3104/1/2773 2939/1/2773 3105/1/2773
f 3105/1/2773 2939/1/2773 3035/1/2773
f 2870/1/64 2866/1/64 2761/1/64
f 2761/1/64 2866/1/64 2759/1/64
f 2718/1/2688 2999/1/2688 2719/1/2688
f 2719/1/2689 2999/1/2689 3011/1/2689
f 2719/1/2690 3011/1/2690 2720/1/2690
f 2720/1/2691 3011/1/2691 2721/1/2691
f 2721/1/2692 3011/1/2692 3010/1/2692
f 2721/1/2693 3010/1/2693 2722/1/2693
f 2722/1/2694 3010/1/2694 2723/1/2694
f 2723/1/2774 3010/1/2774 3008/1/2774
f 2723/1/2696 3008/1/2696 2724/1/2696
f 2724/1/2697 3008/1/2697 2725/1/2697
f 2725/1/2698 3008/1/2698 3007/1/2698
f 2725/1/2699 3007/1/2699 2726/1/2699
f 2726/1/2700 3007/1/2700 2727/1/2700
f 2727/1/2701 3007/1/2701 3004/1/2701
f 2727/1/2702 3004/1/2702 2730/1/2702
f 2730/1/2703 3004/1/2703 2729/1/2703
f 2729/1/2704 3004/1/2704 3003/1/2704
f 2729/1/76 3003/1/76 2728/1/76
f 2712/1/2671 2808/1/2671 2711/1/2671
f 2711/1/2671 2808/1/2671 2825/1/2671
f 2711/1/2775 2825/1/2775 2710/1/2775
f 2710/1/2775 2825/1/2775 2831/1/2775
f 2710/1/2776 2831/1/2776 2709/1/2776
f 2709/1/2776 2831/1/2776 2830/1/2776
f 2709/1/64 2830/1/64 2708/1/64
f 2708/1/64 2830/1/64 2829/1/64
f 2708/1/2777 2829/1/2777 2707/1/2777
f 2707/1/2777 2829/1/2777 2826/1/2777
f 2707/1/2697 2826/1/2697 2706/1/2697
f 2706/1/2697 2826/1/2697 2818/1/2697
f 2706/1/2687 2818/1/2687 2705/1/2687
f 2705/1/2687 2818/1/2687 2820/1/2687
f 2686/1/2667 2850/1/2667 2687/1/2667
f 2687/1/2778 2850/1/2778 2852/1/2778
f 2687/1/2779 2852/1/2779 2688/1/2779
f 2688/1/2780 2852/1/2780 2689/1/2780
f 2689/1/2781 2852/1/2781 2853/1/2781
f 2689/1/2782 2853/1/2782 2690/1/2782
f 2690/1/2783 2853/1/2783 2691/1/2783
f 2691/1/2784 2853/1/2784 2840/1/2784
f 2691/1/2775 2840/1/2775 2692/1/2775
f 2692/1/2785 2840/1/2785 2693/1/2785
f 2693/1/2786 2840/1/2786 2839/1/2786
f 2693/1/2787 2839/1/2787 2694/1/2787
f 2694/1/2788 2839/1/2788 2695/1/2788
f 2695/1/2692 2839/1/2692 2836/1/2692
f 2695/1/2789 2836/1/2789 2698/1/2789
f 2698/1/2790 2836/1/2790 2697/1/2790
f 2697/1/2791 2836/1/2791 2835/1/2791
f 2697/1/60 2835/1/60 2696/1/60
f 2664/1/2649 2880/1/2649 2665/1/2649
f 2665/1/2650 2880/1/2650 2878/1/2650
f 2665/1/2792 2878/1/2792 2666/1/2792
f 2666/1/2652 2878/1/2652 2667/1/2652
f 2667/1/2793 2878/1/2793 2877/1/2793
f 2667/1/2794 2877/1/2794 2668/1/2794
f 2668/1/2795 2877/1/2795 2669/1/2795
f 2669/1/2656 2877/1/2656 2861/1/2656
f 2669/1/2657 2861/1/2657 2670/1/2657
f 2670/1/2658 2861/1/2658 2671/1/2658
f 2671/1/2659 2861/1/2659 2865/1/2659
f 2671/1/2796 2865/1/2796 2672/1/2796
f 2672/1/2797 2865/1/2797 2673/1/2797
f 2673/1/2675 2865/1/2675 2872/1/2675
f 2673/1/2663 2872/1/2663 2676/1/2663
f 2676/1/2664 2872/1/2664 2675/1/2664
f 2675/1/2665 2872/1/2665 2871/1/2665
f 2675/1/2666 2871/1/2666 2674/1/2666
f 2652/1/2726 2904/1/2726 2651/1/2726
f 2651/1/2726 2904/1/2726 2906/1/2726
f 2651/1/2727 2906/1/2727 2650/1/2727
f 2650/1/2727 2906/1/2727 2907/1/2727
f 2650/1/2728 2907/1/2728 2649/1/2728
f 2649/1/2728 2907/1/2728 2891/1/2728
f 2649/1/2110 2891/1/2110 2648/1/2110
f 2648/1/2110 2891/1/2110 2899/1/2110
f 2648/1/2729 2899/1/2729 2647/1/2729
f 2647/1/2729 2899/1/2729 2898/1/2729
f 2647/1/2658 2898/1/2658 2646/1/2658
f 2646/1/2658 2898/1/2658 2897/1/2658
f 2646/1/84 2897/1/84 2645/1/84
f 2645/1/84 2897/1/84 2896/1/84
f 2623/1/2798 2934/1/2798 2932/1/2798
f 2623/1/2799 2932/1/2799 2624/1/2799
f 2624/1/2800 2932/1/2800 2931/1/2800
f 2624/1/2801 2931/1/2801 2625/1/2801
f 2625/1/2802 2931/1/2802 2626/1/2802
f 2626/1/2803 2931/1/2803 2921/1/2803
f 2626/1/2804 2921/1/2804 2627/1/2804
f 2627/1/2727 2921/1/2727 2628/1/2727
f 2628/1/2805 2921/1/2805 2920/1/2805
f 2628/1/2725 2920/1/2725 2629/1/2725
f 2629/1/2806 2920/1/2806 2633/1/2806
f 2633/1/2807 2920/1/2807 2936/1/2807
f 2633/1/2808 2936/1/2808 2632/1/2808
f 2632/1/2809 2936/1/2809 2930/1/2809
f 2632/1/2810 2930/1/2810 2631/1/2810
f 2631/1/2811 2930/1/2811 2929/1/2811
f 2631/1/2109 2929/1/2109 2630/1/2109
f 2604/1/2721 2952/1/2721 2605/1/2721
f 2605/1/2812 2952/1/2812 2951/1/2812
f 2605/1/2813 2951/1/2813 2606/1/2813
f 2606/1/2814 2951/1/2814 2607/1/2814
f 2607/1/2701 2951/1/2701 2950/1/2701
f 2607/1/2815 2950/1/2815 2608/1/2815
f 2608/1/2816 2950/1/2816 2609/1/2816
f 2609/1/2817 2950/1/2817 2948/1/2817
f 2609/1/2818 2948/1/2818 2610/1/2818
f 2610/1/2718 2948/1/2718 2611/1/2718
f 2611/1/2819 2948/1/2819 2947/1/2819
f 2611/1/2820 2947/1/2820 2612/1/2820
f 2612/1/2821 2947/1/2821 2613/1/2821
f 2613/1/2822 2947/1/2822 2943/1/2822
f 2613/1/2823 2943/1/2823 2616/1/2823
f 2616/1/2824 2943/1/2824 2615/1/2824
f 2615/1/2825 2943/1/2825 2942/1/2825
f 2615/1/80 2942/1/80 2614/1/80
f 2582/1/2705 2987/1/2705 2985/1/2705
f 2582/1/2706 2985/1/2706 2583/1/2706
f 2583/1/2707 2985/1/2707 2984/1/2707
f 2583/1/2708 2984/1/2708 2584/1/2708
f 2584/1/2826 2984/1/2826 2585/1/2826
f 2585/1/2827 2984/1/2827 2981/1/2827
f 2585/1/2828 2981/1/2828 2586/1/2828
f 2586/1/2722 2981/1/2722 2587/1/2722
f 2587/1/2829 2981/1/2829 2980/1/2829
f 2587/1/2830 2980/1/2830 2588/1/2830
f 2588/1/2831 2980/1/2831 2592/1/2831
f 2592/1/2832 2980/1/2832 2979/1/2832
f 2592/1/2833 2979/1/2833 2591/1/2833
f 2591/1/2718 2979/1/2718 2978/1/2718
f 2591/1/2834 2978/1/2834 2590/1/2834
f 2590/1/2720 2978/1/2720 2976/1/2720
f 2590/1/2099 2976/1/2099 2589/1/2099
f 2975/1/72 2977/1/72 3118/1/72
f 3118/1/72 2977/1/72 3085/1/72
f 3119/1/2835 2965/1/2835 2964/1/2835
f 2975/1/2836 3118/1/2836 3120/1/2836
f 2975/1/2836 3120/1/2836 2974/1/2836
f 2974/1/2837 3120/1/2837 3121/1/2837
f 2974/1/2837 3121/1/2837 2973/1/2837
f 2973/1/2838 3121/1/2838 3122/1/2838
f 2973/1/2839 3122/1/2839 2964/1/2839
f 2964/1/2840 3122/1/2840 3123/1/2840
f 2964/1/2835 3123/1/2835 3119/1/2835
f 2965/1/2841 3119/1/2841 3124/1/2841
f 2965/1/2841 3124/1/2841 2966/1/2841
f 2966/1/2842 3124/1/2842 3125/1/2842
f 2966/1/2842 3125/1/2842 2967/1/2842
f 2967/1/2843 3125/1/2843 3126/1/2843
f 2967/1/2844 3126/1/2844 2797/1/2844
f 3126/1/2845 3127/1/2845 2797/1/2845
f 2797/1/2846 3127/1/2846 3128/1/2846
f 2797/1/2846 3128/1/2846 2957/1/2846
f 2957/1/2847 3128/1/2847 3091/1/2847
f 2957/1/2847 3091/1/2847 2955/1/2847
f 3085/1/2556 3088/1/2556 3118/1/2556
f 3118/1/2556 3088/1/2556 3129/1/2556
f 3120/1/2848 3118/1/2848 3130/1/2848
f 3130/1/2849 3118/1/2849 3129/1/2849
f 3130/1/2850 3131/1/2850 3120/1/2850
f 3120/1/2851 3131/1/2851 3132/1/2851
f 3120/1/2852 3132/1/2852 3121/1/2852
f 3121/1/2853 3132/1/2853 3133/1/2853
f 3134/1/2854 3119/1/2854 3135/1/2854
f 3135/1/2855 3119/1/2855 3123/1/2855
f 3135/1/2856 3123/1/2856 3133/1/2856
f 3133/1/2857 3123/1/2857 3122/1/2857
f 3133/1/2858 3122/1/2858 3121/1/2858
f 3119/1/2859 3134/1/2859 3124/1/2859
f 3124/1/2860 3134/1/2860 3136/1/2860
f 3124/1/2861 3136/1/2861 3125/1/2861
f 3137/1/2862 3090/1/2862 3091/1/2862
f 3091/1/2863 3128/1/2863 3137/1/2863
f 3137/1/2864 3128/1/2864 3127/1/2864
f 3137/1/2865 3127/1/2865 3138/1/2865
f 3138/1/2866 3127/1/2866 3126/1/2866
f 3138/1/2867 3126/1/2867 3139/1/2867
f 3139/1/2868 3126/1/2868 3125/1/2868
f 3139/1/2869 3125/1/2869 3136/1/2869
f 3089/1/85 2540/1/85 2539/1/85
f 3089/1/85 2539/1/85 3088/1/85
f 3090/1/85 3129/1/85 3063/1/85
f 3063/1/85 3129/1/85 3088/1/85
f 3063/1/85 3088/1/85 3068/1/85
f 3068/1/85 3088/1/85 2539/1/85
f 3068/1/85 2539/1/85 2538/1/85
f 3090/1/85 3135/1/85 3133/1/85
f 3137/1/85 3138/1/85 3090/1/85
f 3090/1/85 3138/1/85 3139/1/85
f 3139/1/85 3136/1/85 3090/1/85
f 3090/1/85 3136/1/85 3134/1/85
f 3090/1/85 3134/1/85 3135/1/85
f 3130/1/85 3129/1/85 3131/1/85
f 3131/1/85 3129/1/85 3090/1/85
f 3131/1/85 3090/1/85 3132/1/85
f 3132/1/85 3090/1/85 3133/1/85
f 3070/1/2870 3069/1/2870 2989/1/2870
f 3023/1/2871 3071/1/2871 3072/1/2871
f 3023/1/2872 3072/1/2872 3009/1/2872
f 3009/1/2873 3072/1/2873 3073/1/2873
f 3009/1/2874 3073/1/2874 3006/1/2874
f 3073/1/2875 3074/1/2875 3006/1/2875
f 3006/1/2876 3074/1/2876 3075/1/2876
f 3006/1/2877 3075/1/2877 3005/1/2877
f 3075/1/2878 3076/1/2878 3005/1/2878
f 3005/1/2879 3076/1/2879 3077/1/2879
f 3005/1/2880 3077/1/2880 2994/1/2880
f 2994/1/2881 3077/1/2881 3078/1/2881
f 2994/1/2882 3078/1/2882 2969/1/2882
f 2969/1/2883 3078/1/2883 3079/1/2883
f 2969/1/2884 3079/1/2884 2986/1/2884
f 2986/1/2885 3079/1/2885 2983/1/2885
f 3079/1/2886 3080/1/2886 2983/1/2886
f 2983/1/2887 3080/1/2887 3081/1/2887
f 2983/1/2888 3081/1/2888 2982/1/2888
f 3081/1/2889 3082/1/2889 2982/1/2889
f 2982/1/2890 3082/1/2890 3083/1/2890
f 2982/1/2891 3083/1/2891 2989/1/2891
f 2989/1/2892 3083/1/2892 3084/1/2892
f 2989/1/2893 3084/1/2893 3070/1/2893
f 2962/1/2894 3045/1/2894 2949/1/2894
f 2949/1/2894 3045/1/2894 3047/1/2894
f 2949/1/2895 3047/1/2895 2944/1/2895
f 2944/1/2895 3047/1/2895 3049/1/2895
f 2944/1/2896 3049/1/2896 2800/1/2896
f 2800/1/2896 3049/1/2896 3051/1/2896
f 3053/1/2897 2925/1/2897 3051/1/2897
f 3051/1/2898 2925/1/2898 2798/1/2898
f 3051/1/2899 2798/1/2899 2800/1/2899
f 3059/1/2900 2937/1/2900 3057/1/2900
f 3057/1/2900 2937/1/2900 2919/1/2900
f 3057/1/2901 2919/1/2901 3055/1/2901
f 3055/1/2901 2919/1/2901 2927/1/2901
f 3055/1/2902 2927/1/2902 3053/1/2902
f 3053/1/2902 2927/1/2902 2933/1/2902
f 3053/1/2903 2933/1/2903 2925/1/2903
f 2905/1/2904 3140/1/2904 2889/1/2904
f 2889/1/2904 3140/1/2904 3141/1/2904
f 2889/1/2905 3141/1/2905 2890/1/2905
f 2890/1/2905 3141/1/2905 3142/1/2905
f 2890/1/2906 3142/1/2906 2803/1/2906
f 2803/1/2906 3142/1/2906 3143/1/2906
f 3144/1/2907 2879/1/2907 3145/1/2907
f 3145/1/2908 2879/1/2908 3032/1/2908
f 3145/1/2909 3032/1/2909 3143/1/2909
f 3143/1/2910 3032/1/2910 2801/1/2910
f 3143/1/2911 2801/1/2911 2803/1/2911
f 2766/1/2912 2862/1/2912 3146/1/2912
f 3146/1/2912 2862/1/2912 2860/1/2912
f 3146/1/2913 2860/1/2913 3144/1/2913
f 3144/1/2913 2860/1/2913 2859/1/2913
f 3144/1/2914 2859/1/2914 2879/1/2914
f 2821/1/2915 3044/1/2915 3147/1/2915
f 2821/1/2915 3147/1/2915 2822/1/2915
f 2822/1/2842 3147/1/2842 3148/1/2842
f 2822/1/2842 3148/1/2842 2810/1/2842
f 2810/1/2916 3148/1/2916 3149/1/2916
f 2810/1/2916 3149/1/2916 2811/1/2916
f 2811/1/2846 3149/1/2846 3150/1/2846
f 2811/1/2846 3150/1/2846 2813/1/2846
f 2813/1/2847 3150/1/2847 3151/1/2847
f 2813/1/2847 3151/1/2847 3019/1/2847
f 3152/1/2917 3012/1/2917 3014/1/2917
f 3019/1/2731 3151/1/2731 3153/1/2731
f 3019/1/2731 3153/1/2731 3018/1/2731
f 3018/1/2732 3153/1/2732 3154/1/2732
f 3018/1/2732 3154/1/2732 3015/1/2732
f 3015/1/2918 3154/1/2918 3155/1/2918
f 3015/1/2919 3155/1/2919 3014/1/2919
f 3014/1/2920 3155/1/2920 3156/1/2920
f 3014/1/2917 3156/1/2917 3152/1/2917
f 3012/1/48 3152/1/48 2998/1/48
f 2998/1/48 3152/1/48 3157/1/48
f 2998/1/48 3157/1/48 3024/1/48
f 2522/1/2921 2521/1/2921 3071/1/2921
f 3071/1/2922 3023/1/2922 3021/1/2922
f 3071/1/2923 3021/1/2923 2522/1/2923
f 2522/1/2924 3021/1/2924 3020/1/2924
f 2522/1/2925 3020/1/2925 3158/1/2925
f 3158/1/2926 3020/1/2926 3022/1/2926
f 3158/1/2927 3022/1/2927 3159/1/2927
f 3159/1/2928 3022/1/2928 3024/1/2928
f 3159/1/2929 3024/1/2929 3157/1/2929
f 3160/1/1 3161/1/1 3060/1/1
f 3066/1/1 2538/1/1 2544/1/1
f 2553/1/1 3160/1/1 2552/1/1
f 2552/1/1 3160/1/1 3060/1/1
f 2552/1/1 3060/1/1 2551/1/1
f 2551/1/1 3060/1/1 3058/1/1
f 2551/1/1 3058/1/1 2550/1/1
f 2550/1/1 3058/1/1 3056/1/1
f 2550/1/1 3056/1/1 2549/1/1
f 2549/1/1 3056/1/1 3054/1/1
f 2549/1/1 3054/1/1 2548/1/1
f 2548/1/1 3054/1/1 3052/1/1
f 2548/1/1 3052/1/1 2547/1/1
f 2547/1/1 3052/1/1 3050/1/1
f 2547/1/1 3050/1/1 2546/1/1
f 2546/1/1 3050/1/1 3048/1/1
f 2546/1/1 3048/1/1 2545/1/1
f 2545/1/1 3048/1/1 3046/1/1
f 2545/1/1 3046/1/1 2544/1/1
f 2544/1/1 3046/1/1 3064/1/1
f 2544/1/1 3064/1/1 3066/1/1
f 3162/1/2930 2918/1/2930 3163/1/2930
f 3163/1/2931 2918/1/2931 2917/1/2931
f 3163/1/2932 2917/1/2932 3164/1/2932
f 3164/1/2932 2917/1/2932 2916/1/2932
f 3164/1/2933 2916/1/2933 3165/1/2933
f 3165/1/2933 2916/1/2933 2938/1/2933
f 3165/1/2934 2938/1/2934 3059/1/2934
f 3059/1/2934 2938/1/2934 2937/1/2934
f 2928/1/48 2918/1/48 3166/1/48
f 3166/1/48 2918/1/48 3162/1/48
f 2928/1/2935 3166/1/2935 3167/1/2935
f 2928/1/2935 3167/1/2935 2913/1/2935
f 2913/1/2936 3167/1/2936 3168/1/2936
f 2913/1/2936 3168/1/2936 2914/1/2936
f 2914/1/2937 3168/1/2937 3169/1/2937
f 2914/1/2938 3169/1/2938 2922/1/2938
f 3169/1/2939 3170/1/2939 2922/1/2939
f 2922/1/2940 3170/1/2940 3171/1/2940
f 2922/1/2940 3171/1/2940 2912/1/2940
f 2912/1/2736 3171/1/2736 3172/1/2736
f 2912/1/2736 3172/1/2736 2911/1/2736
f 3173/1/2941 2909/1/2941 2908/1/2941
f 2911/1/2836 3172/1/2836 3174/1/2836
f 2911/1/2836 3174/1/2836 2887/1/2836
f 2887/1/2837 3174/1/2837 3175/1/2837
f 2887/1/2837 3175/1/2837 2888/1/2837
f 2888/1/2942 3175/1/2942 3176/1/2942
f 2888/1/2839 3176/1/2839 2908/1/2839
f 2908/1/2943 3176/1/2943 3177/1/2943
f 2908/1/2941 3177/1/2941 3173/1/2941
f 2910/1/56 2909/1/56 3178/1/56
f 3178/1/56 2909/1/56 3173/1/56
f 2910/1/2944 3178/1/2944 2900/1/2944
f 2900/1/2944 3178/1/2944 3179/1/2944
f 2900/1/2945 3179/1/2945 2901/1/2945
f 2901/1/2945 3179/1/2945 3180/1/2945
f 2901/1/2946 3180/1/2946 2903/1/2946
f 2903/1/2946 3180/1/2946 3181/1/2946
f 2903/1/2947 3181/1/2947 2905/1/2947
f 2905/1/2947 3181/1/2947 3140/1/2947
f 3140/1/2948 2747/1/2948 3141/1/2948
f 3141/1/2948 2747/1/2948 2746/1/2948
f 3141/1/2949 2746/1/2949 3142/1/2949
f 3142/1/2949 2746/1/2949 2745/1/2949
f 3142/1/2950 2745/1/2950 3143/1/2950
f 3143/1/2950 2745/1/2950 2744/1/2950
f 3143/1/2951 2744/1/2951 3145/1/2951
f 3145/1/2951 2744/1/2951 2743/1/2951
f 3145/1/2952 2743/1/2952 3144/1/2952
f 3144/1/2952 2743/1/2952 2742/1/2952
f 3144/1/2953 2742/1/2953 3146/1/2953
f 3146/1/2953 2742/1/2953 2741/1/2953
f 3146/1/2954 2741/1/2954 2766/1/2954
f 2766/1/2955 2741/1/2955 2739/1/2955
f 2755/1/2956 2754/1/2956 3044/1/2956
f 3044/1/2956 2754/1/2956 3182/1/2956
f 3044/1/2859 3182/1/2859 3147/1/2859
f 3147/1/2860 3182/1/2860 3183/1/2860
f 3147/1/2957 3183/1/2957 3148/1/2957
f 3184/1/2958 3185/1/2958 3151/1/2958
f 3183/1/2959 3186/1/2959 3148/1/2959
f 3148/1/2960 3186/1/2960 3187/1/2960
f 3148/1/2961 3187/1/2961 3149/1/2961
f 3149/1/2962 3187/1/2962 3184/1/2962
f 3149/1/2864 3184/1/2864 3150/1/2864
f 3150/1/2863 3184/1/2863 3151/1/2863
f 3153/1/2963 3151/1/2963 3188/1/2963
f 3188/1/2964 3151/1/2964 3185/1/2964
f 3188/1/2965 3189/1/2965 3153/1/2965
f 3153/1/2966 3189/1/2966 3190/1/2966
f 3153/1/2967 3190/1/2967 3154/1/2967
f 3154/1/2968 3190/1/2968 3191/1/2968
f 3154/1/2969 3191/1/2969 3155/1/2969
f 3155/1/2970 3191/1/2970 3156/1/2970
f 3156/1/2971 3191/1/2971 3192/1/2971
f 3156/1/2972 3192/1/2972 3152/1/2972
f 3152/1/1635 3192/1/1635 3157/1/1635
f 3157/1/1635 3192/1/1635 3193/1/1635
f 3159/1/2973 3157/1/2973 3193/1/2973
f 3193/1/2973 3194/1/2973 3159/1/2973
f 3159/1/2974 3194/1/2974 2523/1/2974
f 3159/1/2975 2523/1/2975 3158/1/2975
f 3158/1/2976 2523/1/2976 2522/1/2976
f 2851/1/2977 3195/1/2977 2841/1/2977
f 2841/1/2978 3195/1/2978 3196/1/2978
f 3196/1/2979 3197/1/2979 2841/1/2979
f 2841/1/2980 3197/1/2980 3198/1/2980
f 2841/1/2981 3198/1/2981 2838/1/2981
f 2838/1/2982 3198/1/2982 3199/1/2982
f 2838/1/2983 3199/1/2983 2837/1/2983
f 3199/1/2984 3200/1/2984 2837/1/2984
f 2837/1/2985 3200/1/2985 3201/1/2985
f 2837/1/2986 3201/1/2986 2833/1/2986
f 2833/1/2987 3201/1/2987 3202/1/2987
f 2833/1/2988 3202/1/2988 2832/1/2988
f 2832/1/2989 3202/1/2989 3203/1/2989
f 2832/1/2990 3203/1/2990 2823/1/2990
f 2823/1/2991 3203/1/2991 3204/1/2991
f 2823/1/2992 3204/1/2992 2824/1/2992
f 3204/1/2993 3205/1/2993 2824/1/2993
f 2824/1/2994 3205/1/2994 3206/1/2994
f 2824/1/2995 3206/1/2995 2827/1/2995
f 2827/1/2996 3206/1/2996 3207/1/2996
f 2827/1/2997 3207/1/2997 2828/1/2997
f 2828/1/2998 3207/1/2998 3208/1/2998
f 2828/1/2999 3208/1/2999 3209/1/2999
f 3210/1/3000 3162/1/3000 3211/1/3000
f 3211/1/3001 3162/1/3001 3163/1/3001
f 3211/1/3002 3163/1/3002 2553/1/3002
f 2553/1/3003 3163/1/3003 3164/1/3003
f 3059/1/3004 3060/1/3004 3165/1/3004
f 3165/1/3004 3060/1/3004 3161/1/3004
f 3165/1/3005 3161/1/3005 3164/1/3005
f 3164/1/3005 3161/1/3005 3160/1/3005
f 3164/1/3006 3160/1/3006 2553/1/3006
f 3162/1/1635 3210/1/1635 3166/1/1635
f 3166/1/1635 3210/1/1635 3212/1/1635
f 3166/1/2568 3212/1/2568 3167/1/2568
f 3167/1/3007 3212/1/3007 3213/1/3007
f 3167/1/3008 3213/1/3008 3168/1/3008
f 3168/1/3009 3213/1/3009 3214/1/3009
f 3168/1/3010 3214/1/3010 3169/1/3010
f 3169/1/3011 3214/1/3011 3215/1/3011
f 3169/1/3012 3215/1/3012 3170/1/3012
f 3170/1/3013 3215/1/3013 3216/1/3013
f 3170/1/3014 3216/1/3014 3171/1/3014
f 3216/1/3015 3217/1/3015 3171/1/3015
f 3171/1/3016 3217/1/3016 3218/1/3016
f 3171/1/3017 3218/1/3017 3172/1/3017
f 3219/1/3018 3174/1/3018 3218/1/3018
f 3218/1/3019 3174/1/3019 3172/1/3019
f 3220/1/3020 3221/1/3020 3173/1/3020
f 3219/1/3021 3222/1/3021 3174/1/3021
f 3174/1/3022 3222/1/3022 3223/1/3022
f 3174/1/2852 3223/1/2852 3175/1/2852
f 3175/1/3023 3223/1/3023 3224/1/3023
f 3175/1/3024 3224/1/3024 3176/1/3024
f 3176/1/3025 3224/1/3025 3220/1/3025
f 3176/1/3026 3220/1/3026 3177/1/3026
f 3177/1/2855 3220/1/2855 3173/1/2855
f 3173/1/2956 3221/1/2956 3178/1/2956
f 3178/1/2956 3221/1/2956 3225/1/2956
f 3179/1/3027 3178/1/3027 3225/1/3027
f 2747/1/3028 3140/1/3028 2748/1/3028
f 2748/1/3028 3140/1/3028 3181/1/3028
f 2748/1/3029 3181/1/3029 2740/1/3029
f 2740/1/3029 3181/1/3029 3180/1/3029
f 2740/1/3030 3180/1/3030 2488/1/3030
f 2488/1/3031 3180/1/3031 3179/1/3031
f 2488/1/3032 3179/1/3032 3226/1/3032
f 3226/1/3033 3179/1/3033 3225/1/3033
f 2504/1/85 2519/1/85 2756/1/85
f 2756/1/85 2519/1/85 3193/1/85
f 2756/1/85 3193/1/85 2754/1/85
f 2519/1/85 2518/1/85 3193/1/85
f 3193/1/85 2518/1/85 2520/1/85
f 3193/1/85 2520/1/85 3194/1/85
f 3194/1/85 2520/1/85 2523/1/85
f 2754/1/85 3193/1/85 3182/1/85
f 3182/1/85 3193/1/85 3192/1/85
f 3182/1/85 3192/1/85 3183/1/85
f 3190/1/85 3189/1/85 3186/1/85
f 3183/1/85 3192/1/85 3186/1/85
f 3186/1/85 3192/1/85 3191/1/85
f 3186/1/85 3191/1/85 3190/1/85
f 3184/1/85 3187/1/85 3185/1/85
f 3185/1/85 3187/1/85 3186/1/85
f 3185/1/85 3186/1/85 3188/1/85
f 3188/1/85 3186/1/85 3189/1/85
f 2755/1/3034 2807/1/3034 2805/1/3034
f 3209/1/3035 2506/1/3035 2505/1/3035
f 2755/1/3036 2805/1/3036 2757/1/3036
f 2757/1/3037 2805/1/3037 2804/1/3037
f 2757/1/3038 2804/1/3038 2758/1/3038
f 2758/1/3039 2804/1/3039 2806/1/3039
f 2758/1/3040 2806/1/3040 2505/1/3040
f 2505/1/3041 2806/1/3041 2828/1/3041
f 2505/1/3035 2828/1/3035 3209/1/3035
f 2506/1/1 3209/1/1 2517/1/1
f 2517/1/1 3209/1/1 3208/1/1
f 2517/1/1 3208/1/1 2516/1/1
f 2516/1/1 3208/1/1 3207/1/1
f 2516/1/1 3207/1/1 2515/1/1
f 2515/1/3042 3207/1/3042 3206/1/3042
f 2515/1/1 3206/1/1 2514/1/1
f 2514/1/476 3206/1/476 3205/1/476
f 2514/1/1 3205/1/1 2513/1/1
f 2513/1/1 3205/1/1 3204/1/1
f 2513/1/1 3204/1/1 2512/1/1
f 2512/1/1 3204/1/1 3203/1/1
f 2512/1/1 3203/1/1 2511/1/1
f 2511/1/476 3203/1/476 3202/1/476
f 2511/1/1 3202/1/1 2510/1/1
f 2510/1/1 3202/1/1 3201/1/1
f 2510/1/1 3201/1/1 2509/1/1
f 2509/1/3043 3201/1/3043 3200/1/3043
f 2509/1/1 3200/1/1 2508/1/1
f 2508/1/1 3200/1/1 3199/1/1
f 2508/1/2599 3199/1/2599 2507/1/2599
f 2507/1/1 3199/1/1 3198/1/1
f 2507/1/1 3198/1/1 2503/1/1
f 2503/1/1 3198/1/1 3197/1/1
f 2503/1/1 3197/1/1 2502/1/1
f 2502/1/1 3197/1/1 3196/1/1
f 2502/1/1 3196/1/1 2501/1/1
f 2501/1/2538 3196/1/2538 3195/1/2538
f 2501/1/2601 3195/1/2601 2500/1/2601
f 2499/1/3044 2500/1/3044 3195/1/3044
f 3195/1/3045 2851/1/3045 2848/1/3045
f 3195/1/3046 2848/1/3046 2499/1/3046
f 2499/1/3047 2848/1/3047 2847/1/3047
f 2499/1/3048 2847/1/3048 2753/1/3048
f 2753/1/3049 2847/1/3049 2846/1/3049
f 2753/1/3050 2846/1/3050 2749/1/3050
f 2749/1/3051 2846/1/3051 2790/1/3051
f 2749/1/3052 2790/1/3052 2750/1/3052
f 2763/1/85 2497/1/85 2496/1/85
f 2762/1/85 2760/1/85 2751/1/85
f 2751/1/85 2760/1/85 2763/1/85
f 2751/1/85 2763/1/85 2752/1/85
f 2752/1/85 2763/1/85 2496/1/85
f 2752/1/85 2496/1/85 2495/1/85
f 2768/1/85 2780/1/85 2751/1/85
f 2751/1/85 2780/1/85 2785/1/85
f 2782/1/85 2762/1/85 2789/1/85
f 2789/1/85 2762/1/85 2751/1/85
f 2789/1/85 2751/1/85 2788/1/85
f 2788/1/85 2751/1/85 2785/1/85
f 2771/1/85 2777/1/85 2772/1/85
f 2772/1/85 2777/1/85 2775/1/85
f 2772/1/85 2775/1/85 2768/1/85
f 2768/1/85 2775/1/85 2778/1/85
f 2768/1/85 2778/1/85 2780/1/85
f 3211/1/85 2553/1/85 2554/1/85
f 3210/1/85 3226/1/85 3225/1/85
f 3210/1/85 3225/1/85 3212/1/85
f 3211/1/85 2554/1/85 3210/1/85
f 2554/1/85 2486/1/85 3210/1/85
f 3210/1/85 2486/1/85 2487/1/85
f 3210/1/85 2487/1/85 3226/1/85
f 3226/1/85 2487/1/85 2488/1/85
f 3225/1/85 3221/1/85 3212/1/85
f 3212/1/85 3221/1/85 3220/1/85
f 3212/1/85 3220/1/85 3224/1/85
f 3216/1/85 3215/1/85 3217/1/85
f 3217/1/85 3215/1/85 3214/1/85
f 3214/1/85 3213/1/85 3217/1/85
f 3217/1/85 3213/1/85 3212/1/85
f 3217/1/85 3212/1/85 3218/1/85
f 3219/1/85 3218/1/85 3222/1/85
f 3222/1/85 3218/1/85 3212/1/85
f 3222/1/85 3212/1/85 3223/1/85
f 3223/1/85 3212/1/85 3224/1/85
f 3227/1/1 3228/1/1 3229/1/1
f 3230/1/1 3231/1/1 3227/1/1
f 3227/1/1 3231/1/1 3232/1/1
f 3233/1/1 3228/1/1 3234/1/1
f 3234/1/1 3228/1/1 3227/1/1
f 3234/1/1 3227/1/1 3235/1/1
f 3235/1/1 3227/1/1 3232/1/1
f 3236/1/1 3237/1/1 3238/1/1
f 3238/1/1 3237/1/1 3227/1/1
f 3238/1/1 3227/1/1 3239/1/1
f 3239/1/1 3227/1/1 3229/1/1
f 3240/1/2111 3230/1/2111 3241/1/2111
f 3241/1/2111 3230/1/2111 3227/1/2111
f 3241/1/2110 3227/1/2110 3242/1/2110
f 3242/1/2110 3227/1/2110 3237/1/2110
f 3242/1/2109 3237/1/2109 3243/1/2109
f 3243/1/2109 3237/1/2109 3236/1/2109
f 3243/1/2108 3236/1/2108 3244/1/2108
f 3244/1/2108 3236/1/2108 3238/1/2108
f 3244/1/2107 3238/1/2107 3245/1/2107
f 3245/1/2107 3238/1/2107 3239/1/2107
f 3245/1/2106 3239/1/2106 3246/1/2106
f 3246/1/2106 3239/1/2106 3229/1/2106
f 3246/1/2705 3229/1/2705 3228/1/2705
f 3246/1/3053 3228/1/3053 3247/1/3053
f 3247/1/3054 3228/1/3054 3233/1/3054
f 3247/1/2708 3233/1/2708 3248/1/2708
f 3248/1/2709 3233/1/2709 3249/1/2709
f 3249/1/3055 3233/1/3055 3234/1/3055
f 3249/1/2828 3234/1/2828 3250/1/2828
f 3250/1/2722 3234/1/2722 3251/1/2722
f 3251/1/3056 3234/1/3056 3235/1/3056
f 3251/1/2830 3235/1/2830 3252/1/2830
f 3252/1/2831 3235/1/2831 3253/1/2831
f 3253/1/3057 3235/1/3057 3232/1/3057
f 3253/1/2717 3232/1/2717 3254/1/2717
f 3254/1/2718 3232/1/2718 3231/1/2718
f 3254/1/3058 3231/1/3058 3255/1/3058
f 3255/1/3059 3231/1/3059 3230/1/3059
f 3255/1/2099 3230/1/2099 3240/1/2099
f 3246/1/3060 2378/1/3060 3245/1/3060
f 3245/1/3060 2378/1/3060 2377/1/3060
f 3245/1/3061 2377/1/3061 3244/1/3061
f 3244/1/3062 2377/1/3062 2376/1/3062
f 3244/1/3063 2376/1/3063 3243/1/3063
f 3243/1/3064 2376/1/3064 2375/1/3064
f 3243/1/3065 2375/1/3065 3242/1/3065
f 3242/1/3066 2375/1/3066 2385/1/3066
f 3242/1/3067 2385/1/3067 3241/1/3067
f 3241/1/3067 2385/1/3067 2384/1/3067
f 3241/1/3068 2384/1/3068 3240/1/3068
f 3240/1/3068 2384/1/3068 2382/1/3068
f 2378/1/3069 3246/1/3069 2374/1/3069
f 2374/1/3069 3246/1/3069 3247/1/3069
f 2374/1/3070 3247/1/3070 2373/1/3070
f 3247/1/3071 3248/1/3071 2373/1/3071
f 2373/1/3072 3248/1/3072 3249/1/3072
f 2373/1/3073 3249/1/3073 2372/1/3073
f 2372/1/3074 3249/1/3074 3250/1/3074
f 3250/1/3075 3251/1/3075 2372/1/3075
f 2372/1/3076 3251/1/3076 3252/1/3076
f 2372/1/3077 3252/1/3077 2379/1/3077
f 3240/1/3078 2382/1/3078 3255/1/3078
f 3255/1/3078 2382/1/3078 2380/1/3078
f 3255/1/3079 2380/1/3079 3254/1/3079
f 3254/1/3080 2380/1/3080 2379/1/3080
f 3254/1/3081 2379/1/3081 3253/1/3081
f 3253/1/3082 2379/1/3082 3252/1/3082
f 2179/1/85 2178/1/85 2177/1/85
f 2173/1/85 2172/1/85 2174/1/85
f 2174/1/85 2172/1/85 2171/1/85
f 2168/1/85 2179/1/85 2174/1/85
f 2174/1/85 2179/1/85 2177/1/85
f 2174/1/85 2177/1/85 2175/1/85
f 2175/1/85 2177/1/85 2176/1/85
f 2171/1/85 2170/1/85 2174/1/85
f 2174/1/85 2170/1/85 2169/1/85
f 2174/1/85 2169/1/85 2168/1/85
f 2163/1/85 2162/1/85 2161/1/85
f 2167/1/85 2166/1/85 2165/1/85
f 2161/1/85 2160/1/85 2167/1/85
f 2167/1/85 2160/1/85 2159/1/85
f 2161/1/85 2167/1/85 2163/1/85
f 2163/1/85 2167/1/85 2165/1/85
f 2163/1/85 2165/1/85 2164/1/85
f 2159/1/85 2158/1/85 2167/1/85
f 2167/1/85 2158/1/85 2157/1/85
f 2167/1/85 2157/1/85 2156/1/85
f 2555/1/3083 2148/1/3083 2147/1/3083
f 2149/1/3084 2148/1/3084 2555/1/3084
f 2150/1/3085 2149/1/3085 2555/1/3085
f 2555/1/3086 2145/1/3086 2144/1/3086
f 2146/1/3087 2145/1/3087 2555/1/3087
f 2147/1/3088 2146/1/3088 2555/1/3088
f 2143/1/85 2142/1/85 2141/1/85
f 2140/1/85 2139/1/85 2141/1/85
f 2141/1/85 2139/1/85 2138/1/85
f 2138/1/85 2137/1/85 2141/1/85
f 2141/1/85 2137/1/85 2136/1/85
f 2141/1/85 2136/1/85 2135/1/85
f 2132/1/85 2143/1/85 2133/1/85
f 2133/1/85 2143/1/85 2141/1/85
f 2133/1/85 2141/1/85 2134/1/85
f 2134/1/85 2141/1/85 2135/1/85
f 3256/1/3089 3257/1/3089 3258/1/3089
f 2233/584/3089 2232/585/3089 3258/586/3089
f 3258/586/3089 2232/585/3089 2231/587/3089
f 3258/586/3089 2231/587/3089 3256/588/3089
f 3259/1/3090 1893/1/3090 1830/1/3090
f 1893/1/3091 3259/1/3091 3260/1/3091
f 3260/1/3092 3259/1/3092 3261/1/3092
f 3260/1/3093 3261/1/3093 2253/1/3093
f 2253/1/3094 3261/1/3094 3262/1/3094
f 2253/589/3095 3262/590/3095 2251/591/3095
f 3257/1/3089 2251/1/3089 3258/1/3089
f 3258/1/3096 2251/1/3096 3262/1/3096
f 3258/1/3097 3262/1/3097 2233/1/3097
f 2233/592/3098 3262/593/3098 3261/594/3098
f 2233/592/3099 3261/594/3099 2234/595/3099
f 2234/1/3100 3261/1/3100 3259/1/3100
f 2234/1/3101 3259/1/3101 2235/1/3101
f 2235/1/3102 3259/1/3102 1830/1/3102
f 2251/1/3103 3257/1/3103 2249/1/3103
f 2249/1/3104 3257/1/3104 3256/1/3104
f 2249/596/3105 3256/597/3105 2247/598/3105
f 2247/599/3106 3256/600/3106 2231/601/3106
f 2247/1/3107 2231/1/3107 1905/1/3107
f 1923/1/3108 2340/1/3108 2352/1/3108
f 1905/1/3109 1904/1/3109 2247/1/3109
f 2247/1/3110 1904/1/3110 1903/1/3110
f 2247/602/3111 1903/603/3111 2245/604/3111
f 1903/605/3112 1901/606/3112 2245/607/3112
f 2245/1/3113 1901/1/3113 1899/1/3113
f 2245/608/3114 1899/532/3114 2386/609/3114
f 1899/532/3115 1897/530/3115 2386/609/3115
f 2386/1/3116 1897/1/3116 1895/1/3116
f 2386/609/3117 1895/528/3117 2241/610/3117
f 1895/528/3118 1885/516/3118 2241/610/3118
f 2241/610/3119 1885/516/3119 1887/518/3119
f 2241/610/3120 1887/518/3120 2239/611/3120
f 1887/1/3121 1875/1/3121 2239/1/3121
f 2239/1/3122 1875/1/3122 1878/1/3122
f 2239/611/3123 1878/509/3123 2434/612/3123
f 1878/507/3124 1860/506/3124 2434/613/3124
f 2434/1/3125 1860/1/3125 1862/1/3125
f 2434/1/3126 1862/1/3126 2381/1/3126
f 1862/1/3127 1864/1/3127 2381/1/3127
f 2381/1/3128 1864/1/3128 1866/1/3128
f 2381/1/3129 1866/1/3129 2370/1/3129
f 1866/1/3130 1868/1/3130 2370/1/3130
f 2370/1/3131 1868/1/3131 1870/1/3131
f 2370/1/3132 1870/1/3132 2371/1/3132
f 1870/1/3133 1848/1/3133 2371/1/3133
f 2371/1/3134 1848/1/3134 1850/1/3134
f 2371/1/3135 1850/1/3135 2368/1/3135
f 1850/1/3136 1852/1/3136 2368/1/3136
f 2368/1/3137 1852/1/3137 1855/1/3137
f 2368/1/3138 1855/1/3138 2369/1/3138
f 2369/1/3139 1855/1/3139 1829/1/3139
f 1829/1/3140 1842/1/3140 2369/1/3140
f 2369/1/3141 1842/1/3141 1841/1/3141
f 2369/1/3142 1841/1/3142 2428/1/3142
f 1841/1/3143 1906/1/3143 2428/1/3143
f 2428/1/3144 1906/1/3144 1908/1/3144
f 2428/1/3145 1908/1/3145 2359/1/3145
f 1908/1/3146 1910/1/3146 2359/1/3146
f 2359/1/3147 1910/1/3147 1912/1/3147
f 2359/1/3148 1912/1/3148 2357/1/3148
f 1912/1/3149 1914/1/3149 2357/1/3149
f 2357/1/3150 1914/1/3150 1916/1/3150
f 2357/1/3150 1916/1/3150 2349/1/3150
f 2349/1/3151 1916/1/3151 1917/1/3151
f 2349/1/3152 1917/1/3152 2350/1/3152
f 1917/1/3153 1920/1/3153 2350/1/3153
f 2350/1/3154 1920/1/3154 1921/1/3154
f 2350/1/3155 1921/1/3155 2352/1/3155
f 2352/1/3156 1921/1/3156 1925/1/3156
f 2352/1/3108 1925/1/3108 1923/1/3108
f 2453/1/3157 2450/1/3157 1944/1/3157
f 1944/1/3158 2450/1/3158 1923/1/3158
f 1944/1/3159 1923/1/3159 1922/1/3159
f 2453/1/3160 1944/1/3160 2454/1/3160
f 2454/1/2099 1944/1/2099 1943/1/2099
f 2454/1/3161 1943/1/3161 2455/1/3161
f 2455/1/3162 1943/1/3162 2456/1/3162
f 2456/1/3163 1943/1/3163 1942/1/3163
f 2456/1/3164 1942/1/3164 2457/1/3164
f 2457/1/3165 1942/1/3165 2458/1/3165
f 2458/1/3166 1942/1/3166 1941/1/3166
f 2458/1/3167 1941/1/3167 2459/1/3167
f 2459/1/3168 1941/1/3168 2460/1/3168
f 2460/1/2100 1941/1/2100 1940/1/2100
f 2460/1/3169 1940/1/3169 2461/1/3169
f 2461/1/3170 1940/1/3170 2462/1/3170
f 2462/1/3171 1940/1/3171 1939/1/3171
f 2462/1/3172 1939/1/3172 2463/1/3172
f 2463/1/3173 1939/1/3173 2464/1/3173
f 2464/1/3174 1939/1/3174 1938/1/3174
f 2464/1/3175 1938/1/3175 2465/1/3175
f 2465/1/3176 1938/1/3176 1937/1/3176
f 2465/1/3177 1937/1/3177 2466/1/3177
f 2466/1/3178 1937/1/3178 2467/1/3178
f 2467/1/3179 1937/1/3179 1936/1/3179
f 2467/1/3180 1936/1/3180 2468/1/3180
f 2468/1/3181 1936/1/3181 2469/1/3181
f 2469/1/3182 1936/1/3182 1935/1/3182
f 2469/1/3183 1935/1/3183 2470/1/3183
f 2470/614/3184 1935/615/3184 2471/616/3184
f 2471/617/3185 1935/618/3185 1934/619/3185
f 2471/616/3186 1934/620/3186 2472/621/3186
f 2472/621/3187 1934/620/3187 2473/622/3187
f 2473/623/3188 1934/619/3188 1933/624/3188
f 2473/622/3189 1933/625/3189 2474/566/3189
f 2474/566/3190 1933/625/3190 2475/567/3190
f 2475/626/3191 1933/624/3191 1932/627/3191
f 2475/567/3192 1932/628/3192 2476/629/3192
f 2476/629/3193 1932/628/3193 2477/630/3193
f 2477/631/3194 1932/632/3194 1931/633/3194
f 2477/634/3195 1931/635/3195 2478/636/3195
f 2478/636/3196 1931/635/3196 2479/637/3196
f 2479/637/3197 1931/635/3197 1930/638/3197
f 2479/637/3198 1930/638/3198 2480/639/3198
f 2480/639/3199 1930/638/3199 2481/640/3199
f 2481/640/3200 1930/638/3200 1929/641/3200
f 2481/640/3201 1929/641/3201 2482/642/3201
f 2482/642/3202 1929/641/3202 2483/643/3202
f 2483/644/3203 1929/645/3203 1928/646/3203
f 2483/644/3204 1928/646/3204 2452/647/3204
f 2452/648/3205 1928/649/3205 2451/650/3205
f 2451/650/3206 1928/649/3206 1890/521/3206
f 2451/650/3207 1890/521/3207 1889/520/3207
f 2449/1/3208 2451/1/3208 1889/1/3208
f 3260/1/3209 2253/1/3209 2254/1/3209
f 2283/1/3208 2449/1/3208 2263/1/3208
f 2263/1/3208 2449/1/3208 1889/1/3208
f 2263/1/3210 1889/1/3210 2254/1/3210
f 2254/1/3211 1889/1/3211 1888/1/3211
f 2254/1/3212 1888/1/3212 3260/1/3212
f 3260/651/3213 1888/652/3213 1892/653/3213
f 3260/654/3214 1892/523/3214 1893/524/3214
f 3263/1/1 1790/1/1 3264/1/1
f 3264/1/1 1790/1/1 1792/1/1
f 3264/1/1 1792/1/1 3265/1/1
f 3265/1/1 1792/1/1 1787/1/1
f 3265/1/1 1787/1/1 3266/1/1
f 3266/1/1 1787/1/1 1782/1/1
f 3266/1/1 1782/1/1 3267/1/1
f 3267/1/1 1782/1/1 1780/1/1
f 3267/1/1 1780/1/1 3268/1/1
f 3268/1/1 1780/1/1 1777/1/1
f 3268/1/1 1777/1/1 3269/1/1
f 3269/1/1 1777/1/1 1774/1/1
f 3269/1/1 1774/1/1 3270/1/1
f 3270/1/1 1774/1/1 1772/1/1
f 3270/1/1 1772/1/1 3271/1/1
f 3271/1/1 1772/1/1 1812/1/1
f 3271/1/1 1812/1/1 3272/1/1
f 3272/1/1 1812/1/1 1797/1/1
f 3272/1/1 1797/1/1 3273/1/1
f 3273/1/1 1797/1/1 1806/1/1
f 3273/1/1 1806/1/1 3274/1/1
f 3274/1/1 1806/1/1 1804/1/1
f 3274/1/1 1804/1/1 3275/1/1
f 3275/1/1 1804/1/1 1801/1/1
f 3275/1/1 1801/1/1 3276/1/1
f 3276/1/1 1801/1/1 1799/1/1
f 3276/1/1 1799/1/1 3263/1/1
f 3263/1/1 1799/1/1 1790/1/1
f 2224/1/3215 2223/1/3215 3267/1/3215
f 2208/1/3216 3263/1/3216 2211/1/3216
f 2211/1/3217 3263/1/3217 3264/1/3217
f 2211/1/3218 3264/1/3218 3265/1/3218
f 2230/1/3219 2209/1/3219 3265/1/3219
f 3265/1/3220 2209/1/3220 2210/1/3220
f 3265/1/3221 2210/1/3221 2211/1/3221
f 3267/1/3222 2223/1/3222 3266/1/3222
f 3266/1/3223 2223/1/3223 2225/1/3223
f 3266/1/3224 2225/1/3224 2226/1/3224
f 2226/1/3225 2227/1/3225 3266/1/3225
f 3266/1/3226 2227/1/3226 2228/1/3226
f 3266/1/3227 2228/1/3227 3265/1/3227
f 3265/1/3228 2228/1/3228 2229/1/3228
f 3265/1/3229 2229/1/3229 2230/1/3229
f 2224/1/3230 3267/1/3230 3277/1/3230
f 3277/1/57 3267/1/57 3268/1/57
f 3277/1/3231 3268/1/3231 3278/1/3231
f 3278/1/3232 3268/1/3232 3269/1/3232
f 3278/1/3233 3269/1/3233 3279/1/3233
f 3279/1/3234 3269/1/3234 3270/1/3234
f 3279/1/3235 3270/1/3235 3280/1/3235
f 3280/1/3236 3270/1/3236 3281/1/3236
f 3281/1/3237 3270/1/3237 3271/1/3237
f 3281/1/3238 3271/1/3238 3282/1/3238
f 3282/1/3239 3271/1/3239 3272/1/3239
f 3273/1/3240 3283/1/3240 3272/1/3240
f 3272/1/3241 3283/1/3241 3284/1/3241
f 3272/1/3242 3284/1/3242 3282/1/3242
f 3274/1/3243 2200/1/3243 2199/1/3243
f 2199/1/3244 2204/1/3244 3274/1/3244
f 3274/1/3245 2204/1/3245 3285/1/3245
f 3274/1/3246 3285/1/3246 3273/1/3246
f 3273/1/3247 3285/1/3247 3286/1/3247
f 3273/1/3248 3286/1/3248 3283/1/3248
f 2200/1/3249 3274/1/3249 2201/1/3249
f 2201/1/3250 3274/1/3250 3275/1/3250
f 2201/1/3251 3275/1/3251 2196/1/3251
f 2196/1/2640 3275/1/2640 2206/1/2640
f 2206/1/3252 3275/1/3252 3276/1/3252
f 2206/1/3253 3276/1/3253 2207/1/3253
f 2207/1/3254 3276/1/3254 3263/1/3254
f 2207/1/3255 3263/1/3255 2208/1/3255
f 1979/1/3256 1980/1/3256 2058/1/3256
f 2058/1/3257 1980/1/3257 3287/1/3257
f 2058/1/3258 3287/1/3258 2057/1/3258
f 2057/1/3258 3287/1/3258 3288/1/3258
f 2057/1/3259 3288/1/3259 2054/1/3259
f 2054/1/3259 3288/1/3259 2220/1/3259
f 3289/1/3260 2043/1/3260 3290/1/3260
f 3290/1/3261 2043/1/3261 2047/1/3261
f 3290/1/3262 2047/1/3262 3291/1/3262
f 3291/1/3262 2047/1/3262 2048/1/3262
f 3291/1/3263 2048/1/3263 2218/1/3263
f 2218/1/3264 2048/1/3264 2049/1/3264
f 3292/1/3265 3293/1/3265 2042/1/3265
f 2046/1/3266 2043/1/3266 3289/1/3266
f 3289/1/3267 3294/1/3267 2046/1/3267
f 2046/1/3268 3294/1/3268 3295/1/3268
f 2046/1/3269 3295/1/3269 2045/1/3269
f 2045/1/3270 3295/1/3270 3292/1/3270
f 2045/1/3271 3292/1/3271 2044/1/3271
f 2044/1/3272 3292/1/3272 2042/1/3272
f 2212/1/3273 2037/1/3273 3296/1/3273
f 3296/1/3273 2037/1/3273 2040/1/3273
f 3296/1/3274 2040/1/3274 3297/1/3274
f 3297/1/3274 2040/1/3274 2041/1/3274
f 3297/1/3275 2041/1/3275 3293/1/3275
f 3293/1/3276 2041/1/3276 2042/1/3276
f 3298/1/3277 3299/1/3277 3283/1/3277
f 3285/1/3278 2204/1/3278 2203/1/3278
f 3283/1/3279 3286/1/3279 3298/1/3279
f 3298/1/3280 3286/1/3280 3285/1/3280
f 3298/1/3281 3285/1/3281 3300/1/3281
f 3300/1/3282 3285/1/3282 2203/1/3282
f 3301/1/3283 3302/1/3283 2025/1/3283
f 3279/1/3284 3280/1/3284 2029/1/3284
f 3279/1/3285 2029/1/3285 3278/1/3285
f 2026/1/3286 2224/1/3286 2029/1/3286
f 2029/1/3287 2224/1/3287 3277/1/3287
f 2029/1/3288 3277/1/3288 3278/1/3288
f 3283/1/3289 3299/1/3289 3284/1/3289
f 3284/1/3290 3299/1/3290 3303/1/3290
f 3284/1/3291 3303/1/3291 3282/1/3291
f 3282/1/3292 3303/1/3292 3281/1/3292
f 2025/1/3293 2027/1/3293 3301/1/3293
f 3301/1/3294 2027/1/3294 2028/1/3294
f 3301/1/3295 2028/1/3295 3304/1/3295
f 3304/1/3296 2028/1/3296 2029/1/3296
f 3304/1/3297 2029/1/3297 3303/1/3297
f 3303/1/3298 2029/1/3298 3280/1/3298
f 3303/1/3299 3280/1/3299 3281/1/3299
f 2192/1/3300 2020/1/3300 3305/1/3300
f 3305/1/3300 2020/1/3300 2023/1/3300
f 3305/1/3301 2023/1/3301 3306/1/3301
f 3306/1/3301 2023/1/3301 2024/1/3301
f 3306/1/3302 2024/1/3302 3302/1/3302
f 3302/1/3303 2024/1/3303 2025/1/3303
f 2188/1/3304 2016/1/3304 2195/1/3304
f 2195/1/3304 2016/1/3304 2019/1/3304
f 2015/1/3305 2191/1/3305 2014/1/3305
f 2014/1/3305 2191/1/3305 3307/1/3305
f 2014/1/3306 3307/1/3306 2013/1/3306
f 2013/1/3306 3307/1/3306 3308/1/3306
f 2013/1/3307 3308/1/3307 2008/1/3307
f 2008/1/3308 3308/1/3308 3309/1/3308
f 1955/1/3309 1954/1/3309 2011/1/3309
f 2011/1/3310 1954/1/3310 2007/1/3310
f 2009/1/3311 2008/1/3311 3309/1/3311
f 1954/1/3312 1961/1/3312 2007/1/3312
f 2007/1/3313 1961/1/3313 1963/1/3313
f 2007/1/3314 1963/1/3314 3310/1/3314
f 3310/1/3315 1963/1/3315 1964/1/3315
f 3310/1/3316 1964/1/3316 3311/1/3316
f 3311/1/3317 1964/1/3317 1969/1/3317
f 3311/1/3318 1969/1/3318 1968/1/3318
f 1968/1/3319 1972/1/3319 3311/1/3319
f 3311/1/3320 1972/1/3320 1971/1/3320
f 3311/1/3321 1971/1/3321 3312/1/3321
f 3312/1/3322 1971/1/3322 1975/1/3322
f 3312/1/3323 1975/1/3323 1974/1/3323
f 1974/1/3324 1973/1/3324 3312/1/3324
f 3312/1/3325 1973/1/3325 1978/1/3325
f 3312/1/3326 1978/1/3326 1946/1/3326
f 1945/1/3327 1950/1/3327 2010/1/3327
f 2010/1/3328 1950/1/3328 1951/1/3328
f 2010/1/3329 1951/1/3329 2012/1/3329
f 1951/1/3330 1953/1/3330 2012/1/3330
f 2012/1/3331 1953/1/3331 1958/1/3331
f 2012/1/3332 1958/1/3332 2011/1/3332
f 2011/1/3333 1958/1/3333 1957/1/3333
f 2011/1/3334 1957/1/3334 1955/1/3334
f 3309/1/3335 3313/1/3335 2009/1/3335
f 2009/1/3336 3313/1/3336 3312/1/3336
f 2009/1/3337 3312/1/3337 2010/1/3337
f 2010/1/3338 3312/1/3338 1946/1/3338
f 2010/1/3339 1946/1/3339 1945/1/3339
f 2184/1/3340 2002/1/3340 3314/1/3340
f 3314/1/3340 2002/1/3340 2005/1/3340
f 3314/1/3341 2005/1/3341 3315/1/3341
f 3315/1/3341 2005/1/3341 2006/1/3341
f 3315/1/3342 2006/1/3342 3310/1/3342
f 3310/1/3343 2006/1/3343 2007/1/3343
f 2180/1/3344 1998/1/3344 2187/1/3344
f 2187/1/3344 1998/1/3344 2001/1/3344
f 1997/1/3345 2183/1/3345 1996/1/3345
f 1996/1/3346 2183/1/3346 3316/1/3346
f 1996/1/3347 3316/1/3347 1995/1/3347
f 1995/1/3347 3316/1/3347 3317/1/3347
f 1995/1/3348 3317/1/3348 1994/1/3348
f 1994/1/3349 3317/1/3349 3318/1/3349
f 2190/1/48 2189/1/48 3312/1/48
f 2182/1/48 2181/1/48 3319/1/48
f 2190/1/48 3312/1/48 2191/1/48
f 2182/1/48 3319/1/48 2183/1/48
f 2188/1/48 2195/1/48 2202/1/48
f 3319/1/48 3320/1/48 3321/1/48
f 3321/1/48 3320/1/48 2066/1/48
f 3321/1/48 2066/1/48 2065/1/48
f 3314/1/3350 3315/1/3350 2184/1/3350
f 2184/1/128 3315/1/128 3310/1/128
f 2184/1/1631 3310/1/1631 2185/1/1631
f 2185/1/1631 3310/1/1631 3319/1/1631
f 2185/1/48 3319/1/48 2186/1/48
f 2195/1/48 2194/1/48 2202/1/48
f 2202/1/48 2194/1/48 2193/1/48
f 2202/1/48 2193/1/48 2203/1/48
f 2203/1/48 2193/1/48 2192/1/48
f 2189/1/48 2188/1/48 3312/1/48
f 3312/1/48 2188/1/48 2202/1/48
f 3312/1/48 2202/1/48 3311/1/48
f 3311/1/48 2202/1/48 2198/1/48
f 3311/1/48 2198/1/48 3310/1/48
f 3310/1/48 2198/1/48 2197/1/48
f 3321/1/48 3322/1/48 3319/1/48
f 3319/1/48 3322/1/48 3323/1/48
f 3319/1/48 3323/1/48 3318/1/48
f 2181/1/48 2180/1/48 3319/1/48
f 3319/1/48 2180/1/48 2187/1/48
f 3319/1/48 2187/1/48 2186/1/48
f 3308/1/48 3307/1/48 3309/1/48
f 3309/1/48 3307/1/48 2191/1/48
f 3309/1/48 2191/1/48 3313/1/48
f 3313/1/48 2191/1/48 3312/1/48
f 2218/1/48 2217/1/48 2212/1/48
f 2212/1/48 2217/1/48 2213/1/48
f 2213/1/48 2217/1/48 2214/1/48
f 2214/1/48 2217/1/48 2216/1/48
f 2214/1/48 2216/1/48 2215/1/48
f 2215/1/48 2219/1/48 2214/1/48
f 2214/1/48 2219/1/48 2222/1/48
f 2214/1/48 2222/1/48 2205/1/48
f 2220/1/48 3288/1/48 3287/1/48
f 1984/1/48 1988/1/48 1985/1/48
f 1985/1/48 1988/1/48 1983/1/48
f 1985/1/48 1983/1/48 1980/1/48
f 3318/1/48 3317/1/48 3319/1/48
f 3319/1/48 3317/1/48 3316/1/48
f 3319/1/48 3316/1/48 2183/1/48
f 3298/1/48 3300/1/48 3299/1/48
f 3299/1/48 3300/1/48 2203/1/48
f 3299/1/48 2203/1/48 3303/1/48
f 3303/1/48 2203/1/48 2192/1/48
f 3303/1/48 2192/1/48 3304/1/48
f 3304/1/48 2192/1/48 3301/1/48
f 3287/1/48 1980/1/48 2220/1/48
f 2220/1/48 1980/1/48 1983/1/48
f 2220/1/48 1983/1/48 2221/1/48
f 2221/1/48 1983/1/48 3319/1/48
f 2221/1/48 3319/1/48 2222/1/48
f 2222/1/48 3319/1/48 3310/1/48
f 2222/1/48 3310/1/48 2205/1/48
f 2205/1/48 3310/1/48 2197/1/48
f 3305/1/48 3306/1/48 2192/1/48
f 2192/1/48 3306/1/48 3302/1/48
f 2192/1/48 3302/1/48 3301/1/48
f 3290/1/3351 3291/1/3351 3289/1/3351
f 3289/1/48 3291/1/48 2218/1/48
f 3289/1/48 2218/1/48 3294/1/48
f 3294/1/48 2218/1/48 2212/1/48
f 3294/1/48 2212/1/48 3295/1/48
f 3295/1/48 2212/1/48 3292/1/48
f 3296/1/48 3297/1/48 2212/1/48
f 2212/1/48 3297/1/48 3293/1/48
f 2212/1/48 3293/1/48 3292/1/48
f 1994/1/3352 3318/1/3352 1989/1/3352
f 1989/1/3352 3318/1/3352 3323/1/3352
f 3319/1/3353 1983/1/3353 1982/1/3353
f 1982/1/3354 2062/1/3354 3319/1/3354
f 3319/1/3355 2062/1/3355 2061/1/3355
f 3319/1/3356 2061/1/3356 3320/1/3356
f 3320/1/3357 2061/1/3357 2066/1/3357
f 2066/1/3358 2061/1/3358 2060/1/3358
f 2066/1/3359 2060/1/3359 2063/1/3359
f 2063/1/3360 2060/1/3360 2064/1/3360
f 2064/1/3361 2060/1/3361 2059/1/3361
f 2064/1/3362 2059/1/3362 2069/1/3362
f 2069/1/3363 2059/1/3363 2070/1/3363
f 2070/1/3364 2059/1/3364 1711/1/3364
f 2070/1/3365 1711/1/3365 1713/1/3365
f 1993/1/3366 2071/1/3366 1651/1/3366
f 1651/1/3367 2071/1/3367 1738/1/3367
f 3321/1/3368 2065/1/3368 1992/1/3368
f 1992/1/3369 2065/1/3369 2067/1/3369
f 1992/1/3370 2067/1/3370 1993/1/3370
f 1993/1/3371 2067/1/3371 2068/1/3371
f 1993/1/3372 2068/1/3372 2071/1/3372
f 1992/1/3373 1991/1/3373 3321/1/3373
f 3321/1/3374 1991/1/3374 1990/1/3374
f 3321/1/3375 1990/1/3375 3322/1/3375
f 3322/1/3376 1990/1/3376 1989/1/3376
f 3322/1/3377 1989/1/3377 3323/1/3377
f 1962/1/72 3324/1/72 1965/1/72
f 1965/1/72 3324/1/72 3325/1/72
f 1965/1/72 3325/1/72 1966/1/72
f 1966/1/72 3325/1/72 3326/1/72
f 1966/1/72 3326/1/72 1967/1/72
f 1967/1/72 3326/1/72 3327/1/72
f 1967/1/72 3327/1/72 1970/1/72
f 1970/1/72 3327/1/72 3328/1/72
f 1970/1/72 3328/1/72 1976/1/72
f 1976/1/72 3328/1/72 3329/1/72
f 1976/1/72 3329/1/72 1977/1/72
f 1977/1/72 3329/1/72 3330/1/72
f 1977/1/72 3330/1/72 1947/1/72
f 1947/1/72 3330/1/72 3331/1/72
f 1947/1/72 3331/1/72 1948/1/72
f 1948/1/72 3331/1/72 3332/1/72
f 1948/1/72 3332/1/72 1949/1/72
f 1949/1/72 3332/1/72 3333/1/72
f 1949/1/72 3333/1/72 1952/1/72
f 1952/1/72 3333/1/72 3334/1/72
f 1952/1/72 3334/1/72 1956/1/72
f 1956/1/72 3334/1/72 3335/1/72
f 1956/1/72 3335/1/72 1959/1/72
f 1959/1/72 3335/1/72 3336/1/72
f 1959/1/72 3336/1/72 1960/1/72
f 1960/1/72 3336/1/72 3337/1/72
f 1960/1/72 3337/1/72 1962/1/72
f 1962/1/72 3337/1/72 3324/1/72
f 3338/1/3378 3331/1/3378 3330/1/3378
f 3339/1/3379 3340/1/3379 3329/1/3379
f 3329/1/3380 3340/1/3380 3341/1/3380
f 3329/1/3381 3341/1/3381 3330/1/3381
f 3330/1/3382 3341/1/3382 3342/1/3382
f 3330/1/3383 3342/1/3383 3338/1/3383
f 3339/1/3384 3329/1/3384 3343/1/3384
f 3343/1/3385 3329/1/3385 3328/1/3385
f 3343/1/3386 3328/1/3386 3344/1/3386
f 3344/1/3387 3328/1/3387 3345/1/3387
f 3345/1/3388 3328/1/3388 3327/1/3388
f 3345/1/3389 3327/1/3389 3346/1/3389
f 3346/1/3390 3327/1/3390 3347/1/3390
f 3347/1/3391 3327/1/3391 3326/1/3391
f 3347/1/3392 3326/1/3392 3348/1/3392
f 3325/1/3393 3324/1/3393 3349/1/3393
f 3349/1/3394 3350/1/3394 3325/1/3394
f 3325/1/3395 3350/1/3395 3351/1/3395
f 3325/1/3396 3351/1/3396 3326/1/3396
f 3326/1/3397 3351/1/3397 3352/1/3397
f 3326/1/3398 3352/1/3398 3348/1/3398
f 3349/1/3399 3324/1/3399 3353/1/3399
f 3353/1/3400 3324/1/3400 3337/1/3400
f 3353/1/3401 3337/1/3401 3354/1/3401
f 3354/1/3402 3337/1/3402 3336/1/3402
f 3354/1/3403 3336/1/3403 3355/1/3403
f 3335/1/3404 3356/1/3404 3336/1/3404
f 3336/1/3405 3356/1/3405 3357/1/3405
f 3336/1/3406 3357/1/3406 3355/1/3406
f 3334/1/3407 3358/1/3407 3335/1/3407
f 3335/1/3408 3358/1/3408 3359/1/3408
f 3335/1/3409 3359/1/3409 3356/1/3409
f 3360/1/3410 3361/1/3410 3333/1/3410
f 3333/1/3411 3361/1/3411 3362/1/3411
f 3333/1/3412 3362/1/3412 3334/1/3412
f 3334/1/3413 3362/1/3413 3363/1/3413
f 3334/1/3414 3363/1/3414 3358/1/3414
f 3332/1/3415 3331/1/3415 3338/1/3415
f 3338/1/3416 3364/1/3416 3332/1/3416
f 3332/1/3417 3364/1/3417 3365/1/3417
f 3332/1/3418 3365/1/3418 3333/1/3418
f 3333/1/3419 3365/1/3419 3366/1/3419
f 3333/1/3420 3366/1/3420 3360/1/3420
f 1497/1/3421 1499/1/3421 1555/1/3421
f 3367/1/3422 1507/1/3422 3368/1/3422
f 3368/1/3423 1507/1/3423 1506/1/3423
f 1555/1/3424 3369/1/3424 1497/1/3424
f 1497/1/3425 3369/1/3425 3370/1/3425
f 1497/1/3426 3370/1/3426 1526/1/3426
f 1526/1/3427 3370/1/3427 3371/1/3427
f 1526/1/3428 3371/1/3428 1506/1/3428
f 1506/1/3429 3371/1/3429 3372/1/3429
f 1506/1/3430 3372/1/3430 3368/1/3430
f 3373/1/85 1476/1/85 3367/1/85
f 3367/1/85 1476/1/85 1507/1/85
f 1477/655/3431 1476/656/3431 3373/657/3431
f 3373/1/3432 3374/1/3432 1477/1/3432
f 1477/1/3433 3374/1/3433 3375/1/3433
f 1477/1/3434 3375/1/3434 1513/1/3434
f 1513/1/3435 3375/1/3435 3376/1/3435
f 1513/1/3436 3376/1/3436 1514/1/3436
f 1514/1/3437 3376/1/3437 3377/1/3437
f 3378/1/3438 3379/1/3438 1520/1/3438
f 1520/658/3439 1518/659/3439 3378/660/3439
f 3378/1/3440 1518/1/3440 1516/1/3440
f 3378/1/3441 1516/1/3441 3380/1/3441
f 3380/1/3442 1516/1/3442 3381/1/3442
f 3381/1/3443 1516/1/3443 1514/1/3443
f 3381/1/3444 1514/1/3444 3377/1/3444
f 1502/1/3445 1512/1/3445 3382/1/3445
f 3382/1/3446 3383/1/3446 1502/1/3446
f 1502/1/3447 3383/1/3447 3384/1/3447
f 1502/1/3448 3384/1/3448 1503/1/3448
f 1503/1/3449 3384/1/3449 3385/1/3449
f 1503/1/3450 3385/1/3450 1505/1/3450
f 1505/1/3451 3385/1/3451 1770/1/3451
f 3382/1/3452 1512/1/3452 1511/1/3452
f 3382/1/3453 1511/1/3453 3386/1/3453
f 3386/1/3454 1511/1/3454 1509/1/3454
f 3386/1/3455 1509/1/3455 3387/1/3455
f 1486/1/3456 1536/1/3456 1509/1/3456
f 1509/1/3457 1536/1/3457 3388/1/3457
f 1509/1/3458 3388/1/3458 3387/1/3458
f 1890/542/3459 572/541/3459 1717/661/3459
f 1728/662/3460 1831/663/3460 1717/661/3460
f 1717/661/3461 1831/663/3461 1891/664/3461
f 1717/661/3459 1891/664/3459 1890/542/3459
f 1727/665/3462 1835/666/3462 1728/667/3462
f 1728/668/3463 1835/669/3463 1833/670/3463
f 1728/668/3464 1833/670/3464 1831/671/3464
f 1725/672/3465 1900/673/3465 1727/674/3465
f 1727/1/3466 1900/1/3466 1902/1/3466
f 1727/675/3467 1902/676/3467 1835/669/3467
f 1709/677/3468 1896/678/3468 1725/679/3468
f 1725/680/3469 1896/681/3469 1898/682/3469
f 1725/680/3470 1898/682/3470 1900/683/3470
f 1710/684/3471 1881/685/3471 1709/686/3471
f 1709/1/3472 1881/1/3472 1894/1/3472
f 1709/687/3473 1894/688/3473 1896/681/3473
f 3389/1/3474 3390/1/3474 3391/1/3474
f 3391/1/3475 3390/1/3475 3392/1/3475
f 3391/1/3475 3392/1/3475 1714/1/3475
f 3392/1/3476 3393/1/3476 1714/1/3476
f 1714/1/3477 3393/1/3477 1826/1/3477
f 1714/1/3478 1826/1/3478 1710/1/3478
f 1710/689/3479 1826/479/3479 1825/478/3479
f 1710/689/3480 1825/478/3480 1881/512/3480
f 3389/690/3481 3394/691/3481 3395/692/3481
f 3396/1/3482 3397/1/3482 1847/1/3482
f 3398/1/3483 3399/1/3483 3397/1/3483
f 3400/1/3484 3401/1/3484 3399/1/3484
f 3389/693/3485 3395/694/3485 3390/695/3485
f 3390/696/3486 3395/692/3486 3402/697/3486
f 3390/1/3487 3402/1/3487 3392/1/3487
f 3392/698/3488 3402/699/3488 3403/700/3488
f 3392/1/3489 3403/1/3489 3393/1/3489
f 3393/1/3490 3403/1/3490 1824/1/3490
f 3393/701/3491 1824/477/3491 1826/479/3491
f 3404/1/3492 3401/1/3492 3405/1/3492
f 3405/1/3493 3401/1/3493 3400/1/3493
f 3405/1/3494 3400/1/3494 3406/1/3494
f 3406/1/3495 3400/1/3495 3407/1/3495
f 3406/1/3496 3407/1/3496 3408/1/3496
f 3408/1/3497 3407/1/3497 3409/1/3497
f 3410/1/3498 3411/1/3498 3409/1/3498
f 3409/1/3499 3411/1/3499 3412/1/3499
f 3409/1/3500 3412/1/3500 3408/1/3500
f 3413/1/3501 3414/1/3501 3415/1/3501
f 3415/1/3502 3414/1/3502 3416/1/3502
f 3415/1/3503 3416/1/3503 3410/1/3503
f 3410/1/3504 3416/1/3504 3417/1/3504
f 3410/1/3505 3417/1/3505 3411/1/3505
f 3418/1/3506 3419/1/3506 3420/1/3506
f 3420/1/3507 3419/1/3507 3421/1/3507
f 3420/1/3508 3421/1/3508 3413/1/3508
f 3413/1/3509 3421/1/3509 3422/1/3509
f 3413/1/3510 3422/1/3510 3414/1/3510
f 3423/1/3511 3424/1/3511 3425/1/3511
f 3425/1/3512 3424/1/3512 3426/1/3512
f 3425/1/3513 3426/1/3513 3427/1/3513
f 3427/1/3514 3426/1/3514 3428/1/3514
f 3427/1/3515 3428/1/3515 3418/1/3515
f 3418/1/3516 3428/1/3516 3429/1/3516
f 3418/1/3517 3429/1/3517 3419/1/3517
f 1847/1/3518 1846/1/3518 3396/1/3518
f 3396/1/3519 1846/1/3519 1844/1/3519
f 3396/1/3520 1844/1/3520 3430/1/3520
f 3430/1/3521 1844/1/3521 1843/1/3521
f 3430/1/3522 1843/1/3522 3431/1/3522
f 3431/1/3523 1843/1/3523 1837/1/3523
f 3431/1/3524 1837/1/3524 3432/1/3524
f 3432/1/3525 1837/1/3525 1836/1/3525
f 3432/1/3526 1836/1/3526 3433/1/3526
f 3433/1/3527 1836/1/3527 1840/1/3527
f 3433/1/3528 1840/1/3528 3434/1/3528
f 3434/1/3529 1840/1/3529 1839/1/3529
f 3434/1/3530 1839/1/3530 3435/1/3530
f 3435/1/3531 1839/1/3531 1828/1/3531
f 3435/1/3532 1828/1/3532 3436/1/3532
f 3436/1/3533 1828/1/3533 1827/1/3533
f 3436/1/3534 1827/1/3534 3437/1/3534
f 3437/1/3535 1827/1/3535 1857/1/3535
f 3437/1/3536 1857/1/3536 3438/1/3536
f 3438/1/3537 1857/1/3537 1856/1/3537
f 3438/1/3538 1856/1/3538 3439/1/3538
f 3439/1/3539 1856/1/3539 1854/1/3539
f 3439/1/3540 1854/1/3540 3440/1/3540
f 3440/1/3541 1854/1/3541 1853/1/3541
f 3440/1/3542 1853/1/3542 1851/1/3542
f 3423/1/3543 3425/1/3543 3441/1/3543
f 3441/1/3544 3425/1/3544 3442/1/3544
f 3441/1/3545 3442/1/3545 3443/1/3545
f 3443/1/3546 3442/1/3546 3444/1/3546
f 3443/1/3547 3444/1/3547 3445/1/3547
f 3445/1/3548 3444/1/3548 3446/1/3548
f 3445/1/3549 3446/1/3549 3447/1/3549
f 1849/1/3550 3448/1/3550 1851/1/3550
f 1851/1/3551 3448/1/3551 3449/1/3551
f 1851/1/3552 3449/1/3552 3440/1/3552
f 3447/1/3553 3446/1/3553 3450/1/3553
f 3450/1/3554 3446/1/3554 3451/1/3554
f 3450/1/3555 3451/1/3555 3452/1/3555
f 3452/1/3556 3451/1/3556 3453/1/3556
f 3452/1/3557 3453/1/3557 3454/1/3557
f 3455/1/3558 3456/1/3558 3457/1/3558
f 3457/1/3559 3456/1/3559 3458/1/3559
f 3457/1/3560 3458/1/3560 3459/1/3560
f 3459/1/3561 3458/1/3561 3460/1/3561
f 3459/1/3562 3460/1/3562 3453/1/3562
f 3453/1/3563 3460/1/3563 3461/1/3563
f 3453/1/3564 3461/1/3564 3454/1/3564
f 1849/1/3565 1872/1/3565 3448/1/3565
f 3448/1/3566 1872/1/3566 1871/1/3566
f 3448/1/3567 1871/1/3567 3462/1/3567
f 3462/1/3568 1871/1/3568 1869/1/3568
f 3462/1/3569 1869/1/3569 3463/1/3569
f 3463/1/3570 1869/1/3570 1867/1/3570
f 3463/1/3571 1867/1/3571 3464/1/3571
f 3464/1/3572 1867/1/3572 1865/1/3572
f 3464/1/3573 1865/1/3573 3465/1/3573
f 3465/1/3574 1865/1/3574 1863/1/3574
f 3465/1/3575 1863/1/3575 3466/1/3575
f 3467/1/3576 3468/1/3576 3469/1/3576
f 3469/1/3577 3468/1/3577 3470/1/3577
f 3469/702/3578 3470/703/3578 3471/704/3578
f 3471/704/3579 3470/703/3579 3472/705/3579
f 3471/1/3580 3472/1/3580 3455/1/3580
f 3455/1/3581 3472/1/3581 3473/1/3581
f 3455/1/3582 3473/1/3582 3456/1/3582
f 1863/1/3583 1861/1/3583 3466/1/3583
f 3466/1/3584 1861/1/3584 1859/1/3584
f 3466/706/3585 1859/707/3585 3474/708/3585
f 3474/1/3586 1859/1/3586 1858/1/3586
f 3474/1/3587 1858/1/3587 3475/1/3587
f 3467/1/3588 3469/1/3588 3476/1/3588
f 3476/1/3589 3469/1/3589 3477/1/3589
f 3476/700/3590 3477/709/3590 3478/710/3590
f 3478/710/3591 3477/709/3591 3479/711/3591
f 3478/1/3592 3479/1/3592 3480/1/3592
f 3480/1/3593 3479/1/3593 3481/1/3593
f 3480/712/3594 3481/713/3594 3482/714/3594
f 3482/714/3595 3481/713/3595 3483/715/3595
f 3483/715/3596 3481/713/3596 3484/716/3596
f 3483/1/3597 3484/1/3597 3485/1/3597
f 3485/717/3598 3484/718/3598 3486/719/3598
f 3485/1/3599 3486/1/3599 3487/1/3599
f 3487/720/3600 3486/721/3600 3488/722/3600
f 3488/1/3601 3486/1/3601 3489/1/3601
f 3488/1/3602 3489/1/3602 3490/1/3602
f 3490/723/3603 3489/724/3603 3491/725/3603
f 3490/723/3604 3491/725/3604 3492/726/3604
f 1858/1/3605 1877/1/3605 3475/1/3605
f 3475/727/3606 1877/505/3606 1876/504/3606
f 3475/1/3607 1876/1/3607 3493/1/3607
f 3493/1/3608 1876/1/3608 1874/1/3608
f 3493/728/3609 1874/500/3609 3494/729/3609
f 3494/729/3610 1874/500/3610 1873/499/3610
f 3494/1/3611 1873/1/3611 3495/1/3611
f 3495/1/3612 1873/1/3612 1886/1/3612
f 3495/1/3613 1886/1/3613 3496/1/3613
f 3496/730/3614 1886/517/3614 1884/515/3614
f 3496/1/3615 1884/1/3615 3497/1/3615
f 3497/731/3616 1884/515/3616 1883/514/3616
f 3497/731/3617 1883/514/3617 3498/732/3617
f 3498/1/3618 1883/1/3618 1880/1/3618
f 3498/1/3619 1880/1/3619 3499/1/3619
f 3499/1/3620 1880/1/3620 1879/1/3620
f 3499/733/3621 1879/510/3621 3500/734/3621
f 3500/734/3622 1879/510/3622 1882/513/3622
f 3500/1/3623 1882/1/3623 3501/1/3623
f 3397/1/3624 3396/1/3624 3398/1/3624
f 3398/1/3625 3396/1/3625 3430/1/3625
f 3398/1/3626 3430/1/3626 3502/1/3626
f 3502/1/3627 3430/1/3627 3431/1/3627
f 3502/1/3628 3431/1/3628 3503/1/3628
f 3503/1/3629 3431/1/3629 3432/1/3629
f 3503/1/3630 3432/1/3630 3504/1/3630
f 3504/1/3631 3432/1/3631 3433/1/3631
f 3504/1/3632 3433/1/3632 3505/1/3632
f 3505/1/3633 3433/1/3633 3434/1/3633
f 3505/1/3634 3434/1/3634 3506/1/3634
f 3506/1/3635 3434/1/3635 3435/1/3635
f 3506/1/3636 3435/1/3636 3507/1/3636
f 3507/1/3637 3435/1/3637 3436/1/3637
f 3507/1/3638 3436/1/3638 3508/1/3638
f 3508/1/3639 3436/1/3639 3437/1/3639
f 3508/1/3640 3437/1/3640 3509/1/3640
f 3509/1/3641 3437/1/3641 3438/1/3641
f 3509/1/3642 3438/1/3642 3510/1/3642
f 3510/1/3643 3438/1/3643 3439/1/3643
f 3510/1/3644 3439/1/3644 3511/1/3644
f 3511/1/3645 3439/1/3645 3440/1/3645
f 3511/1/3646 3440/1/3646 3512/1/3646
f 3512/1/3647 3440/1/3647 3449/1/3647
f 3512/1/3648 3449/1/3648 3513/1/3648
f 3513/1/3649 3449/1/3649 3448/1/3649
f 3513/1/3650 3448/1/3650 3514/1/3650
f 3514/1/3651 3448/1/3651 3462/1/3651
f 3514/1/3652 3462/1/3652 3515/1/3652
f 3515/1/3653 3462/1/3653 3463/1/3653
f 3515/1/3654 3463/1/3654 3516/1/3654
f 3516/1/3655 3463/1/3655 3464/1/3655
f 3516/1/3656 3464/1/3656 3517/1/3656
f 3517/1/3657 3464/1/3657 3465/1/3657
f 3517/1/3658 3465/1/3658 3518/1/3658
f 3518/735/3659 3465/736/3659 3466/737/3659
f 3518/1/3660 3466/1/3660 3519/1/3660
f 3519/738/3661 3466/706/3661 3474/708/3661
f 3519/1/3662 3474/1/3662 3520/1/3662
f 3520/1/3663 3474/1/3663 3475/1/3663
f 3520/739/3664 3475/740/3664 3521/741/3664
f 3521/741/3665 3475/740/3665 3493/742/3665
f 3521/1/3666 3493/1/3666 3522/1/3666
f 3522/1/3667 3493/1/3667 3494/1/3667
f 3522/1/3668 3494/1/3668 3523/1/3668
f 3523/1/3669 3494/1/3669 3495/1/3669
f 3523/743/3670 3495/744/3670 3524/745/3670
f 3524/745/3671 3495/744/3671 3496/746/3671
f 3524/1/3672 3496/1/3672 3525/1/3672
f 3525/747/3673 3496/748/3673 3497/749/3673
f 3525/1/3674 3497/1/3674 3526/1/3674
f 3526/1/3675 3497/1/3675 3498/1/3675
f 3526/750/3676 3498/732/3676 3527/751/3676
f 3527/751/3677 3498/732/3677 3499/752/3677
f 3527/751/3678 3499/752/3678 3528/753/3678
f 3528/754/3679 3499/733/3679 3500/734/3679
f 3528/754/3680 3500/734/3680 3529/755/3680
f 3529/1/3681 3500/1/3681 3501/1/3681
f 3529/756/3682 3501/757/3682 3530/758/3682
f 3399/1/3683 3398/1/3683 3400/1/3683
f 3400/1/3684 3398/1/3684 3502/1/3684
f 3400/1/3685 3502/1/3685 3407/1/3685
f 3407/1/3686 3502/1/3686 3503/1/3686
f 3407/1/3687 3503/1/3687 3409/1/3687
f 3409/1/3688 3503/1/3688 3504/1/3688
f 3409/1/3689 3504/1/3689 3410/1/3689
f 3410/1/3690 3504/1/3690 3505/1/3690
f 3410/1/3691 3505/1/3691 3415/1/3691
f 3415/1/3692 3505/1/3692 3506/1/3692
f 3415/1/3693 3506/1/3693 3413/1/3693
f 3413/1/3694 3506/1/3694 3507/1/3694
f 3413/1/3695 3507/1/3695 3420/1/3695
f 3420/1/3696 3507/1/3696 3508/1/3696
f 3420/1/3697 3508/1/3697 3418/1/3697
f 3418/1/3698 3508/1/3698 3509/1/3698
f 3418/1/3699 3509/1/3699 3427/1/3699
f 3427/1/3700 3509/1/3700 3510/1/3700
f 3427/1/3701 3510/1/3701 3425/1/3701
f 3425/1/3702 3510/1/3702 3511/1/3702
f 3425/1/3703 3511/1/3703 3442/1/3703
f 3442/1/3704 3511/1/3704 3512/1/3704
f 3442/1/3705 3512/1/3705 3444/1/3705
f 3444/1/3706 3512/1/3706 3513/1/3706
f 3444/1/3707 3513/1/3707 3446/1/3707
f 3446/1/3708 3513/1/3708 3514/1/3708
f 3446/1/3709 3514/1/3709 3451/1/3709
f 3451/1/3710 3514/1/3710 3515/1/3710
f 3451/1/3711 3515/1/3711 3453/1/3711
f 3453/1/3712 3515/1/3712 3516/1/3712
f 3453/1/3713 3516/1/3713 3459/1/3713
f 3459/1/3714 3516/1/3714 3517/1/3714
f 3459/1/3715 3517/1/3715 3457/1/3715
f 3457/1/3716 3517/1/3716 3518/1/3716
f 3457/759/3717 3518/760/3717 3455/761/3717
f 3455/1/3718 3518/1/3718 3519/1/3718
f 3455/1/3719 3519/1/3719 3471/1/3719
f 3471/1/3720 3519/1/3720 3520/1/3720
f 3471/1/3721 3520/1/3721 3469/1/3721
f 3469/762/3722 3520/739/3722 3521/741/3722
f 3469/1/3723 3521/1/3723 3477/1/3723
f 3477/763/3724 3521/764/3724 3522/765/3724
f 3477/1/3725 3522/1/3725 3479/1/3725
f 3479/766/3726 3522/767/3726 3523/768/3726
f 3479/766/3727 3523/768/3727 3481/769/3727
f 3481/1/3728 3523/1/3728 3524/1/3728
f 3481/1/3729 3524/1/3729 3484/1/3729
f 3484/718/3730 3524/770/3730 3525/771/3730
f 3484/718/3731 3525/771/3731 3486/719/3731
f 3486/719/3732 3525/771/3732 3526/772/3732
f 3486/719/3733 3526/772/3733 3489/773/3733
f 3489/1/3734 3526/1/3734 3527/1/3734
f 3489/1/3735 3527/1/3735 3491/1/3735
f 3491/774/3736 3527/775/3736 3528/776/3736
f 3491/1/3737 3528/1/3737 3531/1/3737
f 3531/1/3738 3528/1/3738 3529/1/3738
f 3531/1/3739 3529/1/3739 3532/1/3739
f 3532/1/3740 3529/1/3740 3530/1/3740
f 3532/777/3741 3530/778/3741 3533/779/3741
f 3534/780/3742 3535/781/3742 3533/782/3742
f 3533/1/3743 3535/1/3743 3536/1/3743
f 3533/779/3744 3536/783/3744 3532/777/3744
f 3532/1/3745 3536/1/3745 3537/1/3745
f 3532/1/3746 3537/1/3746 3531/1/3746
f 3531/1/3747 3537/1/3747 3538/1/3747
f 3531/1/3748 3538/1/3748 3491/1/3748
f 3491/1/3749 3538/1/3749 3539/1/3749
f 3491/1/3750 3539/1/3750 3492/1/3750
f 1882/1/3751 1824/1/3751 3501/1/3751
f 3501/1/3752 1824/1/3752 3403/1/3752
f 3501/757/3753 3403/784/3753 3530/758/3753
f 3530/1/3754 3403/1/3754 3402/1/3754
f 3530/785/3755 3402/697/3755 3533/782/3755
f 3533/782/3756 3402/697/3756 3395/692/3756
f 3533/1/3757 3395/1/3757 3534/1/3757
f 3534/1/3758 3395/1/3758 3394/1/3758
f 3401/1/3759 3404/1/3759 3540/1/3759
f 1847/1/3760 3397/1/3760 1737/1/3760
f 1737/1/3761 3397/1/3761 3540/1/3761
f 3540/1/3762 3397/1/3762 3399/1/3762
f 3540/1/3763 3399/1/3763 3401/1/3763
f 1847/1/3764 1737/1/3764 1845/1/3764
f 1845/1/3765 1737/1/3765 1746/1/3765
f 1845/1/3766 1746/1/3766 1838/1/3766
f 1838/1/3767 1746/1/3767 1749/1/3767
f 1838/1/3768 1749/1/3768 1907/1/3768
f 1907/1/3769 1749/1/3769 1909/1/3769
f 1909/1/3770 1749/1/3770 1752/1/3770
f 1909/1/3771 1752/1/3771 1911/1/3771
f 1911/1/3772 1752/1/3772 1913/1/3772
f 1913/1/3773 1752/1/3773 1754/1/3773
f 1913/1/3774 1754/1/3774 1915/1/3774
f 1915/1/3775 1754/1/3775 1918/1/3775
f 1918/1/3776 1754/1/3776 1756/1/3776
f 1918/1/3777 1756/1/3777 1919/1/3777
f 1919/1/3778 1756/1/3778 1927/1/3778
f 1927/1/3779 1756/1/3779 1758/1/3779
f 1927/1/3780 1758/1/3780 1926/1/3780
f 1926/1/3781 1758/1/3781 1924/1/3781
f 1924/1/3782 1758/1/3782 596/1/3782
f 1924/1/3783 596/1/3783 1922/1/3783
f 3541/1/3784 1525/1/3784 3542/1/3784
f 3542/1/3785 1525/1/3785 1524/1/3785
f 3542/1/3786 1524/1/3786 3543/1/3786
f 3543/786/3787 1524/787/3787 1522/788/3787
f 3543/1/3788 1522/1/3788 3544/1/3788
f 1520/1/3789 3379/1/3789 1522/1/3789
f 1522/1/3790 3379/1/3790 3545/1/3790
f 1522/789/3791 3545/790/3791 3544/791/3791
f 3487/720/3792 3488/722/3792 1557/792/3792
f 3537/793/3793 1537/794/3793 1538/795/3793
f 3546/1/3794 3547/1/3794 3548/1/3794
f 1538/795/3795 1539/796/3795 3537/793/3795
f 3537/793/3796 1539/796/3796 3549/797/3796
f 3537/793/3797 3549/797/3797 3546/798/3797
f 3546/1/3798 3549/1/3798 3550/1/3798
f 3546/1/3799 3550/1/3799 3547/1/3799
f 3548/1/3800 3551/1/3800 3546/1/3800
f 3546/1/3801 3551/1/3801 3552/1/3801
f 3546/799/3802 3552/800/3802 3537/801/3802
f 3537/801/3803 3552/800/3803 3553/802/3803
f 3537/801/3804 3553/802/3804 3554/803/3804
f 3554/803/3805 3555/804/3805 3537/801/3805
f 3537/801/3806 3555/804/3806 3556/805/3806
f 3537/801/3807 3556/805/3807 3538/806/3807
f 3556/1/3808 3557/1/3808 3538/1/3808
f 3538/1/3809 3557/1/3809 3558/1/3809
f 3538/807/3810 3558/808/3810 3539/809/3810
f 3558/808/3811 3559/810/3811 3539/809/3811
f 3539/809/3812 3559/810/3812 3560/811/3812
f 3539/809/3813 3560/811/3813 3561/812/3813
f 3561/812/3814 3562/813/3814 3539/809/3814
f 3539/1/3815 3562/1/3815 3563/1/3815
f 3539/814/3816 3563/815/3816 3564/816/3816
f 3565/1/3817 3566/1/3817 3542/1/3817
f 3542/1/3818 3566/1/3818 3567/1/3818
f 3542/817/3819 3567/818/3819 3541/819/3819
f 3541/1/3820 3567/1/3820 3568/1/3820
f 3541/1/3821 3568/1/3821 3569/1/3821
f 3536/783/3822 1536/820/3822 3537/821/3822
f 3537/1/3823 1536/1/3823 1535/1/3823
f 3537/793/3824 1535/822/3824 1537/794/3824
f 3536/783/3825 3535/823/3825 1536/820/3825
f 1536/820/3826 3535/823/3826 1561/824/3826
f 1536/820/3827 1561/824/3827 3388/825/3827
f 3388/825/3828 1561/824/3828 1559/826/3828
f 3382/827/3829 3386/828/3829 1559/826/3829
f 1559/826/3830 3386/828/3830 3387/829/3830
f 1559/826/3831 3387/829/3831 3388/825/3831
f 1559/1/3832 1558/1/3832 1770/1/3832
f 1770/1/3833 1558/1/3833 1765/1/3833
f 1770/1/3834 1765/1/3834 1769/1/3834
f 1769/1/3835 1768/1/3835 1770/1/3835
f 1770/1/3836 1768/1/3836 1767/1/3836
f 1770/1/3837 1767/1/3837 1764/1/3837
f 1764/1/3838 1767/1/3838 1766/1/3838
f 3383/1/3839 3382/1/3839 3384/1/3839
f 3384/830/3840 3382/827/3840 1559/826/3840
f 3384/1/3841 1559/1/3841 3385/1/3841
f 3385/1/3842 1559/1/3842 1770/1/3842
f 3535/781/3843 3534/780/3843 1561/831/3843
f 1561/831/3844 3534/780/3844 3394/691/3844
f 1561/831/3845 3394/691/3845 1584/832/3845
f 3391/833/3846 1714/834/3846 1712/835/3846
f 3394/836/3847 3389/693/3847 1584/837/3847
f 1584/837/3848 3389/693/3848 3391/838/3848
f 1584/1/3849 3391/1/3849 1763/1/3849
f 1763/839/3850 3391/833/3850 1712/835/3850
f 3564/1/3851 3565/1/3851 3539/1/3851
f 3539/840/3852 3565/841/3852 3542/842/3852
f 3539/1/3853 3542/1/3853 3492/1/3853
f 3492/726/3854 3542/843/3854 3490/723/3854
f 3490/723/3855 3542/843/3855 3543/844/3855
f 3490/723/3856 3543/844/3856 3488/722/3856
f 3379/845/3857 1557/792/3857 3545/846/3857
f 3545/846/3858 1557/792/3858 3488/722/3858
f 3545/846/3859 3488/722/3859 3544/847/3859
f 3544/847/3860 3488/722/3860 3543/844/3860
f 3381/848/3861 1554/849/3861 3380/850/3861
f 3380/850/3862 1554/849/3862 1557/792/3862
f 3380/850/3863 1557/792/3863 3378/851/3863
f 3378/851/3864 1557/792/3864 3379/845/3864
f 1620/852/3865 3478/853/3865 1564/854/3865
f 1564/854/3866 3478/853/3866 3480/712/3866
f 3480/712/3867 3482/714/3867 1564/854/3867
f 1564/854/3868 3482/714/3868 3483/715/3868
f 1564/854/3869 3483/715/3869 1557/792/3869
f 1557/792/3870 3483/715/3870 3485/855/3870
f 1557/792/3871 3485/855/3871 3487/720/3871
f 3472/856/3872 3470/857/3872 1622/858/3872
f 3470/857/3873 3468/859/3873 1622/858/3873
f 1622/858/3874 3468/859/3874 3467/860/3874
f 1622/858/3875 3467/860/3875 1620/861/3875
f 1620/861/3876 3467/860/3876 3476/862/3876
f 1620/861/3877 3476/862/3877 3478/863/3877
f 1622/858/3878 1624/864/3878 3472/856/3878
f 3472/1/3879 1624/1/3879 1791/1/3879
f 3472/1/3880 1791/1/3880 1798/1/3880
f 1802/1/3881 3458/1/3881 1800/1/3881
f 1800/1/3882 3458/1/3882 3456/1/3882
f 1800/1/3883 3456/1/3883 1798/1/3883
f 1798/1/3884 3456/1/3884 3473/1/3884
f 1798/1/3885 3473/1/3885 3472/1/3885
f 1802/1/3886 1803/1/3886 3458/1/3886
f 3458/1/3887 1803/1/3887 1805/1/3887
f 3458/1/3888 1805/1/3888 3460/1/3888
f 1805/1/3889 1808/1/3889 3460/1/3889
f 3460/1/3890 1808/1/3890 1807/1/3890
f 3460/1/3891 1807/1/3891 3461/1/3891
f 1807/1/3892 1811/1/3892 3461/1/3892
f 3461/1/3893 1811/1/3893 1810/1/3893
f 3461/1/3894 1810/1/3894 1809/1/3894
f 1814/1/3895 1813/1/3895 3450/1/3895
f 1809/1/3896 1796/1/3896 3461/1/3896
f 3461/1/3897 1796/1/3897 1795/1/3897
f 3461/1/3898 1795/1/3898 3454/1/3898
f 3454/1/3899 1795/1/3899 1814/1/3899
f 3454/1/3900 1814/1/3900 3452/1/3900
f 3452/1/3901 1814/1/3901 3450/1/3901
f 1813/1/3902 1771/1/3902 3450/1/3902
f 3450/1/3903 1771/1/3903 1634/1/3903
f 3450/1/3904 1634/1/3904 3447/1/3904
f 3447/1/3905 1634/1/3905 1636/1/3905
f 3447/1/3906 1636/1/3906 3445/1/3906
f 3445/1/3907 1636/1/3907 3443/1/3907
f 3443/1/3908 1636/1/3908 3441/1/3908
f 3441/1/3909 1636/1/3909 1588/1/3909
f 3441/1/3910 1588/1/3910 3423/1/3910
f 3423/1/3911 1588/1/3911 3424/1/3911
f 3424/1/3912 1588/1/3912 1590/1/3912
f 3424/1/3913 1590/1/3913 3426/1/3913
f 3421/1/3914 3419/1/3914 1612/1/3914
f 1612/1/3915 3419/1/3915 3429/1/3915
f 1612/1/3916 3429/1/3916 1590/1/3916
f 1590/1/3917 3429/1/3917 3428/1/3917
f 1590/1/3918 3428/1/3918 3426/1/3918
f 3366/1/3919 3365/1/3919 1612/1/3919
f 3365/1/3920 3364/1/3920 1612/1/3920
f 1612/1/3921 3364/1/3921 3338/1/3921
f 1612/1/3922 3338/1/3922 3421/1/3922
f 3338/1/3923 3342/1/3923 3421/1/3923
f 3421/1/3924 3342/1/3924 3341/1/3924
f 3421/1/3925 3341/1/3925 3340/1/3925
f 3343/1/3926 3416/1/3926 3339/1/3926
f 3339/1/3927 3416/1/3927 3414/1/3927
f 3339/1/3928 3414/1/3928 3340/1/3928
f 3340/1/3929 3414/1/3929 3422/1/3929
f 3340/1/3930 3422/1/3930 3421/1/3930
f 3348/1/3931 3352/1/3931 3411/1/3931
f 3411/1/3932 3352/1/3932 3351/1/3932
f 3411/1/3933 3351/1/3933 3350/1/3933
f 3343/1/3934 3344/1/3934 3416/1/3934
f 3416/1/3935 3344/1/3935 3345/1/3935
f 3416/1/3936 3345/1/3936 3417/1/3936
f 3417/1/3937 3345/1/3937 3346/1/3937
f 3417/1/3938 3346/1/3938 3411/1/3938
f 3411/1/3939 3346/1/3939 3347/1/3939
f 3411/1/3940 3347/1/3940 3348/1/3940
f 3406/1/3941 3408/1/3941 3349/1/3941
f 3349/1/3942 3408/1/3942 3350/1/3942
f 3350/1/3943 3408/1/3943 3412/1/3943
f 3350/1/3944 3412/1/3944 3411/1/3944
f 3405/1/3945 1570/1/3945 1552/1/3945
f 3405/1/3946 1552/1/3946 3404/1/3946
f 3404/1/3947 1552/1/3947 1650/1/3947
f 3404/1/3948 1650/1/3948 3540/1/3948
f 3540/1/3949 1650/1/3949 1652/1/3949
f 3540/1/3950 1652/1/3950 1737/1/3950
f 3375/1/3951 3374/1/3951 3373/1/3951
f 3381/848/3952 3377/865/3952 1554/849/3952
f 1554/1/3953 3377/1/3953 3376/1/3953
f 1554/1/3954 3376/1/3954 3375/1/3954
f 3375/1/3955 3373/1/3955 1554/1/3955
f 1554/1/3956 3373/1/3956 3367/1/3956
f 1554/1/3957 3367/1/3957 3368/1/3957
f 3368/1/3958 3372/1/3958 1554/1/3958
f 1554/1/3959 3372/1/3959 3371/1/3959
f 1554/1/3960 3371/1/3960 1555/1/3960
f 1555/1/3961 3371/1/3961 3370/1/3961
f 1555/1/3962 3370/1/3962 3369/1/3962
f 3405/1/3963 3406/1/3963 1570/1/3963
f 1570/1/3964 3406/1/3964 3349/1/3964
f 1570/1/3965 3349/1/3965 1608/1/3965
f 1608/1/3966 3349/1/3966 3353/1/3966
f 1608/1/3967 3353/1/3967 3354/1/3967
f 3354/1/3968 3355/1/3968 1608/1/3968
f 1608/1/3969 3355/1/3969 3357/1/3969
f 1608/1/3970 3357/1/3970 3356/1/3970
f 3363/1/3971 1610/1/3971 3358/1/3971
f 3358/1/3972 1610/1/3972 1608/1/3972
f 3358/1/3973 1608/1/3973 3359/1/3973
f 3359/1/3974 1608/1/3974 3356/1/3974
f 3363/1/3975 3362/1/3975 1610/1/3975
f 1610/1/3976 3362/1/3976 3361/1/3976
f 1610/1/3977 3361/1/3977 1612/1/3977
f 1612/1/3978 3361/1/3978 3360/1/3978
f 1612/1/3979 3360/1/3979 3366/1/3979
f 1778/1/3980 1779/1/3980 1632/1/3980
f 1771/1/3981 1773/1/3981 1634/1/3981
f 1634/1/3982 1773/1/3982 1775/1/3982
f 1634/1/3983 1775/1/3983 1632/1/3983
f 1632/1/3984 1775/1/3984 1776/1/3984
f 1632/1/3985 1776/1/3985 1778/1/3985
f 1783/1/3986 1585/1/3986 1784/1/3986
f 1784/1/3987 1585/1/3987 1632/1/3987
f 1784/1/3988 1632/1/3988 1781/1/3988
f 1781/1/3989 1632/1/3989 1779/1/3989
f 1783/1/3990 1789/1/3990 1585/1/3990
f 1585/1/3991 1789/1/3991 1788/1/3991
f 1585/1/3992 1788/1/3992 1786/1/3992
f 1786/1/3993 1785/1/3993 1585/1/3993
f 1585/1/3994 1785/1/3994 1794/1/3994
f 1585/1/3995 1794/1/3995 1624/1/3995
f 1624/1/3996 1794/1/3996 1793/1/3996
f 1624/1/3997 1793/1/3997 1791/1/3997
f 3569/1/3998 1480/1/3998 3541/1/3998
f 3541/1/1635 1480/1/1635 1525/1/1635
f 3566/1/3999 1482/1/3999 3567/1/3999
f 3567/866/4000 1482/867/4000 1480/868/4000
f 3567/1/4001 1480/1/4001 3568/1/4001
f 3568/1/4002 1480/1/4002 3569/1/4002
f 1482/869/85 3566/870/85 1531/871/85
f 1531/871/85 3566/870/85 3565/872/85
f 3560/1/4003 3559/1/4003 1533/1/4003
f 3562/1/4004 3561/1/4004 1530/1/4004
f 1530/1/4005 3561/1/4005 3560/1/4005
f 1530/1/4006 3560/1/4006 1534/1/4006
f 1534/1/4007 3560/1/4007 1533/1/4007
f 3562/1/4008 1530/1/4008 3563/1/4008
f 3563/1/4009 1530/1/4009 1529/1/4009
f 3563/1/4010 1529/1/4010 3564/1/4010
f 3564/1/4011 1529/1/4011 1531/1/4011
f 3564/1/4012 1531/1/4012 3565/1/4012
f 3559/1/48 3558/1/48 1533/1/48
f 1533/1/48 3558/1/48 1494/1/48
f 1481/1/4013 1483/1/4013 3551/1/4013
f 1539/1/4014 1488/1/4014 3549/1/4014
f 3549/1/4015 1488/1/4015 1479/1/4015
f 3551/1/4016 3548/1/4016 1481/1/4016
f 1481/1/4017 3548/1/4017 3547/1/4017
f 1481/1/4018 3547/1/4018 1479/1/4018
f 1479/1/4019 3547/1/4019 3550/1/4019
f 1479/1/4020 3550/1/4020 3549/1/4020
f 3553/1/4021 3552/1/4021 1484/1/4021
f 1484/1/4022 1532/1/4022 3553/1/4022
f 3553/1/4023 1532/1/4023 1496/1/4023
f 3553/1/4024 1496/1/4024 3554/1/4024
f 3554/1/4025 1496/1/4025 3555/1/4025
f 3555/1/4026 1496/1/4026 1495/1/4026
f 3555/1/4027 1495/1/4027 3556/1/4027
f 3556/1/4028 1495/1/4028 3557/1/4028
f 3557/1/4029 1495/1/4029 1494/1/4029
f 3557/1/4030 1494/1/4030 3558/1/4030
f 3551/1/1 1483/1/1 3552/1/1
f 3552/1/1 1483/1/1 1484/1/1
f 3570/1/4031 3571/1/4031 3572/1/4031
f 3573/1/4032 3574/1/4032 3575/1/4032
f 3575/1/4033 3574/1/4033 3576/1/4033
f 3577/1/4034 3578/1/4034 3572/1/4034
f 3572/1/4035 3578/1/4035 3579/1/4035
f 3572/1/4036 3579/1/4036 3570/1/4036
f 3572/1/4037 3580/1/4037 3577/1/4037
f 3577/1/4038 3580/1/4038 3581/1/4038
f 3577/1/4039 3581/1/4039 3582/1/4039
f 3581/1/4040 3583/1/4040 3582/1/4040
f 3582/1/4041 3583/1/4041 3584/1/4041
f 3582/1/4042 3584/1/4042 3585/1/4042
f 3584/1/4043 3586/1/4043 3585/1/4043
f 3585/1/4044 3586/1/4044 3587/1/4044
f 3585/1/4045 3587/1/4045 3588/1/4045
f 3588/1/4046 3587/1/4046 3589/1/4046
f 3589/1/4047 3590/1/4047 3588/1/4047
f 3588/1/4048 3590/1/4048 3591/1/4048
f 3588/1/4049 3591/1/4049 3592/1/4049
f 3591/1/4050 3593/1/4050 3592/1/4050
f 3592/1/4051 3593/1/4051 3594/1/4051
f 3592/1/4052 3594/1/4052 3595/1/4052
f 3595/1/4053 3594/1/4053 3596/1/4053
f 3595/1/4054 3596/1/4054 3597/1/4054
f 3597/1/4054 3596/1/4054 3598/1/4054
f 3597/1/4055 3598/1/4055 3599/1/4055
f 3599/1/4056 3598/1/4056 3600/1/4056
f 3599/1/4057 3600/1/4057 3601/1/4057
f 3600/1/4058 3602/1/4058 3601/1/4058
f 3601/1/4059 3602/1/4059 3603/1/4059
f 3601/1/4060 3603/1/4060 3604/1/4060
f 3603/1/4061 3605/1/4061 3604/1/4061
f 3604/1/4062 3605/1/4062 3606/1/4062
f 3604/1/4063 3606/1/4063 3607/1/4063
f 3606/1/4064 3608/1/4064 3607/1/4064
f 3607/1/4065 3608/1/4065 3609/1/4065
f 3607/1/4066 3609/1/4066 3610/1/4066
f 3609/1/4067 3611/1/4067 3610/1/4067
f 3610/1/4068 3611/1/4068 3612/1/4068
f 3610/1/4069 3612/1/4069 3613/1/4069
f 3612/1/4070 3614/1/4070 3613/1/4070
f 3613/1/4071 3614/1/4071 3615/1/4071
f 3613/1/4072 3615/1/4072 3616/1/4072
f 3615/1/4073 3617/1/4073 3616/1/4073
f 3616/1/4074 3617/1/4074 3618/1/4074
f 3616/1/4075 3618/1/4075 3619/1/4075
f 3618/1/4076 3620/1/4076 3619/1/4076
f 3619/1/4077 3620/1/4077 3621/1/4077
f 3619/1/4078 3621/1/4078 3622/1/4078
f 3621/1/4079 3623/1/4079 3622/1/4079
f 3622/1/4080 3623/1/4080 3624/1/4080
f 3622/1/4081 3624/1/4081 3625/1/4081
f 3625/1/4082 3624/1/4082 3626/1/4082
f 3625/1/4083 3626/1/4083 3627/1/4083
f 3627/1/4084 3626/1/4084 3628/1/4084
f 3627/1/4085 3628/1/4085 3573/1/4085
f 3573/1/4086 3628/1/4086 3629/1/4086
f 3573/1/4087 3629/1/4087 3574/1/4087
f 3630/1/4088 3575/1/4088 3576/1/4088
f 3631/1/4089 3632/1/4089 3633/1/4089
f 3633/1/4089 3634/1/4089 3631/1/4089
f 3631/1/4090 3634/1/4090 3635/1/4090
f 3631/1/4091 3635/1/4091 3636/1/4091
f 3636/1/4092 3635/1/4092 3630/1/4092
f 3636/1/4092 3630/1/4092 3637/1/4092
f 3637/1/4088 3630/1/4088 3576/1/4088
f 3638/1/4093 3633/1/4093 3632/1/4093
f 3639/1/4094 3640/1/4094 3641/1/4094
f 3641/1/4094 3640/1/4094 3642/1/4094
f 3632/1/4093 3643/1/4093 3638/1/4093
f 3638/1/4095 3643/1/4095 3644/1/4095
f 3638/1/4096 3644/1/4096 3645/1/4096
f 3645/1/4097 3644/1/4097 3646/1/4097
f 3645/1/4098 3646/1/4098 3642/1/4098
f 3642/1/4099 3646/1/4099 3647/1/4099
f 3642/1/4100 3647/1/4100 3641/1/4100
f 3640/1/4101 3639/1/4101 3648/1/4101
f 3640/1/4101 3648/1/4101 3649/1/4101
f 3649/1/4102 3648/1/4102 3650/1/4102
f 3649/1/4102 3650/1/4102 3651/1/4102
f 3652/1/4103 3651/1/4103 3650/1/4103
f 3653/1/4104 3654/1/4104 3655/1/4104
f 3655/1/4104 3654/1/4104 3656/1/4104
f 3650/1/4103 3657/1/4103 3652/1/4103
f 3652/1/4105 3657/1/4105 3658/1/4105
f 3652/1/4106 3658/1/4106 3659/1/4106
f 3659/1/4107 3658/1/4107 3660/1/4107
f 3659/1/4108 3660/1/4108 3653/1/4108
f 3653/1/4109 3660/1/4109 3661/1/4109
f 3653/1/4110 3661/1/4110 3654/1/4110
f 3662/1/4111 3663/1/4111 3664/1/4111
f 3662/1/4111 3664/1/4111 3665/1/4111
f 3665/1/4112 3664/1/4112 3666/1/4112
f 3665/1/4112 3666/1/4112 3667/1/4112
f 3667/1/4113 3666/1/4113 3668/1/4113
f 3667/1/4113 3668/1/4113 3669/1/4113
f 3669/1/4114 3668/1/4114 3655/1/4114
f 3669/1/4115 3655/1/4115 3656/1/4115
f 3663/1/4116 3662/1/4116 3670/1/4116
f 3663/1/4116 3670/1/4116 3671/1/4116
f 3671/1/4117 3670/1/4117 3672/1/4117
f 3671/1/4118 3672/1/4118 3673/1/4118
f 3673/1/4119 3672/1/4119 3674/1/4119
f 3673/1/4119 3674/1/4119 3675/1/4119
f 3675/1/4120 3674/1/4120 3676/1/4120
f 3675/1/4120 3676/1/4120 3677/1/4120
f 3678/1/4121 3679/1/4121 3676/1/4121
f 3676/1/4122 3679/1/4122 3680/1/4122
f 3676/1/4123 3680/1/4123 3677/1/4123
f 3681/1/4124 3682/1/4124 3683/1/4124
f 3681/1/4124 3683/1/4124 3684/1/4124
f 3684/1/4125 3683/1/4125 3685/1/4125
f 3684/1/4126 3685/1/4126 3686/1/4126
f 3686/1/4127 3685/1/4127 3687/1/4127
f 3686/1/4128 3687/1/4128 3688/1/4128
f 3688/1/4129 3687/1/4129 3679/1/4129
f 3688/1/4130 3679/1/4130 3678/1/4130
f 3689/1/4131 3682/1/4131 3681/1/4131
f 3690/1/4132 3691/1/4132 3692/1/4132
f 3692/1/4132 3691/1/4132 3693/1/4132
f 3681/1/4131 3694/1/4131 3689/1/4131
f 3689/1/4133 3694/1/4133 3695/1/4133
f 3689/1/4134 3695/1/4134 3696/1/4134
f 3696/1/4135 3695/1/4135 3697/1/4135
f 3696/1/4136 3697/1/4136 3690/1/4136
f 3690/1/4137 3697/1/4137 3698/1/4137
f 3690/1/4138 3698/1/4138 3691/1/4138
f 3692/1/4139 3693/1/4139 3699/1/4139
f 3692/1/4139 3699/1/4139 3700/1/4139
f 3700/1/4140 3699/1/4140 3701/1/4140
f 3700/1/4140 3701/1/4140 3702/1/4140
f 3703/1/4141 3704/1/4141 3705/1/4141
f 3705/1/4141 3704/1/4141 3706/1/4141
f 3705/1/4142 3706/1/4142 3707/1/4142
f 3707/1/4142 3706/1/4142 3708/1/4142
f 3707/1/4143 3708/1/4143 3709/1/4143
f 3709/1/4143 3708/1/4143 3710/1/4143
f 3709/1/4144 3710/1/4144 3701/1/4144
f 3701/1/4144 3710/1/4144 3702/1/4144
f 3711/1/4145 3712/1/4145 3713/1/4145
f 3711/1/4146 3713/1/4146 3714/1/4146
f 3714/1/4147 3713/1/4147 3715/1/4147
f 3714/1/4147 3715/1/4147 3716/1/4147
f 3716/1/4148 3715/1/4148 3717/1/4148
f 3716/1/4148 3717/1/4148 3718/1/4148
f 3718/1/4149 3717/1/4149 3704/1/4149
f 3718/1/4149 3704/1/4149 3703/1/4149
f 3712/1/4150 3711/1/4150 3719/1/4150
f 3712/1/4150 3719/1/4150 3720/1/4150
f 3720/1/4151 3719/1/4151 3721/1/4151
f 3720/1/4152 3721/1/4152 3722/1/4152
f 3722/1/4153 3721/1/4153 3723/1/4153
f 3722/1/4154 3723/1/4154 3724/1/4154
f 3724/1/4155 3723/1/4155 3725/1/4155
f 3724/1/4156 3725/1/4156 3726/1/4156
f 3725/1/4157 3727/1/4157 3726/1/4157
f 3726/1/4158 3727/1/4158 3728/1/4158
f 3726/1/4159 3728/1/4159 3729/1/4159
f 3728/1/4160 3730/1/4160 3729/1/4160
f 3729/1/4161 3730/1/4161 3731/1/4161
f 3729/1/4161 3731/1/4161 3732/1/4161
f 3733/1/4162 3734/1/4162 3735/1/4162
f 3733/1/4163 3735/1/4163 3736/1/4163
f 3736/1/4164 3735/1/4164 3737/1/4164
f 3736/1/4165 3737/1/4165 3738/1/4165
f 3738/1/4166 3737/1/4166 3739/1/4166
f 3738/1/4166 3739/1/4166 3740/1/4166
f 3740/1/4167 3739/1/4167 3732/1/4167
f 3740/1/4167 3732/1/4167 3731/1/4167
f 3741/1/4168 3734/1/4168 3733/1/4168
f 3742/1/4169 3743/1/4169 3744/1/4169
f 3744/1/4169 3743/1/4169 3745/1/4169
f 3733/1/4168 3746/1/4168 3741/1/4168
f 3741/1/4170 3746/1/4170 3747/1/4170
f 3741/1/4171 3747/1/4171 3748/1/4171
f 3748/1/4172 3747/1/4172 3749/1/4172
f 3748/1/4173 3749/1/4173 3742/1/4173
f 3742/1/4174 3749/1/4174 3750/1/4174
f 3742/1/4175 3750/1/4175 3743/1/4175
f 3744/1/4176 3745/1/4176 3751/1/4176
f 3744/1/4176 3751/1/4176 3752/1/4176
f 3752/1/4177 3751/1/4177 3753/1/4177
f 3752/1/4177 3753/1/4177 3754/1/4177
f 3755/1/4178 3754/1/4178 3753/1/4178
f 3756/1/4179 3757/1/4179 3758/1/4179
f 3758/1/4179 3757/1/4179 3759/1/4179
f 3753/1/4178 3760/1/4178 3755/1/4178
f 3755/1/4180 3760/1/4180 3761/1/4180
f 3755/1/4181 3761/1/4181 3762/1/4181
f 3762/1/4182 3761/1/4182 3763/1/4182
f 3762/1/4183 3763/1/4183 3759/1/4183
f 3759/1/4184 3763/1/4184 3764/1/4184
f 3759/1/4185 3764/1/4185 3758/1/4185
f 3765/1/4186 3766/1/4186 3767/1/4186
f 3765/1/4187 3767/1/4187 3768/1/4187
f 3768/1/4188 3767/1/4188 3769/1/4188
f 3768/1/4188 3769/1/4188 3770/1/4188
f 3770/1/4189 3769/1/4189 3771/1/4189
f 3770/1/4189 3771/1/4189 3772/1/4189
f 3772/1/4190 3771/1/4190 3757/1/4190
f 3772/1/4190 3757/1/4190 3756/1/4190
f 3773/1/4191 3774/1/4191 3775/1/4191
f 3766/1/4192 3765/1/4192 3776/1/4192
f 3766/1/4192 3776/1/4192 3777/1/4192
f 3777/1/4193 3776/1/4193 3778/1/4193
f 3777/1/4194 3778/1/4194 3779/1/4194
f 3778/1/4195 3780/1/4195 3779/1/4195
f 3779/1/4196 3780/1/4196 3781/1/4196
f 3779/1/4197 3781/1/4197 3782/1/4197
f 3783/1/4198 3773/1/4198 3784/1/4198
f 3784/1/4198 3773/1/4198 3775/1/4198
f 3784/1/4199 3775/1/4199 3785/1/4199
f 3785/1/4200 3775/1/4200 3782/1/4200
f 3785/1/4201 3782/1/4201 3786/1/4201
f 3786/1/4202 3782/1/4202 3781/1/4202
f 3773/1/4203 3783/1/4203 3787/1/4203
f 3788/1/4204 3789/1/4204 3790/1/4204
f 3790/1/4204 3791/1/4204 3788/1/4204
f 3788/1/4205 3791/1/4205 3792/1/4205
f 3788/1/4205 3792/1/4205 3793/1/4205
f 3793/1/4206 3792/1/4206 3794/1/4206
f 3793/1/4207 3794/1/4207 3787/1/4207
f 3787/1/4208 3794/1/4208 3774/1/4208
f 3787/1/4209 3774/1/4209 3773/1/4209
f 3795/1/4210 3790/1/4210 3789/1/4210
f 3796/1/4211 3797/1/4211 3798/1/4211
f 3798/1/4211 3797/1/4211 3799/1/4211
f 3789/1/4210 3800/1/4210 3795/1/4210
f 3795/1/4212 3800/1/4212 3801/1/4212
f 3795/1/4213 3801/1/4213 3802/1/4213
f 3802/1/4214 3801/1/4214 3803/1/4214
f 3802/1/4215 3803/1/4215 3796/1/4215
f 3796/1/4216 3803/1/4216 3804/1/4216
f 3796/1/4217 3804/1/4217 3797/1/4217
f 3798/1/4218 3799/1/4218 3805/1/4218
f 3798/1/4218 3805/1/4218 3806/1/4218
f 3806/1/4219 3805/1/4219 3807/1/4219
f 3806/1/4219 3807/1/4219 3808/1/4219
f 3809/1/4220 3808/1/4220 3807/1/4220
f 3810/1/4221 3811/1/4221 3812/1/4221
f 3812/1/4221 3811/1/4221 3813/1/4221
f 3807/1/4220 3814/1/4220 3809/1/4220
f 3809/1/4222 3814/1/4222 3815/1/4222
f 3809/1/4223 3815/1/4223 3816/1/4223
f 3816/1/4224 3815/1/4224 3817/1/4224
f 3816/1/4225 3817/1/4225 3813/1/4225
f 3813/1/4226 3817/1/4226 3818/1/4226
f 3813/1/4227 3818/1/4227 3812/1/4227
f 3819/1/4228 3579/1/4228 3820/1/4228
f 3821/1/4229 3571/1/4229 3819/1/4229
f 3819/1/4230 3820/1/4230 3821/1/4230
f 3821/1/4231 3820/1/4231 3822/1/4231
f 3821/1/4231 3822/1/4231 3823/1/4231
f 3823/1/4232 3822/1/4232 3824/1/4232
f 3823/1/4232 3824/1/4232 3825/1/4232
f 3825/1/4233 3824/1/4233 3811/1/4233
f 3825/1/4234 3811/1/4234 3810/1/4234
f 3826/1/72 3827/1/72 3828/1/72
f 3781/1/4235 3829/1/4235 3830/1/4235
f 3830/1/4236 3831/1/4236 3781/1/4236
f 3781/1/4237 3831/1/4237 3832/1/4237
f 3781/1/4238 3832/1/4238 3786/1/4238
f 3832/1/4239 3833/1/4239 3786/1/4239
f 3786/1/4240 3833/1/4240 3834/1/4240
f 3786/1/4241 3834/1/4241 3785/1/4241
f 3834/1/4242 3835/1/4242 3785/1/4242
f 3785/1/4243 3835/1/4243 3836/1/4243
f 3785/1/4244 3836/1/4244 3837/1/4244
f 3837/1/4245 3838/1/4245 3785/1/4245
f 3785/1/4246 3838/1/4246 3839/1/4246
f 3785/1/4247 3839/1/4247 3840/1/4247
f 3841/1/4248 3783/1/4248 3842/1/4248
f 3842/1/4249 3783/1/4249 3784/1/4249
f 3842/1/4250 3784/1/4250 3843/1/4250
f 3843/1/4251 3784/1/4251 3785/1/4251
f 3843/1/4252 3785/1/4252 3844/1/4252
f 3844/1/4253 3785/1/4253 3840/1/4253
f 3844/1/4254 3845/1/4254 3843/1/4254
f 3843/1/4255 3845/1/4255 3846/1/4255
f 3843/1/4256 3846/1/4256 3847/1/4256
f 3847/1/4257 3848/1/4257 3843/1/4257
f 3843/1/4258 3848/1/4258 3849/1/4258
f 3843/1/4259 3849/1/4259 3850/1/4259
f 3850/1/4260 3849/1/4260 3851/1/4260
f 3851/1/4261 3852/1/4261 3850/1/4261
f 3850/1/4262 3852/1/4262 3853/1/4262
f 3850/1/4263 3853/1/4263 3854/1/4263
f 3854/1/4264 3855/1/4264 3850/1/4264
f 3850/1/4265 3855/1/4265 3856/1/4265
f 3850/1/4266 3856/1/4266 3857/1/4266
f 3858/1/4267 3859/1/4267 3778/1/4267
f 3858/1/4268 3778/1/4268 3860/1/4268
f 3829/1/4269 3781/1/4269 3859/1/4269
f 3859/1/4270 3781/1/4270 3780/1/4270
f 3859/1/4271 3780/1/4271 3778/1/4271
f 3828/1/72 3850/1/72 3826/1/72
f 3826/1/4272 3850/1/4272 3857/1/4272
f 3826/1/4273 3857/1/4273 3861/1/4273
f 3861/1/4274 3857/1/4274 3860/1/4274
f 3861/1/4275 3860/1/4275 3862/1/4275
f 3862/1/4276 3860/1/4276 3778/1/4276
f 3862/1/4277 3778/1/4277 3863/1/4277
f 3863/1/4278 3778/1/4278 3776/1/4278
f 3863/1/4279 3776/1/4279 3864/1/4279
f 3864/1/4280 3776/1/4280 3765/1/4280
f 3864/1/4281 3765/1/4281 3865/1/4281
f 3866/1/4282 3731/1/4282 3867/1/4282
f 3867/1/4283 3731/1/4283 3730/1/4283
f 3867/1/4284 3730/1/4284 3868/1/4284
f 3868/1/4285 3730/1/4285 3728/1/4285
f 3868/1/4286 3728/1/4286 3869/1/4286
f 3869/1/4287 3728/1/4287 3727/1/4287
f 3869/1/4288 3727/1/4288 3870/1/4288
f 3870/1/4289 3727/1/4289 3725/1/4289
f 3870/1/4290 3725/1/4290 3871/1/4290
f 3871/1/4291 3725/1/4291 3723/1/4291
f 3871/1/4292 3723/1/4292 3872/1/4292
f 3872/1/4293 3723/1/4293 3721/1/4293
f 3872/1/4294 3721/1/4294 3873/1/4294
f 3873/1/4295 3721/1/4295 3719/1/4295
f 3873/1/4296 3719/1/4296 3874/1/4296
f 3875/1/4297 3876/1/4297 3877/1/4297
f 3711/1/4298 3878/1/4298 3719/1/4298
f 3719/1/4299 3878/1/4299 3879/1/4299
f 3719/1/4300 3879/1/4300 3880/1/4300
f 3880/1/4301 3881/1/4301 3719/1/4301
f 3719/1/4302 3881/1/4302 3882/1/4302
f 3719/1/4303 3882/1/4303 3874/1/4303
f 3874/1/4304 3882/1/4304 3883/1/4304
f 3874/1/4305 3883/1/4305 3884/1/4305
f 3884/1/4306 3885/1/4306 3874/1/4306
f 3874/1/4307 3885/1/4307 3886/1/4307
f 3874/1/4308 3886/1/4308 3877/1/4308
f 3877/1/4309 3886/1/4309 3887/1/4309
f 3877/1/4297 3887/1/4297 3875/1/4297
f 3888/1/4310 3889/1/4310 3733/1/4310
f 3740/1/4311 3731/1/4311 3866/1/4311
f 3866/1/4312 3890/1/4312 3740/1/4312
f 3740/1/4313 3890/1/4313 3891/1/4313
f 3740/1/4314 3891/1/4314 3738/1/4314
f 3738/1/4315 3891/1/4315 3888/1/4315
f 3738/1/4316 3888/1/4316 3736/1/4316
f 3736/1/4317 3888/1/4317 3733/1/4317
f 3745/1/4318 3892/1/4318 3893/1/4318
f 3745/1/4318 3893/1/4318 3751/1/4318
f 3751/1/4319 3893/1/4319 3894/1/4319
f 3751/1/4319 3894/1/4319 3753/1/4319
f 3895/1/4320 3865/1/4320 3765/1/4320
f 3772/1/4321 3756/1/4321 3896/1/4321
f 3765/1/4322 3768/1/4322 3895/1/4322
f 3895/1/4323 3768/1/4323 3770/1/4323
f 3895/1/4324 3770/1/4324 3897/1/4324
f 3897/1/4325 3770/1/4325 3772/1/4325
f 3897/1/4326 3772/1/4326 3898/1/4326
f 3898/1/4327 3772/1/4327 3896/1/4327
f 3896/1/4328 3756/1/4328 3899/1/4328
f 3899/1/4328 3756/1/4328 3758/1/4328
f 3899/1/4329 3758/1/4329 3900/1/4329
f 3900/1/4329 3758/1/4329 3764/1/4329
f 3900/1/4330 3764/1/4330 3901/1/4330
f 3901/1/4330 3764/1/4330 3763/1/4330
f 3901/1/4331 3763/1/4331 3902/1/4331
f 3902/1/4331 3763/1/4331 3761/1/4331
f 3902/1/4332 3761/1/4332 3903/1/4332
f 3903/1/4332 3761/1/4332 3760/1/4332
f 3903/1/4333 3760/1/4333 3894/1/4333
f 3894/1/4333 3760/1/4333 3753/1/4333
f 3733/1/4334 3889/1/4334 3746/1/4334
f 3746/1/4334 3889/1/4334 3904/1/4334
f 3746/1/4335 3904/1/4335 3747/1/4335
f 3747/1/4335 3904/1/4335 3905/1/4335
f 3747/1/4336 3905/1/4336 3749/1/4336
f 3749/1/4337 3905/1/4337 3906/1/4337
f 3749/1/4338 3906/1/4338 3750/1/4338
f 3750/1/4339 3906/1/4339 3907/1/4339
f 3750/1/4340 3907/1/4340 3743/1/4340
f 3743/1/4340 3907/1/4340 3908/1/4340
f 3743/1/4341 3908/1/4341 3745/1/4341
f 3745/1/4341 3908/1/4341 3892/1/4341
f 3626/1/4342 3909/1/4342 3910/1/4342
f 3910/873/4343 3909/874/4343 3911/875/4343
f 3910/1/4344 3911/1/4344 3629/1/4344
f 3629/1/4345 3911/1/4345 3912/1/4345
f 3629/1/4346 3912/1/4346 3913/1/4346
f 3913/1/4347 3914/1/4347 3629/1/4347
f 3629/1/4348 3914/1/4348 3915/1/4348
f 3629/1/4349 3915/1/4349 3916/1/4349
f 3916/1/4350 3917/1/4350 3629/1/4350
f 3629/876/4351 3917/877/4351 3918/878/4351
f 3629/1/4352 3918/1/4352 3919/1/4352
f 3919/1/4353 3918/1/4353 3920/1/4353
f 3919/1/4354 3920/1/4354 3576/1/4354
f 3917/1/4355 3921/1/4355 3918/1/4355
f 3918/1/4356 3921/1/4356 3922/1/4356
f 3918/1/4357 3922/1/4357 3923/1/4357
f 3923/1/4358 3924/1/4358 3918/1/4358
f 3918/1/4359 3924/1/4359 3925/1/4359
f 3918/1/4360 3925/1/4360 3926/1/4360
f 3926/1/4361 3925/1/4361 3927/1/4361
f 3926/879/4362 3927/880/4362 3928/881/4362
f 3929/882/4363 3930/883/4363 3931/884/4363
f 3931/884/4364 3930/883/4364 3926/885/4364
f 3931/1/4365 3926/1/4365 3932/1/4365
f 3932/1/4366 3926/1/4366 3928/1/4366
f 3933/1/4367 3934/1/4367 3623/1/4367
f 3933/1/4368 3623/1/4368 3935/1/4368
f 3934/1/4369 3936/1/4369 3623/1/4369
f 3623/1/4370 3936/1/4370 3937/1/4370
f 3623/1/4371 3937/1/4371 3938/1/4371
f 3937/1/4372 3939/1/4372 3938/1/4372
f 3938/1/4373 3939/1/4373 3940/1/4373
f 3938/1/4374 3940/1/4374 3626/1/4374
f 3626/886/4375 3940/887/4375 3941/888/4375
f 3626/1/4376 3941/1/4376 3909/1/4376
f 3942/1/4377 3929/1/4377 3943/1/4377
f 3943/889/4377 3929/882/4377 3931/884/4377
f 3943/1/4378 3931/1/4378 3944/1/4378
f 3944/1/4379 3931/1/4379 3945/1/4379
f 3944/1/4380 3945/1/4380 3946/1/4380
f 3946/1/4381 3945/1/4381 3947/1/4381
f 3946/1/4382 3947/1/4382 3948/1/4382
f 3948/1/4383 3935/1/4383 3946/1/4383
f 3946/1/4384 3935/1/4384 3623/1/4384
f 3946/1/4385 3623/1/4385 3949/1/4385
f 3949/1/4386 3623/1/4386 3950/1/4386
f 3949/1/4387 3950/1/4387 3951/1/4387
f 3951/1/4388 3950/1/4388 3620/1/4388
f 3951/1/4389 3620/1/4389 3952/1/4389
f 3952/1/4390 3620/1/4390 3953/1/4390
f 3952/1/4391 3953/1/4391 3954/1/4391
f 3954/1/4392 3953/1/4392 3617/1/4392
f 3954/1/4393 3617/1/4393 3955/1/4393
f 3955/1/4394 3617/1/4394 3956/1/4394
f 3955/1/4395 3956/1/4395 3957/1/4395
f 3957/1/4396 3956/1/4396 3614/1/4396
f 3957/1/4397 3614/1/4397 3958/1/4397
f 3958/1/4398 3614/1/4398 3959/1/4398
f 3958/1/4399 3959/1/4399 3960/1/4399
f 3960/1/4400 3959/1/4400 3611/1/4400
f 3960/1/4401 3611/1/4401 3961/1/4401
f 3961/1/4402 3611/1/4402 3962/1/4402
f 3961/1/4403 3962/1/4403 3963/1/4403
f 3963/1/4404 3962/1/4404 3608/1/4404
f 3963/1/4405 3608/1/4405 3964/1/4405
f 3964/1/4406 3608/1/4406 3965/1/4406
f 3964/1/4407 3965/1/4407 3966/1/4407
f 3966/1/4408 3965/1/4408 3605/1/4408
f 3966/1/4409 3605/1/4409 3967/1/4409
f 3967/1/4410 3605/1/4410 3968/1/4410
f 3967/1/4411 3968/1/4411 3969/1/4411
f 3968/1/4412 3602/1/4412 3969/1/4412
f 3969/1/4413 3602/1/4413 3970/1/4413
f 3969/1/4414 3970/1/4414 3971/1/4414
f 3972/1/4415 3973/1/4415 3970/1/4415
f 3598/1/4416 3974/1/4416 3975/1/4416
f 3972/1/4417 3970/1/4417 3976/1/4417
f 3598/1/4418 3975/1/4418 3970/1/4418
f 3970/1/4419 3975/1/4419 3977/1/4419
f 3970/1/4420 3977/1/4420 3976/1/4420
f 3973/1/4421 3978/1/4421 3970/1/4421
f 3970/1/4422 3978/1/4422 3979/1/4422
f 3970/1/4423 3979/1/4423 3971/1/4423
f 3971/1/4424 3979/1/4424 3980/1/4424
f 3971/1/4425 3980/1/4425 3981/1/4425
f 3981/1/4426 3982/1/4426 3971/1/4426
f 3971/1/4427 3982/1/4427 3983/1/4427
f 3971/1/4428 3983/1/4428 3984/1/4428
f 3984/1/4429 3983/1/4429 3985/1/4429
f 3984/1/4430 3985/1/4430 3986/1/4430
f 3987/1/4431 3988/1/4431 3989/1/4431
f 3989/1/4431 3988/1/4431 3984/1/4431
f 3989/1/4432 3984/1/4432 3990/1/4432
f 3990/1/4433 3984/1/4433 3986/1/4433
f 3991/1/4434 3992/1/4434 3662/1/4434
f 3669/1/4435 3656/1/4435 3993/1/4435
f 3993/1/4436 3994/1/4436 3669/1/4436
f 3669/1/4437 3994/1/4437 3995/1/4437
f 3669/1/4438 3995/1/4438 3667/1/4438
f 3667/1/4439 3995/1/4439 3991/1/4439
f 3667/1/4440 3991/1/4440 3665/1/4440
f 3665/1/4441 3991/1/4441 3662/1/4441
f 3996/1/4442 3997/1/4442 3681/1/4442
f 3688/1/4443 3678/1/4443 3998/1/4443
f 3998/1/4444 3999/1/4444 3688/1/4444
f 3688/1/4445 3999/1/4445 4000/1/4445
f 3688/1/4446 4000/1/4446 3686/1/4446
f 3686/1/4447 4000/1/4447 3996/1/4447
f 3686/1/4448 3996/1/4448 3684/1/4448
f 3684/1/4449 3996/1/4449 3681/1/4449
f 4001/1/4450 3998/1/4450 3678/1/4450
f 3670/1/4451 3662/1/4451 3992/1/4451
f 3992/1/4452 4002/1/4452 3670/1/4452
f 3670/1/4453 4002/1/4453 4003/1/4453
f 3670/1/4454 4003/1/4454 3672/1/4454
f 3672/1/4455 4003/1/4455 4004/1/4455
f 3672/1/4456 4004/1/4456 3674/1/4456
f 3674/1/4457 4004/1/4457 4001/1/4457
f 3674/1/4458 4001/1/4458 3676/1/4458
f 3676/1/4459 4001/1/4459 3678/1/4459
f 3993/1/4460 3656/1/4460 4005/1/4460
f 4005/1/4461 3656/1/4461 3654/1/4461
f 3654/1/4462 3661/1/4462 4005/1/4462
f 4005/1/4463 3661/1/4463 3660/1/4463
f 4005/1/4464 3660/1/4464 4006/1/4464
f 3650/1/4465 4007/1/4465 3657/1/4465
f 3657/1/4466 4007/1/4466 4006/1/4466
f 3657/1/4467 4006/1/4467 3658/1/4467
f 3658/1/4468 4006/1/4468 3660/1/4468
f 3639/1/4469 4008/1/4469 4009/1/4469
f 3639/1/4469 4009/1/4469 3648/1/4469
f 3648/1/4470 4009/1/4470 4007/1/4470
f 3648/1/4470 4007/1/4470 3650/1/4470
f 4010/1/4471 4011/1/4471 4012/1/4471
f 4012/1/4472 4011/1/4472 4013/1/4472
f 4012/1/4473 4013/1/4473 4014/1/4473
f 4014/1/4474 4015/1/4474 3699/1/4474
f 3699/1/4475 4015/1/4475 4016/1/4475
f 4017/1/4476 3701/1/4476 4018/1/4476
f 4018/1/4477 3701/1/4477 3699/1/4477
f 4018/1/4478 3699/1/4478 4019/1/4478
f 4019/1/4479 3699/1/4479 4016/1/4479
f 4020/1/4480 4021/1/4480 4022/1/4480
f 4022/1/4480 4021/1/4480 4023/1/4480
f 4022/1/4481 4023/1/4481 4012/1/4481
f 4012/1/4482 4023/1/4482 4024/1/4482
f 4012/1/4483 4024/1/4483 4010/1/4483
f 4014/1/4484 3699/1/4484 4012/1/4484
f 4012/1/4485 3699/1/4485 3693/1/4485
f 4012/1/4486 3693/1/4486 4025/1/4486
f 4026/1/4487 4025/1/4487 3693/1/4487
f 3693/1/4488 3691/1/4488 4026/1/4488
f 4026/1/4489 3691/1/4489 3698/1/4489
f 4026/1/4490 3698/1/4490 4027/1/4490
f 4027/1/4491 3698/1/4491 3697/1/4491
f 3681/1/4492 3997/1/4492 3694/1/4492
f 3694/1/4493 3997/1/4493 4027/1/4493
f 3694/1/4494 4027/1/4494 3695/1/4494
f 3695/1/4495 4027/1/4495 3697/1/4495
f 3632/1/4496 4028/1/4496 3643/1/4496
f 3643/1/4497 4028/1/4497 4029/1/4497
f 3643/1/4498 4029/1/4498 3644/1/4498
f 3644/1/4499 4029/1/4499 3646/1/4499
f 3646/1/4500 4029/1/4500 4030/1/4500
f 3646/1/4501 4030/1/4501 3647/1/4501
f 3647/1/4502 4030/1/4502 3641/1/4502
f 3641/1/4503 4030/1/4503 4008/1/4503
f 3641/1/4504 4008/1/4504 3639/1/4504
f 4028/1/4505 3632/1/4505 4031/1/4505
f 4028/1/4506 4031/1/4506 4032/1/4506
f 4032/1/4507 4031/1/4507 4033/1/4507
f 4032/1/4508 4033/1/4508 4034/1/4508
f 4034/1/4509 4033/1/4509 4035/1/4509
f 4034/1/4510 4035/1/4510 4036/1/4510
f 4036/1/4511 4035/1/4511 3576/1/4511
f 4036/1/4512 3576/1/4512 3920/1/4512
f 4037/1/4513 4038/1/4513 4039/1/4513
f 4040/1/4514 4041/1/4514 4042/1/4514
f 4042/1/4515 4041/1/4515 4039/1/4515
f 4039/1/4516 4041/1/4516 4043/1/4516
f 4039/1/4517 4043/1/4517 4037/1/4517
f 4038/1/4518 4044/1/4518 4039/1/4518
f 4039/1/4519 4044/1/4519 4045/1/4519
f 4039/1/4520 4045/1/4520 4046/1/4520
f 4047/1/4521 4048/1/4521 3594/1/4521
f 3594/1/4522 4048/1/4522 4049/1/4522
f 4049/1/4523 4050/1/4523 3594/1/4523
f 3594/1/4524 4050/1/4524 4051/1/4524
f 3594/1/4525 4051/1/4525 4052/1/4525
f 3974/1/4526 3598/1/4526 4053/1/4526
f 4053/1/4527 3598/1/4527 4052/1/4527
f 4053/1/4528 4052/1/4528 4054/1/4528
f 4054/1/4529 4052/1/4529 4051/1/4529
f 4055/1/4530 3987/1/4530 4042/1/4530
f 4042/1/4530 3987/1/4530 3989/1/4530
f 4042/1/4531 3989/1/4531 4040/1/4531
f 3571/1/4532 4056/1/4532 4057/1/4532
f 4057/1/4533 4056/1/4533 4058/1/4533
f 4057/1/4534 4058/1/4534 3580/1/4534
f 3580/1/4535 4058/1/4535 4059/1/4535
f 3580/1/4536 4059/1/4536 4060/1/4536
f 4060/1/4537 4059/1/4537 4061/1/4537
f 4060/1/4538 4061/1/4538 3583/1/4538
f 3583/1/4539 4061/1/4539 4062/1/4539
f 3583/1/4540 4062/1/4540 4063/1/4540
f 4063/1/4541 4062/1/4541 4064/1/4541
f 4063/1/4542 4064/1/4542 3586/1/4542
f 3586/1/4543 4064/1/4543 4065/1/4543
f 3586/1/4544 4065/1/4544 4066/1/4544
f 4066/1/4545 4065/1/4545 4067/1/4545
f 4066/1/4546 4067/1/4546 3589/1/4546
f 3589/1/4547 4067/1/4547 4068/1/4547
f 3589/1/4548 4068/1/4548 4069/1/4548
f 4069/1/4549 4068/1/4549 4070/1/4549
f 4069/1/4550 4070/1/4550 3591/1/4550
f 3591/1/4551 4070/1/4551 4071/1/4551
f 3591/1/4552 4071/1/4552 4072/1/4552
f 4072/1/4553 4071/1/4553 4039/1/4553
f 4072/1/4554 4039/1/4554 3594/1/4554
f 3594/1/4555 4039/1/4555 4046/1/4555
f 3594/1/4556 4046/1/4556 4047/1/4556
f 3783/1/4557 3841/1/4557 4073/1/4557
f 3783/1/4558 4073/1/4558 3787/1/4558
f 3787/1/4559 4073/1/4559 4074/1/4559
f 3787/1/4560 4074/1/4560 3793/1/4560
f 3793/1/4561 4074/1/4561 4075/1/4561
f 3793/1/4562 4075/1/4562 3788/1/4562
f 3788/1/4563 4075/1/4563 4076/1/4563
f 3788/1/4564 4076/1/4564 3789/1/4564
f 3799/1/4565 4077/1/4565 4078/1/4565
f 3799/1/4565 4078/1/4565 3805/1/4565
f 3805/1/4566 4078/1/4566 4079/1/4566
f 3805/1/4566 4079/1/4566 3807/1/4566
f 4056/1/4567 3571/1/4567 3821/1/4567
f 4056/1/4568 3821/1/4568 4080/1/4568
f 4080/1/4569 3821/1/4569 3823/1/4569
f 4080/1/4570 3823/1/4570 4081/1/4570
f 4081/1/4571 3823/1/4571 3825/1/4571
f 4081/1/4572 3825/1/4572 4082/1/4572
f 4082/1/4573 3825/1/4573 3810/1/4573
f 4082/1/4574 3810/1/4574 4083/1/4574
f 3807/1/4575 4079/1/4575 3814/1/4575
f 3814/1/4576 4079/1/4576 4084/1/4576
f 3814/1/4577 4084/1/4577 3815/1/4577
f 3815/1/4578 4084/1/4578 3817/1/4578
f 3817/1/4579 4084/1/4579 4085/1/4579
f 3817/1/4580 4085/1/4580 3818/1/4580
f 3818/1/4581 4085/1/4581 3812/1/4581
f 3812/1/4582 4085/1/4582 4083/1/4582
f 3812/1/4583 4083/1/4583 3810/1/4583
f 4077/1/4584 3799/1/4584 4086/1/4584
f 4086/1/4585 3799/1/4585 3797/1/4585
f 3797/1/4586 3804/1/4586 4086/1/4586
f 4086/1/4587 3804/1/4587 3803/1/4587
f 4086/1/4588 3803/1/4588 4087/1/4588
f 3789/1/4589 4076/1/4589 3800/1/4589
f 3800/1/4590 4076/1/4590 4087/1/4590
f 3800/1/4591 4087/1/4591 3801/1/4591
f 3801/1/4592 4087/1/4592 3803/1/4592
f 3878/1/4593 3711/1/4593 4088/1/4593
f 4088/1/4594 3711/1/4594 3714/1/4594
f 4088/1/4595 3714/1/4595 4089/1/4595
f 4089/1/4596 3714/1/4596 4090/1/4596
f 4090/1/4597 3714/1/4597 3716/1/4597
f 4090/1/4598 3716/1/4598 4091/1/4598
f 4091/1/4599 3716/1/4599 3718/1/4599
f 4091/1/4600 3718/1/4600 4092/1/4600
f 4092/1/4601 3718/1/4601 3703/1/4601
f 4092/1/4602 3703/1/4602 4093/1/4602
f 4094/1/4603 4093/1/4603 3703/1/4603
f 3703/1/4604 3705/1/4604 4094/1/4604
f 4094/1/4605 3705/1/4605 3707/1/4605
f 4094/1/4606 3707/1/4606 4095/1/4606
f 4095/1/4607 3707/1/4607 3709/1/4607
f 4095/1/4608 3709/1/4608 4096/1/4608
f 4096/1/4609 3709/1/4609 3701/1/4609
f 4096/1/4610 3701/1/4610 4017/1/4610
f 3710/1/56 3708/1/56 4097/1/56
f 3766/1/56 3777/1/56 4098/1/56
f 4099/1/56 4100/1/56 4101/1/56
f 4102/1/56 4103/1/56 4104/1/56
f 4104/1/56 4103/1/56 4105/1/56
f 4100/1/56 4106/1/56 4101/1/56
f 4101/1/56 4106/1/56 4107/1/56
f 4101/1/56 4107/1/56 4108/1/56
f 4105/1/56 4103/1/56 4109/1/56
f 4109/1/56 4103/1/56 3625/1/56
f 4109/1/56 3625/1/56 4110/1/56
f 4110/1/56 3625/1/56 4111/1/56
f 4111/1/56 3625/1/56 3645/1/56
f 4111/1/56 3645/1/56 4112/1/56
f 4112/1/56 3645/1/56 3642/1/56
f 4112/1/56 3642/1/56 4113/1/56
f 4113/1/56 3642/1/56 3640/1/56
f 4113/1/56 3640/1/56 4114/1/56
f 4114/1/56 3640/1/56 3649/1/56
f 4114/1/56 3649/1/56 4115/1/56
f 4115/1/56 3649/1/56 3651/1/56
f 4115/1/56 3651/1/56 4116/1/56
f 4116/1/56 3651/1/56 3652/1/56
f 4116/1/56 3652/1/56 3659/1/56
f 3627/1/56 3633/1/56 3625/1/56
f 3625/1/56 3633/1/56 3638/1/56
f 3625/1/56 3638/1/56 3645/1/56
f 3575/1/56 3630/1/56 3635/1/56
f 3627/1/56 3573/1/56 3633/1/56
f 3633/1/56 3573/1/56 3575/1/56
f 3633/1/56 3575/1/56 3634/1/56
f 3634/1/56 3575/1/56 3635/1/56
f 3613/1/56 3616/1/56 4117/1/56
f 3625/1/56 4118/1/56 3622/1/56
f 3622/1/56 4118/1/56 4119/1/56
f 3622/1/56 4119/1/56 3619/1/56
f 3619/1/56 4119/1/56 4120/1/56
f 3619/1/56 4120/1/56 3616/1/56
f 3616/1/56 4120/1/56 4121/1/56
f 3616/1/56 4121/1/56 4117/1/56
f 4117/1/56 4122/1/56 3613/1/56
f 3613/1/56 4122/1/56 4123/1/56
f 3613/1/56 4123/1/56 4124/1/56
f 4125/1/56 4126/1/56 4103/1/56
f 4103/1/56 4126/1/56 4127/1/56
f 4123/1/56 4128/1/56 4124/1/56
f 4124/1/56 4128/1/56 4129/1/56
f 4124/1/56 4129/1/56 4130/1/56
f 4127/1/56 4131/1/56 4103/1/56
f 4103/1/56 4131/1/56 4132/1/56
f 4103/1/56 4132/1/56 3625/1/56
f 3625/1/56 4132/1/56 4133/1/56
f 3625/1/56 4133/1/56 4118/1/56
f 4134/1/56 4135/1/56 4124/1/56
f 4135/1/56 3607/1/56 4124/1/56
f 4124/1/56 3607/1/56 3610/1/56
f 4124/1/56 3610/1/56 3613/1/56
f 4135/1/56 4136/1/56 3607/1/56
f 3607/1/56 4136/1/56 4137/1/56
f 3607/1/56 4137/1/56 3604/1/56
f 4138/1/56 3597/1/56 4139/1/56
f 4139/1/56 3597/1/56 3599/1/56
f 4139/1/56 3599/1/56 4140/1/56
f 4140/1/56 3599/1/56 3601/1/56
f 4140/1/56 3601/1/56 4141/1/56
f 4141/1/56 3601/1/56 3604/1/56
f 4141/1/56 3604/1/56 4142/1/56
f 4142/1/56 3604/1/56 4137/1/56
f 4138/1/56 4143/1/56 3597/1/56
f 3597/1/56 4143/1/56 4144/1/56
f 3597/1/56 4144/1/56 4145/1/56
f 4145/1/56 4144/1/56 4146/1/56
f 4145/1/56 4146/1/56 4147/1/56
f 4147/1/56 4148/1/56 4145/1/56
f 4145/1/56 4148/1/56 4149/1/56
f 4145/1/56 4149/1/56 4124/1/56
f 4124/1/56 4149/1/56 4150/1/56
f 4124/1/56 4150/1/56 4134/1/56
f 4151/1/56 4152/1/56 4153/1/56
f 4151/1/56 4153/1/56 4154/1/56
f 4155/1/56 4156/1/56 4145/1/56
f 4145/1/56 4156/1/56 4157/1/56
f 4145/1/56 4157/1/56 3597/1/56
f 4158/1/56 4159/1/56 3588/1/56
f 3588/1/56 4159/1/56 4160/1/56
f 3588/1/56 4160/1/56 3585/1/56
f 3585/1/56 4160/1/56 4161/1/56
f 3585/1/56 4161/1/56 4162/1/56
f 4157/1/56 4163/1/56 3597/1/56
f 3597/1/56 4163/1/56 4164/1/56
f 3597/1/56 4164/1/56 3595/1/56
f 3595/1/56 4164/1/56 4158/1/56
f 3595/1/56 4158/1/56 3592/1/56
f 3592/1/56 4158/1/56 3588/1/56
f 4152/1/56 4165/1/56 4153/1/56
f 4153/1/56 4165/1/56 4166/1/56
f 4153/1/56 4166/1/56 4145/1/56
f 4145/1/56 4166/1/56 4167/1/56
f 4145/1/56 4167/1/56 4155/1/56
f 3816/1/56 3813/1/56 4153/1/56
f 4153/1/56 3813/1/56 3811/1/56
f 3579/1/56 3578/1/56 3811/1/56
f 4162/1/56 4154/1/56 3585/1/56
f 3585/1/56 4154/1/56 4153/1/56
f 3585/1/56 4153/1/56 3582/1/56
f 3582/1/56 4153/1/56 3811/1/56
f 3582/1/56 3811/1/56 3577/1/56
f 3577/1/56 3811/1/56 3578/1/56
f 3824/1/56 3822/1/56 3811/1/56
f 3811/1/1699 3822/1/1699 3820/1/1699
f 3811/1/56 3820/1/56 3579/1/56
f 4168/1/56 4169/1/56 4170/1/56
f 4170/1/56 4169/1/56 4171/1/56
f 4172/1/56 4153/1/56 4173/1/56
f 4173/1/56 4153/1/56 4174/1/56
f 3790/1/56 3795/1/56 4098/1/56
f 4098/1/56 3795/1/56 3802/1/56
f 4168/1/56 4170/1/56 4175/1/56
f 4175/1/56 4170/1/56 4098/1/56
f 4175/1/56 4098/1/56 4176/1/56
f 4172/1/56 4177/1/56 4153/1/56
f 4153/1/56 4177/1/56 4178/1/56
f 4153/1/56 4178/1/56 3816/1/56
f 3816/1/56 4178/1/56 4179/1/56
f 4176/1/56 4098/1/56 4180/1/56
f 4180/1/56 4098/1/56 3802/1/56
f 4180/1/56 3802/1/56 4181/1/56
f 4181/1/56 3802/1/56 3796/1/56
f 4181/1/56 3796/1/56 4182/1/56
f 4182/1/56 3796/1/56 3798/1/56
f 4182/1/56 3798/1/56 4183/1/56
f 4183/1/56 3798/1/56 3806/1/56
f 4183/1/56 3806/1/56 4184/1/56
f 4184/1/56 3806/1/56 3808/1/56
f 4184/1/56 3808/1/56 4179/1/56
f 4179/1/56 3808/1/56 3809/1/56
f 4179/1/56 3809/1/56 3816/1/56
f 3792/1/56 3791/1/56 3794/1/56
f 3794/1/56 3791/1/56 3790/1/56
f 3794/1/56 3790/1/56 3774/1/56
f 3777/1/56 3779/1/56 4098/1/56
f 4098/1/56 3779/1/56 3782/1/56
f 4098/1/56 3782/1/56 3790/1/56
f 3790/1/56 3782/1/56 3775/1/56
f 3790/1/56 3775/1/56 3774/1/56
f 4185/1/56 4186/1/56 4187/1/56
f 4188/1/56 4189/1/56 4170/1/56
f 4188/1/56 4170/1/56 4190/1/56
f 3755/1/56 3762/1/56 4191/1/56
f 4192/1/56 4193/1/56 4098/1/56
f 4098/1/56 4193/1/56 4194/1/56
f 4191/1/56 4195/1/56 3755/1/56
f 3755/1/56 4195/1/56 4196/1/56
f 3755/1/56 4196/1/56 4185/1/56
f 4185/1/56 4196/1/56 4197/1/56
f 4185/1/56 4197/1/56 4186/1/56
f 4189/1/56 4198/1/56 4170/1/56
f 4170/1/56 4198/1/56 4199/1/56
f 4170/1/56 4199/1/56 4098/1/56
f 4098/1/56 4199/1/56 4200/1/56
f 4098/1/56 4200/1/56 4192/1/56
f 3771/1/56 3769/1/56 3757/1/56
f 3757/1/56 3769/1/56 3767/1/56
f 3767/1/56 3766/1/56 3757/1/56
f 3757/1/56 3766/1/56 4098/1/56
f 3757/1/56 4098/1/56 3759/1/56
f 3759/1/56 4098/1/56 4194/1/56
f 3759/1/56 4194/1/56 3762/1/56
f 3762/1/56 4194/1/56 4201/1/56
f 3762/1/56 4201/1/56 4191/1/56
f 4185/1/56 3742/1/56 3744/1/56
f 3732/1/56 3739/1/56 3737/1/56
f 3744/1/56 3752/1/56 4185/1/56
f 4185/1/56 3752/1/56 3754/1/56
f 4185/1/56 3754/1/56 3755/1/56
f 3737/1/56 3735/1/56 3732/1/56
f 3732/1/56 3735/1/56 3734/1/56
f 3732/1/56 3734/1/56 3729/1/56
f 3729/1/56 3734/1/56 3741/1/56
f 3729/1/56 3741/1/56 4185/1/56
f 4185/1/56 3741/1/56 3748/1/56
f 4185/1/56 3748/1/56 3742/1/56
f 3729/1/56 4202/1/56 3726/1/56
f 3726/1/56 4202/1/56 4203/1/56
f 3726/1/56 4203/1/56 3724/1/56
f 4204/1/56 4205/1/56 4097/1/56
f 4097/1/56 4205/1/56 4206/1/56
f 4097/1/56 4206/1/56 4207/1/56
f 4207/1/56 4206/1/56 4208/1/56
f 4207/1/56 4208/1/56 4209/1/56
f 4209/1/56 4210/1/56 4207/1/56
f 4207/1/56 4210/1/56 4211/1/56
f 4207/1/56 4211/1/56 4185/1/56
f 4185/1/56 4211/1/56 4212/1/56
f 4212/1/56 4213/1/56 4185/1/56
f 4185/1/56 4213/1/56 4214/1/56
f 4185/1/56 4214/1/56 3729/1/56
f 3729/1/56 4214/1/56 4215/1/56
f 3729/1/56 4215/1/56 4202/1/56
f 4203/1/56 4216/1/56 3724/1/56
f 3724/1/56 4216/1/56 4217/1/56
f 3724/1/56 4217/1/56 4097/1/56
f 4097/1/56 4217/1/56 4218/1/56
f 4097/1/56 4218/1/56 4204/1/56
f 4097/1/56 3708/1/56 3724/1/56
f 3724/1/56 3708/1/56 3706/1/56
f 3724/1/56 3706/1/56 3704/1/56
f 3712/1/56 3720/1/56 3704/1/56
f 3704/1/56 3720/1/56 3722/1/56
f 3704/1/56 3722/1/56 3724/1/56
f 3717/1/4611 3715/1/4611 3704/1/4611
f 3704/1/56 3715/1/56 3713/1/56
f 3704/1/56 3713/1/56 3712/1/56
f 4219/1/56 4220/1/56 3680/1/56
f 4221/1/56 4222/1/56 3675/1/56
f 3675/1/56 4222/1/56 4223/1/56
f 3675/1/56 4223/1/56 4101/1/56
f 4101/1/56 4223/1/56 4224/1/56
f 4101/1/56 4224/1/56 4225/1/56
f 4221/1/56 3675/1/56 4220/1/56
f 4220/1/56 3675/1/56 3677/1/56
f 4220/1/56 3677/1/56 3680/1/56
f 4225/1/56 4226/1/56 4101/1/56
f 4101/1/56 4226/1/56 4227/1/56
f 4101/1/56 4227/1/56 4207/1/56
f 4207/1/56 4227/1/56 4228/1/56
f 4207/1/56 4228/1/56 4229/1/56
f 3690/1/56 4230/1/56 3696/1/56
f 3696/1/56 4230/1/56 4231/1/56
f 3696/1/56 4231/1/56 3689/1/56
f 4229/1/56 4232/1/56 4207/1/56
f 4207/1/56 4232/1/56 4233/1/56
f 4207/1/56 4233/1/56 4097/1/56
f 4097/1/56 4233/1/56 4234/1/56
f 4097/1/56 4234/1/56 4230/1/56
f 3690/1/56 3692/1/56 4230/1/56
f 4230/1/56 3692/1/56 3700/1/56
f 4230/1/56 3700/1/56 4097/1/56
f 4097/1/4612 3700/1/4612 3702/1/4612
f 4097/1/56 3702/1/56 3710/1/56
f 3679/1/56 3687/1/56 3685/1/56
f 4231/1/56 4219/1/56 3689/1/56
f 3689/1/56 4219/1/56 3680/1/56
f 3689/1/56 3680/1/56 3682/1/56
f 3682/1/56 3680/1/56 3679/1/56
f 3682/1/56 3679/1/56 3683/1/56
f 3683/1/56 3679/1/56 3685/1/56
f 3663/1/56 3671/1/56 3655/1/56
f 3671/1/56 3673/1/56 3655/1/56
f 3655/1/56 3673/1/56 3675/1/56
f 3655/1/56 3675/1/56 3653/1/56
f 3653/1/56 3675/1/56 4101/1/56
f 3653/1/56 4101/1/56 3659/1/56
f 3659/1/56 4101/1/56 4108/1/56
f 3659/1/56 4108/1/56 4116/1/56
f 3668/1/56 3666/1/56 3655/1/56
f 3655/1/1699 3666/1/1699 3664/1/1699
f 3655/1/56 3664/1/56 3663/1/56
f 4130/1/56 4125/1/56 4124/1/56
f 4124/1/56 4125/1/56 4103/1/56
f 4124/1/56 4103/1/56 4145/1/56
f 4145/1/56 4103/1/56 4235/1/56
f 4145/1/56 4235/1/56 4153/1/56
f 4153/1/56 4235/1/56 4170/1/56
f 4153/1/56 4170/1/56 4174/1/56
f 4174/1/56 4170/1/56 4171/1/56
f 4102/1/56 4099/1/56 4103/1/56
f 4103/1/56 4099/1/56 4101/1/56
f 4103/1/56 4101/1/56 4235/1/56
f 4235/1/56 4101/1/56 4207/1/56
f 4235/1/56 4207/1/56 4170/1/56
f 4170/1/56 4207/1/56 4185/1/56
f 4170/1/56 4185/1/56 4190/1/56
f 4190/1/56 4185/1/56 4187/1/56
f 4236/1/4613 4237/1/4613 4238/1/4613
f 4239/1/4614 3877/1/4614 3876/1/4614
f 3876/1/4615 4240/1/4615 4239/1/4615
f 4239/1/4616 4240/1/4616 4241/1/4616
f 4239/1/4617 4241/1/4617 4242/1/4617
f 4242/1/4618 4241/1/4618 4243/1/4618
f 4243/1/4619 4241/1/4619 4244/1/4619
f 4243/1/4620 4244/1/4620 4238/1/4620
f 4238/1/4621 4244/1/4621 4245/1/4621
f 4238/1/4613 4245/1/4613 4236/1/4613
f 4246/1/4622 4247/1/4622 4248/1/4622
f 4248/1/4623 4247/1/4623 4249/1/4623
f 4248/1/4624 4249/1/4624 4250/1/4624
f 4248/1/4625 4251/1/4625 4246/1/4625
f 4246/1/4626 4251/1/4626 4252/1/4626
f 4246/1/4627 4252/1/4627 4253/1/4627
f 4253/1/4628 4252/1/4628 3827/1/4628
f 4253/1/4629 3827/1/4629 3826/1/4629
f 4249/1/4630 4254/1/4630 4250/1/4630
f 4250/1/4631 4254/1/4631 4255/1/4631
f 4250/1/4632 4255/1/4632 4256/1/4632
f 4249/1/4633 4247/1/4633 3861/1/4633
f 4247/1/4634 4246/1/4634 3861/1/4634
f 3861/1/4635 4246/1/4635 4253/1/4635
f 3861/1/4636 4253/1/4636 3826/1/4636
f 4249/1/4637 3861/1/4637 4257/1/4637
f 4257/1/4638 3861/1/4638 3862/1/4638
f 4257/1/4639 3862/1/4639 4258/1/4639
f 3865/1/4640 4259/1/4640 3864/1/4640
f 3864/1/4641 4259/1/4641 4258/1/4641
f 3864/1/4642 4258/1/4642 3863/1/4642
f 3863/1/4643 4258/1/4643 3862/1/4643
f 4260/1/4644 3866/1/4644 3867/1/4644
f 3874/1/4645 3877/1/4645 4239/1/4645
f 4239/1/4646 4242/1/4646 3874/1/4646
f 3874/1/4647 4242/1/4647 4243/1/4647
f 3874/1/4648 4243/1/4648 4261/1/4648
f 4260/1/4644 3867/1/4644 4262/1/4644
f 4262/1/4649 3867/1/4649 3868/1/4649
f 4262/1/4650 3868/1/4650 4263/1/4650
f 3868/1/4651 3869/1/4651 4263/1/4651
f 4263/1/4652 3869/1/4652 3870/1/4652
f 4263/1/4653 3870/1/4653 4264/1/4653
f 3870/1/4654 3871/1/4654 4264/1/4654
f 4264/1/4655 3871/1/4655 3872/1/4655
f 4264/1/4656 3872/1/4656 4261/1/4656
f 4261/1/4657 3872/1/4657 3873/1/4657
f 4261/1/4658 3873/1/4658 3874/1/4658
f 3866/1/4659 4260/1/4659 4265/1/4659
f 3866/1/4659 4265/1/4659 3890/1/4659
f 3890/1/4660 4265/1/4660 4266/1/4660
f 3890/1/4661 4266/1/4661 3891/1/4661
f 3891/1/4662 4266/1/4662 4267/1/4662
f 3891/1/4663 4267/1/4663 3888/1/4663
f 3888/1/4664 4267/1/4664 4268/1/4664
f 3888/1/4664 4268/1/4664 3889/1/4664
f 4269/1/4665 3904/1/4665 4268/1/4665
f 4268/1/4665 3904/1/4665 3889/1/4665
f 4270/1/4666 4271/1/4666 3892/1/4666
f 3892/1/4666 3908/1/4666 4270/1/4666
f 4270/1/4667 3908/1/4667 3907/1/4667
f 4270/1/4668 3907/1/4668 4272/1/4668
f 4272/1/4669 3907/1/4669 3906/1/4669
f 4272/1/4670 3906/1/4670 4269/1/4670
f 4269/1/4671 3906/1/4671 3905/1/4671
f 4269/1/4672 3905/1/4672 3904/1/4672
f 3892/1/4673 4271/1/4673 4273/1/4673
f 3892/1/4673 4273/1/4673 3893/1/4673
f 3893/1/4674 4273/1/4674 4274/1/4674
f 3893/1/4674 4274/1/4674 3894/1/4674
f 4275/1/4675 3903/1/4675 4274/1/4675
f 4274/1/4675 3903/1/4675 3894/1/4675
f 4276/1/4676 4277/1/4676 3896/1/4676
f 3896/1/4676 3899/1/4676 4276/1/4676
f 4276/1/4677 3899/1/4677 3900/1/4677
f 4276/1/4678 3900/1/4678 4278/1/4678
f 4278/1/4679 3900/1/4679 3901/1/4679
f 4278/1/4680 3901/1/4680 4275/1/4680
f 4275/1/4681 3901/1/4681 3902/1/4681
f 4275/1/4682 3902/1/4682 3903/1/4682
f 3896/1/4683 4277/1/4683 3898/1/4683
f 3898/1/4683 4277/1/4683 4279/1/4683
f 3898/1/4684 4279/1/4684 4280/1/4684
f 4281/1/4685 3895/1/4685 4280/1/4685
f 4280/1/4686 3895/1/4686 3897/1/4686
f 4280/1/4687 3897/1/4687 3898/1/4687
f 4281/1/4688 4282/1/4688 3895/1/4688
f 3895/1/4689 4282/1/4689 4259/1/4689
f 3895/1/4690 4259/1/4690 3865/1/4690
f 4283/1/48 4284/1/48 4285/1/48
f 4286/1/48 4287/1/48 4288/1/48
f 4254/1/48 4249/1/48 4257/1/48
f 4260/1/48 4262/1/48 4268/1/48
f 4262/1/48 4289/1/48 4290/1/48
f 4290/1/48 4289/1/48 4291/1/48
f 4291/1/48 4292/1/48 4290/1/48
f 4290/1/48 4292/1/48 4293/1/48
f 4290/1/48 4293/1/48 4294/1/48
f 4294/1/48 4293/1/48 4295/1/48
f 4294/1/48 4295/1/48 4296/1/48
f 4237/1/48 4297/1/48 4298/1/48
f 4261/1/48 4243/1/48 4238/1/48
f 4297/1/48 4237/1/48 4299/1/48
f 4299/1/48 4237/1/48 4300/1/48
f 4299/1/48 4300/1/48 4301/1/48
f 4301/1/48 4300/1/48 4302/1/48
f 4301/1/48 4302/1/48 4296/1/48
f 4296/1/48 4302/1/48 4303/1/48
f 4296/1/48 4303/1/48 4294/1/48
f 4294/1/48 4303/1/48 4304/1/48
f 4294/1/48 4304/1/48 4305/1/48
f 4238/1/48 4237/1/48 4261/1/48
f 4261/1/48 4237/1/48 4298/1/48
f 4261/1/48 4298/1/48 4264/1/48
f 4264/1/48 4298/1/48 4306/1/48
f 4264/1/48 4306/1/48 4263/1/48
f 4263/1/48 4306/1/48 4307/1/48
f 4263/1/48 4307/1/48 4262/1/48
f 4262/1/48 4307/1/48 4308/1/48
f 4262/1/48 4308/1/48 4289/1/48
f 4270/1/48 4272/1/48 4290/1/48
f 4290/1/48 4275/1/48 4274/1/48
f 4290/1/48 4272/1/48 4262/1/48
f 4262/1/48 4272/1/48 4269/1/48
f 4262/1/48 4269/1/48 4268/1/48
f 4274/1/48 4273/1/48 4290/1/48
f 4290/1/48 4273/1/48 4271/1/48
f 4290/1/48 4271/1/48 4270/1/48
f 4267/1/48 4266/1/48 4268/1/48
f 4268/1/48 4266/1/48 4265/1/48
f 4268/1/48 4265/1/48 4260/1/48
f 4309/1/48 4310/1/48 4290/1/48
f 4311/1/48 4312/1/48 4290/1/48
f 4290/1/48 4312/1/48 4313/1/48
f 4290/1/48 4313/1/48 4275/1/48
f 4313/1/48 4314/1/48 4275/1/48
f 4275/1/48 4314/1/48 4315/1/48
f 4275/1/48 4315/1/48 4278/1/48
f 4278/1/48 4315/1/48 4316/1/48
f 4278/1/48 4316/1/48 4276/1/48
f 4276/1/48 4316/1/48 4277/1/48
f 4310/1/48 4317/1/48 4290/1/48
f 4290/1/48 4317/1/48 4318/1/48
f 4290/1/48 4318/1/48 4311/1/48
f 4319/1/48 4320/1/48 4321/1/48
f 4321/1/48 4320/1/48 4322/1/48
f 4321/1/48 4322/1/48 4323/1/48
f 4323/1/48 4322/1/48 4324/1/48
f 4323/1/48 4324/1/48 4325/1/48
f 4325/1/48 4324/1/48 4326/1/48
f 4325/1/48 4326/1/48 4310/1/48
f 4310/1/48 4326/1/48 4327/1/48
f 4310/1/48 4327/1/48 4317/1/48
f 4259/1/48 4282/1/48 4316/1/48
f 4316/1/3351 4282/1/3351 4281/1/3351
f 4316/1/48 4281/1/48 4277/1/48
f 4277/1/48 4281/1/48 4280/1/48
f 4277/1/48 4280/1/48 4279/1/48
f 4316/1/48 4319/1/48 4259/1/48
f 4259/1/48 4319/1/48 4321/1/48
f 4259/1/48 4321/1/48 4258/1/48
f 4258/1/48 4321/1/48 4257/1/48
f 4257/1/48 4321/1/48 4255/1/48
f 4257/1/48 4255/1/48 4254/1/48
f 4328/1/48 4329/1/48 4330/1/48
f 4331/1/48 4332/1/48 4330/1/48
f 4286/1/48 4288/1/48 4333/1/48
f 4330/1/48 4332/1/48 4328/1/48
f 4328/1/48 4332/1/48 4334/1/48
f 4328/1/48 4334/1/48 4335/1/48
f 4335/1/48 4336/1/48 4328/1/48
f 4328/1/48 4336/1/48 4337/1/48
f 4328/1/3351 4337/1/3351 4338/1/3351
f 4337/1/48 4339/1/48 4338/1/48
f 4338/1/48 4339/1/48 4340/1/48
f 4338/1/48 4340/1/48 4341/1/48
f 4331/1/48 4330/1/48 4342/1/48
f 4342/1/48 4330/1/48 4343/1/48
f 4342/1/48 4343/1/48 4344/1/48
f 4344/1/48 4343/1/48 4345/1/48
f 4344/1/48 4345/1/48 4346/1/48
f 4346/1/48 4345/1/48 4347/1/48
f 4346/1/48 4347/1/48 4348/1/48
f 4348/1/48 4347/1/48 4349/1/48
f 4348/1/48 4349/1/48 4350/1/48
f 4350/1/48 4349/1/48 4341/1/48
f 4341/1/48 4349/1/48 4351/1/48
f 4341/1/48 4351/1/48 4338/1/48
f 4347/1/48 4352/1/48 4349/1/48
f 4349/1/48 4352/1/48 4353/1/48
f 4349/1/48 4353/1/48 4354/1/48
f 4354/1/48 4353/1/48 4355/1/48
f 4355/1/48 4356/1/48 4357/1/48
f 4358/1/48 4359/1/48 4360/1/48
f 4360/1/48 4359/1/48 4354/1/48
f 4360/1/48 4354/1/48 4361/1/48
f 4361/1/48 4354/1/48 4355/1/48
f 4361/1/48 4355/1/48 4362/1/48
f 4362/1/48 4355/1/48 4357/1/48
f 4363/1/48 4364/1/48 4365/1/48
f 4329/1/48 4328/1/48 4365/1/48
f 4365/1/48 4328/1/48 4366/1/48
f 4365/1/48 4366/1/48 4363/1/48
f 4367/1/4691 4368/1/4691 4369/1/4691
f 4369/1/48 4368/1/48 4365/1/48
f 4369/1/48 4365/1/48 4370/1/48
f 4370/1/48 4365/1/48 4364/1/48
f 4371/1/48 4328/1/48 4372/1/48
f 4372/1/48 4328/1/48 4373/1/48
f 4372/1/48 4373/1/48 4374/1/48
f 4375/1/48 4376/1/48 4328/1/48
f 4328/1/48 4376/1/48 4377/1/48
f 4328/1/48 4377/1/48 4366/1/48
f 4377/1/48 4378/1/48 4366/1/48
f 4366/1/48 4378/1/48 4379/1/48
f 4366/1/48 4379/1/48 4380/1/48
f 4379/1/48 4381/1/48 4380/1/48
f 4380/1/48 4381/1/48 4382/1/48
f 4380/1/48 4382/1/48 4383/1/48
f 4382/1/48 4384/1/48 4383/1/48
f 4383/1/48 4384/1/48 4385/1/48
f 4383/1/48 4385/1/48 4386/1/48
f 4386/1/48 4385/1/48 4387/1/48
f 4386/1/48 4387/1/48 4388/1/48
f 4388/1/48 4387/1/48 4389/1/48
f 4388/1/48 4389/1/48 4371/1/48
f 4389/1/1631 4390/1/1631 4371/1/1631
f 4371/1/48 4390/1/48 4391/1/48
f 4371/1/127 4391/1/127 4328/1/127
f 4328/1/48 4391/1/48 4392/1/48
f 4328/1/48 4392/1/48 4375/1/48
f 4283/1/48 4285/1/48 4393/1/48
f 4393/1/48 4285/1/48 4383/1/48
f 4383/1/48 4285/1/48 4394/1/48
f 4383/1/48 4394/1/48 4380/1/48
f 4395/1/48 4396/1/48 4397/1/48
f 4398/1/48 4399/1/48 4400/1/48
f 4400/1/48 4399/1/48 4401/1/48
f 4400/1/48 4401/1/48 4402/1/48
f 4395/1/48 4397/1/48 4403/1/48
f 4404/1/48 4405/1/48 4373/1/48
f 4373/1/48 4405/1/48 4406/1/48
f 4373/1/48 4406/1/48 4374/1/48
f 4407/1/48 4408/1/48 4404/1/48
f 4404/1/48 4408/1/48 4409/1/48
f 4397/1/48 4410/1/48 4403/1/48
f 4403/1/48 4410/1/48 4411/1/48
f 4403/1/48 4411/1/48 4412/1/48
f 4412/1/48 4411/1/48 4405/1/48
f 4409/1/48 4413/1/48 4404/1/48
f 4404/1/48 4413/1/48 4414/1/48
f 4404/1/48 4414/1/48 4405/1/48
f 4405/1/48 4414/1/48 4415/1/48
f 4405/1/48 4415/1/48 4412/1/48
f 4416/1/48 4417/1/48 4418/1/48
f 4418/1/48 4417/1/48 4419/1/48
f 4418/1/48 4419/1/48 4420/1/48
f 4420/1/48 4419/1/48 4397/1/48
f 4420/1/48 4397/1/48 4401/1/48
f 4401/1/48 4397/1/48 4396/1/48
f 4401/1/48 4396/1/48 4402/1/48
f 4398/1/48 4407/1/48 4399/1/48
f 4399/1/48 4407/1/48 4404/1/48
f 4399/1/48 4404/1/48 4421/1/48
f 4421/1/48 4404/1/48 4422/1/48
f 4423/1/48 4424/1/48 4404/1/48
f 4425/1/48 4426/1/48 4427/1/48
f 4428/1/48 4429/1/48 4430/1/48
f 4425/1/48 4427/1/48 4431/1/48
f 4424/1/48 4432/1/48 4404/1/48
f 4404/1/48 4432/1/48 4433/1/48
f 4404/1/48 4433/1/48 4422/1/48
f 4434/1/48 4435/1/48 4428/1/48
f 4428/1/48 4435/1/48 4436/1/48
f 4428/1/48 4436/1/48 4437/1/48
f 4437/1/48 4436/1/48 4438/1/48
f 4437/1/48 4438/1/48 4439/1/48
f 4439/1/48 4438/1/48 4431/1/48
f 4439/1/48 4431/1/48 4440/1/48
f 4440/1/48 4431/1/48 4427/1/48
f 4440/1/48 4427/1/48 4441/1/48
f 4441/1/48 4427/1/48 4442/1/48
f 4441/1/48 4442/1/48 4443/1/48
f 4443/1/48 4442/1/48 4444/1/48
f 4443/1/48 4444/1/48 4445/1/48
f 4445/1/48 4444/1/48 4422/1/48
f 4445/1/48 4422/1/48 4446/1/48
f 4446/1/48 4422/1/48 4433/1/48
f 4447/1/48 4448/1/48 4449/1/48
f 4449/1/48 4448/1/48 4450/1/48
f 4434/1/48 4428/1/48 4451/1/48
f 4451/1/48 4428/1/48 4430/1/48
f 4451/1/48 4430/1/48 4452/1/48
f 4453/1/48 4454/1/48 4455/1/48
f 4455/1/48 4454/1/48 4456/1/48
f 4457/1/48 4458/1/48 4455/1/48
f 4455/1/48 4458/1/48 4459/1/48
f 4455/1/48 4459/1/48 4453/1/48
f 4460/1/48 4461/1/48 4430/1/48
f 4430/1/48 4461/1/48 4462/1/48
f 4430/1/48 4462/1/48 4463/1/48
f 4464/1/48 4465/1/48 4466/1/48
f 4466/1/48 4465/1/48 4467/1/48
f 4466/1/48 4467/1/48 4468/1/48
f 4467/1/48 4469/1/48 4470/1/48
f 4470/1/48 4469/1/48 4471/1/48
f 4470/1/48 4471/1/48 4430/1/48
f 4430/1/48 4471/1/48 4472/1/48
f 4430/1/48 4472/1/48 4452/1/48
f 4457/1/48 4473/1/48 4458/1/48
f 4458/1/48 4473/1/48 4474/1/48
f 4458/1/48 4474/1/48 4475/1/48
f 4475/1/48 4474/1/48 4470/1/48
f 4475/1/48 4470/1/48 4476/1/48
f 4476/1/48 4470/1/48 4430/1/48
f 4476/1/48 4430/1/48 4477/1/48
f 4477/1/48 4430/1/48 4463/1/48
f 4478/1/48 4479/1/48 4480/1/48
f 4480/1/48 4479/1/48 4468/1/48
f 4480/1/48 4468/1/48 4481/1/48
f 4481/1/48 4468/1/48 4467/1/48
f 4481/1/48 4467/1/48 4482/1/48
f 4482/1/48 4467/1/48 4470/1/48
f 4483/1/48 4484/1/48 4485/1/48
f 4454/1/48 4447/1/48 4456/1/48
f 4456/1/48 4447/1/48 4449/1/48
f 4456/1/48 4449/1/48 4485/1/48
f 4485/1/48 4449/1/48 4486/1/48
f 4485/1/48 4486/1/48 4483/1/48
f 4487/1/48 4488/1/48 4489/1/48
f 4489/1/48 4488/1/48 4485/1/48
f 4489/1/48 4485/1/48 4490/1/48
f 4490/1/48 4485/1/48 4484/1/48
f 4294/1/48 4491/1/48 4449/1/48
f 4449/1/48 4491/1/48 4492/1/48
f 4493/1/48 4305/1/48 4494/1/48
f 4305/1/48 4493/1/48 4294/1/48
f 4294/1/48 4493/1/48 4495/1/48
f 4294/1/48 4495/1/48 4491/1/48
f 4496/1/48 4497/1/48 4498/1/48
f 4494/1/48 4499/1/48 4493/1/48
f 4493/1/48 4499/1/48 4500/1/48
f 4493/1/48 4500/1/48 4501/1/48
f 4501/1/48 4500/1/48 4502/1/48
f 4501/1/48 4502/1/48 4503/1/48
f 4503/1/48 4502/1/48 4504/1/48
f 4492/1/48 4505/1/48 4449/1/48
f 4449/1/48 4505/1/48 4506/1/48
f 4449/1/48 4506/1/48 4486/1/48
f 4486/1/48 4506/1/48 4507/1/48
f 4486/1/48 4507/1/48 4508/1/48
f 4509/1/48 4510/1/48 4511/1/48
f 4511/1/48 4510/1/48 4486/1/48
f 4511/1/48 4486/1/48 4512/1/48
f 4512/1/48 4486/1/48 4508/1/48
f 4512/1/48 4508/1/48 4513/1/48
f 4508/1/48 4514/1/48 4513/1/48
f 4513/1/48 4514/1/48 4515/1/48
f 4513/1/48 4515/1/48 4516/1/48
f 4516/1/48 4515/1/48 4517/1/48
f 4516/1/48 4517/1/48 4498/1/48
f 4498/1/48 4517/1/48 4503/1/48
f 4498/1/48 4503/1/48 4496/1/48
f 4496/1/48 4503/1/48 4504/1/48
f 4518/1/48 4519/1/48 4511/1/48
f 4511/1/48 4519/1/48 4520/1/48
f 4511/1/48 4520/1/48 4509/1/48
f 4450/1/48 4460/1/48 4449/1/48
f 4449/1/48 4460/1/48 4430/1/48
f 4449/1/48 4430/1/48 4294/1/48
f 4294/1/48 4430/1/48 4521/1/48
f 4294/1/48 4521/1/48 4290/1/48
f 4290/1/48 4521/1/48 4288/1/48
f 4290/1/48 4288/1/48 4309/1/48
f 4309/1/48 4288/1/48 4287/1/48
f 4429/1/48 4423/1/48 4430/1/48
f 4430/1/48 4423/1/48 4404/1/48
f 4430/1/48 4404/1/48 4521/1/48
f 4521/1/48 4404/1/48 4373/1/48
f 4521/1/48 4373/1/48 4288/1/48
f 4288/1/48 4373/1/48 4328/1/48
f 4288/1/48 4328/1/48 4333/1/48
f 4333/1/48 4328/1/48 4338/1/48
f 4522/1/4692 3926/1/4692 3930/1/4692
f 3930/1/4693 4523/1/4693 4522/1/4693
f 4522/1/4694 4523/1/4694 4524/1/4694
f 4522/1/4695 4524/1/4695 4525/1/4695
f 4525/1/4696 4524/1/4696 4464/1/4696
f 4464/1/4697 4524/1/4697 4526/1/4697
f 4464/1/4698 4526/1/4698 4465/1/4698
f 4526/1/4699 4527/1/4699 4465/1/4699
f 4465/1/4700 4527/1/4700 4528/1/4700
f 4465/1/4700 4528/1/4700 4467/1/4700
f 4497/1/4701 4496/1/4701 4529/1/4701
f 4529/1/4702 4496/1/4702 4504/1/4702
f 4529/1/4702 4504/1/4702 4530/1/4702
f 4529/1/4703 4531/1/4703 4497/1/4703
f 4497/1/4704 4531/1/4704 4532/1/4704
f 4497/1/4705 4532/1/4705 4533/1/4705
f 4533/1/4706 4532/1/4706 4534/1/4706
f 4533/1/4707 4534/1/4707 4535/1/4707
f 4535/1/4708 4534/1/4708 4020/1/4708
f 4535/1/4709 4020/1/4709 4022/1/4709
f 3918/1/4710 4466/1/4710 3920/1/4710
f 3920/1/4711 4466/1/4711 4468/1/4711
f 4464/1/4712 4466/1/4712 4525/1/4712
f 4525/1/4713 4466/1/4713 3918/1/4713
f 4525/1/4714 3918/1/4714 4522/1/4714
f 4522/1/4715 3918/1/4715 3926/1/4715
f 4535/1/4716 4022/1/4716 4012/1/4716
f 4025/1/4717 4516/1/4717 4498/1/4717
f 4535/1/4718 4012/1/4718 4533/1/4718
f 4025/1/4719 4498/1/4719 4012/1/4719
f 4012/1/4720 4498/1/4720 4497/1/4720
f 4012/1/4721 4497/1/4721 4533/1/4721
f 3997/1/4722 4511/1/4722 4027/1/4722
f 4027/1/4722 4511/1/4722 4512/1/4722
f 4027/1/4723 4512/1/4723 4026/1/4723
f 4026/1/4724 4512/1/4724 4513/1/4724
f 4026/1/4725 4513/1/4725 4025/1/4725
f 4025/1/4726 4513/1/4726 4516/1/4726
f 3998/1/4727 4509/1/4727 4520/1/4727
f 3998/1/4727 4520/1/4727 3999/1/4727
f 3999/1/4728 4520/1/4728 4519/1/4728
f 3999/1/4729 4519/1/4729 4000/1/4729
f 4000/1/4730 4519/1/4730 4518/1/4730
f 4000/1/4730 4518/1/4730 3996/1/4730
f 3996/1/4731 4518/1/4731 4511/1/4731
f 3996/1/4731 4511/1/4731 3997/1/4731
f 3992/1/4732 4490/1/4732 4484/1/4732
f 3992/1/4732 4484/1/4732 4002/1/4732
f 4002/1/4733 4484/1/4733 4483/1/4733
f 4002/1/4733 4483/1/4733 4003/1/4733
f 4003/1/4734 4483/1/4734 4486/1/4734
f 4003/1/4734 4486/1/4734 4004/1/4734
f 4004/1/4735 4486/1/4735 4510/1/4735
f 4004/1/4735 4510/1/4735 4001/1/4735
f 4001/1/4736 4510/1/4736 4509/1/4736
f 4001/1/4736 4509/1/4736 3998/1/4736
f 3993/1/4737 4485/1/4737 4488/1/4737
f 3993/1/4737 4488/1/4737 4536/1/4737
f 4536/1/4738 4488/1/4738 4487/1/4738
f 4536/1/4739 4487/1/4739 4537/1/4739
f 4537/1/4740 4487/1/4740 4489/1/4740
f 4537/1/4741 4489/1/4741 4538/1/4741
f 4538/1/4742 4489/1/4742 4490/1/4742
f 4538/1/4742 4490/1/4742 3992/1/4742
f 4007/1/4743 4457/1/4743 4006/1/4743
f 4006/1/4743 4457/1/4743 4455/1/4743
f 4006/1/4744 4455/1/4744 4005/1/4744
f 4005/1/4744 4455/1/4744 4456/1/4744
f 4005/1/4745 4456/1/4745 3993/1/4745
f 3993/1/4745 4456/1/4745 4485/1/4745
f 4457/1/4746 4007/1/4746 4009/1/4746
f 4457/1/4746 4009/1/4746 4473/1/4746
f 4473/1/4747 4009/1/4747 4008/1/4747
f 4473/1/4748 4008/1/4748 4474/1/4748
f 4028/1/4749 4481/1/4749 4029/1/4749
f 4029/1/4749 4481/1/4749 4482/1/4749
f 4029/1/4750 4482/1/4750 4030/1/4750
f 4030/1/4750 4482/1/4750 4470/1/4750
f 4030/1/4751 4470/1/4751 4008/1/4751
f 4008/1/4751 4470/1/4751 4474/1/4751
f 4481/1/4752 4028/1/4752 4539/1/4752
f 4481/1/4753 4539/1/4753 4480/1/4753
f 4480/1/4754 4539/1/4754 4540/1/4754
f 4480/1/4754 4540/1/4754 4478/1/4754
f 4478/1/4755 4540/1/4755 4541/1/4755
f 4478/1/4755 4541/1/4755 4479/1/4755
f 4479/1/4756 4541/1/4756 3920/1/4756
f 4479/1/4756 3920/1/4756 4468/1/4756
f 4542/1/4757 3984/1/4757 3988/1/4757
f 3988/1/4758 4543/1/4758 4542/1/4758
f 4542/1/4759 4543/1/4759 4544/1/4759
f 4542/1/4760 4544/1/4760 4545/1/4760
f 4545/1/4761 4544/1/4761 4546/1/4761
f 4545/1/4762 4546/1/4762 4416/1/4762
f 4416/1/4763 4546/1/4763 4417/1/4763
f 4546/1/4764 4547/1/4764 4417/1/4764
f 4417/1/4765 4547/1/4765 4548/1/4765
f 4417/1/4766 4548/1/4766 4419/1/4766
f 4425/1/4767 4431/1/4767 4549/1/4767
f 4549/1/4767 4550/1/4767 4425/1/4767
f 4425/1/4768 4550/1/4768 4551/1/4768
f 4425/1/4769 4551/1/4769 4426/1/4769
f 4426/1/4770 4551/1/4770 4552/1/4770
f 4426/1/4771 4552/1/4771 4553/1/4771
f 4553/1/4772 4552/1/4772 4554/1/4772
f 4553/1/4773 4554/1/4773 4555/1/4773
f 4555/1/4774 4554/1/4774 3942/1/4774
f 4555/1/4775 3942/1/4775 3943/1/4775
f 4545/1/4776 4416/1/4776 4418/1/4776
f 3971/1/4777 3984/1/4777 4542/1/4777
f 4426/1/4778 4553/1/4778 3944/1/4778
f 3944/1/4779 4553/1/4779 4555/1/4779
f 3944/1/4780 4555/1/4780 3943/1/4780
f 4426/1/4781 3944/1/4781 4427/1/4781
f 4427/1/4782 3944/1/4782 3946/1/4782
f 4427/1/4783 3946/1/4783 4442/1/4783
f 3946/1/4784 3949/1/4784 4442/1/4784
f 4442/1/4785 3949/1/4785 3951/1/4785
f 4442/1/4786 3951/1/4786 4444/1/4786
f 3951/1/4787 3952/1/4787 4444/1/4787
f 4444/1/4788 3952/1/4788 3954/1/4788
f 4444/1/4789 3954/1/4789 4422/1/4789
f 3954/1/4790 3955/1/4790 4422/1/4790
f 4422/1/4791 3955/1/4791 3957/1/4791
f 4422/1/4792 3957/1/4792 4421/1/4792
f 3957/1/4793 3958/1/4793 4421/1/4793
f 4421/1/4794 3958/1/4794 3960/1/4794
f 4421/1/4795 3960/1/4795 4399/1/4795
f 3960/1/4796 3961/1/4796 4399/1/4796
f 4399/1/4797 3961/1/4797 3963/1/4797
f 4399/1/4798 3963/1/4798 4401/1/4798
f 3963/1/4799 3964/1/4799 4401/1/4799
f 4401/1/4800 3964/1/4800 3966/1/4800
f 4401/1/4801 3966/1/4801 4420/1/4801
f 4542/1/4802 4545/1/4802 3971/1/4802
f 3971/1/4803 4545/1/4803 4418/1/4803
f 3971/1/4804 4418/1/4804 3969/1/4804
f 3969/1/4805 4418/1/4805 4420/1/4805
f 3969/1/4806 4420/1/4806 3967/1/4806
f 3967/1/4807 4420/1/4807 3966/1/4807
f 4556/1/4808 3850/1/4808 3828/1/4808
f 3828/1/4809 4557/1/4809 4556/1/4809
f 4556/1/4810 4557/1/4810 4558/1/4810
f 4556/1/4811 4558/1/4811 4559/1/4811
f 4559/1/4812 4558/1/4812 4560/1/4812
f 4559/1/4813 4560/1/4813 4358/1/4813
f 4358/1/4814 4560/1/4814 4359/1/4814
f 4560/1/4815 4561/1/4815 4359/1/4815
f 4359/1/4816 4561/1/4816 4562/1/4816
f 4359/1/4817 4562/1/4817 4354/1/4817
f 4563/1/4818 4564/1/4818 4565/1/4818
f 4565/1/4819 4564/1/4819 4284/1/4819
f 4565/1/4820 4284/1/4820 4566/1/4820
f 4565/1/4821 4567/1/4821 4563/1/4821
f 4563/1/4822 4567/1/4822 4568/1/4822
f 4563/1/4823 4568/1/4823 4569/1/4823
f 4569/1/4824 4568/1/4824 4055/1/4824
f 4569/1/4825 4055/1/4825 4042/1/4825
f 4284/1/4826 4283/1/4826 4566/1/4826
f 4566/1/4827 4283/1/4827 4393/1/4827
f 4566/1/4828 4393/1/4828 4570/1/4828
f 4571/1/4829 4370/1/4829 4364/1/4829
f 4564/1/4830 4563/1/4830 4039/1/4830
f 4039/1/4831 4563/1/4831 4569/1/4831
f 4039/1/4832 4569/1/4832 4042/1/4832
f 4394/1/4833 4285/1/4833 4039/1/4833
f 4039/1/4834 4285/1/4834 4284/1/4834
f 4039/1/4835 4284/1/4835 4564/1/4835
f 4039/1/4836 4071/1/4836 4394/1/4836
f 4394/1/4837 4071/1/4837 4070/1/4837
f 4394/1/4838 4070/1/4838 4380/1/4838
f 4070/1/4839 4068/1/4839 4380/1/4839
f 4380/1/4840 4068/1/4840 4067/1/4840
f 4380/1/4841 4067/1/4841 4366/1/4841
f 4067/1/4842 4065/1/4842 4366/1/4842
f 4366/1/4843 4065/1/4843 4064/1/4843
f 4366/1/4844 4064/1/4844 4363/1/4844
f 4363/1/4845 4064/1/4845 4062/1/4845
f 4056/1/4846 4571/1/4846 4058/1/4846
f 4058/1/4846 4571/1/4846 4364/1/4846
f 4058/1/4847 4364/1/4847 4059/1/4847
f 4059/1/4848 4364/1/4848 4363/1/4848
f 4059/1/4849 4363/1/4849 4061/1/4849
f 4061/1/4850 4363/1/4850 4062/1/4850
f 4360/1/4851 4361/1/4851 4572/1/4851
f 3850/1/4852 4556/1/4852 3843/1/4852
f 3843/1/4853 4556/1/4853 4559/1/4853
f 4559/1/4854 4358/1/4854 3843/1/4854
f 3843/1/4855 4358/1/4855 4360/1/4855
f 3843/1/4856 4360/1/4856 3842/1/4856
f 3842/1/4857 4360/1/4857 4572/1/4857
f 3842/1/4858 4572/1/4858 3841/1/4858
f 4572/1/4859 4361/1/4859 4362/1/4859
f 4073/1/4860 3841/1/4860 4572/1/4860
f 4572/1/4861 4362/1/4861 4073/1/4861
f 4073/1/4862 4362/1/4862 4357/1/4862
f 4073/1/4862 4357/1/4862 4074/1/4862
f 4074/1/4863 4357/1/4863 4356/1/4863
f 4074/1/4863 4356/1/4863 4075/1/4863
f 4075/1/4864 4356/1/4864 4355/1/4864
f 4075/1/4865 4355/1/4865 4076/1/4865
f 4076/1/4866 4355/1/4866 4087/1/4866
f 4087/1/4867 4355/1/4867 4353/1/4867
f 4087/1/4868 4353/1/4868 4086/1/4868
f 4086/1/4868 4353/1/4868 4352/1/4868
f 4086/1/4869 4352/1/4869 4077/1/4869
f 4077/1/4869 4352/1/4869 4347/1/4869
f 4343/1/4870 4079/1/4870 4078/1/4870
f 4343/1/4870 4078/1/4870 4345/1/4870
f 4345/1/4871 4078/1/4871 4077/1/4871
f 4345/1/4871 4077/1/4871 4347/1/4871
f 4079/1/4872 4343/1/4872 4084/1/4872
f 4084/1/4872 4343/1/4872 4330/1/4872
f 4084/1/4873 4330/1/4873 4085/1/4873
f 4085/1/4873 4330/1/4873 4329/1/4873
f 4085/1/4874 4329/1/4874 4083/1/4874
f 4083/1/4874 4329/1/4874 4365/1/4874
f 4573/1/4875 4056/1/4875 4080/1/4875
f 4573/1/4876 4080/1/4876 4370/1/4876
f 4370/1/4877 4080/1/4877 4369/1/4877
f 4369/1/4878 4080/1/4878 4081/1/4878
f 4369/1/4878 4081/1/4878 4367/1/4878
f 4367/1/4879 4081/1/4879 4082/1/4879
f 4367/1/4879 4082/1/4879 4368/1/4879
f 4368/1/4880 4082/1/4880 4083/1/4880
f 4368/1/4881 4083/1/4881 4365/1/4881
f 4574/1/4882 4046/1/4882 4045/1/4882
f 3979/1/4883 4575/1/4883 3980/1/4883
f 3980/1/4884 4575/1/4884 4576/1/4884
f 3980/1/4885 4576/1/4885 3981/1/4885
f 3981/1/4886 4576/1/4886 4577/1/4886
f 3986/1/4887 3985/1/4887 4578/1/4887
f 4578/1/4888 3985/1/4888 3983/1/4888
f 4578/1/4889 3983/1/4889 4577/1/4889
f 4577/1/4890 3983/1/4890 3982/1/4890
f 4577/1/4891 3982/1/4891 3981/1/4891
f 4579/1/4892 3989/1/4892 4578/1/4892
f 4578/1/4893 3989/1/4893 3990/1/4893
f 4578/1/4894 3990/1/4894 3986/1/4894
f 4580/1/4895 4037/1/4895 4579/1/4895
f 4579/1/4896 4037/1/4896 4043/1/4896
f 4043/1/4897 4041/1/4897 4579/1/4897
f 4579/1/4898 4041/1/4898 4040/1/4898
f 4579/1/4899 4040/1/4899 3989/1/4899
f 4574/1/4900 4045/1/4900 4581/1/4900
f 4581/1/4901 4045/1/4901 4044/1/4901
f 4581/1/4902 4044/1/4902 4580/1/4902
f 4580/1/4903 4044/1/4903 4038/1/4903
f 4580/1/4904 4038/1/4904 4037/1/4904
f 4053/1/4905 4054/1/4905 4582/1/4905
f 4583/1/4906 4575/1/4906 3979/1/4906
f 4046/1/4907 4574/1/4907 4047/1/4907
f 4047/1/4908 4574/1/4908 4584/1/4908
f 4047/1/4909 4584/1/4909 4048/1/4909
f 4048/1/4910 4584/1/4910 4585/1/4910
f 4054/1/4911 4051/1/4911 4582/1/4911
f 4582/1/4912 4051/1/4912 4050/1/4912
f 4582/1/4913 4050/1/4913 4585/1/4913
f 4585/1/4914 4050/1/4914 4049/1/4914
f 4585/1/4915 4049/1/4915 4048/1/4915
f 4053/1/4916 4582/1/4916 3974/1/4916
f 3974/1/4917 4582/1/4917 4586/1/4917
f 3974/1/4918 4586/1/4918 3975/1/4918
f 3975/1/4919 4586/1/4919 3977/1/4919
f 3977/1/4920 4586/1/4920 4587/1/4920
f 3977/1/4921 4587/1/4921 3976/1/4921
f 3979/1/4922 3978/1/4922 4583/1/4922
f 4583/1/4923 3978/1/4923 3973/1/4923
f 4583/1/4924 3973/1/4924 4587/1/4924
f 4587/1/4925 3973/1/4925 3972/1/4925
f 4587/1/4926 3972/1/4926 3976/1/4926
f 4578/1/4927 4577/1/4927 4576/1/4927
f 4587/1/4927 4586/1/4927 4583/1/4927
f 4583/1/4927 4586/1/4927 4582/1/4927
f 4576/1/4927 4575/1/4927 4574/1/4927
f 4574/1/4927 4575/1/4927 4583/1/4927
f 4574/1/4927 4583/1/4927 4584/1/4927
f 4584/1/4927 4583/1/4927 4582/1/4927
f 4584/1/4927 4582/1/4927 4585/1/4927
f 4579/1/4927 4578/1/4927 4580/1/4927
f 4580/1/4927 4578/1/4927 4576/1/4927
f 4580/1/4927 4576/1/4927 4581/1/4927
f 4581/1/4927 4576/1/4927 4574/1/4927
f 4588/1/4928 4589/1/4928 3858/1/4928
f 3844/1/4929 4590/1/4929 3845/1/4929
f 3845/1/4930 4590/1/4930 4591/1/4930
f 3845/1/4931 4591/1/4931 3846/1/4931
f 3846/1/4932 4591/1/4932 4592/1/4932
f 3851/1/4933 3849/1/4933 4593/1/4933
f 4593/1/4934 3849/1/4934 3848/1/4934
f 4593/1/4935 3848/1/4935 4592/1/4935
f 4592/1/4936 3848/1/4936 3847/1/4936
f 4592/1/4937 3847/1/4937 3846/1/4937
f 3851/1/4938 4593/1/4938 3852/1/4938
f 3852/1/4939 4593/1/4939 4594/1/4939
f 3852/1/4940 4594/1/4940 3853/1/4940
f 3853/1/4941 4594/1/4941 3854/1/4941
f 3854/1/4942 4594/1/4942 4595/1/4942
f 3854/1/4943 4595/1/4943 3855/1/4943
f 3858/1/4944 3860/1/4944 4588/1/4944
f 4588/1/4945 3860/1/4945 3857/1/4945
f 4588/1/4946 3857/1/4946 4595/1/4946
f 4595/1/4947 3857/1/4947 3856/1/4947
f 4595/1/4948 3856/1/4948 3855/1/4948
f 4596/1/4949 4590/1/4949 3844/1/4949
f 3858/1/4950 4589/1/4950 3859/1/4950
f 3859/1/4951 4589/1/4951 4597/1/4951
f 3859/1/4952 4597/1/4952 3829/1/4952
f 3829/1/4953 4597/1/4953 4598/1/4953
f 3833/1/4954 3832/1/4954 4599/1/4954
f 4599/1/4955 3832/1/4955 3831/1/4955
f 4599/1/4956 3831/1/4956 4598/1/4956
f 4598/1/4957 3831/1/4957 3830/1/4957
f 4598/1/4958 3830/1/4958 3829/1/4958
f 3833/1/4959 4599/1/4959 3834/1/4959
f 3834/1/4960 4599/1/4960 4600/1/4960
f 3834/1/4961 4600/1/4961 3835/1/4961
f 3835/1/4962 4600/1/4962 3836/1/4962
f 3836/1/4963 4600/1/4963 4601/1/4963
f 3836/1/4964 4601/1/4964 3837/1/4964
f 3844/1/4965 3840/1/4965 4596/1/4965
f 4596/1/4966 3840/1/4966 3839/1/4966
f 4596/1/4967 3839/1/4967 4601/1/4967
f 4601/1/4968 3839/1/4968 3838/1/4968
f 4601/1/4969 3838/1/4969 3837/1/4969
f 4597/1/4970 4590/1/4970 4596/1/4970
f 4595/1/4970 4594/1/4970 4588/1/4970
f 4588/1/4970 4594/1/4970 4593/1/4970
f 4597/1/4970 4589/1/4970 4590/1/4970
f 4590/1/4970 4589/1/4970 4588/1/4970
f 4590/1/4970 4588/1/4970 4591/1/4970
f 4591/1/4970 4588/1/4970 4593/1/4970
f 4591/1/4970 4593/1/4970 4592/1/4970
f 4599/1/4970 4598/1/4970 4600/1/4970
f 4600/1/4970 4598/1/4970 4597/1/4970
f 4600/1/4970 4597/1/4970 4601/1/4970
f 4601/1/4970 4597/1/4970 4596/1/4970
f 3882/1/4971 4602/1/4971 3883/1/4971
f 3883/1/4972 4602/1/4972 4603/1/4972
f 3883/1/4973 4603/1/4973 3884/1/4973
f 3884/1/4974 4603/1/4974 4604/1/4974
f 4605/1/4975 3887/1/4975 4606/1/4975
f 4606/1/4976 3887/1/4976 3886/1/4976
f 4606/1/4977 3886/1/4977 4604/1/4977
f 4604/1/4978 3886/1/4978 3885/1/4978
f 4604/1/4979 3885/1/4979 3884/1/4979
f 4607/1/4980 4608/1/4980 4609/1/4980
f 4609/1/4981 4608/1/4981 4605/1/4981
f 4609/1/4982 4605/1/4982 4610/1/4982
f 4610/1/4983 4605/1/4983 4606/1/4983
f 4610/1/4984 4606/1/4984 4611/1/4984
f 4611/1/4985 4606/1/4985 4612/1/4985
f 4611/1/4986 4612/1/4986 4613/1/4986
f 4613/1/4987 4612/1/4987 4023/1/4987
f 4023/1/4988 4612/1/4988 4024/1/4988
f 4024/1/55 4612/1/55 4614/1/55
f 4024/1/4989 4614/1/4989 4010/1/4989
f 4615/1/4990 4014/1/4990 4616/1/4990
f 4616/1/4991 4014/1/4991 4013/1/4991
f 4616/1/4992 4013/1/4992 4614/1/4992
f 4614/1/4993 4013/1/4993 4011/1/4993
f 4614/1/4994 4011/1/4994 4010/1/4994
f 4088/1/4995 4617/1/4995 3878/1/4995
f 3878/1/4996 4617/1/4996 4618/1/4996
f 3878/1/4997 4618/1/4997 3879/1/4997
f 3879/1/4998 4618/1/4998 4619/1/4998
f 3879/1/4999 4619/1/4999 3880/1/4999
f 4602/1/5000 3882/1/5000 4619/1/5000
f 4619/1/5001 3882/1/5001 3881/1/5001
f 4619/1/5002 3881/1/5002 3880/1/5002
f 4014/1/5003 4615/1/5003 4015/1/5003
f 4015/1/5004 4615/1/5004 4620/1/5004
f 4015/1/5005 4620/1/5005 4016/1/5005
f 4016/1/5006 4620/1/5006 4621/1/5006
f 4622/1/5007 4095/1/5007 4096/1/5007
f 4096/1/5008 4017/1/5008 4622/1/5008
f 4622/1/5009 4017/1/5009 4018/1/5009
f 4622/1/5010 4018/1/5010 4621/1/5010
f 4621/1/5011 4018/1/5011 4019/1/5011
f 4621/1/5012 4019/1/5012 4016/1/5012
f 4089/1/5013 4090/1/5013 4623/1/5013
f 4623/1/5014 4090/1/5014 4091/1/5014
f 4091/1/5015 4092/1/5015 4623/1/5015
f 4623/1/5016 4092/1/5016 4093/1/5016
f 4623/1/5017 4093/1/5017 4094/1/5017
f 4095/1/5018 4622/1/5018 4094/1/5018
f 4094/1/5019 4622/1/5019 4617/1/5019
f 4094/1/5020 4617/1/5020 4623/1/5020
f 4623/1/5021 4617/1/5021 4088/1/5021
f 4623/1/5022 4088/1/5022 4089/1/5022
f 4622/1/5023 4621/1/5023 4620/1/5023
f 4619/1/5023 4618/1/5023 4617/1/5023
f 4617/1/5023 4622/1/5023 4619/1/5023
f 4619/1/5023 4622/1/5023 4620/1/5023
f 4619/1/5023 4620/1/5023 4602/1/5023
f 4602/1/5023 4620/1/5023 4615/1/5023
f 4602/1/5023 4615/1/5023 4603/1/5023
f 4603/1/5023 4615/1/5023 4616/1/5023
f 4606/1/5023 4604/1/5023 4612/1/5023
f 4612/1/5023 4604/1/5023 4603/1/5023
f 4612/1/5023 4603/1/5023 4614/1/5023
f 4614/1/5023 4603/1/5023 4616/1/5023
f 4624/890/5024 4625/891/5024 3917/892/5024
f 3933/1/5025 4626/1/5025 3934/1/5025
f 3934/1/5026 4626/1/5026 4627/1/5026
f 3934/1/5027 4627/1/5027 3936/1/5027
f 3936/1/5028 4627/1/5028 4628/1/5028
f 3941/1/5029 3940/1/5029 4629/1/5029
f 4629/1/5030 3940/1/5030 3939/1/5030
f 4629/1/5031 3939/1/5031 4628/1/5031
f 4628/1/5032 3939/1/5032 3937/1/5032
f 4628/1/5033 3937/1/5033 3936/1/5033
f 3941/1/5034 4629/1/5034 3909/1/5034
f 3909/1/5035 4629/1/5035 4630/1/5035
f 3909/1/5036 4630/1/5036 3911/1/5036
f 3911/1/5037 4630/1/5037 3912/1/5037
f 3912/1/5038 4630/1/5038 4631/1/5038
f 3912/1/5039 4631/1/5039 3913/1/5039
f 3917/892/5040 3916/893/5040 4624/890/5040
f 4624/1/5041 3916/1/5041 3915/1/5041
f 4624/1/5042 3915/1/5042 4631/1/5042
f 4631/894/5043 3915/895/5043 3914/896/5043
f 4631/1/5044 3914/1/5044 3913/1/5044
f 4626/1/5045 3933/1/5045 4632/1/5045
f 4632/1/5046 3933/1/5046 3935/1/5046
f 3917/1/5047 4625/1/5047 3921/1/5047
f 3921/897/5048 4625/898/5048 4633/899/5048
f 3921/1/5049 4633/1/5049 3922/1/5049
f 3922/1/5050 4633/1/5050 4634/1/5050
f 3927/1/5051 3925/1/5051 4635/1/5051
f 4635/1/5052 3925/1/5052 3924/1/5052
f 4635/1/5053 3924/1/5053 4634/1/5053
f 4634/1/5054 3924/1/5054 3923/1/5054
f 4634/900/5055 3923/901/5055 3922/902/5055
f 3927/1/5056 4635/1/5056 3928/1/5056
f 3928/1/5057 4635/1/5057 4636/1/5057
f 3928/1/5058 4636/1/5058 3932/1/5058
f 3935/1/5059 3948/1/5059 4632/1/5059
f 4632/1/5060 3948/1/5060 3947/1/5060
f 4632/1/5061 3947/1/5061 4637/1/5061
f 4637/1/5062 3947/1/5062 3945/1/5062
f 4637/1/5063 3945/1/5063 4636/1/5063
f 4636/1/5064 3945/1/5064 3931/1/5064
f 4636/1/5065 3931/1/5065 3932/1/5065
f 3988/1/48 3987/1/48 4638/1/48
f 4639/1/1623 4640/1/1623 4641/1/1623
f 3988/1/48 4638/1/48 4543/1/48
f 4639/1/48 4638/1/48 4642/1/48
f 4642/1/48 4638/1/48 4643/1/48
f 4644/1/48 4638/1/48 4645/1/48
f 4645/1/48 4638/1/48 4646/1/48
f 4645/1/1623 4646/1/1623 4647/1/1623
f 4647/1/48 4646/1/48 4648/1/48
f 4639/1/48 4641/1/48 4638/1/48
f 4638/1/48 4641/1/48 4544/1/48
f 4638/1/48 4544/1/48 4543/1/48
f 4567/1/3351 4646/1/3351 4568/1/3351
f 4568/1/48 4646/1/48 4638/1/48
f 4568/1/48 4638/1/48 4055/1/48
f 4055/1/48 4638/1/48 3987/1/48
f 4609/1/5066 4649/1/5066 4650/1/5066
f 4609/1/5067 4650/1/5067 4607/1/5067
f 4607/1/5068 4650/1/5068 4651/1/5068
f 4607/1/5069 4651/1/5069 4608/1/5069
f 4608/1/4597 4651/1/4597 4652/1/4597
f 4608/1/5070 4652/1/5070 4605/1/5070
f 4605/1/5071 4652/1/5071 3875/1/5071
f 4605/1/5072 3875/1/5072 3887/1/5072
f 4152/1/5073 4653/1/5073 4165/1/5073
f 4165/1/5073 4653/1/5073 4654/1/5073
f 4165/1/5074 4654/1/5074 4166/1/5074
f 4166/1/5074 4654/1/5074 4655/1/5074
f 4166/1/5075 4655/1/5075 4167/1/5075
f 4167/1/5075 4655/1/5075 4656/1/5075
f 4167/1/5076 4656/1/5076 4155/1/5076
f 4155/1/5076 4656/1/5076 4657/1/5076
f 4155/1/5077 4657/1/5077 4156/1/5077
f 4156/1/5077 4657/1/5077 4658/1/5077
f 4156/1/5078 4658/1/5078 4157/1/5078
f 4157/1/5078 4658/1/5078 4659/1/5078
f 4157/1/5079 4659/1/5079 4163/1/5079
f 4163/1/5079 4659/1/5079 4660/1/5079
f 4163/1/5080 4660/1/5080 4164/1/5080
f 4164/1/5080 4660/1/5080 4661/1/5080
f 4164/1/5081 4661/1/5081 4158/1/5081
f 4158/1/5081 4661/1/5081 4662/1/5081
f 4158/1/5082 4662/1/5082 4159/1/5082
f 4159/1/5082 4662/1/5082 4663/1/5082
f 4159/1/5083 4663/1/5083 4160/1/5083
f 4160/1/5083 4663/1/5083 4664/1/5083
f 4160/1/5084 4664/1/5084 4161/1/5084
f 4161/1/5084 4664/1/5084 4665/1/5084
f 4161/1/5085 4665/1/5085 4162/1/5085
f 4162/1/5085 4665/1/5085 4666/1/5085
f 4162/1/5086 4666/1/5086 4154/1/5086
f 4154/1/5086 4666/1/5086 4667/1/5086
f 4154/1/5087 4667/1/5087 4151/1/5087
f 4151/1/5087 4667/1/5087 4668/1/5087
f 4151/1/5088 4668/1/5088 4152/1/5088
f 4152/1/5088 4668/1/5088 4653/1/5088
f 4186/1/5077 4669/1/5077 4187/1/5077
f 4187/1/5077 4669/1/5077 4670/1/5077
f 4187/1/5078 4670/1/5078 4190/1/5078
f 4190/1/5078 4670/1/5078 4671/1/5078
f 4190/1/5079 4671/1/5079 4188/1/5079
f 4188/1/5079 4671/1/5079 4672/1/5079
f 4188/1/5080 4672/1/5080 4189/1/5080
f 4189/1/5080 4672/1/5080 4673/1/5080
f 4189/1/5081 4673/1/5081 4198/1/5081
f 4198/1/5081 4673/1/5081 4674/1/5081
f 4198/1/5082 4674/1/5082 4199/1/5082
f 4199/1/5082 4674/1/5082 4675/1/5082
f 4199/1/5083 4675/1/5083 4200/1/5083
f 4200/1/5083 4675/1/5083 4676/1/5083
f 4200/1/5084 4676/1/5084 4192/1/5084
f 4192/1/5084 4676/1/5084 4677/1/5084
f 4192/1/5085 4677/1/5085 4193/1/5085
f 4193/1/5085 4677/1/5085 4678/1/5085
f 4193/1/5086 4678/1/5086 4194/1/5086
f 4194/1/5086 4678/1/5086 4679/1/5086
f 4194/1/5087 4679/1/5087 4201/1/5087
f 4201/1/5087 4679/1/5087 4680/1/5087
f 4201/1/5088 4680/1/5088 4191/1/5088
f 4191/1/5088 4680/1/5088 4681/1/5088
f 4191/1/5073 4681/1/5073 4195/1/5073
f 4195/1/5073 4681/1/5073 4682/1/5073
f 4195/1/5074 4682/1/5074 4196/1/5074
f 4196/1/5074 4682/1/5074 4683/1/5074
f 4196/1/5075 4683/1/5075 4197/1/5075
f 4197/1/5075 4683/1/5075 4684/1/5075
f 4197/1/5076 4684/1/5076 4186/1/5076
f 4186/1/5076 4684/1/5076 4669/1/5076
f 4136/1/5079 4685/1/5079 4137/1/5079
f 4137/1/5079 4685/1/5079 4686/1/5079
f 4137/1/5080 4686/1/5080 4142/1/5080
f 4142/1/5080 4686/1/5080 4687/1/5080
f 4142/1/5081 4687/1/5081 4141/1/5081
f 4141/1/5081 4687/1/5081 4688/1/5081
f 4141/1/5082 4688/1/5082 4140/1/5082
f 4140/1/5082 4688/1/5082 4689/1/5082
f 4140/1/5083 4689/1/5083 4139/1/5083
f 4139/1/5083 4689/1/5083 4690/1/5083
f 4139/1/5084 4690/1/5084 4138/1/5084
f 4138/1/5084 4690/1/5084 4691/1/5084
f 4138/1/5085 4691/1/5085 4143/1/5085
f 4143/1/5085 4691/1/5085 4692/1/5085
f 4143/1/5086 4692/1/5086 4144/1/5086
f 4144/1/5086 4692/1/5086 4693/1/5086
f 4144/1/5087 4693/1/5087 4146/1/5087
f 4146/1/5087 4693/1/5087 4694/1/5087
f 4146/1/5088 4694/1/5088 4147/1/5088
f 4147/1/5088 4694/1/5088 4695/1/5088
f 4147/1/5073 4695/1/5073 4148/1/5073
f 4148/1/5073 4695/1/5073 4696/1/5073
f 4148/1/5074 4696/1/5074 4149/1/5074
f 4149/1/5074 4696/1/5074 4697/1/5074
f 4149/1/5075 4697/1/5075 4150/1/5075
f 4150/1/5075 4697/1/5075 4698/1/5075
f 4150/1/5076 4698/1/5076 4134/1/5076
f 4134/1/5076 4698/1/5076 4699/1/5076
f 4134/1/5077 4699/1/5077 4135/1/5077
f 4135/1/5077 4699/1/5077 4700/1/5077
f 4135/1/5078 4700/1/5078 4136/1/5078
f 4136/1/5078 4700/1/5078 4685/1/5078
f 4206/1/5079 4701/1/5079 4208/1/5079
f 4208/1/5079 4701/1/5079 4702/1/5079
f 4208/1/5080 4702/1/5080 4209/1/5080
f 4209/1/5080 4702/1/5080 4703/1/5080
f 4209/1/5081 4703/1/5081 4210/1/5081
f 4210/1/5081 4703/1/5081 4704/1/5081
f 4210/1/5082 4704/1/5082 4211/1/5082
f 4211/1/5082 4704/1/5082 4705/1/5082
f 4211/1/5083 4705/1/5083 4212/1/5083
f 4212/1/5083 4705/1/5083 4706/1/5083
f 4212/1/5084 4706/1/5084 4213/1/5084
f 4213/1/5084 4706/1/5084 4707/1/5084
f 4213/1/5085 4707/1/5085 4214/1/5085
f 4214/1/5085 4707/1/5085 4708/1/5085
f 4214/1/5086 4708/1/5086 4215/1/5086
f 4215/1/5086 4708/1/5086 4709/1/5086
f 4215/1/5087 4709/1/5087 4202/1/5087
f 4202/1/5087 4709/1/5087 4710/1/5087
f 4202/1/5088 4710/1/5088 4203/1/5088
f 4203/1/5088 4710/1/5088 4711/1/5088
f 4203/1/5073 4711/1/5073 4216/1/5073
f 4216/1/5073 4711/1/5073 4712/1/5073
f 4216/1/5074 4712/1/5074 4217/1/5074
f 4217/1/5074 4712/1/5074 4713/1/5074
f 4217/1/5075 4713/1/5075 4218/1/5075
f 4218/1/5075 4713/1/5075 4714/1/5075
f 4218/1/5076 4714/1/5076 4204/1/5076
f 4204/1/5076 4714/1/5076 4715/1/5076
f 4204/1/5077 4715/1/5077 4205/1/5077
f 4205/1/5077 4715/1/5077 4716/1/5077
f 4205/1/5078 4716/1/5078 4206/1/5078
f 4206/1/5078 4716/1/5078 4701/1/5078
f 4109/1/5083 4717/1/5083 4105/1/5083
f 4105/1/5083 4717/1/5083 4718/1/5083
f 4105/1/5084 4718/1/5084 4104/1/5084
f 4104/1/5084 4718/1/5084 4719/1/5084
f 4104/1/5085 4719/1/5085 4102/1/5085
f 4102/1/5085 4719/1/5085 4720/1/5085
f 4102/1/5086 4720/1/5086 4099/1/5086
f 4099/1/5086 4720/1/5086 4721/1/5086
f 4099/1/5087 4721/1/5087 4100/1/5087
f 4100/1/5087 4721/1/5087 4722/1/5087
f 4100/1/5088 4722/1/5088 4106/1/5088
f 4106/1/5088 4722/1/5088 4723/1/5088
f 4106/1/5073 4723/1/5073 4107/1/5073
f 4107/1/5073 4723/1/5073 4724/1/5073
f 4107/1/5074 4724/1/5074 4108/1/5074
f 4108/1/5074 4724/1/5074 4725/1/5074
f 4108/1/5075 4725/1/5075 4116/1/5075
f 4116/1/5075 4725/1/5075 4726/1/5075
f 4116/1/5076 4726/1/5076 4115/1/5076
f 4115/1/5076 4726/1/5076 4727/1/5076
f 4115/1/5077 4727/1/5077 4114/1/5077
f 4114/1/5077 4727/1/5077 4728/1/5077
f 4114/1/5078 4728/1/5078 4113/1/5078
f 4113/1/5078 4728/1/5078 4729/1/5078
f 4113/1/5079 4729/1/5079 4112/1/5079
f 4112/1/5079 4729/1/5079 4730/1/5079
f 4112/1/5080 4730/1/5080 4111/1/5080
f 4111/1/5080 4730/1/5080 4731/1/5080
f 4111/1/5081 4731/1/5081 4110/1/5081
f 4110/1/5081 4731/1/5081 4732/1/5081
f 4110/1/5082 4732/1/5082 4109/1/5082
f 4109/1/5082 4732/1/5082 4717/1/5082
f 4129/1/5085 4733/1/5085 4130/1/5085
f 4130/1/5085 4733/1/5085 4734/1/5085
f 4130/1/5086 4734/1/5086 4125/1/5086
f 4125/1/5086 4734/1/5086 4735/1/5086
f 4125/1/5087 4735/1/5087 4126/1/5087
f 4126/1/5087 4735/1/5087 4736/1/5087
f 4126/1/5088 4736/1/5088 4127/1/5088
f 4127/1/5088 4736/1/5088 4737/1/5088
f 4127/1/5073 4737/1/5073 4131/1/5073
f 4131/1/5073 4737/1/5073 4738/1/5073
f 4131/1/5074 4738/1/5074 4132/1/5074
f 4132/1/5074 4738/1/5074 4739/1/5074
f 4132/1/5075 4739/1/5075 4133/1/5075
f 4133/1/5075 4739/1/5075 4740/1/5075
f 4133/1/5076 4740/1/5076 4118/1/5076
f 4118/1/5076 4740/1/5076 4741/1/5076
f 4118/1/5077 4741/1/5077 4119/1/5077
f 4119/1/5077 4741/1/5077 4742/1/5077
f 4119/1/5078 4742/1/5078 4120/1/5078
f 4120/1/5078 4742/1/5078 4743/1/5078
f 4120/1/5079 4743/1/5079 4121/1/5079
f 4121/1/5079 4743/1/5079 4744/1/5079
f 4121/1/5080 4744/1/5080 4117/1/5080
f 4117/1/5080 4744/1/5080 4745/1/5080
f 4117/1/5081 4745/1/5081 4122/1/5081
f 4122/1/5081 4745/1/5081 4746/1/5081
f 4122/1/5082 4746/1/5082 4123/1/5082
f 4123/1/5082 4746/1/5082 4747/1/5082
f 4123/1/5083 4747/1/5083 4128/1/5083
f 4128/1/5083 4747/1/5083 4748/1/5083
f 4128/1/5084 4748/1/5084 4129/1/5084
f 4129/1/5084 4748/1/5084 4733/1/5084
f 4175/1/5075 4749/1/5075 4168/1/5075
f 4168/1/5075 4749/1/5075 4750/1/5075
f 4168/1/5076 4750/1/5076 4169/1/5076
f 4169/1/5076 4750/1/5076 4751/1/5076
f 4169/1/5077 4751/1/5077 4171/1/5077
f 4171/1/5077 4751/1/5077 4752/1/5077
f 4171/1/5078 4752/1/5078 4174/1/5078
f 4174/1/5078 4752/1/5078 4753/1/5078
f 4174/1/5079 4753/1/5079 4173/1/5079
f 4173/1/5079 4753/1/5079 4754/1/5079
f 4173/1/5080 4754/1/5080 4172/1/5080
f 4172/1/5080 4754/1/5080 4755/1/5080
f 4172/1/5081 4755/1/5081 4177/1/5081
f 4177/1/5081 4755/1/5081 4756/1/5081
f 4177/1/5082 4756/1/5082 4178/1/5082
f 4178/1/5082 4756/1/5082 4757/1/5082
f 4178/1/5083 4757/1/5083 4179/1/5083
f 4179/1/5083 4757/1/5083 4758/1/5083
f 4179/1/5084 4758/1/5084 4184/1/5084
f 4184/1/5084 4758/1/5084 4759/1/5084
f 4184/1/5085 4759/1/5085 4183/1/5085
f 4183/1/5085 4759/1/5085 4760/1/5085
f 4183/1/5086 4760/1/5086 4182/1/5086
f 4182/1/5086 4760/1/5086 4761/1/5086
f 4182/1/5087 4761/1/5087 4181/1/5087
f 4181/1/5087 4761/1/5087 4762/1/5087
f 4181/1/5088 4762/1/5088 4180/1/5088
f 4180/1/5088 4762/1/5088 4763/1/5088
f 4180/1/5073 4763/1/5073 4176/1/5073
f 4176/1/5073 4763/1/5073 4764/1/5073
f 4176/1/5074 4764/1/5074 4175/1/5074
f 4175/1/5074 4764/1/5074 4749/1/5074
f 4528/1/5089 4527/1/5089 4765/1/5089
f 4765/1/5090 4527/1/5090 4766/1/5090
f 4527/1/5091 4526/1/5091 4766/1/5091
f 4766/1/5092 4526/1/5092 4524/1/5092
f 4766/1/5093 4524/1/5093 4767/1/5093
f 4524/1/5094 4523/1/5094 4767/1/5094
f 4767/1/5095 4523/1/5095 3930/1/5095
f 4767/1/5095 3930/1/5095 4768/1/5095
f 4769/1/5096 4770/1/5096 4771/1/5096
f 4772/1/5097 4773/1/5097 4774/1/5097
f 4772/1/5098 4774/1/5098 4775/1/5098
f 4774/1/5099 4776/1/5099 4775/1/5099
f 4775/1/5100 4776/1/5100 4777/1/5100
f 4775/1/5101 4777/1/5101 4778/1/5101
f 4777/1/5102 4779/1/5102 4778/1/5102
f 4778/1/5103 4779/1/5103 4780/1/5103
f 4778/1/5104 4780/1/5104 4781/1/5104
f 4781/1/5105 4780/1/5105 4769/1/5105
f 4781/1/5106 4769/1/5106 4782/1/5106
f 4782/1/5096 4769/1/5096 4771/1/5096
f 4771/1/5107 4770/1/5107 4783/1/5107
f 4771/1/5108 4783/1/5108 4784/1/5108
f 4783/1/5109 4785/1/5109 4784/1/5109
f 4784/1/5110 4785/1/5110 4786/1/5110
f 4784/1/5111 4786/1/5111 4787/1/5111
f 4786/1/5112 4788/1/5112 4787/1/5112
f 4787/1/5113 4788/1/5113 4789/1/5113
f 4787/1/5114 4789/1/5114 4790/1/5114
f 4790/1/5115 4789/1/5115 4791/1/5115
f 4790/1/5116 4791/1/5116 4792/1/5116
f 4792/1/5117 4791/1/5117 4793/1/5117
f 4792/1/5117 4793/1/5117 4794/1/5117
f 4794/1/208 4793/1/208 4765/1/208
f 4765/1/208 4793/1/208 4528/1/208
f 4649/1/5118 4795/1/5118 4796/1/5118
f 4649/1/5118 4796/1/5118 4650/1/5118
f 4650/1/5119 4796/1/5119 4797/1/5119
f 4650/1/5119 4797/1/5119 4651/1/5119
f 4651/1/5120 4797/1/5120 4798/1/5120
f 4651/1/5120 4798/1/5120 4652/1/5120
f 4652/1/5121 4798/1/5121 4799/1/5121
f 4652/1/5122 4799/1/5122 3875/1/5122
f 4438/1/85 4773/1/85 4431/1/85
f 4431/1/85 4773/1/85 4549/1/85
f 4800/1/5123 4801/1/5123 4500/1/5123
f 4500/1/5123 4801/1/5123 4502/1/5123
f 4499/1/5124 4802/1/5124 4500/1/5124
f 4500/1/5125 4802/1/5125 4803/1/5125
f 4500/1/5126 4803/1/5126 4800/1/5126
f 4494/1/5127 4305/1/5127 4804/1/5127
f 4804/1/5128 4805/1/5128 4494/1/5128
f 4494/1/5129 4805/1/5129 4806/1/5129
f 4494/1/5130 4806/1/5130 4499/1/5130
f 4499/1/5131 4806/1/5131 4807/1/5131
f 4499/1/5132 4807/1/5132 4802/1/5132
f 4805/1/5133 4804/1/5133 4808/1/5133
f 4809/1/5134 4801/1/5134 4800/1/5134
f 4809/1/5135 4800/1/5135 4810/1/5135
f 4800/1/5136 4803/1/5136 4810/1/5136
f 4810/1/5137 4803/1/5137 4802/1/5137
f 4810/1/5138 4802/1/5138 4811/1/5138
f 4802/1/5139 4807/1/5139 4811/1/5139
f 4811/1/5140 4807/1/5140 4806/1/5140
f 4811/1/5141 4806/1/5141 4812/1/5141
f 4812/1/5142 4806/1/5142 4805/1/5142
f 4812/1/5143 4805/1/5143 4813/1/5143
f 4813/1/5144 4805/1/5144 4808/1/5144
f 4808/1/5097 4804/1/5097 4814/1/5097
f 4808/1/5145 4814/1/5145 4815/1/5145
f 4814/1/5146 4816/1/5146 4815/1/5146
f 4815/1/5147 4816/1/5147 4817/1/5147
f 4815/1/5148 4817/1/5148 4818/1/5148
f 4817/1/5149 4819/1/5149 4818/1/5149
f 4818/1/5150 4819/1/5150 4820/1/5150
f 4818/1/5151 4820/1/5151 4821/1/5151
f 4821/1/5152 4820/1/5152 4822/1/5152
f 4821/1/5153 4822/1/5153 4823/1/5153
f 4823/1/5154 4822/1/5154 4824/1/5154
f 4823/1/5154 4824/1/5154 4825/1/5154
f 4825/1/2110 4824/1/2110 4826/1/2110
f 4826/1/2110 4824/1/2110 4236/1/2110
f 4236/1/5155 4245/1/5155 4826/1/5155
f 4826/1/5156 4245/1/5156 4827/1/5156
f 4245/1/5157 4244/1/5157 4827/1/5157
f 4827/1/5158 4244/1/5158 4241/1/5158
f 4827/1/5159 4241/1/5159 4828/1/5159
f 4241/1/5160 4240/1/5160 4828/1/5160
f 4828/1/5161 4240/1/5161 3876/1/5161
f 4828/1/5161 3876/1/5161 4829/1/5161
f 3875/1/5162 4799/1/5162 3876/1/5162
f 3876/1/5163 4799/1/5163 4829/1/5163
f 4467/1/1 4528/1/1 4469/1/1
f 4469/1/1 4528/1/1 4793/1/1
f 4830/1/64 4410/1/64 4548/1/64
f 4548/1/64 4410/1/64 4397/1/64
f 4548/1/64 4397/1/64 4419/1/64
f 4386/1/72 4831/1/72 4383/1/72
f 4383/1/72 4831/1/72 4570/1/72
f 4383/1/72 4570/1/72 4393/1/72
f 4832/1/85 4351/1/85 4562/1/85
f 4562/1/85 4351/1/85 4349/1/85
f 4562/1/85 4349/1/85 4354/1/85
f 4323/1/1 4833/1/1 4834/1/1
f 4834/1/1 4833/1/1 4256/1/1
f 4834/1/1 4256/1/1 4255/1/1
f 4237/1/72 4236/1/72 4300/1/72
f 4300/1/72 4236/1/72 4824/1/72
f 4835/1/5164 4312/1/5164 4836/1/5164
f 4836/1/5164 4312/1/5164 4311/1/5164
f 4836/1/5165 4311/1/5165 4837/1/5165
f 4837/1/5165 4311/1/5165 4318/1/5165
f 4837/1/5166 4318/1/5166 4838/1/5166
f 4838/1/5166 4318/1/5166 4317/1/5166
f 4838/1/220 4317/1/220 4839/1/220
f 4839/1/220 4317/1/220 4327/1/220
f 4839/1/5167 4327/1/5167 4840/1/5167
f 4840/1/5167 4327/1/5167 4326/1/5167
f 4840/1/5168 4326/1/5168 4841/1/5168
f 4841/1/5168 4326/1/5168 4324/1/5168
f 4841/1/5169 4324/1/5169 4842/1/5169
f 4842/1/5169 4324/1/5169 4322/1/5169
f 4842/1/5170 4322/1/5170 4843/1/5170
f 4843/1/5170 4322/1/5170 4320/1/5170
f 4843/1/5171 4320/1/5171 4844/1/5171
f 4844/1/5171 4320/1/5171 4319/1/5171
f 4844/1/5172 4319/1/5172 4845/1/5172
f 4845/1/5172 4319/1/5172 4316/1/5172
f 4845/1/2547 4316/1/2547 4846/1/2547
f 4846/1/2547 4316/1/2547 4315/1/2547
f 4846/1/5173 4315/1/5173 4847/1/5173
f 4847/1/5173 4315/1/5173 4314/1/5173
f 4847/1/5174 4314/1/5174 4848/1/5174
f 4848/1/5174 4314/1/5174 4313/1/5174
f 4848/1/5175 4313/1/5175 4835/1/5175
f 4835/1/5175 4313/1/5175 4312/1/5175
f 4849/1/5176 4289/1/5176 4850/1/5176
f 4850/1/5176 4289/1/5176 4308/1/5176
f 4850/1/5177 4308/1/5177 4851/1/5177
f 4851/1/5177 4308/1/5177 4307/1/5177
f 4851/1/5178 4307/1/5178 4852/1/5178
f 4852/1/5178 4307/1/5178 4306/1/5178
f 4852/1/85 4306/1/85 4853/1/85
f 4853/1/85 4306/1/85 4298/1/85
f 4853/1/5179 4298/1/5179 4854/1/5179
f 4854/1/5179 4298/1/5179 4297/1/5179
f 4854/1/5180 4297/1/5180 4855/1/5180
f 4855/1/5180 4297/1/5180 4299/1/5180
f 4855/1/5181 4299/1/5181 4856/1/5181
f 4856/1/5181 4299/1/5181 4301/1/5181
f 4856/1/5182 4301/1/5182 4857/1/5182
f 4857/1/5182 4301/1/5182 4296/1/5182
f 4857/1/220 4296/1/220 4858/1/220
f 4858/1/220 4296/1/220 4295/1/220
f 4858/1/5183 4295/1/5183 4859/1/5183
f 4859/1/5183 4295/1/5183 4293/1/5183
f 4859/1/5184 4293/1/5184 4860/1/5184
f 4860/1/5184 4293/1/5184 4292/1/5184
f 4860/1/221 4292/1/221 4861/1/221
f 4861/1/221 4292/1/221 4291/1/221
f 4861/1/5185 4291/1/5185 4849/1/5185
f 4849/1/5185 4291/1/5185 4289/1/5185
f 4862/1/5186 4341/1/5186 4863/1/5186
f 4863/1/5186 4341/1/5186 4340/1/5186
f 4863/1/5187 4340/1/5187 4864/1/5187
f 4864/1/5187 4340/1/5187 4339/1/5187
f 4864/1/5188 4339/1/5188 4865/1/5188
f 4865/1/5188 4339/1/5188 4337/1/5188
f 4865/1/72 4337/1/72 4866/1/72
f 4866/1/72 4337/1/72 4336/1/72
f 4866/1/5189 4336/1/5189 4867/1/5189
f 4867/1/5189 4336/1/5189 4335/1/5189
f 4867/1/5190 4335/1/5190 4868/1/5190
f 4868/1/5190 4335/1/5190 4334/1/5190
f 4868/1/5191 4334/1/5191 4869/1/5191
f 4869/1/5191 4334/1/5191 4332/1/5191
f 4869/1/5192 4332/1/5192 4870/1/5192
f 4870/1/5192 4332/1/5192 4331/1/5192
f 4870/1/5193 4331/1/5193 4871/1/5193
f 4871/1/5193 4331/1/5193 4342/1/5193
f 4871/1/5194 4342/1/5194 4872/1/5194
f 4872/1/5194 4342/1/5194 4344/1/5194
f 4872/1/64 4344/1/64 4873/1/64
f 4873/1/64 4344/1/64 4346/1/64
f 4873/1/5195 4346/1/5195 4874/1/5195
f 4874/1/5195 4346/1/5195 4348/1/5195
f 4874/1/5196 4348/1/5196 4875/1/5196
f 4875/1/5196 4348/1/5196 4350/1/5196
f 4875/1/5197 4350/1/5197 4862/1/5197
f 4862/1/5197 4350/1/5197 4341/1/5197
f 4876/1/5198 4376/1/5198 4877/1/5198
f 4877/1/5198 4376/1/5198 4375/1/5198
f 4877/1/5199 4375/1/5199 4878/1/5199
f 4878/1/5199 4375/1/5199 4392/1/5199
f 4878/1/5200 4392/1/5200 4879/1/5200
f 4879/1/5200 4392/1/5200 4391/1/5200
f 4879/1/2556 4391/1/2556 4880/1/2556
f 4880/1/2556 4391/1/2556 4390/1/2556
f 4880/1/5201 4390/1/5201 4881/1/5201
f 4881/1/5201 4390/1/5201 4389/1/5201
f 4881/1/5202 4389/1/5202 4882/1/5202
f 4882/1/5202 4389/1/5202 4387/1/5202
f 4882/1/5203 4387/1/5203 4883/1/5203
f 4883/1/5203 4387/1/5203 4385/1/5203
f 4883/1/5204 4385/1/5204 4884/1/5204
f 4884/1/5204 4385/1/5204 4384/1/5204
f 4884/1/5205 4384/1/5205 4885/1/5205
f 4885/1/5205 4384/1/5205 4382/1/5205
f 4885/1/5206 4382/1/5206 4886/1/5206
f 4886/1/5206 4382/1/5206 4381/1/5206
f 4886/1/221 4381/1/221 4887/1/221
f 4887/1/221 4381/1/221 4379/1/221
f 4887/1/5207 4379/1/5207 4888/1/5207
f 4888/1/5207 4379/1/5207 4378/1/5207
f 4888/1/5208 4378/1/5208 4889/1/5208
f 4889/1/5208 4378/1/5208 4377/1/5208
f 4889/1/5209 4377/1/5209 4876/1/5209
f 4876/1/5209 4377/1/5209 4376/1/5209
f 4890/1/5176 4403/1/5176 4891/1/5176
f 4891/1/5176 4403/1/5176 4412/1/5176
f 4891/1/5177 4412/1/5177 4892/1/5177
f 4892/1/5177 4412/1/5177 4415/1/5177
f 4892/1/5178 4415/1/5178 4893/1/5178
f 4893/1/5178 4415/1/5178 4414/1/5178
f 4893/1/85 4414/1/85 4894/1/85
f 4894/1/85 4414/1/85 4413/1/85
f 4894/1/5179 4413/1/5179 4895/1/5179
f 4895/1/5179 4413/1/5179 4409/1/5179
f 4895/1/5180 4409/1/5180 4896/1/5180
f 4896/1/5180 4409/1/5180 4408/1/5180
f 4896/1/5181 4408/1/5181 4897/1/5181
f 4897/1/5181 4408/1/5181 4407/1/5181
f 4897/1/5182 4407/1/5182 4898/1/5182
f 4898/1/5182 4407/1/5182 4398/1/5182
f 4898/1/220 4398/1/220 4899/1/220
f 4899/1/220 4398/1/220 4400/1/220
f 4899/1/5183 4400/1/5183 4900/1/5183
f 4900/1/5183 4400/1/5183 4402/1/5183
f 4900/1/5184 4402/1/5184 4901/1/5184
f 4901/1/5184 4402/1/5184 4396/1/5184
f 4901/1/221 4396/1/221 4902/1/221
f 4902/1/221 4396/1/221 4395/1/221
f 4902/1/5185 4395/1/5185 4890/1/5185
f 4890/1/5185 4395/1/5185 4403/1/5185
f 4903/1/5210 4432/1/5210 4904/1/5210
f 4904/1/5210 4432/1/5210 4424/1/5210
f 4904/1/64 4424/1/64 4905/1/64
f 4905/1/64 4424/1/64 4423/1/64
f 4905/1/5211 4423/1/5211 4906/1/5211
f 4906/1/5211 4423/1/5211 4429/1/5211
f 4906/1/5212 4429/1/5212 4907/1/5212
f 4907/1/5212 4429/1/5212 4428/1/5212
f 4907/1/85 4428/1/85 4908/1/85
f 4908/1/85 4428/1/85 4437/1/85
f 4908/1/5213 4437/1/5213 4909/1/5213
f 4909/1/5213 4437/1/5213 4439/1/5213
f 4909/1/5164 4439/1/5164 4910/1/5164
f 4910/1/5164 4439/1/5164 4440/1/5164
f 4910/1/5165 4440/1/5165 4911/1/5165
f 4911/1/5165 4440/1/5165 4441/1/5165
f 4911/1/5166 4441/1/5166 4912/1/5166
f 4912/1/5166 4441/1/5166 4443/1/5166
f 4912/1/220 4443/1/220 4913/1/220
f 4913/1/220 4443/1/220 4445/1/220
f 4913/1/5167 4445/1/5167 4914/1/5167
f 4914/1/5167 4445/1/5167 4446/1/5167
f 4914/1/5168 4446/1/5168 4915/1/5168
f 4915/1/5168 4446/1/5168 4433/1/5168
f 4915/1/5169 4433/1/5169 4903/1/5169
f 4903/1/5169 4433/1/5169 4432/1/5169
f 4916/1/5192 4477/1/5192 4917/1/5192
f 4917/1/5192 4477/1/5192 4463/1/5192
f 4917/1/5193 4463/1/5193 4918/1/5193
f 4918/1/5193 4463/1/5193 4462/1/5193
f 4918/1/5194 4462/1/5194 4919/1/5194
f 4919/1/5194 4462/1/5194 4461/1/5194
f 4919/1/64 4461/1/64 4920/1/64
f 4920/1/64 4461/1/64 4460/1/64
f 4920/1/5195 4460/1/5195 4921/1/5195
f 4921/1/5195 4460/1/5195 4450/1/5195
f 4921/1/5196 4450/1/5196 4922/1/5196
f 4922/1/5196 4450/1/5196 4448/1/5196
f 4922/1/5197 4448/1/5197 4923/1/5197
f 4923/1/5197 4448/1/5197 4447/1/5197
f 4923/1/5186 4447/1/5186 4924/1/5186
f 4924/1/5186 4447/1/5186 4454/1/5186
f 4924/1/5187 4454/1/5187 4925/1/5187
f 4925/1/5187 4454/1/5187 4453/1/5187
f 4925/1/5188 4453/1/5188 4926/1/5188
f 4926/1/5188 4453/1/5188 4459/1/5188
f 4926/1/72 4459/1/72 4927/1/72
f 4927/1/72 4459/1/72 4458/1/72
f 4927/1/5189 4458/1/5189 4928/1/5189
f 4928/1/5189 4458/1/5189 4475/1/5189
f 4928/1/5190 4475/1/5190 4929/1/5190
f 4929/1/5190 4475/1/5190 4476/1/5190
f 4929/1/5191 4476/1/5191 4916/1/5191
f 4916/1/5191 4476/1/5191 4477/1/5191
f 4641/1/5214 4640/1/5214 4830/1/5214
f 4830/1/5215 4640/1/5215 4930/1/5215
f 4930/1/5216 4640/1/5216 4931/1/5216
f 4931/1/5217 4640/1/5217 4639/1/5217
f 4931/1/5218 4639/1/5218 4932/1/5218
f 4932/1/5219 4639/1/5219 4642/1/5219
f 4932/1/5220 4642/1/5220 4933/1/5220
f 4933/1/5221 4642/1/5221 4643/1/5221
f 4933/1/5222 4643/1/5222 4934/1/5222
f 4934/1/5223 4643/1/5223 4935/1/5223
f 4935/1/5224 4643/1/5224 4638/1/5224
f 4935/1/5225 4638/1/5225 4936/1/5225
f 4638/1/5226 4644/1/5226 4936/1/5226
f 4936/1/5226 4644/1/5226 4937/1/5226
f 4937/1/5227 4644/1/5227 4938/1/5227
f 4938/1/5228 4644/1/5228 4645/1/5228
f 4938/1/5229 4645/1/5229 4939/1/5229
f 4939/1/5230 4645/1/5230 4647/1/5230
f 4939/1/5231 4647/1/5231 4940/1/5231
f 4940/1/5232 4647/1/5232 4648/1/5232
f 4940/1/5233 4648/1/5233 4941/1/5233
f 4941/1/5234 4648/1/5234 4942/1/5234
f 4942/1/5235 4648/1/5235 4646/1/5235
f 4942/1/5107 4646/1/5107 4831/1/5107
f 4943/1/5236 4944/1/5236 4832/1/5236
f 4832/1/5237 4944/1/5237 4945/1/5237
f 4945/1/5238 4944/1/5238 4946/1/5238
f 4946/1/5239 4944/1/5239 4947/1/5239
f 4946/1/5240 4947/1/5240 4948/1/5240
f 4948/1/5241 4947/1/5241 4949/1/5241
f 4948/1/5242 4949/1/5242 4950/1/5242
f 4950/1/5243 4949/1/5243 4951/1/5243
f 4950/1/5244 4951/1/5244 4952/1/5244
f 4952/1/5245 4951/1/5245 4953/1/5245
f 4953/1/5135 4951/1/5135 4954/1/5135
f 4953/1/5134 4954/1/5134 4955/1/5134
f 4954/1/5214 4956/1/5214 4955/1/5214
f 4955/1/5246 4956/1/5246 4957/1/5246
f 4957/1/5247 4956/1/5247 4958/1/5247
f 4958/1/5248 4956/1/5248 4959/1/5248
f 4958/1/5249 4959/1/5249 4960/1/5249
f 4960/1/5250 4959/1/5250 4961/1/5250
f 4960/1/5251 4961/1/5251 4962/1/5251
f 4962/1/5221 4961/1/5221 4963/1/5221
f 4962/1/5252 4963/1/5252 4964/1/5252
f 4964/1/5223 4963/1/5223 4965/1/5223
f 4965/1/5224 4963/1/5224 4966/1/5224
f 4965/1/5225 4966/1/5225 4833/1/5225
f 4252/1/48 4251/1/48 4966/1/48
f 4966/1/48 4963/1/48 4943/1/48
f 4943/1/48 4963/1/48 4961/1/48
f 4943/1/48 4961/1/48 4959/1/48
f 4558/1/48 4557/1/48 4943/1/48
f 4943/1/48 4557/1/48 3828/1/48
f 4943/1/48 3828/1/48 4966/1/48
f 4966/1/48 3828/1/48 3827/1/48
f 4966/1/48 3827/1/48 4252/1/48
f 4954/1/48 4951/1/48 4956/1/48
f 4956/1/48 4951/1/48 4949/1/48
f 4956/1/48 4949/1/48 4959/1/48
f 4959/1/48 4949/1/48 4947/1/48
f 4959/1/48 4947/1/48 4943/1/48
f 4943/1/48 4947/1/48 4944/1/48
f 4833/1/208 4966/1/208 4256/1/208
f 4256/1/208 4966/1/208 4251/1/208
f 4256/1/5253 4251/1/5253 4250/1/5253
f 4250/1/5254 4251/1/5254 4248/1/5254
f 4561/1/5255 4560/1/5255 4562/1/5255
f 4562/1/5256 4560/1/5256 4558/1/5256
f 4562/1/1635 4558/1/1635 4832/1/1635
f 4832/1/1635 4558/1/1635 4943/1/1635
f 4872/1/56 4760/1/56 4871/1/56
f 4871/1/56 4760/1/56 4759/1/56
f 4871/1/56 4759/1/56 4870/1/56
f 4870/1/56 4759/1/56 4758/1/56
f 4870/1/56 4758/1/56 4869/1/56
f 4869/1/56 4758/1/56 4757/1/56
f 4869/1/56 4757/1/56 4868/1/56
f 4868/1/56 4757/1/56 4756/1/56
f 4868/1/56 4756/1/56 4867/1/56
f 4867/1/56 4756/1/56 4755/1/56
f 4867/1/56 4755/1/56 4866/1/56
f 4755/1/56 4754/1/56 4866/1/56
f 4866/1/56 4754/1/56 4753/1/56
f 4866/1/56 4753/1/56 4865/1/56
f 4865/1/56 4753/1/56 4752/1/56
f 4865/1/56 4752/1/56 4864/1/56
f 4864/1/56 4752/1/56 4751/1/56
f 4864/1/56 4751/1/56 4863/1/56
f 4863/1/56 4751/1/56 4750/1/56
f 4863/1/56 4750/1/56 4862/1/56
f 4862/1/56 4750/1/56 4749/1/56
f 4862/1/56 4749/1/56 4875/1/56
f 4875/1/56 4749/1/56 4764/1/56
f 4875/1/56 4764/1/56 4874/1/56
f 4874/1/56 4764/1/56 4763/1/56
f 4874/1/56 4763/1/56 4873/1/56
f 4873/1/56 4763/1/56 4762/1/56
f 4873/1/56 4762/1/56 4872/1/56
f 4872/1/56 4762/1/56 4761/1/56
f 4872/1/56 4761/1/56 4760/1/56
f 4908/1/56 4739/1/56 4907/1/56
f 4907/1/56 4739/1/56 4738/1/56
f 4907/1/56 4738/1/56 4906/1/56
f 4906/1/56 4738/1/56 4737/1/56
f 4906/1/56 4737/1/56 4905/1/56
f 4913/1/56 4745/1/56 4912/1/56
f 4912/1/56 4745/1/56 4744/1/56
f 4912/1/56 4744/1/56 4911/1/56
f 4911/1/56 4744/1/56 4743/1/56
f 4911/1/56 4743/1/56 4910/1/56
f 4910/1/56 4743/1/56 4742/1/56
f 4910/1/56 4742/1/56 4909/1/56
f 4909/1/56 4742/1/56 4741/1/56
f 4909/1/56 4741/1/56 4908/1/56
f 4908/1/56 4741/1/56 4740/1/56
f 4908/1/56 4740/1/56 4739/1/56
f 4737/1/56 4736/1/56 4905/1/56
f 4905/1/56 4736/1/56 4735/1/56
f 4905/1/56 4735/1/56 4904/1/56
f 4904/1/56 4735/1/56 4734/1/56
f 4904/1/56 4734/1/56 4903/1/56
f 4903/1/56 4734/1/56 4733/1/56
f 4903/1/56 4733/1/56 4915/1/56
f 4915/1/56 4733/1/56 4748/1/56
f 4915/1/56 4748/1/56 4914/1/56
f 4914/1/56 4748/1/56 4747/1/56
f 4914/1/56 4747/1/56 4913/1/56
f 4913/1/56 4747/1/56 4746/1/56
f 4913/1/56 4746/1/56 4745/1/56
f 4926/1/56 4728/1/56 4925/1/56
f 4925/1/56 4728/1/56 4727/1/56
f 4925/1/56 4727/1/56 4924/1/56
f 4924/1/56 4727/1/56 4726/1/56
f 4924/1/56 4726/1/56 4923/1/56
f 4923/1/56 4726/1/56 4725/1/56
f 4923/1/56 4725/1/56 4922/1/56
f 4922/1/56 4725/1/56 4724/1/56
f 4922/1/56 4724/1/56 4921/1/56
f 4921/1/56 4724/1/56 4723/1/56
f 4921/1/56 4723/1/56 4920/1/56
f 4723/1/56 4722/1/56 4920/1/56
f 4920/1/56 4722/1/56 4721/1/56
f 4920/1/56 4721/1/56 4919/1/56
f 4919/1/56 4721/1/56 4720/1/56
f 4919/1/56 4720/1/56 4918/1/56
f 4918/1/56 4720/1/56 4719/1/56
f 4918/1/56 4719/1/56 4917/1/56
f 4917/1/56 4719/1/56 4718/1/56
f 4917/1/56 4718/1/56 4916/1/56
f 4916/1/56 4718/1/56 4717/1/56
f 4916/1/56 4717/1/56 4929/1/56
f 4929/1/56 4717/1/56 4732/1/56
f 4929/1/56 4732/1/56 4928/1/56
f 4928/1/56 4732/1/56 4731/1/56
f 4928/1/56 4731/1/56 4927/1/56
f 4927/1/56 4731/1/56 4730/1/56
f 4927/1/56 4730/1/56 4926/1/56
f 4926/1/56 4730/1/56 4729/1/56
f 4926/1/56 4729/1/56 4728/1/56
f 4861/1/56 4707/1/56 4860/1/56
f 4860/1/56 4707/1/56 4706/1/56
f 4860/1/56 4706/1/56 4859/1/56
f 4859/1/56 4706/1/56 4705/1/56
f 4859/1/56 4705/1/56 4858/1/56
f 4858/1/56 4705/1/56 4704/1/56
f 4858/1/56 4704/1/56 4857/1/56
f 4853/1/1699 4713/1/1699 4852/1/1699
f 4852/1/56 4713/1/56 4712/1/56
f 4852/1/56 4712/1/56 4851/1/56
f 4851/1/56 4712/1/56 4711/1/56
f 4851/1/56 4711/1/56 4850/1/56
f 4850/1/56 4711/1/56 4710/1/56
f 4850/1/56 4710/1/56 4849/1/56
f 4849/1/56 4710/1/56 4709/1/56
f 4849/1/56 4709/1/56 4861/1/56
f 4861/1/56 4709/1/56 4708/1/56
f 4861/1/56 4708/1/56 4707/1/56
f 4704/1/56 4703/1/56 4857/1/56
f 4857/1/56 4703/1/56 4702/1/56
f 4857/1/56 4702/1/56 4856/1/56
f 4856/1/56 4702/1/56 4701/1/56
f 4856/1/56 4701/1/56 4855/1/56
f 4855/1/56 4701/1/56 4716/1/56
f 4855/1/56 4716/1/56 4854/1/56
f 4854/1/56 4716/1/56 4715/1/56
f 4854/1/56 4715/1/56 4853/1/56
f 4853/1/56 4715/1/56 4714/1/56
f 4853/1/56 4714/1/56 4713/1/56
f 4902/1/56 4691/1/56 4901/1/56
f 4901/1/56 4691/1/56 4690/1/56
f 4901/1/56 4690/1/56 4900/1/56
f 4900/1/56 4690/1/56 4689/1/56
f 4900/1/56 4689/1/56 4899/1/56
f 4899/1/56 4689/1/56 4688/1/56
f 4899/1/56 4688/1/56 4898/1/56
f 4688/1/56 4687/1/56 4898/1/56
f 4898/1/56 4687/1/56 4686/1/56
f 4898/1/56 4686/1/56 4897/1/56
f 4897/1/56 4686/1/56 4685/1/56
f 4897/1/56 4685/1/56 4896/1/56
f 4896/1/56 4685/1/56 4700/1/56
f 4896/1/56 4700/1/56 4895/1/56
f 4895/1/56 4700/1/56 4699/1/56
f 4895/1/56 4699/1/56 4894/1/56
f 4699/1/56 4698/1/56 4894/1/56
f 4894/1/56 4698/1/56 4697/1/56
f 4894/1/56 4697/1/56 4893/1/56
f 4893/1/56 4697/1/56 4696/1/56
f 4893/1/56 4696/1/56 4892/1/56
f 4892/1/56 4696/1/56 4695/1/56
f 4892/1/56 4695/1/56 4891/1/56
f 4891/1/56 4695/1/56 4694/1/56
f 4891/1/56 4694/1/56 4890/1/56
f 4890/1/56 4694/1/56 4693/1/56
f 4890/1/56 4693/1/56 4902/1/56
f 4902/1/56 4693/1/56 4692/1/56
f 4902/1/56 4692/1/56 4691/1/56
f 4845/1/56 4680/1/56 4844/1/56
f 4844/1/56 4680/1/56 4679/1/56
f 4844/1/56 4679/1/56 4843/1/56
f 4843/1/56 4679/1/56 4678/1/56
f 4843/1/56 4678/1/56 4842/1/56
f 4842/1/56 4678/1/56 4677/1/56
f 4842/1/56 4677/1/56 4841/1/56
f 4841/1/56 4677/1/56 4676/1/56
f 4841/1/56 4676/1/56 4840/1/56
f 4840/1/56 4676/1/56 4675/1/56
f 4840/1/56 4675/1/56 4839/1/56
f 4839/1/56 4675/1/56 4674/1/56
f 4839/1/56 4674/1/56 4838/1/56
f 4674/1/56 4673/1/56 4838/1/56
f 4838/1/56 4673/1/56 4672/1/56
f 4838/1/56 4672/1/56 4837/1/56
f 4837/1/56 4672/1/56 4671/1/56
f 4837/1/56 4671/1/56 4836/1/56
f 4836/1/56 4671/1/56 4670/1/56
f 4836/1/56 4670/1/56 4835/1/56
f 4835/1/56 4670/1/56 4669/1/56
f 4835/1/56 4669/1/56 4848/1/56
f 4848/1/56 4669/1/56 4684/1/56
f 4848/1/56 4684/1/56 4847/1/56
f 4847/1/56 4684/1/56 4683/1/56
f 4847/1/56 4683/1/56 4846/1/56
f 4846/1/56 4683/1/56 4682/1/56
f 4846/1/56 4682/1/56 4845/1/56
f 4845/1/56 4682/1/56 4681/1/56
f 4845/1/56 4681/1/56 4680/1/56
f 4880/1/56 4657/1/56 4879/1/56
f 4879/1/56 4657/1/56 4656/1/56
f 4879/1/56 4656/1/56 4878/1/56
f 4878/1/56 4656/1/56 4655/1/56
f 4878/1/56 4655/1/56 4877/1/56
f 4877/1/56 4655/1/56 4654/1/56
f 4877/1/56 4654/1/56 4876/1/56
f 4876/1/56 4654/1/56 4653/1/56
f 4876/1/56 4653/1/56 4889/1/56
f 4889/1/56 4653/1/56 4668/1/56
f 4889/1/56 4668/1/56 4888/1/56
f 4888/1/56 4668/1/56 4667/1/56
f 4888/1/56 4667/1/56 4887/1/56
f 4667/1/56 4666/1/56 4887/1/56
f 4887/1/56 4666/1/56 4665/1/56
f 4887/1/56 4665/1/56 4886/1/56
f 4886/1/56 4665/1/56 4664/1/56
f 4886/1/56 4664/1/56 4885/1/56
f 4885/1/56 4664/1/56 4663/1/56
f 4885/1/1699 4663/1/1699 4884/1/1699
f 4884/1/56 4663/1/56 4662/1/56
f 4884/1/56 4662/1/56 4883/1/56
f 4883/1/56 4662/1/56 4661/1/56
f 4883/1/56 4661/1/56 4882/1/56
f 4882/1/56 4661/1/56 4660/1/56
f 4882/1/56 4660/1/56 4881/1/56
f 4881/1/56 4660/1/56 4659/1/56
f 4881/1/56 4659/1/56 4880/1/56
f 4880/1/56 4659/1/56 4658/1/56
f 4880/1/56 4658/1/56 4657/1/56
f 4547/1/5257 4546/1/5257 4548/1/5257
f 4548/1/5258 4546/1/5258 4544/1/5258
f 4548/1/2107 4544/1/2107 4830/1/2107
f 4830/1/2107 4544/1/2107 4641/1/2107
f 4831/1/2110 4646/1/2110 4570/1/2110
f 4570/1/2110 4646/1/2110 4567/1/2110
f 4570/1/5259 4567/1/5259 4566/1/5259
f 4566/1/5260 4567/1/5260 4565/1/5260
f 4819/1/5261 4817/1/5261 4303/1/5261
f 4814/1/5262 4804/1/5262 4304/1/5262
f 4304/1/5262 4804/1/5262 4305/1/5262
f 4303/1/5263 4817/1/5263 4304/1/5263
f 4304/1/5264 4817/1/5264 4816/1/5264
f 4304/1/5265 4816/1/5265 4814/1/5265
f 4819/1/5266 4303/1/5266 4820/1/5266
f 4820/1/5267 4303/1/5267 4302/1/5267
f 4820/1/5268 4302/1/5268 4822/1/5268
f 4822/1/5269 4302/1/5269 4300/1/5269
f 4822/1/5270 4300/1/5270 4824/1/5270
f 4964/1/5271 4967/1/5271 4325/1/5271
f 4325/1/5272 4967/1/5272 4833/1/5272
f 4325/1/5272 4833/1/5272 4323/1/5272
f 4964/1/5273 4325/1/5273 4962/1/5273
f 4962/1/5274 4325/1/5274 4310/1/5274
f 4962/1/5275 4310/1/5275 4960/1/5275
f 4960/1/5276 4310/1/5276 4309/1/5276
f 4960/1/5277 4309/1/5277 4968/1/5277
f 4287/1/5278 4955/1/5278 4309/1/5278
f 4309/1/5279 4955/1/5279 4957/1/5279
f 4309/1/5280 4957/1/5280 4968/1/5280
f 4952/1/5126 4969/1/5126 4286/1/5126
f 4286/1/5123 4969/1/5123 4955/1/5123
f 4286/1/5123 4955/1/5123 4287/1/5123
f 4952/1/5281 4286/1/5281 4950/1/5281
f 4950/1/5124 4286/1/5124 4333/1/5124
f 4950/1/5282 4333/1/5282 4948/1/5282
f 4948/1/5283 4333/1/5283 4338/1/5283
f 4948/1/5284 4338/1/5284 4970/1/5284
f 4351/1/5127 4832/1/5127 4338/1/5127
f 4338/1/5285 4832/1/5285 4945/1/5285
f 4338/1/5286 4945/1/5286 4970/1/5286
f 4942/1/5287 4831/1/5287 4388/1/5287
f 4388/1/5287 4831/1/5287 4386/1/5287
f 4942/1/5288 4388/1/5288 4941/1/5288
f 4941/1/5289 4388/1/5289 4371/1/5289
f 4941/1/5290 4371/1/5290 4940/1/5290
f 4940/1/5291 4371/1/5291 4939/1/5291
f 4939/1/5292 4371/1/5292 4372/1/5292
f 4939/1/5293 4372/1/5293 4971/1/5293
f 4374/1/5294 4936/1/5294 4372/1/5294
f 4372/1/5295 4936/1/5295 4937/1/5295
f 4372/1/5296 4937/1/5296 4971/1/5296
f 4934/1/5271 4972/1/5271 4406/1/5271
f 4406/1/5272 4972/1/5272 4936/1/5272
f 4406/1/5272 4936/1/5272 4374/1/5272
f 4934/1/5273 4406/1/5273 4933/1/5273
f 4933/1/5274 4406/1/5274 4405/1/5274
f 4933/1/5275 4405/1/5275 4932/1/5275
f 4932/1/5276 4405/1/5276 4411/1/5276
f 4932/1/5277 4411/1/5277 4973/1/5277
f 4973/1/5280 4411/1/5280 4930/1/5280
f 4930/1/5297 4411/1/5297 4410/1/5297
f 4930/1/5298 4410/1/5298 4830/1/5298
f 4776/1/5299 4774/1/5299 4436/1/5299
f 4436/1/5262 4774/1/5262 4773/1/5262
f 4436/1/5262 4773/1/5262 4438/1/5262
f 4776/1/5300 4436/1/5300 4777/1/5300
f 4777/1/5263 4436/1/5263 4435/1/5263
f 4777/1/5301 4435/1/5301 4779/1/5301
f 4779/1/5302 4435/1/5302 4434/1/5302
f 4779/1/5303 4434/1/5303 4780/1/5303
f 4451/1/5304 4770/1/5304 4434/1/5304
f 4434/1/5305 4770/1/5305 4769/1/5305
f 4434/1/5306 4769/1/5306 4780/1/5306
f 4785/1/5307 4783/1/5307 4452/1/5307
f 4452/1/5287 4783/1/5287 4770/1/5287
f 4452/1/5287 4770/1/5287 4451/1/5287
f 4785/1/5308 4452/1/5308 4786/1/5308
f 4786/1/5309 4452/1/5309 4472/1/5309
f 4786/1/5310 4472/1/5310 4788/1/5310
f 4788/1/5311 4472/1/5311 4471/1/5311
f 4788/1/5312 4471/1/5312 4789/1/5312
f 4469/1/5294 4793/1/5294 4471/1/5294
f 4471/1/5313 4793/1/5313 4791/1/5313
f 4471/1/5314 4791/1/5314 4789/1/5314
f 4974/1/2107 4530/1/2107 4809/1/2107
f 4809/1/2107 4530/1/2107 4801/1/2107
f 4975/1/5198 4503/1/5198 4976/1/5198
f 4976/1/5198 4503/1/5198 4517/1/5198
f 4976/1/5199 4517/1/5199 4977/1/5199
f 4977/1/5199 4517/1/5199 4515/1/5199
f 4977/1/5200 4515/1/5200 4978/1/5200
f 4978/1/5200 4515/1/5200 4514/1/5200
f 4978/1/2556 4514/1/2556 4979/1/2556
f 4979/1/2556 4514/1/2556 4508/1/2556
f 4979/1/5201 4508/1/5201 4980/1/5201
f 4980/1/5201 4508/1/5201 4507/1/5201
f 4980/1/5202 4507/1/5202 4981/1/5202
f 4981/1/5202 4507/1/5202 4506/1/5202
f 4981/1/5203 4506/1/5203 4982/1/5203
f 4982/1/5203 4506/1/5203 4505/1/5203
f 4982/1/5315 4505/1/5315 4983/1/5315
f 4983/1/5315 4505/1/5315 4492/1/5315
f 4983/1/1 4492/1/1 4984/1/1
f 4984/1/1 4492/1/1 4491/1/1
f 4984/1/5316 4491/1/5316 4985/1/5316
f 4985/1/5316 4491/1/5316 4495/1/5316
f 4985/1/5210 4495/1/5210 4986/1/5210
f 4986/1/5210 4495/1/5210 4493/1/5210
f 4986/1/64 4493/1/64 4987/1/64
f 4987/1/64 4493/1/64 4501/1/64
f 4987/1/5211 4501/1/5211 4975/1/5211
f 4975/1/5211 4501/1/5211 4503/1/5211
f 4813/1/48 4808/1/48 4815/1/48
f 4825/1/48 4826/1/48 4795/1/48
f 4827/1/48 4828/1/48 4826/1/48
f 4826/1/48 4828/1/48 4829/1/48
f 4826/1/48 4829/1/48 4795/1/48
f 4797/1/48 4796/1/48 4798/1/48
f 4798/1/48 4796/1/48 4795/1/48
f 4798/1/48 4795/1/48 4799/1/48
f 4799/1/48 4795/1/48 4829/1/48
f 4988/1/48 4815/1/48 4818/1/48
f 4795/1/48 4989/1/48 4825/1/48
f 4825/1/48 4989/1/48 4990/1/48
f 4825/1/48 4990/1/48 4823/1/48
f 4823/1/48 4990/1/48 4988/1/48
f 4823/1/48 4988/1/48 4821/1/48
f 4821/1/48 4988/1/48 4818/1/48
f 4812/1/48 4809/1/48 4811/1/48
f 4811/1/48 4809/1/48 4810/1/48
f 4991/1/48 4992/1/48 4993/1/48
f 4993/1/48 4992/1/48 4974/1/48
f 4812/1/48 4813/1/48 4809/1/48
f 4809/1/48 4813/1/48 4815/1/48
f 4809/1/48 4815/1/48 4974/1/48
f 4974/1/48 4815/1/48 4988/1/48
f 4974/1/48 4988/1/48 4993/1/48
f 4993/1/5317 4020/1/5317 4534/1/5317
f 4993/1/5318 4534/1/5318 4991/1/5318
f 4991/1/5319 4534/1/5319 4532/1/5319
f 4991/1/5320 4532/1/5320 4992/1/5320
f 4530/1/5321 4974/1/5321 4529/1/5321
f 4529/1/5322 4974/1/5322 4992/1/5322
f 4529/1/5323 4992/1/5323 4531/1/5323
f 4531/1/5324 4992/1/5324 4532/1/5324
f 4502/1/64 4801/1/64 4504/1/64
f 4504/1/64 4801/1/64 4530/1/64
f 4994/1/1635 4549/1/1635 4772/1/1635
f 4772/1/1635 4549/1/1635 4773/1/1635
f 4986/1/56 4995/1/56 4985/1/56
f 4985/1/56 4995/1/56 4996/1/56
f 4985/1/56 4996/1/56 4984/1/56
f 4984/1/56 4996/1/56 4997/1/56
f 4984/1/56 4997/1/56 4983/1/56
f 4978/1/56 4998/1/56 4977/1/56
f 4977/1/56 4998/1/56 4999/1/56
f 4977/1/56 4999/1/56 4976/1/56
f 4976/1/56 4999/1/56 5000/1/56
f 4976/1/56 5000/1/56 4975/1/56
f 4975/1/56 5000/1/56 5001/1/56
f 4975/1/56 5001/1/56 4987/1/56
f 4987/1/56 5001/1/56 5002/1/56
f 4987/1/56 5002/1/56 4986/1/56
f 4986/1/56 5002/1/56 5003/1/56
f 4986/1/56 5003/1/56 4995/1/56
f 4997/1/56 5004/1/56 4983/1/56
f 4983/1/56 5004/1/56 5005/1/56
f 4983/1/56 5005/1/56 4982/1/56
f 4982/1/56 5005/1/56 5006/1/56
f 4982/1/56 5006/1/56 4981/1/56
f 4981/1/56 5006/1/56 5007/1/56
f 4981/1/56 5007/1/56 4980/1/56
f 4980/1/56 5007/1/56 5008/1/56
f 4980/1/56 5008/1/56 4979/1/56
f 4979/1/56 5008/1/56 5009/1/56
f 4979/1/56 5009/1/56 4978/1/56
f 4978/1/56 5009/1/56 5010/1/56
f 4978/1/56 5010/1/56 4998/1/56
f 4989/1/5325 4795/1/5325 4649/1/5325
f 4021/1/5326 4988/1/5326 5011/1/5326
f 5011/1/5326 4988/1/5326 4990/1/5326
f 5011/1/5327 4990/1/5327 5012/1/5327
f 5012/1/5328 4990/1/5328 4989/1/5328
f 5012/1/5329 4989/1/5329 5013/1/5329
f 5013/1/5325 4989/1/5325 4649/1/5325
f 4021/1/5330 4020/1/5330 4988/1/5330
f 4988/1/5330 4020/1/5330 4993/1/5330
f 4772/1/48 4794/1/48 4994/1/48
f 4994/1/48 4794/1/48 4765/1/48
f 4772/1/48 4775/1/48 4794/1/48
f 4794/1/48 4775/1/48 4778/1/48
f 4794/1/48 4778/1/48 4781/1/48
f 5014/1/48 5015/1/48 5016/1/48
f 5016/1/48 5015/1/48 4994/1/48
f 5016/1/48 4994/1/48 4768/1/48
f 4768/1/48 4994/1/48 4765/1/48
f 4768/1/48 4765/1/48 4767/1/48
f 4767/1/48 4765/1/48 4766/1/48
f 4771/1/1623 4784/1/1623 4782/1/1623
f 4782/1/48 4784/1/48 4787/1/48
f 4782/1/48 4787/1/48 4781/1/48
f 4781/1/48 4787/1/48 4790/1/48
f 4781/1/48 4790/1/48 4794/1/48
f 4794/1/48 4790/1/48 4792/1/48
f 5016/1/5331 3942/1/5331 4554/1/5331
f 5016/1/5331 4554/1/5331 5014/1/5331
f 5014/1/5332 4554/1/5332 4552/1/5332
f 5014/1/5333 4552/1/5333 5015/1/5333
f 4549/1/5334 4994/1/5334 4550/1/5334
f 4550/1/5335 4994/1/5335 5015/1/5335
f 4550/1/5336 5015/1/5336 4551/1/5336
f 4551/1/5337 5015/1/5337 4552/1/5337
f 4225/1/5081 5006/1/5081 4226/1/5081
f 4226/1/5081 5006/1/5081 5005/1/5081
f 4226/1/5082 5005/1/5082 4227/1/5082
f 4227/1/5082 5005/1/5082 5004/1/5082
f 4227/1/5083 5004/1/5083 4228/1/5083
f 4228/1/5083 5004/1/5083 4997/1/5083
f 4228/1/5084 4997/1/5084 4229/1/5084
f 4229/1/5084 4997/1/5084 4996/1/5084
f 4229/1/5085 4996/1/5085 4232/1/5085
f 4232/1/5085 4996/1/5085 4995/1/5085
f 4232/1/5086 4995/1/5086 4233/1/5086
f 4233/1/5086 4995/1/5086 5003/1/5086
f 4233/1/5087 5003/1/5087 4234/1/5087
f 4234/1/5087 5003/1/5087 5002/1/5087
f 4234/1/5088 5002/1/5088 4230/1/5088
f 4230/1/5088 5002/1/5088 5001/1/5088
f 4230/1/5073 5001/1/5073 4231/1/5073
f 4231/1/5073 5001/1/5073 5000/1/5073
f 4231/1/5074 5000/1/5074 4219/1/5074
f 4219/1/5074 5000/1/5074 4999/1/5074
f 4219/1/5075 4999/1/5075 4220/1/5075
f 4220/1/5075 4999/1/5075 4998/1/5075
f 4220/1/5076 4998/1/5076 4221/1/5076
f 4221/1/5076 4998/1/5076 5010/1/5076
f 4221/1/5077 5010/1/5077 4222/1/5077
f 4222/1/5077 5010/1/5077 5009/1/5077
f 4222/1/5078 5009/1/5078 4223/1/5078
f 4223/1/5078 5009/1/5078 5008/1/5078
f 4223/1/5079 5008/1/5079 4224/1/5079
f 4224/1/5079 5008/1/5079 5007/1/5079
f 4224/1/5080 5007/1/5080 4225/1/5080
f 4225/1/5080 5007/1/5080 5006/1/5080
f 5013/1/5338 4649/1/5338 4609/1/5338
f 4613/1/5339 4023/1/5339 4021/1/5339
f 4609/1/5340 4610/1/5340 5013/1/5340
f 5013/1/5341 4610/1/5341 4611/1/5341
f 5013/1/5342 4611/1/5342 5012/1/5342
f 5012/1/5343 4611/1/5343 4613/1/5343
f 5012/1/5344 4613/1/5344 5011/1/5344
f 5011/1/5345 4613/1/5345 4021/1/5345
f 4768/1/5346 3930/1/5346 5016/1/5346
f 5016/1/5347 3930/1/5347 3929/1/5347
f 5016/1/5348 3929/1/5348 3942/1/5348
f 4629/1/5349 4628/1/5349 4627/1/5349
f 4635/903/5349 4634/904/5349 4633/905/5349
f 4630/1/5349 4629/1/5349 4631/1/5349
f 4631/906/5349 4629/907/5349 4627/908/5349
f 4631/906/5349 4627/908/5349 4624/909/5349
f 4624/909/5349 4627/908/5349 4625/910/5349
f 4636/1/5349 4635/1/5349 4637/1/5349
f 4637/911/5349 4635/903/5349 4633/905/5349
f 4637/1/5349 4633/1/5349 4632/1/5349
f 4632/912/5349 4633/913/5349 4625/914/5349
f 4632/1/5349 4625/1/5349 4626/1/5349
f 4626/1/5349 4625/1/5349 4627/1/5349
f 5017/915/5350 5018/916/5350 5019/917/5350
f 5020/918/5351 5021/919/5351 5022/920/5351
f 5022/920/5352 5021/919/5352 5023/921/5352
f 5022/1/5353 5023/1/5353 5024/1/5353
f 5024/1/5354 5023/1/5354 5025/1/5354
f 5024/922/5355 5025/923/5355 5019/917/5355
f 5019/917/5356 5025/923/5356 5026/924/5356
f 5019/917/5350 5026/924/5350 5017/915/5350
f 5027/1/5357 5028/1/5357 5029/1/5357
f 5020/918/5358 5022/920/5358 5030/925/5358
f 5030/925/5359 5022/920/5359 5031/926/5359
f 5030/925/5360 5031/926/5360 5032/927/5360
f 5031/1/5361 5033/1/5361 5032/1/5361
f 5032/928/5362 5033/929/5362 5034/930/5362
f 5032/928/5363 5034/930/5363 5035/931/5363
f 5034/1/5364 5036/1/5364 5035/1/5364
f 5035/932/5365 5036/933/5365 5037/934/5365
f 5035/932/5366 5037/934/5366 5038/935/5366
f 5037/934/5367 5039/936/5367 5038/935/5367
f 5038/935/5368 5039/936/5368 5040/937/5368
f 5038/935/5369 5040/937/5369 5041/938/5369
f 5040/1/5370 5042/1/5370 5041/1/5370
f 5041/939/5371 5042/940/5371 5043/941/5371
f 5041/939/5372 5043/941/5372 5044/942/5372
f 5043/941/5373 5045/943/5373 5044/942/5373
f 5044/942/5374 5045/943/5374 5046/944/5374
f 5044/942/5375 5046/944/5375 5047/945/5375
f 5046/1/5376 5048/1/5376 5047/1/5376
f 5047/946/5377 5048/947/5377 5049/948/5377
f 5047/946/5378 5049/948/5378 5050/949/5378
f 5049/1/5379 5051/1/5379 5050/1/5379
f 5050/1/5380 5051/1/5380 5052/1/5380
f 5050/1/5380 5052/1/5380 5053/1/5380
f 5053/1/5381 5052/1/5381 5054/1/5381
f 5053/1/5381 5054/1/5381 5055/1/5381
f 5055/1/5382 5054/1/5382 5056/1/5382
f 5055/1/5383 5056/1/5383 5057/1/5383
f 5056/1/5384 5058/1/5384 5057/1/5384
f 5057/1/5385 5058/1/5385 5059/1/5385
f 5057/1/5386 5059/1/5386 5060/1/5386
f 5059/1/5387 5061/1/5387 5060/1/5387
f 5060/1/5388 5061/1/5388 5062/1/5388
f 5060/1/5389 5062/1/5389 5063/1/5389
f 5062/1/5390 5064/1/5390 5063/1/5390
f 5063/1/5391 5064/1/5391 5065/1/5391
f 5063/1/5392 5065/1/5392 5066/1/5392
f 5065/1/5393 5067/1/5393 5066/1/5393
f 5066/1/5394 5067/1/5394 5068/1/5394
f 5066/1/5395 5068/1/5395 5069/1/5395
f 5068/1/5396 5070/1/5396 5069/1/5396
f 5069/1/5397 5070/1/5397 5071/1/5397
f 5069/1/5398 5071/1/5398 5072/1/5398
f 5071/1/5399 5073/1/5399 5072/1/5399
f 5072/1/5400 5073/1/5400 5074/1/5400
f 5072/1/5401 5074/1/5401 5075/1/5401
f 5074/1/5402 5076/1/5402 5075/1/5402
f 5075/1/5403 5076/1/5403 5077/1/5403
f 5075/1/5404 5077/1/5404 5029/1/5404
f 5029/1/5405 5077/1/5405 5078/1/5405
f 5029/1/5357 5078/1/5357 5027/1/5357
f 5079/950/5406 5080/951/5406 5081/952/5406
f 5028/1/5407 5027/1/5407 5082/1/5407
f 5018/916/5408 5017/915/5408 5083/953/5408
f 5018/916/5408 5083/953/5408 5084/954/5408
f 5084/954/5409 5083/953/5409 5085/955/5409
f 5084/956/5410 5085/957/5410 5086/958/5410
f 5086/959/5411 5085/960/5411 5087/961/5411
f 5086/959/5412 5087/961/5412 5088/962/5412
f 5028/1/5413 5082/1/5413 5089/1/5413
f 5089/1/5414 5082/1/5414 5090/1/5414
f 5089/1/5415 5090/1/5415 5091/1/5415
f 5090/1/5416 5092/1/5416 5091/1/5416
f 5091/1/5417 5092/1/5417 5093/1/5417
f 5091/1/5418 5093/1/5418 5094/1/5418
f 5093/1/5419 5095/1/5419 5094/1/5419
f 5094/1/5420 5095/1/5420 5096/1/5420
f 5094/1/5421 5096/1/5421 5097/1/5421
f 5097/1/5422 5096/1/5422 5098/1/5422
f 5097/1/5423 5098/1/5423 5099/1/5423
f 5099/1/5424 5098/1/5424 5100/1/5424
f 5099/1/5425 5100/1/5425 5101/1/5425
f 5100/1/5426 5102/1/5426 5101/1/5426
f 5101/1/5427 5102/1/5427 5103/1/5427
f 5101/1/5428 5103/1/5428 5104/1/5428
f 5103/1/5429 5105/1/5429 5104/1/5429
f 5104/1/5430 5105/1/5430 5106/1/5430
f 5104/1/5431 5106/1/5431 5107/1/5431
f 5106/1/5432 5108/1/5432 5107/1/5432
f 5107/1/5433 5108/1/5433 5109/1/5433
f 5107/1/5434 5109/1/5434 5110/1/5434
f 5109/1/5435 5111/1/5435 5110/1/5435
f 5110/1/5436 5111/1/5436 5112/1/5436
f 5110/1/5437 5112/1/5437 5113/1/5437
f 5112/1/5438 5114/1/5438 5113/1/5438
f 5113/1/5439 5114/1/5439 5115/1/5439
f 5113/1/5439 5115/1/5439 5116/1/5439
f 5116/963/5440 5115/964/5440 5117/965/5440
f 5116/1/5440 5117/1/5440 5118/1/5440
f 5118/1/5441 5117/1/5441 5119/1/5441
f 5118/966/5442 5119/967/5442 5120/968/5442
f 5119/967/5443 5121/969/5443 5120/968/5443
f 5120/1/5444 5121/1/5444 5122/1/5444
f 5120/970/5445 5122/971/5445 5123/972/5445
f 5122/971/5446 5124/973/5446 5123/972/5446
f 5123/1/5447 5124/1/5447 5125/1/5447
f 5123/974/5448 5125/975/5448 5126/976/5448
f 5125/975/5449 5127/977/5449 5126/976/5449
f 5126/1/5450 5127/1/5450 5128/1/5450
f 5126/976/5451 5128/978/5451 5129/979/5451
f 5128/978/5452 5130/980/5452 5129/979/5452
f 5129/979/5453 5130/980/5453 5131/981/5453
f 5129/979/5454 5131/981/5454 5132/982/5454
f 5132/982/5455 5131/981/5455 5133/983/5455
f 5132/982/5456 5133/983/5456 5134/984/5456
f 5134/984/5457 5133/983/5457 5135/985/5457
f 5134/986/5458 5135/987/5458 5136/988/5458
f 5087/1/5459 5079/1/5459 5088/1/5459
f 5088/989/5460 5079/950/5460 5081/952/5460
f 5088/990/5461 5081/991/5461 5137/992/5461
f 5137/992/5462 5081/991/5462 5136/988/5462
f 5137/992/5463 5136/988/5463 5138/993/5463
f 5138/993/5464 5136/988/5464 5135/987/5464
f 5079/1/1 5139/1/1 5080/1/1
f 5080/1/1 5139/1/1 5140/1/1
f 5080/1/1 5140/1/1 5141/1/1
f 5142/1/56 5143/1/56 5144/1/56
f 5145/1/56 5146/1/56 5144/1/56
f 5144/1/56 5146/1/56 5147/1/56
f 5144/1/56 5147/1/56 5142/1/56
f 5148/1/56 5149/1/56 5150/1/56
f 5150/1/56 5149/1/56 5151/1/56
f 5150/1/1699 5151/1/1699 5144/1/1699
f 5144/1/56 5151/1/56 5152/1/56
f 5144/1/56 5152/1/56 5145/1/56
f 5145/1/56 5152/1/56 5140/1/56
f 5145/1/56 5140/1/56 5153/1/56
f 5153/1/56 5140/1/56 5139/1/56
f 5017/1/5465 5139/1/5465 5083/1/5465
f 5083/1/56 5139/1/56 5085/1/56
f 5017/1/5466 5026/1/5466 5139/1/5466
f 5139/1/5467 5026/1/5467 5025/1/5467
f 5139/1/4611 5025/1/4611 5153/1/4611
f 5085/1/5468 5139/1/5468 5087/1/5468
f 5087/1/5469 5139/1/5469 5079/1/5469
f 5153/1/85 5021/1/85 5145/1/85
f 5145/994/85 5021/995/85 5020/996/85
f 5145/994/85 5020/996/85 5154/997/85
f 5021/1/5470 5153/1/5470 5023/1/5470
f 5023/1/5471 5153/1/5471 5025/1/5471
f 5155/1/56 5156/1/56 5157/1/56
f 5035/1/56 5158/1/56 5159/1/56
f 5050/1/56 5160/1/56 5047/1/56
f 5060/1/56 5161/1/56 5057/1/56
f 5104/1/56 5107/1/56 5162/1/56
f 5162/1/56 5107/1/56 5163/1/56
f 5126/1/56 5164/1/56 5157/1/56
f 5164/1/56 5126/1/56 5129/1/56
f 5165/1/56 5166/1/56 5167/1/56
f 5167/1/56 5166/1/56 5141/1/56
f 5168/1/56 5169/1/56 5170/1/56
f 5171/1/56 5081/1/56 5166/1/56
f 5166/1/56 5081/1/56 5080/1/56
f 5166/1/56 5080/1/56 5141/1/56
f 5171/1/56 5172/1/56 5081/1/56
f 5081/1/56 5172/1/56 5173/1/56
f 5081/1/56 5173/1/56 5136/1/56
f 5169/1/56 5174/1/56 5170/1/56
f 5170/1/1699 5174/1/1699 5175/1/1699
f 5170/1/56 5175/1/56 5176/1/56
f 5176/1/56 5175/1/56 5177/1/56
f 5176/1/56 5177/1/56 5166/1/56
f 5166/1/56 5177/1/56 5178/1/56
f 5166/1/56 5178/1/56 5171/1/56
f 5173/1/56 5179/1/56 5136/1/56
f 5136/1/56 5179/1/56 5180/1/56
f 5136/1/56 5180/1/56 5134/1/56
f 5134/1/56 5180/1/56 5181/1/56
f 5134/1/56 5181/1/56 5132/1/56
f 5132/1/56 5181/1/56 5182/1/56
f 5132/1/56 5182/1/56 5183/1/56
f 5183/1/56 5182/1/56 5184/1/56
f 5183/1/56 5184/1/56 5168/1/56
f 5120/1/56 5185/1/56 5118/1/56
f 5118/1/56 5185/1/56 5186/1/56
f 5187/1/56 5188/1/56 5189/1/56
f 5157/1/56 5156/1/56 5190/1/56
f 5188/1/56 5191/1/56 5189/1/56
f 5189/1/56 5191/1/56 5192/1/56
f 5189/1/56 5192/1/56 5156/1/56
f 5156/1/56 5192/1/56 5193/1/56
f 5156/1/56 5193/1/56 5190/1/56
f 5190/1/56 5194/1/56 5157/1/56
f 5157/1/56 5194/1/56 5195/1/56
f 5157/1/56 5195/1/56 5126/1/56
f 5126/1/56 5195/1/56 5196/1/56
f 5126/1/56 5196/1/56 5123/1/56
f 5123/1/56 5196/1/56 5197/1/56
f 5123/1/56 5197/1/56 5120/1/56
f 5120/1/56 5197/1/56 5198/1/56
f 5120/1/56 5198/1/56 5185/1/56
f 5186/1/56 5187/1/56 5118/1/56
f 5118/1/56 5187/1/56 5189/1/56
f 5118/1/56 5189/1/56 5116/1/56
f 5116/1/56 5189/1/56 5199/1/56
f 5200/1/56 5201/1/56 5202/1/56
f 5202/1/56 5203/1/56 5200/1/56
f 5200/998/56 5203/999/56 5204/1000/56
f 5200/998/56 5204/1000/56 5199/1001/56
f 5199/1001/56 5204/1000/56 5205/1002/56
f 5199/1/56 5205/1/56 5116/1/56
f 5116/1003/56 5205/1004/56 5206/1005/56
f 5116/1003/56 5206/1005/56 5113/1006/56
f 5113/1006/56 5206/1005/56 5207/1007/56
f 5113/1006/56 5207/1007/56 5110/1008/56
f 5110/1/56 5207/1/56 5208/1/56
f 5110/1/56 5208/1/56 5107/1/56
f 5107/1/56 5208/1/56 5209/1/56
f 5107/1/56 5209/1/56 5210/1/56
f 5210/1/56 5211/1/56 5107/1/56
f 5107/1/56 5211/1/56 5212/1/56
f 5107/1/56 5212/1/56 5163/1/56
f 5163/1/56 5212/1/56 5213/1/56
f 5163/1/56 5213/1/56 5214/1/56
f 5104/1/56 5162/1/56 5101/1/56
f 5101/1/56 5162/1/56 5215/1/56
f 5101/1/56 5215/1/56 5099/1/56
f 5094/1/56 5097/1/56 5216/1/56
f 5217/1/56 5218/1/56 5219/1/56
f 5219/1/56 5220/1/56 5217/1/56
f 5217/1/56 5220/1/56 5221/1/56
f 5217/1/56 5221/1/56 5222/1/56
f 5222/1/56 5221/1/56 5223/1/56
f 5222/1/56 5223/1/56 5224/1/56
f 5216/1/56 5097/1/56 5225/1/56
f 5225/1/56 5097/1/56 5099/1/56
f 5225/1/56 5099/1/56 5226/1/56
f 5226/1/56 5099/1/56 5215/1/56
f 5226/1/56 5215/1/56 5227/1/56
f 5216/1/56 5228/1/56 5094/1/56
f 5094/1/56 5228/1/56 5229/1/56
f 5094/1/56 5229/1/56 5230/1/56
f 5230/1/56 5229/1/56 5231/1/56
f 5230/1/56 5231/1/56 5232/1/56
f 5029/1/56 5028/1/56 5233/1/56
f 5233/1/56 5028/1/56 5089/1/56
f 5233/1/56 5089/1/56 5230/1/56
f 5230/1/56 5089/1/56 5091/1/56
f 5230/1/56 5091/1/56 5094/1/56
f 5234/1/56 5069/1/56 5235/1/56
f 5235/1/56 5069/1/56 5072/1/56
f 5235/1/56 5072/1/56 5233/1/56
f 5233/1/56 5072/1/56 5075/1/56
f 5233/1/56 5075/1/56 5029/1/56
f 5236/1/56 5060/1/56 5063/1/56
f 5234/1/56 5237/1/56 5069/1/56
f 5069/1/56 5237/1/56 5236/1/56
f 5069/1/56 5236/1/56 5066/1/56
f 5066/1/56 5236/1/56 5063/1/56
f 5057/1/56 5161/1/56 5055/1/56
f 5055/1/56 5161/1/56 5238/1/56
f 5055/1/56 5238/1/56 5053/1/56
f 5160/1/56 5239/1/56 5240/1/56
f 5240/1/56 5239/1/56 5241/1/56
f 5242/1/56 5243/1/56 5244/1/56
f 5244/1/56 5243/1/56 5245/1/56
f 5244/1/56 5245/1/56 5246/1/56
f 5246/1/56 5245/1/56 5247/1/56
f 5246/1/56 5247/1/56 5239/1/56
f 5239/1/56 5247/1/56 5248/1/56
f 5239/1/56 5248/1/56 5241/1/56
f 5044/1/56 5249/1/56 5041/1/56
f 5041/1/56 5249/1/56 5250/1/56
f 5041/1/56 5250/1/56 5251/1/56
f 5240/1/56 5252/1/56 5160/1/56
f 5160/1/56 5252/1/56 5253/1/56
f 5160/1/56 5253/1/56 5047/1/56
f 5047/1/56 5253/1/56 5254/1/56
f 5047/1/56 5254/1/56 5044/1/56
f 5044/1/56 5254/1/56 5255/1/56
f 5044/1/56 5255/1/56 5249/1/56
f 5035/1/56 5038/1/56 5158/1/56
f 5158/1/56 5038/1/56 5041/1/56
f 5158/1/56 5041/1/56 5242/1/56
f 5242/1/56 5041/1/56 5251/1/56
f 5242/1/56 5251/1/56 5243/1/56
f 5159/1/56 5256/1/56 5035/1/56
f 5035/1/56 5256/1/56 5257/1/56
f 5035/1/56 5257/1/56 5032/1/56
f 5258/1/56 5259/1/56 5159/1/56
f 5159/1/56 5259/1/56 5260/1/56
f 5159/1/56 5260/1/56 5256/1/56
f 5261/1/56 5262/1/56 5263/1/56
f 5264/1/56 5265/1/56 5266/1/56
f 5266/1/56 5265/1/56 5267/1/56
f 5266/1/56 5267/1/56 5263/1/56
f 5263/1/56 5267/1/56 5268/1/56
f 5263/1/56 5268/1/56 5261/1/56
f 5257/1/56 5269/1/56 5032/1/56
f 5032/1/56 5269/1/56 5270/1/56
f 5032/1/56 5270/1/56 5030/1/56
f 5030/1/56 5270/1/56 5271/1/56
f 5030/1/56 5271/1/56 5020/1/56
f 5020/1/56 5271/1/56 5272/1/56
f 5020/1/56 5272/1/56 5154/1/56
f 5154/1/56 5272/1/56 5265/1/56
f 5154/1/56 5265/1/56 5273/1/56
f 5273/1/56 5265/1/56 5264/1/56
f 5244/1/56 5274/1/56 5242/1/56
f 5242/1/56 5274/1/56 5275/1/56
f 5242/1/56 5275/1/56 5158/1/56
f 5158/1/56 5275/1/56 5276/1/56
f 5158/1/56 5276/1/56 5159/1/56
f 5159/1/56 5276/1/56 5262/1/56
f 5159/1/56 5262/1/56 5258/1/56
f 5258/1/56 5262/1/56 5261/1/56
f 5277/1/56 5239/1/56 5278/1/56
f 5277/1/56 5278/1/56 5279/1/56
f 5237/1/56 5280/1/56 5236/1/56
f 5236/1/56 5280/1/56 5281/1/56
f 5236/1/56 5281/1/56 5060/1/56
f 5060/1/56 5281/1/56 5282/1/56
f 5060/1/56 5282/1/56 5161/1/56
f 5161/1/56 5282/1/56 5283/1/56
f 5161/1/56 5283/1/56 5284/1/56
f 5050/1009/56 5053/1010/56 5160/1011/56
f 5160/1011/56 5053/1010/56 5238/1012/56
f 5160/1011/56 5238/1012/56 5239/1013/56
f 5239/1013/56 5238/1012/56 5285/1014/56
f 5239/1013/56 5285/1014/56 5278/1015/56
f 5278/1/56 5286/1/56 5279/1/56
f 5279/1/56 5286/1/56 5287/1/56
f 5279/1/56 5287/1/56 5288/1/56
f 5288/1/56 5287/1/56 5289/1/56
f 5288/1/56 5289/1/56 5290/1/56
f 5290/1/56 5289/1/56 5291/1/56
f 5290/1/1699 5291/1/1699 5281/1/1699
f 5281/1/56 5291/1/56 5292/1/56
f 5281/1/56 5292/1/56 5282/1/56
f 5284/1/56 5293/1/56 5161/1/56
f 5161/1/56 5293/1/56 5294/1/56
f 5161/1/56 5294/1/56 5238/1/56
f 5238/1/56 5294/1/56 5295/1/56
f 5238/1/56 5295/1/56 5285/1/56
f 5233/1/56 5296/1/56 5297/1/56
f 5298/1/56 5299/1/56 5300/1/56
f 5300/1/56 5299/1/56 5301/1/56
f 5300/1/56 5301/1/56 5302/1/56
f 5302/1/56 5301/1/56 5303/1/56
f 5302/1/56 5303/1/56 5304/1/56
f 5304/1/56 5303/1/56 5234/1/56
f 5304/1/56 5234/1/56 5305/1/56
f 5298/1/56 5296/1/56 5299/1/56
f 5299/1/56 5296/1/56 5233/1/56
f 5299/1/56 5233/1/56 5306/1/56
f 5306/1/56 5233/1/56 5307/1/56
f 5297/1/56 5308/1/56 5233/1/56
f 5233/1/1699 5308/1/1699 5309/1/1699
f 5233/1/1699 5309/1/1699 5235/1/1699
f 5235/1/56 5309/1/56 5310/1/56
f 5310/1/56 5311/1/56 5235/1/56
f 5235/1/56 5311/1/56 5312/1/56
f 5235/1/5472 5312/1/5472 5234/1/5472
f 5234/1/56 5312/1/56 5313/1/56
f 5234/1/56 5313/1/56 5305/1/56
f 5232/1/56 5218/1/56 5230/1/56
f 5230/1/56 5218/1/56 5217/1/56
f 5230/1/56 5217/1/56 5233/1/56
f 5233/1/56 5217/1/56 5314/1/56
f 5233/1/56 5314/1/56 5307/1/56
f 5223/1/56 5227/1/56 5224/1/56
f 5224/1/56 5227/1/56 5215/1/56
f 5224/1/56 5215/1/56 5315/1/56
f 5315/1/56 5215/1/56 5162/1/56
f 5315/1/56 5162/1/56 5316/1/56
f 5316/1/56 5162/1/56 5163/1/56
f 5316/1/56 5163/1/56 5201/1/56
f 5201/1/56 5163/1/56 5214/1/56
f 5201/1/56 5214/1/56 5202/1/56
f 5168/1/56 5170/1/56 5183/1/56
f 5183/1/56 5170/1/56 5317/1/56
f 5183/1/56 5317/1/56 5318/1/56
f 5129/1/56 5132/1/56 5164/1/56
f 5164/1/56 5132/1/56 5183/1/56
f 5164/1/56 5183/1/56 5157/1/56
f 5157/1/56 5183/1/56 5318/1/56
f 5157/1/56 5318/1/56 5155/1/56
f 5155/1/56 5318/1/56 5317/1/56
f 5027/1/5473 5319/1/5473 5082/1/5473
f 5082/1/5473 5319/1/5473 5320/1/5473
f 5082/1/5474 5320/1/5474 5090/1/5474
f 5090/1/5474 5320/1/5474 5321/1/5474
f 5090/1/5475 5321/1/5475 5092/1/5475
f 5092/1/5475 5321/1/5475 5322/1/5475
f 5092/1/5476 5322/1/5476 5093/1/5476
f 5093/1/5476 5322/1/5476 5323/1/5476
f 5093/1/5477 5323/1/5477 5095/1/5477
f 5095/1/5478 5323/1/5478 5324/1/5478
f 5095/1/5479 5324/1/5479 5096/1/5479
f 5096/1/5479 5324/1/5479 5325/1/5479
f 5096/1/5480 5325/1/5480 5098/1/5480
f 5098/1/5480 5325/1/5480 5326/1/5480
f 5098/1/5481 5326/1/5481 5100/1/5481
f 5100/1/5481 5326/1/5481 5327/1/5481
f 5100/1/5482 5327/1/5482 5102/1/5482
f 5102/1/5482 5327/1/5482 5328/1/5482
f 5102/1/5483 5328/1/5483 5103/1/5483
f 5103/1/5483 5328/1/5483 5329/1/5483
f 5103/1/5484 5329/1/5484 5105/1/5484
f 5105/1/5484 5329/1/5484 5330/1/5484
f 5105/1/5485 5330/1/5485 5106/1/5485
f 5106/1/5485 5330/1/5485 5331/1/5485
f 5106/1/5486 5331/1/5486 5108/1/5486
f 5108/1/5486 5331/1/5486 5332/1/5486
f 5108/1/5487 5332/1/5487 5109/1/5487
f 5109/1/5487 5332/1/5487 5333/1/5487
f 5109/1/5488 5333/1/5488 5111/1/5488
f 5111/1/5488 5333/1/5488 5334/1/5488
f 5111/1/5489 5334/1/5489 5112/1/5489
f 5112/1/5489 5334/1/5489 5335/1/5489
f 5112/1/5490 5335/1/5490 5114/1/5490
f 5114/1/5490 5335/1/5490 5336/1/5490
f 5114/1/5491 5336/1/5491 5115/1/5491
f 5115/1/5491 5336/1/5491 5337/1/5491
f 5115/964/5492 5337/1016/5492 5117/965/5492
f 5117/1017/5492 5337/1018/5492 5338/1019/5492
f 5117/1/5493 5338/1/5493 5119/1/5493
f 5119/1/5493 5338/1/5493 5339/1/5493
f 5119/967/5494 5339/1020/5494 5121/969/5494
f 5121/1021/5494 5339/1022/5494 5340/1023/5494
f 5121/1/5495 5340/1/5495 5122/1/5495
f 5122/1/5495 5340/1/5495 5341/1/5495
f 5122/971/5496 5341/1024/5496 5124/973/5496
f 5124/973/5496 5341/1024/5496 5342/1025/5496
f 5124/1026/5497 5342/1027/5497 5125/975/5497
f 5125/1028/5497 5342/1025/5497 5343/1029/5497
f 5125/975/5498 5343/1030/5498 5127/977/5498
f 5127/977/5498 5343/1030/5498 5344/1031/5498
f 5127/977/5499 5344/1031/5499 5128/978/5499
f 5128/978/5499 5344/1031/5499 5345/1032/5499
f 5128/978/5500 5345/1032/5500 5130/980/5500
f 5130/980/5500 5345/1032/5500 5346/1033/5500
f 5130/1034/5501 5346/1035/5501 5131/1036/5501
f 5131/1036/5501 5346/1035/5501 5347/1037/5501
f 5131/1036/5502 5347/1037/5502 5133/1038/5502
f 5133/1039/5502 5347/1040/5502 5348/1041/5502
f 5133/1039/5503 5348/1041/5503 5135/987/5503
f 5135/987/5503 5348/1041/5503 5349/1042/5503
f 5135/987/5504 5349/1042/5504 5138/993/5504
f 5138/993/5504 5349/1042/5504 5350/1043/5504
f 5138/993/5505 5350/1043/5505 5137/992/5505
f 5137/992/5506 5350/1043/5506 5351/1044/5506
f 5137/992/5507 5351/1044/5507 5088/990/5507
f 5088/990/5507 5351/1044/5507 5352/1045/5507
f 5088/990/5508 5352/1045/5508 5086/958/5508
f 5086/958/5508 5352/1045/5508 5353/1046/5508
f 5086/958/5509 5353/1046/5509 5084/956/5509
f 5084/956/5509 5353/1046/5509 5354/1047/5509
f 5084/956/5510 5354/1047/5510 5018/1048/5510
f 5018/1048/5510 5354/1047/5510 5355/1049/5510
f 5018/1048/5511 5355/1049/5511 5019/1050/5511
f 5019/1050/5511 5355/1049/5511 5356/1051/5511
f 5019/1050/5512 5356/1051/5512 5024/1052/5512
f 5024/1052/5512 5356/1051/5512 5357/1053/5512
f 5024/1052/5513 5357/1053/5513 5022/1054/5513
f 5022/1054/5513 5357/1053/5513 5358/1055/5513
f 5022/1054/5514 5358/1055/5514 5031/1056/5514
f 5031/1056/5514 5358/1055/5514 5359/1057/5514
f 5031/1056/5515 5359/1057/5515 5033/1058/5515
f 5033/1058/5515 5359/1057/5515 5360/1059/5515
f 5033/1058/5516 5360/1059/5516 5034/1060/5516
f 5034/1060/5516 5360/1059/5516 5361/1061/5516
f 5034/1/5517 5361/1/5517 5036/1/5517
f 5036/1/5517 5361/1/5517 5362/1/5517
f 5036/1062/5518 5362/106/5518 5037/1063/5518
f 5037/1063/5518 5362/106/5518 5363/1064/5518
f 5037/1063/5519 5363/1064/5519 5039/1065/5519
f 5039/1065/5519 5363/1064/5519 5364/1066/5519
f 5039/936/5520 5364/1067/5520 5040/937/5520
f 5040/1068/5520 5364/1069/5520 5365/1070/5520
f 5040/1068/5521 5365/1070/5521 5042/940/5521
f 5042/940/5521 5365/1070/5521 5366/1071/5521
f 5042/940/5522 5366/1071/5522 5043/941/5522
f 5043/941/5522 5366/1071/5522 5367/1072/5522
f 5043/1/5523 5367/1/5523 5045/1/5523
f 5045/1/5523 5367/1/5523 5368/1/5523
f 5045/943/5524 5368/1073/5524 5046/944/5524
f 5046/944/5524 5368/1073/5524 5369/1074/5524
f 5046/1/5525 5369/1/5525 5048/1/5525
f 5048/1/5525 5369/1/5525 5370/1/5525
f 5048/947/5526 5370/1075/5526 5049/948/5526
f 5049/948/5526 5370/1075/5526 5371/1076/5526
f 5049/1/5527 5371/1/5527 5051/1/5527
f 5051/1/5527 5371/1/5527 5372/1/5527
f 5051/1/5528 5372/1/5528 5052/1/5528
f 5052/1/5528 5372/1/5528 5373/1/5528
f 5052/1/5529 5373/1/5529 5054/1/5529
f 5054/1/5529 5373/1/5529 5374/1/5529
f 5054/1/5530 5374/1/5530 5056/1/5530
f 5056/1/5530 5374/1/5530 5375/1/5530
f 5056/1/5531 5375/1/5531 5058/1/5531
f 5058/1/5531 5375/1/5531 5376/1/5531
f 5058/1/5532 5376/1/5532 5059/1/5532
f 5059/1/5532 5376/1/5532 5377/1/5532
f 5059/1/5533 5377/1/5533 5061/1/5533
f 5061/1/5533 5377/1/5533 5378/1/5533
f 5061/1/5534 5378/1/5534 5062/1/5534
f 5062/1/5534 5378/1/5534 5379/1/5534
f 5062/1/5535 5379/1/5535 5064/1/5535
f 5064/1/5535 5379/1/5535 5380/1/5535
f 5064/1/5536 5380/1/5536 5065/1/5536
f 5065/1/5536 5380/1/5536 5381/1/5536
f 5065/1/5537 5381/1/5537 5067/1/5537
f 5067/1/5537 5381/1/5537 5382/1/5537
f 5067/1/5538 5382/1/5538 5068/1/5538
f 5068/1/5538 5382/1/5538 5383/1/5538
f 5068/1/5539 5383/1/5539 5070/1/5539
f 5070/1/5539 5383/1/5539 5384/1/5539
f 5070/1/5540 5384/1/5540 5071/1/5540
f 5071/1/5540 5384/1/5540 5385/1/5540
f 5071/1/4449 5385/1/4449 5073/1/4449
f 5073/1/4449 5385/1/4449 5386/1/4449
f 5073/1/5541 5386/1/5541 5074/1/5541
f 5074/1/5542 5386/1/5542 5387/1/5542
f 5074/1/5543 5387/1/5543 5076/1/5543
f 5076/1/5543 5387/1/5543 5388/1/5543
f 5076/1/5544 5388/1/5544 5077/1/5544
f 5077/1/5544 5388/1/5544 5389/1/5544
f 5077/1/5545 5389/1/5545 5078/1/5545
f 5078/1/5545 5389/1/5545 5390/1/5545
f 5078/1/5546 5390/1/5546 5027/1/5546
f 5027/1/5547 5390/1/5547 5319/1/5547
f 5141/1/5548 5140/1/5548 5167/1/5548
f 5167/1/5548 5140/1/5548 5152/1/5548
f 5167/1/5549 5152/1/5549 5165/1/5549
f 5165/1/5550 5152/1/5550 5391/1/5550
f 5152/1/5551 5151/1/5551 5391/1/5551
f 5391/1/5552 5151/1/5552 5149/1/5552
f 5391/1/5553 5149/1/5553 5392/1/5553
f 5392/1/5554 5149/1/5554 5148/1/5554
f 5392/1/5555 5148/1/5555 5393/1/5555
f 5394/1/5556 5395/1/5556 5396/1/5556
f 5397/1/5557 5395/1/5557 5394/1/5557
f 5398/1/5558 5397/1/5558 5394/1/5558
f 5394/1/5559 5399/1/5559 5400/1/5559
f 5401/1/5560 5399/1/5560 5394/1/5560
f 5396/1/5561 5401/1/5561 5394/1/5561
f 5402/1/5562 5307/1/5562 5314/1/5562
f 5391/1/5563 5392/1/5563 5393/1/5563
f 5166/1/5564 5165/1/5564 5391/1/5564
f 5391/1/5564 5393/1/5564 5166/1/5564
f 5166/1/5565 5393/1/5565 5403/1/5565
f 5166/1/5566 5403/1/5566 5176/1/5566
f 5403/1/5567 5404/1/5567 5176/1/5567
f 5176/1/5568 5404/1/5568 5405/1/5568
f 5176/1/5569 5405/1/5569 5170/1/5569
f 5405/1/5570 5406/1/5570 5170/1/5570
f 5170/1/5571 5406/1/5571 5407/1/5571
f 5170/1/5572 5407/1/5572 5317/1/5572
f 5407/1/5573 5408/1/5573 5317/1/5573
f 5317/1/5574 5408/1/5574 5409/1/5574
f 5317/1/5575 5409/1/5575 5155/1/5575
f 5409/1/5576 5410/1/5576 5155/1/5576
f 5155/1/5577 5410/1/5577 5411/1/5577
f 5155/1/5578 5411/1/5578 5156/1/5578
f 5411/1/5579 5412/1/5579 5156/1/5579
f 5156/1/5580 5412/1/5580 5413/1/5580
f 5156/1/5581 5413/1/5581 5189/1/5581
f 5413/1/5582 5414/1/5582 5189/1/5582
f 5189/1/5583 5414/1/5583 5415/1/5583
f 5189/1/5584 5415/1/5584 5199/1/5584
f 5415/1/5585 5416/1/5585 5199/1/5585
f 5199/1/5586 5416/1/5586 5417/1/5586
f 5199/1/5587 5417/1/5587 5200/1/5587
f 5417/1/5588 5418/1/5588 5200/1/5588
f 5200/1/5589 5418/1/5589 5419/1/5589
f 5200/1077/5590 5419/1078/5590 5201/1079/5590
f 5420/1/5591 5316/1/5591 5421/1/5591
f 5421/1/5591 5316/1/5591 5201/1/5591
f 5421/1/5592 5201/1/5592 5422/1/5592
f 5422/1/5593 5201/1/5593 5419/1/5593
f 5423/1/5594 5402/1/5594 5424/1/5594
f 5424/1/5595 5402/1/5595 5314/1/5595
f 5424/1/5596 5314/1/5596 5425/1/5596
f 5425/1/5596 5314/1/5596 5217/1/5596
f 5425/1/5597 5217/1/5597 5426/1/5597
f 5426/1/5597 5217/1/5597 5222/1/5597
f 5426/1/5598 5222/1/5598 5427/1/5598
f 5427/1/5598 5222/1/5598 5224/1/5598
f 5427/1/5599 5224/1/5599 5420/1/5599
f 5420/1/5600 5224/1/5600 5315/1/5600
f 5420/1/5601 5315/1/5601 5316/1/5601
f 5416/1/5602 5428/1/5602 5429/1/5602
f 5403/1/5603 5393/1/5603 5148/1/5603
f 5428/1/5604 5416/1/5604 5430/1/5604
f 5430/1/5605 5416/1/5605 5415/1/5605
f 5430/1/5606 5415/1/5606 5431/1/5606
f 5431/1/5607 5415/1/5607 5414/1/5607
f 5431/1/5608 5414/1/5608 5432/1/5608
f 5432/1/5609 5414/1/5609 5413/1/5609
f 5432/1/5610 5413/1/5610 5433/1/5610
f 5433/1/5611 5413/1/5611 5412/1/5611
f 5433/1/5612 5412/1/5612 5434/1/5612
f 5434/1/5613 5412/1/5613 5411/1/5613
f 5434/1/5614 5411/1/5614 5435/1/5614
f 5435/1/5615 5411/1/5615 5410/1/5615
f 5435/1/5616 5410/1/5616 5436/1/5616
f 5436/1/5617 5410/1/5617 5409/1/5617
f 5436/1/5618 5409/1/5618 5437/1/5618
f 5437/1/5619 5409/1/5619 5408/1/5619
f 5437/1/5620 5408/1/5620 5438/1/5620
f 5438/1/5621 5408/1/5621 5407/1/5621
f 5438/1/5622 5407/1/5622 5439/1/5622
f 5439/1/5623 5407/1/5623 5406/1/5623
f 5439/1/5624 5406/1/5624 5440/1/5624
f 5440/1/5625 5406/1/5625 5405/1/5625
f 5440/1/5626 5405/1/5626 5441/1/5626
f 5441/1/5627 5405/1/5627 5404/1/5627
f 5441/1/5628 5404/1/5628 5442/1/5628
f 5404/1/5629 5403/1/5629 5442/1/5629
f 5442/1/5630 5403/1/5630 5148/1/5630
f 5442/1/5631 5148/1/5631 5443/1/5631
f 5443/1/5632 5148/1/5632 5150/1/5632
f 5444/1/5633 5443/1/5633 5445/1/5633
f 5445/1/5633 5443/1/5633 5150/1/5633
f 5445/1/5634 5150/1/5634 5446/1/5634
f 5446/1/5634 5150/1/5634 5144/1/5634
f 5447/1/5635 5448/1/5635 5449/1/5635
f 5449/1/5636 5448/1/5636 5423/1/5636
f 5449/1/5637 5423/1/5637 5450/1/5637
f 5450/1/5638 5423/1/5638 5424/1/5638
f 5450/1/5639 5424/1/5639 5451/1/5639
f 5451/1/5640 5424/1/5640 5452/1/5640
f 5424/1/5641 5425/1/5641 5452/1/5641
f 5452/1/5642 5425/1/5642 5426/1/5642
f 5452/1/5643 5426/1/5643 5453/1/5643
f 5453/1/5644 5426/1/5644 5427/1/5644
f 5453/1/5645 5427/1/5645 5454/1/5645
f 5454/1/5646 5427/1/5646 5420/1/5646
f 5454/1/5647 5420/1/5647 5455/1/5647
f 5455/1/5648 5420/1/5648 5421/1/5648
f 5455/1/5649 5421/1/5649 5456/1/5649
f 5421/1/5650 5422/1/5650 5456/1/5650
f 5456/1/5651 5422/1/5651 5419/1/5651
f 5456/1/5652 5419/1/5652 5457/1/5652
f 5457/1/5653 5419/1/5653 5418/1/5653
f 5457/1/5654 5418/1/5654 5458/1/5654
f 5458/1/5655 5418/1/5655 5417/1/5655
f 5458/1/5656 5417/1/5656 5459/1/5656
f 5459/1/5657 5417/1/5657 5416/1/5657
f 5459/1/5602 5416/1/5602 5429/1/5602
f 5460/1/5658 5143/1/5658 5461/1/5658
f 5461/1/5659 5143/1/5659 5142/1/5659
f 5461/1/5660 5142/1/5660 5462/1/5660
f 5462/1/5661 5142/1/5661 5147/1/5661
f 5146/1/5662 5264/1/5662 5147/1/5662
f 5147/1/5663 5264/1/5663 5463/1/5663
f 5147/1/5664 5463/1/5664 5462/1/5664
f 5145/1/5665 5154/1/5665 5146/1/5665
f 5146/1/5665 5154/1/5665 5273/1/5665
f 5146/1/5666 5273/1/5666 5264/1/5666
f 5464/1/5560 5465/1/5560 5466/1/5560
f 5467/1/5667 5465/1/5667 5464/1/5667
f 5468/1/5556 5467/1/5556 5464/1/5556
f 5464/1/5668 5469/1/5668 5470/1/5668
f 5471/1/5669 5469/1/5669 5464/1/5669
f 5466/1/5559 5471/1/5559 5464/1/5559
f 5464/1/5670 5472/1/5670 5473/1/5670
f 5474/1/5671 5472/1/5671 5464/1/5671
f 5470/1/5672 5474/1/5672 5464/1/5672
f 5464/1/5557 5475/1/5557 5468/1/5557
f 5476/1/5558 5475/1/5558 5464/1/5558
f 5473/1/5673 5476/1/5673 5464/1/5673
f 5477/1/5674 5478/1/5674 5479/1/5674
f 5477/1/5675 5480/1/5675 5481/1/5675
f 5482/1/5676 5480/1/5676 5477/1/5676
f 5479/1/5677 5482/1/5677 5477/1/5677
f 5477/1/5678 5483/1/5678 5484/1/5678
f 5485/1/5679 5483/1/5679 5477/1/5679
f 5481/1/5680 5485/1/5680 5477/1/5680
f 5486/1/5681 5305/1/5681 5487/1/5681
f 5487/1/5681 5305/1/5681 5313/1/5681
f 5487/1/5682 5313/1/5682 5488/1/5682
f 5488/1/5682 5313/1/5682 5312/1/5682
f 5488/1/5683 5312/1/5683 5489/1/5683
f 5489/1/5684 5312/1/5684 5311/1/5684
f 5489/1/5685 5311/1/5685 5490/1/5685
f 5490/1/5685 5311/1/5685 5310/1/5685
f 5490/1/5686 5310/1/5686 5491/1/5686
f 5491/1/5686 5310/1/5686 5309/1/5686
f 5491/1/5687 5309/1/5687 5492/1/5687
f 5492/1/5687 5309/1/5687 5308/1/5687
f 5492/1/5688 5308/1/5688 5493/1/5688
f 5493/1/5688 5308/1/5688 5297/1/5688
f 5477/1/5689 5484/1/5689 5494/1/5689
f 5495/1/5690 5496/1/5690 5477/1/5690
f 5497/1/5691 5498/1/5691 5477/1/5691
f 5499/1/5692 5500/1/5692 5477/1/5692
f 5477/1/5667 5501/1/5667 5478/1/5667
f 5502/1/5693 5501/1/5693 5477/1/5693
f 5500/1/5694 5502/1/5694 5477/1/5694
f 5498/1/5695 5499/1/5695 5477/1/5695
f 5496/1/5696 5497/1/5696 5477/1/5696
f 5494/1/5697 5495/1/5697 5477/1/5697
f 5503/1/5698 5282/1/5698 5504/1/5698
f 5504/1/5698 5282/1/5698 5292/1/5698
f 5504/1/5699 5292/1/5699 5505/1/5699
f 5505/1/5699 5292/1/5699 5291/1/5699
f 5505/1/5700 5291/1/5700 5506/1/5700
f 5506/1/5701 5291/1/5701 5289/1/5701
f 5506/1/5702 5289/1/5702 5507/1/5702
f 5507/1/5703 5289/1/5703 5287/1/5703
f 5507/1/5704 5287/1/5704 5508/1/5704
f 5508/1/5704 5287/1/5704 5286/1/5704
f 5508/1/5705 5286/1/5705 5509/1/5705
f 5509/1/5706 5286/1/5706 5278/1/5706
f 5493/1/5707 5297/1/5707 5510/1/5707
f 5510/1/5708 5297/1/5708 5296/1/5708
f 5510/1/5709 5296/1/5709 5511/1/5709
f 5511/1/5710 5296/1/5710 5298/1/5710
f 5511/1/5711 5298/1/5711 5512/1/5711
f 5512/1/5712 5298/1/5712 5300/1/5712
f 5512/1/5713 5300/1/5713 5513/1/5713
f 5513/1/5714 5300/1/5714 5302/1/5714
f 5513/1/5715 5302/1/5715 5514/1/5715
f 5514/1/5716 5302/1/5716 5304/1/5716
f 5514/1/5717 5304/1/5717 5486/1/5717
f 5486/1/5717 5304/1/5717 5305/1/5717
f 5172/1/5718 5515/1/5718 5173/1/5718
f 5173/1/5718 5515/1/5718 5516/1/5718
f 5173/1/5719 5516/1/5719 5179/1/5719
f 5516/1/5720 5517/1/5720 5179/1/5720
f 5179/1/5721 5517/1/5721 5518/1/5721
f 5179/1/5722 5518/1/5722 5180/1/5722
f 5180/1/5722 5518/1/5722 5519/1/5722
f 5180/1/5723 5519/1/5723 5181/1/5723
f 5181/1/5724 5519/1/5724 5520/1/5724
f 5181/1/5725 5520/1/5725 5182/1/5725
f 5521/1/5726 5168/1/5726 5522/1/5726
f 5522/1/5726 5168/1/5726 5184/1/5726
f 5522/1/5727 5184/1/5727 5523/1/5727
f 5523/1/5728 5184/1/5728 5182/1/5728
f 5523/1/5729 5182/1/5729 5524/1/5729
f 5524/1/5725 5182/1/5725 5520/1/5725
f 5188/1/5730 5525/1/5730 5191/1/5730
f 5191/1/5730 5525/1/5730 5526/1/5730
f 5191/1/5731 5526/1/5731 5192/1/5731
f 5526/1/5732 5527/1/5732 5192/1/5732
f 5192/1/5733 5527/1/5733 5528/1/5733
f 5192/1/5734 5528/1/5734 5193/1/5734
f 5193/1/5734 5528/1/5734 5529/1/5734
f 5193/1/5735 5529/1/5735 5190/1/5735
f 5190/1/5735 5529/1/5735 5530/1/5735
f 5190/1/5736 5530/1/5736 5194/1/5736
f 5531/1/5737 5196/1/5737 5532/1/5737
f 5532/1/5737 5196/1/5737 5195/1/5737
f 5532/1/5738 5195/1/5738 5533/1/5738
f 5533/1/5739 5195/1/5739 5194/1/5739
f 5533/1/5740 5194/1/5740 5534/1/5740
f 5534/1/5736 5194/1/5736 5530/1/5736
f 5535/1/5713 5206/1/5713 5536/1/5713
f 5536/1/5714 5206/1/5714 5205/1/5714
f 5536/1/5716 5205/1/5716 5537/1/5716
f 5537/1/5716 5205/1/5716 5204/1/5716
f 5537/1/5741 5204/1/5741 5538/1/5741
f 5538/1/5717 5204/1/5717 5203/1/5717
f 5538/1/5742 5203/1/5742 5539/1/5742
f 5539/1/5742 5203/1/5742 5202/1/5742
f 5539/1/5743 5202/1/5743 5540/1/5743
f 5540/1/5743 5202/1/5743 5214/1/5743
f 5540/1/5744 5214/1/5744 5541/1/5744
f 5541/1/5744 5214/1/5744 5213/1/5744
f 5542/1/5745 5225/1/5745 5543/1/5745
f 5543/1/5745 5225/1/5745 5226/1/5745
f 5543/1/5746 5226/1/5746 5544/1/5746
f 5544/1/5746 5226/1/5746 5227/1/5746
f 5544/1/5747 5227/1/5747 5545/1/5747
f 5545/1/5747 5227/1/5747 5223/1/5747
f 5545/1/5748 5223/1/5748 5546/1/5748
f 5546/1/5748 5223/1/5748 5221/1/5748
f 5546/1/5749 5221/1/5749 5547/1/5749
f 5547/1/5749 5221/1/5749 5220/1/5749
f 5547/1/5750 5220/1/5750 5548/1/5750
f 5548/1/5750 5220/1/5750 5219/1/5750
f 5548/1/5751 5219/1/5751 5549/1/5751
f 5549/1/5751 5219/1/5751 5218/1/5751
f 5549/1/5752 5218/1/5752 5550/1/5752
f 5550/1/5752 5218/1/5752 5232/1/5752
f 5550/1/5753 5232/1/5753 5551/1/5753
f 5551/1/5753 5232/1/5753 5231/1/5753
f 5551/1/5754 5231/1/5754 5552/1/5754
f 5552/1/5754 5231/1/5754 5229/1/5754
f 5552/1/5698 5229/1/5698 5553/1/5698
f 5553/1/5698 5229/1/5698 5228/1/5698
f 5553/1/5699 5228/1/5699 5554/1/5699
f 5554/1/5699 5228/1/5699 5216/1/5699
f 5554/1/5701 5216/1/5701 5542/1/5701
f 5542/1/5700 5216/1/5700 5225/1/5700
f 5265/1/5755 5555/1/5755 5267/1/5755
f 5267/1/5755 5555/1/5755 5556/1/5755
f 5267/1/5756 5556/1/5756 5268/1/5756
f 5556/1/5757 5557/1/5757 5268/1/5757
f 5268/1/5758 5557/1/5758 5558/1/5758
f 5268/1/5759 5558/1/5759 5261/1/5759
f 5261/1/5759 5558/1/5759 5559/1/5759
f 5261/1/5760 5559/1/5760 5258/1/5760
f 5258/1/5760 5559/1/5760 5560/1/5760
f 5258/1/5761 5560/1/5761 5259/1/5761
f 5561/1/5762 5256/1/5762 5562/1/5762
f 5562/1/5762 5256/1/5762 5260/1/5762
f 5562/1/5763 5260/1/5763 5563/1/5763
f 5563/1/5764 5260/1/5764 5259/1/5764
f 5563/1/5765 5259/1/5765 5564/1/5765
f 5564/1/5761 5259/1/5761 5560/1/5761
f 5509/1/5737 5278/1/5737 5565/1/5737
f 5565/1/5737 5278/1/5737 5285/1/5737
f 5565/1/5766 5285/1/5766 5566/1/5766
f 5566/1/5766 5285/1/5766 5295/1/5766
f 5566/1/5736 5295/1/5736 5567/1/5736
f 5567/1/5736 5295/1/5736 5294/1/5736
f 5567/1/5735 5294/1/5735 5568/1/5735
f 5568/1/5735 5294/1/5735 5293/1/5735
f 5568/1/5734 5293/1/5734 5569/1/5734
f 5569/1/5734 5293/1/5734 5284/1/5734
f 5569/1/5731 5284/1/5731 5570/1/5731
f 5570/1/5731 5284/1/5731 5283/1/5731
f 5570/1/5730 5283/1/5730 5503/1/5730
f 5503/1/5730 5283/1/5730 5282/1/5730
f 5252/1/5767 5571/1/5767 5253/1/5767
f 5253/1/5767 5571/1/5767 5572/1/5767
f 5253/1/5768 5572/1/5768 5254/1/5768
f 5572/1/5769 5573/1/5769 5254/1/5769
f 5254/1/5770 5573/1/5770 5574/1/5770
f 5254/1/5771 5574/1/5771 5255/1/5771
f 5255/1/5771 5574/1/5771 5575/1/5771
f 5255/1/5772 5575/1/5772 5249/1/5772
f 5249/1/5772 5575/1/5772 5576/1/5772
f 5249/1/5773 5576/1/5773 5250/1/5773
f 5577/1/5774 5243/1/5774 5578/1/5774
f 5578/1/5774 5243/1/5774 5251/1/5774
f 5578/1/5775 5251/1/5775 5579/1/5775
f 5579/1/5776 5251/1/5776 5250/1/5776
f 5579/1/5777 5250/1/5777 5580/1/5777
f 5580/1/5773 5250/1/5773 5576/1/5773
f 5243/1/5712 5577/1/5712 5245/1/5712
f 5245/1/5712 5577/1/5712 5581/1/5712
f 5245/1/5709 5581/1/5709 5247/1/5709
f 5581/1/5778 5582/1/5778 5247/1/5778
f 5247/1/5779 5582/1/5779 5583/1/5779
f 5247/1/5708 5583/1/5708 5248/1/5708
f 5248/1/5780 5583/1/5780 5584/1/5780
f 5584/1/5781 5585/1/5781 5248/1/5781
f 5248/1/5782 5585/1/5782 5586/1/5782
f 5248/1/5783 5586/1/5783 5241/1/5783
f 5571/1/5784 5252/1/5784 5587/1/5784
f 5587/1/5784 5252/1/5784 5240/1/5784
f 5587/1/5785 5240/1/5785 5588/1/5785
f 5588/1/5786 5240/1/5786 5241/1/5786
f 5588/1/5787 5241/1/5787 5589/1/5787
f 5589/1/5788 5241/1/5788 5586/1/5788
f 5168/1/5688 5521/1/5688 5169/1/5688
f 5169/1/5688 5521/1/5688 5590/1/5688
f 5169/1/5687 5590/1/5687 5174/1/5687
f 5590/1/5789 5591/1/5789 5174/1/5789
f 5174/1/5790 5591/1/5790 5592/1/5790
f 5174/1/5686 5592/1/5686 5175/1/5686
f 5175/1/5791 5592/1/5791 5593/1/5791
f 5175/1/5792 5593/1/5792 5177/1/5792
f 5177/1/5793 5593/1/5793 5594/1/5793
f 5177/1/5684 5594/1/5684 5178/1/5684
f 5515/1/5681 5172/1/5681 5595/1/5681
f 5595/1/5681 5172/1/5681 5171/1/5681
f 5595/1/5794 5171/1/5794 5596/1/5794
f 5596/1/5795 5171/1/5795 5178/1/5795
f 5596/1/5796 5178/1/5796 5597/1/5796
f 5597/1/5683 5178/1/5683 5594/1/5683
f 5256/1/5797 5561/1/5797 5257/1/5797
f 5257/1/5798 5561/1/5798 5598/1/5798
f 5257/1/5799 5598/1/5799 5269/1/5799
f 5598/1/5800 5599/1/5800 5269/1/5800
f 5269/1/5801 5599/1/5801 5600/1/5801
f 5269/1/5802 5600/1/5802 5270/1/5802
f 5270/1/5803 5600/1/5803 5601/1/5803
f 5601/1/5804 5602/1/5804 5270/1/5804
f 5270/1/5805 5602/1/5805 5603/1/5805
f 5270/1/5806 5603/1/5806 5271/1/5806
f 5555/1/5703 5265/1/5703 5604/1/5703
f 5604/1/5702 5265/1/5702 5272/1/5702
f 5604/1/5807 5272/1/5807 5605/1/5807
f 5605/1/5808 5272/1/5808 5271/1/5808
f 5605/1/5809 5271/1/5809 5606/1/5809
f 5606/1/5810 5271/1/5810 5603/1/5810
f 5196/1/5705 5531/1/5705 5197/1/5705
f 5197/1/5705 5531/1/5705 5607/1/5705
f 5197/1/5704 5607/1/5704 5198/1/5704
f 5607/1/5811 5608/1/5811 5198/1/5811
f 5198/1/5812 5608/1/5812 5609/1/5812
f 5198/1/5702 5609/1/5702 5185/1/5702
f 5185/1/5813 5609/1/5813 5610/1/5813
f 5610/1/5814 5611/1/5814 5185/1/5814
f 5185/1/5815 5611/1/5815 5612/1/5815
f 5185/1/5816 5612/1/5816 5186/1/5816
f 5525/1/5698 5188/1/5698 5613/1/5698
f 5613/1/5698 5188/1/5698 5187/1/5698
f 5613/1/5817 5187/1/5817 5614/1/5817
f 5614/1/5818 5187/1/5818 5186/1/5818
f 5614/1/5819 5186/1/5819 5615/1/5819
f 5615/1/5820 5186/1/5820 5612/1/5820
f 5541/1/5821 5213/1/5821 5616/1/5821
f 5616/1/5821 5213/1/5821 5212/1/5821
f 5616/1/5822 5212/1/5822 5617/1/5822
f 5617/1/5822 5212/1/5822 5211/1/5822
f 5617/1/5823 5211/1/5823 5618/1/5823
f 5618/1/5823 5211/1/5823 5210/1/5823
f 5618/1/5824 5210/1/5824 5619/1/5824
f 5619/1/5825 5210/1/5825 5209/1/5825
f 5619/1/5826 5209/1/5826 5620/1/5826
f 5620/1/5826 5209/1/5826 5208/1/5826
f 5620/1/5827 5208/1/5827 5621/1/5827
f 5621/1/5827 5208/1/5827 5207/1/5827
f 5621/1/5828 5207/1/5828 5535/1/5828
f 5535/1/5828 5207/1/5828 5206/1/5828
f 5394/1/5829 5400/1/5829 5622/1/5829
f 5394/1/5830 5623/1/5830 5624/1/5830
f 5625/1/5831 5623/1/5831 5394/1/5831
f 5622/1/5832 5625/1/5832 5394/1/5832
f 5394/1/5833 5626/1/5833 5398/1/5833
f 5627/1/5834 5626/1/5834 5394/1/5834
f 5624/1/5835 5627/1/5835 5394/1/5835
f 5628/1/5836 5629/1/5836 5428/1/5836
f 5428/1/5837 5430/1/5837 5628/1/5837
f 5628/1/5838 5430/1/5838 5431/1/5838
f 5628/1/5839 5431/1/5839 5630/1/5839
f 5431/1/5840 5432/1/5840 5630/1/5840
f 5630/1/5841 5432/1/5841 5433/1/5841
f 5630/1/5842 5433/1/5842 5631/1/5842
f 5433/1/5843 5434/1/5843 5631/1/5843
f 5631/1/5844 5434/1/5844 5435/1/5844
f 5631/1/5845 5435/1/5845 5632/1/5845
f 5435/1/5846 5436/1/5846 5632/1/5846
f 5632/1/5847 5436/1/5847 5437/1/5847
f 5632/1/5848 5437/1/5848 5633/1/5848
f 5437/1/5849 5438/1/5849 5633/1/5849
f 5633/1/5850 5438/1/5850 5439/1/5850
f 5633/1/5851 5439/1/5851 5634/1/5851
f 5439/1/5852 5440/1/5852 5634/1/5852
f 5634/1/5853 5440/1/5853 5441/1/5853
f 5634/1/5854 5441/1/5854 5635/1/5854
f 5635/1/5855 5441/1/5855 5442/1/5855
f 5635/1/5856 5442/1/5856 5636/1/5856
f 5636/1/5857 5442/1/5857 5443/1/5857
f 5637/1/5858 5638/1/5858 5639/1/5858
f 5637/1/5859 5639/1/5859 5640/1/5859
f 5639/1/5860 5641/1/5860 5640/1/5860
f 5640/1/5861 5641/1/5861 5642/1/5861
f 5640/1/5862 5642/1/5862 5643/1/5862
f 5642/1/5863 5644/1/5863 5643/1/5863
f 5643/1/5864 5644/1/5864 5645/1/5864
f 5643/1/5865 5645/1/5865 5646/1/5865
f 5646/1/5866 5645/1/5866 5647/1/5866
f 5646/1/5867 5647/1/5867 5648/1/5867
f 5648/1/5868 5647/1/5868 5649/1/5868
f 5648/1/5869 5649/1/5869 5650/1/5869
f 5651/1/208 5652/1/208 5653/1/208
f 5653/1/208 5652/1/208 5654/1/208
f 5655/1/48 5656/1/48 5657/1/48
f 5657/1/48 5656/1/48 5658/1/48
f 5659/1/48 5660/1/48 5661/1/48
f 5661/1/48 5660/1/48 5657/1/48
f 5661/1/48 5657/1/48 5662/1/48
f 5662/1/48 5657/1/48 5658/1/48
f 5663/1/48 5655/1/48 5664/1/48
f 5664/1/48 5655/1/48 5657/1/48
f 5664/1/48 5657/1/48 5665/1/48
f 5665/1/48 5657/1/48 5666/1/48
f 5667/1/48 5668/1/48 5669/1/48
f 5670/1/48 5671/1/48 5672/1/48
f 5672/1/48 5671/1/48 5673/1/48
f 5672/1/48 5673/1/48 5674/1/48
f 5674/1/48 5673/1/48 5675/1/48
f 5674/1/48 5675/1/48 5676/1/48
f 5676/1/48 5675/1/48 5677/1/48
f 5676/1/48 5677/1/48 5678/1/48
f 5667/1/48 5669/1/48 5679/1/48
f 5678/1/48 5677/1/48 5680/1/48
f 5680/1/48 5677/1/48 5681/1/48
f 5680/1/48 5681/1/48 5682/1/48
f 5683/1/48 5684/1/48 5685/1/48
f 5668/1/48 5667/1/48 5685/1/48
f 5685/1/48 5667/1/48 5686/1/48
f 5685/1/48 5686/1/48 5683/1/48
f 5687/1/48 5688/1/48 5689/1/48
f 5689/1/48 5688/1/48 5683/1/48
f 5689/1/48 5683/1/48 5690/1/48
f 5690/1/48 5683/1/48 5686/1/48
f 5691/1/48 5692/1/48 5693/1/48
f 5693/1/48 5692/1/48 5694/1/48
f 5693/1/48 5694/1/48 5672/1/48
f 5672/1/48 5694/1/48 5695/1/48
f 5672/1/48 5695/1/48 5670/1/48
f 5669/1/48 5696/1/48 5679/1/48
f 5679/1/48 5696/1/48 5697/1/48
f 5679/1/48 5697/1/48 5698/1/48
f 5682/1/48 5681/1/48 5699/1/48
f 5699/1/48 5681/1/48 5700/1/48
f 5699/1/48 5700/1/48 5701/1/48
f 5701/1/48 5700/1/48 5698/1/48
f 5701/1/48 5698/1/48 5702/1/48
f 5453/1/48 5454/1/48 5703/1/48
f 5697/1/48 5704/1/48 5698/1/48
f 5698/1/48 5704/1/48 5703/1/48
f 5698/1/48 5703/1/48 5702/1/48
f 5702/1/48 5703/1/48 5454/1/48
f 5702/1/48 5454/1/48 5705/1/48
f 5705/1/48 5454/1/48 5455/1/48
f 5705/1/48 5455/1/48 5706/1/48
f 5706/1/48 5455/1/48 5456/1/48
f 5706/1/48 5456/1/48 5707/1/48
f 5707/1/48 5456/1/48 5457/1/48
f 5707/1/48 5457/1/48 5693/1/48
f 5693/1/48 5457/1/48 5458/1/48
f 5693/1/48 5458/1/48 5691/1/48
f 5703/1/48 5708/1/48 5453/1/48
f 5453/1/48 5708/1/48 5709/1/48
f 5453/1/48 5709/1/48 5452/1/48
f 5452/1/48 5709/1/48 5710/1/48
f 5452/1/48 5710/1/48 5451/1/48
f 5451/1/48 5710/1/48 5711/1/48
f 5451/1/5870 5711/1/5870 5712/1/5870
f 5712/1/48 5711/1/48 5713/1/48
f 5684/1/48 5683/1/48 5714/1/48
f 5714/1/48 5683/1/48 5715/1/48
f 5714/1/48 5715/1/48 5711/1/48
f 5711/1/48 5715/1/48 5716/1/48
f 5711/1/48 5716/1/48 5713/1/48
f 5450/1/56 5451/1/56 5717/1/56
f 5718/1/56 5719/1/56 5720/1/56
f 5720/1/56 5719/1/56 5721/1/56
f 5720/1/56 5721/1/56 5722/1/56
f 5722/1/56 5721/1/56 5447/1/56
f 5722/1/56 5447/1/56 5449/1/56
f 5450/1/56 5717/1/56 5449/1/56
f 5449/1/56 5717/1/56 5723/1/56
f 5449/1/56 5723/1/56 5722/1/56
f 5724/1/5871 5725/1/5871 5726/1/5871
f 5727/1/5667 5725/1/5667 5724/1/5667
f 5728/1/5872 5727/1/5872 5724/1/5872
f 5724/1/5873 5729/1/5873 5730/1/5873
f 5731/1/5669 5729/1/5669 5724/1/5669
f 5726/1/5874 5731/1/5874 5724/1/5874
f 5732/1/5875 5733/1/5875 5734/1/5875
f 5732/1/5876 5735/1/5876 5736/1/5876
f 5737/1/5877 5735/1/5877 5732/1/5877
f 5734/1/5878 5737/1/5878 5732/1/5878
f 5732/1/5879 5738/1/5879 5739/1/5879
f 5740/1/5880 5738/1/5880 5732/1/5880
f 5736/1/5881 5740/1/5881 5732/1/5881
f 5732/1/5669 5741/1/5669 5742/1/5669
f 5743/1/5559 5741/1/5559 5732/1/5559
f 5739/1/5560 5743/1/5560 5732/1/5560
f 5732/1/5671 5744/1/5671 5733/1/5671
f 5745/1/5882 5744/1/5882 5732/1/5882
f 5742/1/5883 5745/1/5883 5732/1/5883
f 5746/1/48 5747/1/48 5748/1/48
f 5748/1/48 5747/1/48 5749/1/48
f 5748/1/48 5749/1/48 5750/1/48
f 5750/1/48 5749/1/48 5751/1/48
f 5750/1/48 5751/1/48 5752/1/48
f 5753/1/48 5754/1/48 5755/1/48
f 5755/1/48 5754/1/48 5756/1/48
f 5755/1/48 5756/1/48 5757/1/48
f 5757/1/48 5756/1/48 5758/1/48
f 5757/1/48 5758/1/48 5759/1/48
f 5759/1/48 5758/1/48 5760/1/48
f 5759/1/48 5760/1/48 5761/1/48
f 5761/1/48 5760/1/48 5719/1/48
f 5761/1/48 5719/1/48 5762/1/48
f 5751/1/48 5754/1/48 5752/1/48
f 5752/1/48 5754/1/48 5753/1/48
f 5752/1/48 5753/1/48 5763/1/48
f 5763/1/48 5753/1/48 5764/1/48
f 5765/1/48 5766/1/48 5767/1/48
f 5767/1/48 5766/1/48 5768/1/48
f 5767/1/48 5768/1/48 5769/1/48
f 5769/1/1623 5768/1/1623 5770/1/1623
f 5769/1/48 5770/1/48 5771/1/48
f 5771/1/48 5770/1/48 5772/1/48
f 5771/1/48 5772/1/48 5773/1/48
f 5773/1/48 5772/1/48 5774/1/48
f 5773/1/48 5774/1/48 5775/1/48
f 5762/1/48 5776/1/48 5761/1/48
f 5761/1/48 5776/1/48 5777/1/48
f 5761/1/48 5777/1/48 5767/1/48
f 5767/1/48 5777/1/48 5778/1/48
f 5767/1/48 5778/1/48 5765/1/48
f 5779/1/48 5780/1/48 5781/1/48
f 5782/1/48 5783/1/48 5784/1/48
f 5775/1/48 5774/1/48 5785/1/48
f 5785/1/48 5774/1/48 5786/1/48
f 5785/1/48 5786/1/48 5787/1/48
f 5784/1/48 5788/1/48 5782/1/48
f 5782/1/48 5788/1/48 5789/1/48
f 5782/1/48 5789/1/48 5790/1/48
f 5790/1/48 5789/1/48 5791/1/48
f 5790/1/48 5791/1/48 5792/1/48
f 5792/1/48 5791/1/48 5763/1/48
f 5792/1/48 5763/1/48 5786/1/48
f 5786/1/48 5763/1/48 5764/1/48
f 5786/1/48 5764/1/48 5787/1/48
f 5793/1/48 5794/1/48 5795/1/48
f 5795/1/48 5794/1/48 5796/1/48
f 5795/1/48 5796/1/48 5783/1/48
f 5783/1/48 5796/1/48 5797/1/48
f 5783/1/48 5797/1/48 5784/1/48
f 5793/1/48 5779/1/48 5794/1/48
f 5794/1/48 5779/1/48 5781/1/48
f 5794/1/48 5781/1/48 5798/1/48
f 5798/1/48 5781/1/48 5799/1/48
f 5798/1/48 5799/1/48 5746/1/48
f 5746/1/48 5799/1/48 5800/1/48
f 5746/1/48 5800/1/48 5747/1/48
f 5747/1/48 5800/1/48 5801/1/48
f 5802/1/56 5801/1/56 5803/1/56
f 5804/1/56 5802/1/56 5805/1/56
f 5805/1/56 5802/1/56 5806/1/56
f 5803/1/56 5807/1/56 5802/1/56
f 5802/1/56 5807/1/56 5808/1/56
f 5802/1/56 5808/1/56 5806/1/56
f 5809/1/5884 5810/1/5884 5811/1/5884
f 5811/1/5885 5810/1/5885 5812/1/5885
f 5811/1/5886 5812/1/5886 5813/1/5886
f 5813/1/5887 5812/1/5887 5814/1/5887
f 5814/1/5888 5812/1/5888 5815/1/5888
f 5814/1/5889 5815/1/5889 5816/1/5889
f 5816/1/5190 5815/1/5190 5817/1/5190
f 5817/1/5890 5815/1/5890 5818/1/5890
f 5817/1/5891 5818/1/5891 5819/1/5891
f 5819/1/5892 5818/1/5892 5820/1/5892
f 5820/1/5893 5818/1/5893 5821/1/5893
f 5820/1/5894 5821/1/5894 5822/1/5894
f 5822/1/5895 5821/1/5895 5823/1/5895
f 5823/1/5896 5821/1/5896 5824/1/5896
f 5823/1/5201 5824/1/5201 5825/1/5201
f 5825/1/5164 5824/1/5164 5826/1/5164
f 5826/1/5897 5824/1/5897 5827/1/5897
f 5826/1/5898 5827/1/5898 5828/1/5898
f 5493/1/5170 5769/1/5170 5492/1/5170
f 5492/1/5170 5769/1/5170 5771/1/5170
f 5492/1/5171 5771/1/5171 5491/1/5171
f 5491/1/5171 5771/1/5171 5773/1/5171
f 5491/1/5172 5773/1/5172 5490/1/5172
f 5490/1/5172 5773/1/5172 5775/1/5172
f 5490/1/2547 5775/1/2547 5489/1/2547
f 5489/1/2547 5775/1/2547 5785/1/2547
f 5489/1/5173 5785/1/5173 5488/1/5173
f 5488/1/5173 5785/1/5173 5787/1/5173
f 5488/1/5174 5787/1/5174 5487/1/5174
f 5487/1/5174 5787/1/5174 5764/1/5174
f 5487/1/5175 5764/1/5175 5486/1/5175
f 5486/1/5175 5764/1/5175 5753/1/5175
f 5509/1/5182 5798/1/5182 5508/1/5182
f 5508/1/5182 5798/1/5182 5746/1/5182
f 5508/1/220 5746/1/220 5507/1/220
f 5507/1/220 5746/1/220 5748/1/220
f 5507/1/5183 5748/1/5183 5506/1/5183
f 5506/1/5183 5748/1/5183 5750/1/5183
f 5506/1/5184 5750/1/5184 5505/1/5184
f 5505/1/5184 5750/1/5184 5752/1/5184
f 5505/1/221 5752/1/221 5504/1/221
f 5504/1/221 5752/1/221 5763/1/221
f 5504/1/5185 5763/1/5185 5503/1/5185
f 5503/1/5185 5763/1/5185 5791/1/5185
f 5486/1/5899 5753/1/5899 5514/1/5899
f 5514/1/5899 5753/1/5899 5755/1/5899
f 5514/1/72 5755/1/72 5513/1/72
f 5513/1/72 5755/1/72 5757/1/72
f 5513/1/5900 5757/1/5900 5512/1/5900
f 5512/1/5900 5757/1/5900 5759/1/5900
f 5512/1/5315 5759/1/5315 5511/1/5315
f 5511/1/5315 5759/1/5315 5761/1/5315
f 5511/1/1 5761/1/1 5510/1/1
f 5510/1/1 5761/1/1 5767/1/1
f 5510/1/5316 5767/1/5316 5493/1/5316
f 5493/1/5316 5767/1/5316 5769/1/5316
f 5829/1/5901 5830/1/5901 5521/1/5901
f 5516/1/5164 5515/1/5164 5831/1/5164
f 5831/1/5902 5832/1/5902 5516/1/5902
f 5516/1/5903 5832/1/5903 5833/1/5903
f 5516/1/5904 5833/1/5904 5517/1/5904
f 5517/1/5905 5833/1/5905 5518/1/5905
f 5518/1/5906 5833/1/5906 5519/1/5906
f 5519/1/5907 5833/1/5907 5834/1/5907
f 5519/1/5908 5834/1/5908 5835/1/5908
f 5521/1/5909 5522/1/5909 5829/1/5909
f 5829/1/5910 5522/1/5910 5523/1/5910
f 5829/1/5911 5523/1/5911 5836/1/5911
f 5836/1/5912 5523/1/5912 5524/1/5912
f 5836/1/5913 5524/1/5913 5835/1/5913
f 5835/1/5914 5524/1/5914 5520/1/5914
f 5835/1/5908 5520/1/5908 5519/1/5908
f 5837/1/5915 5838/1/5915 5531/1/5915
f 5526/1/5176 5525/1/5176 5839/1/5176
f 5839/1/5916 5840/1/5916 5526/1/5916
f 5526/1/5917 5840/1/5917 5841/1/5917
f 5526/1/5918 5841/1/5918 5527/1/5918
f 5527/1/5919 5841/1/5919 5528/1/5919
f 5528/1/5920 5841/1/5920 5529/1/5920
f 5529/1/5921 5841/1/5921 5842/1/5921
f 5529/1/5922 5842/1/5922 5843/1/5922
f 5531/1/5923 5532/1/5923 5837/1/5923
f 5837/1/5924 5532/1/5924 5533/1/5924
f 5837/1/5925 5533/1/5925 5844/1/5925
f 5844/1/5926 5533/1/5926 5534/1/5926
f 5844/1/5927 5534/1/5927 5843/1/5927
f 5843/1/5928 5534/1/5928 5530/1/5928
f 5843/1/5929 5530/1/5929 5529/1/5929
f 5541/1/5212 5702/1/5212 5540/1/5212
f 5540/1/5212 5702/1/5212 5705/1/5212
f 5540/1/85 5705/1/85 5539/1/85
f 5539/1/85 5705/1/85 5706/1/85
f 5539/1/5213 5706/1/5213 5538/1/5213
f 5538/1/5213 5706/1/5213 5707/1/5213
f 5538/1/5899 5707/1/5899 5537/1/5899
f 5537/1/5899 5707/1/5899 5693/1/5899
f 5537/1/72 5693/1/72 5536/1/72
f 5536/1/72 5693/1/72 5672/1/72
f 5536/1/5900 5672/1/5900 5535/1/5900
f 5535/1/5900 5672/1/5900 5674/1/5900
f 5549/1/5186 5714/1/5186 5548/1/5186
f 5548/1/5186 5714/1/5186 5711/1/5186
f 5548/1/5187 5711/1/5187 5547/1/5187
f 5547/1/5187 5711/1/5187 5710/1/5187
f 5547/1/5188 5710/1/5188 5546/1/5188
f 5546/1/5188 5710/1/5188 5709/1/5188
f 5546/1/72 5709/1/72 5545/1/72
f 5545/1/72 5709/1/72 5708/1/72
f 5545/1/5189 5708/1/5189 5544/1/5189
f 5544/1/5189 5708/1/5189 5703/1/5189
f 5544/1/5190 5703/1/5190 5543/1/5190
f 5543/1/5190 5703/1/5190 5704/1/5190
f 5543/1/5191 5704/1/5191 5542/1/5191
f 5542/1/5191 5704/1/5191 5697/1/5191
f 5542/1/5184 5697/1/5184 5554/1/5184
f 5554/1/5184 5697/1/5184 5696/1/5184
f 5554/1/221 5696/1/221 5553/1/221
f 5553/1/221 5696/1/221 5669/1/221
f 5553/1/5185 5669/1/5185 5552/1/5185
f 5552/1/5185 5669/1/5185 5668/1/5185
f 5552/1/5930 5668/1/5930 5551/1/5930
f 5551/1/5930 5668/1/5930 5685/1/5930
f 5551/1/2547 5685/1/2547 5550/1/2547
f 5550/1/2547 5685/1/2547 5684/1/2547
f 5550/1/5931 5684/1/5931 5549/1/5931
f 5549/1/5931 5684/1/5931 5714/1/5931
f 5845/1/5932 5846/1/5932 5561/1/5932
f 5556/1/5192 5555/1/5192 5847/1/5192
f 5847/1/5933 5848/1/5933 5556/1/5933
f 5556/1/5934 5848/1/5934 5849/1/5934
f 5556/1/5935 5849/1/5935 5557/1/5935
f 5557/1/5936 5849/1/5936 5558/1/5936
f 5558/1/5937 5849/1/5937 5559/1/5937
f 5559/1/5938 5849/1/5938 5850/1/5938
f 5559/1/5939 5850/1/5939 5851/1/5939
f 5561/1/5940 5562/1/5940 5845/1/5940
f 5845/1/5941 5562/1/5941 5563/1/5941
f 5845/1/5942 5563/1/5942 5852/1/5942
f 5852/1/5943 5563/1/5943 5564/1/5943
f 5852/1/5944 5564/1/5944 5851/1/5944
f 5851/1/5945 5564/1/5945 5560/1/5945
f 5851/1/5939 5560/1/5939 5559/1/5939
f 5503/1/5176 5791/1/5176 5570/1/5176
f 5570/1/5176 5791/1/5176 5789/1/5176
f 5570/1/5177 5789/1/5177 5569/1/5177
f 5569/1/5177 5789/1/5177 5788/1/5177
f 5569/1/5178 5788/1/5178 5568/1/5178
f 5568/1/5178 5788/1/5178 5784/1/5178
f 5568/1/85 5784/1/85 5567/1/85
f 5567/1/85 5784/1/85 5797/1/85
f 5567/1/5179 5797/1/5179 5566/1/5179
f 5566/1/5179 5797/1/5179 5796/1/5179
f 5566/1/5180 5796/1/5180 5565/1/5180
f 5565/1/5180 5796/1/5180 5794/1/5180
f 5565/1/5181 5794/1/5181 5509/1/5181
f 5509/1/5181 5794/1/5181 5798/1/5181
f 5853/1/5946 5854/1/5946 5577/1/5946
f 5572/1/5198 5571/1/5198 5855/1/5198
f 5855/1/5947 5856/1/5947 5572/1/5947
f 5572/1/5948 5856/1/5948 5857/1/5948
f 5572/1/5949 5857/1/5949 5573/1/5949
f 5573/1/5950 5857/1/5950 5574/1/5950
f 5574/1/5951 5857/1/5951 5575/1/5951
f 5575/1/5952 5857/1/5952 5858/1/5952
f 5575/1/5953 5858/1/5953 5859/1/5953
f 5577/1/5954 5578/1/5954 5853/1/5954
f 5853/1/5955 5578/1/5955 5579/1/5955
f 5853/1/5956 5579/1/5956 5860/1/5956
f 5860/1/5957 5579/1/5957 5580/1/5957
f 5860/1/5958 5580/1/5958 5859/1/5958
f 5859/1/5959 5580/1/5959 5576/1/5959
f 5859/1/5953 5576/1/5953 5575/1/5953
f 5861/1/5960 5855/1/5960 5571/1/5960
f 5581/1/5315 5577/1/5315 5854/1/5315
f 5854/1/5961 5862/1/5961 5581/1/5961
f 5581/1/5962 5862/1/5962 5863/1/5962
f 5581/1/5963 5863/1/5963 5582/1/5963
f 5864/1/5964 5584/1/5964 5863/1/5964
f 5863/1/5965 5584/1/5965 5583/1/5965
f 5863/1/5966 5583/1/5966 5582/1/5966
f 5571/1/5967 5587/1/5967 5861/1/5967
f 5861/1/5968 5587/1/5968 5588/1/5968
f 5861/1/5969 5588/1/5969 5865/1/5969
f 5865/1/5970 5588/1/5970 5589/1/5970
f 5865/1/5971 5589/1/5971 5866/1/5971
f 5866/1/5972 5589/1/5972 5586/1/5972
f 5866/1/221 5586/1/221 5864/1/221
f 5864/1/5973 5586/1/5973 5585/1/5973
f 5864/1/5974 5585/1/5974 5584/1/5974
f 5867/1/5975 5831/1/5975 5515/1/5975
f 5590/1/5170 5521/1/5170 5830/1/5170
f 5830/1/5976 5868/1/5976 5590/1/5976
f 5590/1/5977 5868/1/5977 5869/1/5977
f 5590/1/5978 5869/1/5978 5591/1/5978
f 5591/1/5979 5869/1/5979 5592/1/5979
f 5592/1/5980 5869/1/5980 5593/1/5980
f 5593/1/5981 5869/1/5981 5870/1/5981
f 5593/1/5982 5870/1/5982 5871/1/5982
f 5515/1/5983 5595/1/5983 5867/1/5983
f 5867/1/5984 5595/1/5984 5596/1/5984
f 5867/1/5985 5596/1/5985 5872/1/5985
f 5872/1/5986 5596/1/5986 5597/1/5986
f 5872/1/5987 5597/1/5987 5871/1/5987
f 5871/1/5988 5597/1/5988 5594/1/5988
f 5871/1/5982 5594/1/5982 5593/1/5982
f 5873/1/5989 5847/1/5989 5555/1/5989
f 5598/1/5990 5561/1/5990 5846/1/5990
f 5846/1/5991 5874/1/5991 5598/1/5991
f 5598/1/5992 5874/1/5992 5875/1/5992
f 5598/1/5993 5875/1/5993 5599/1/5993
f 5876/1/5994 5602/1/5994 5877/1/5994
f 5877/1/5995 5602/1/5995 5601/1/5995
f 5877/1/5996 5601/1/5996 5875/1/5996
f 5875/1/5997 5601/1/5997 5600/1/5997
f 5875/1/5998 5600/1/5998 5599/1/5998
f 5555/1/5999 5604/1/5999 5873/1/5999
f 5873/1/6000 5604/1/6000 5605/1/6000
f 5873/1/6001 5605/1/6001 5878/1/6001
f 5878/1/6002 5605/1/6002 5606/1/6002
f 5878/1/6003 5606/1/6003 5876/1/6003
f 5876/1/6004 5606/1/6004 5603/1/6004
f 5876/1/6005 5603/1/6005 5602/1/6005
f 5879/1/6006 5839/1/6006 5525/1/6006
f 5607/1/5182 5531/1/5182 5838/1/5182
f 5838/1/6007 5880/1/6007 5607/1/6007
f 5607/1/6008 5880/1/6008 5881/1/6008
f 5607/1/6009 5881/1/6009 5608/1/6009
f 5882/1/6010 5611/1/6010 5883/1/6010
f 5883/1/6011 5611/1/6011 5610/1/6011
f 5883/1/6012 5610/1/6012 5881/1/6012
f 5881/1/6013 5610/1/6013 5609/1/6013
f 5881/1/6014 5609/1/6014 5608/1/6014
f 5525/1/6015 5613/1/6015 5879/1/6015
f 5879/1/6016 5613/1/6016 5614/1/6016
f 5879/1/6017 5614/1/6017 5884/1/6017
f 5884/1/6018 5614/1/6018 5615/1/6018
f 5884/1/6019 5615/1/6019 5882/1/6019
f 5882/1/6020 5615/1/6020 5612/1/6020
f 5882/1/6021 5612/1/6021 5611/1/6021
f 5535/1/5204 5674/1/5204 5621/1/5204
f 5621/1/5204 5674/1/5204 5676/1/5204
f 5621/1/5205 5676/1/5205 5620/1/5205
f 5620/1/5205 5676/1/5205 5678/1/5205
f 5620/1/5206 5678/1/5206 5619/1/5206
f 5619/1/5206 5678/1/5206 5680/1/5206
f 5619/1/221 5680/1/221 5618/1/221
f 5618/1/221 5680/1/221 5682/1/221
f 5618/1/5207 5682/1/5207 5617/1/5207
f 5617/1/5207 5682/1/5207 5699/1/5207
f 5617/1/5208 5699/1/5208 5616/1/5208
f 5616/1/5208 5699/1/5208 5701/1/5208
f 5616/1/5209 5701/1/5209 5541/1/5209
f 5541/1/5209 5701/1/5209 5702/1/5209
f 5809/1/6022 5885/1/6022 5886/1/6022
f 5886/1/6022 5885/1/6022 5887/1/6022
f 5886/1/6023 5887/1/6023 5888/1/6023
f 5888/1/6023 5887/1/6023 5889/1/6023
f 5888/1/6024 5889/1/6024 5890/1/6024
f 5890/1/6024 5889/1/6024 5891/1/6024
f 5890/1/6025 5891/1/6025 5892/1/6025
f 5892/1/6025 5891/1/6025 5893/1/6025
f 5892/1/6026 5893/1/6026 5894/1/6026
f 5894/1/6026 5893/1/6026 5895/1/6026
f 5894/1/6027 5895/1/6027 5896/1/6027
f 5896/1/6027 5895/1/6027 5897/1/6027
f 5896/1/6028 5897/1/6028 5828/1/6028
f 5828/1/6029 5897/1/6029 5898/1/6029
f 5650/1/6030 5649/1/6030 5899/1/6030
f 5899/1/6031 5649/1/6031 5900/1/6031
f 5899/1/6032 5900/1/6032 5901/1/6032
f 5901/1/6033 5900/1/6033 5902/1/6033
f 5901/1/6034 5902/1/6034 5903/1/6034
f 5903/1/6035 5902/1/6035 5904/1/6035
f 5903/1/6036 5904/1/6036 5905/1/6036
f 5905/1/6037 5904/1/6037 5906/1/6037
f 5905/1/6038 5906/1/6038 5907/1/6038
f 5907/1/6039 5906/1/6039 5908/1/6039
f 5909/1/1635 5910/1/1635 5911/1/1635
f 5911/1/1635 5910/1/1635 5912/1/1635
f 5913/1/6040 5914/1/6040 5915/1/6040
f 5916/1/6041 5917/1/6041 5913/1/6041
f 5918/1/6042 5919/1/6042 5913/1/6042
f 5920/1/6043 5921/1/6043 5913/1/6043
f 5922/1/6044 5923/1/6044 5913/1/6044
f 5913/1/6045 5924/1/6045 5925/1/6045
f 5926/1/6046 5924/1/6046 5913/1/6046
f 5923/1/6047 5926/1/6047 5913/1/6047
f 5921/1/6048 5922/1/6048 5913/1/6048
f 5919/1/6049 5920/1/6049 5913/1/6049
f 5917/1/6050 5918/1/6050 5913/1/6050
f 5915/1/6051 5916/1/6051 5913/1/6051
f 5927/1/5858 5928/1/5858 5929/1/5858
f 5927/1/6052 5929/1/6052 5930/1/6052
f 5931/1/6053 5932/1/6053 5933/1/6053
f 5929/1/6054 5934/1/6054 5930/1/6054
f 5930/1/6055 5934/1/6055 5935/1/6055
f 5930/1/6056 5935/1/6056 5936/1/6056
f 5936/1/6057 5935/1/6057 5937/1/6057
f 5936/1/6058 5937/1/6058 5938/1/6058
f 5933/1/6053 5939/1/6053 5931/1/6053
f 5931/1/6059 5939/1/6059 5940/1/6059
f 5931/1/6060 5940/1/6060 5938/1/6060
f 5938/1/6061 5940/1/6061 5941/1/6061
f 5938/1/6062 5941/1/6062 5936/1/6062
f 5942/1/6063 5943/1/6063 5944/1/6063
f 5944/1/6063 5943/1/6063 5945/1/6063
f 5944/1/6064 5945/1/6064 5946/1/6064
f 5946/1/6065 5945/1/6065 5947/1/6065
f 5946/1/6066 5947/1/6066 5948/1/6066
f 5948/1/6067 5947/1/6067 5949/1/6067
f 5948/1/6068 5949/1/6068 5950/1/6068
f 5828/1/6069 5827/1/6069 5896/1/6069
f 5896/1/6069 5827/1/6069 5951/1/6069
f 5896/1/6070 5951/1/6070 5894/1/6070
f 5894/1/6070 5951/1/6070 5952/1/6070
f 5894/1/6071 5952/1/6071 5892/1/6071
f 5892/1/6071 5952/1/6071 5953/1/6071
f 5892/1/5211 5953/1/5211 5890/1/5211
f 5890/1/5211 5953/1/5211 5954/1/5211
f 5890/1/6072 5954/1/6072 5888/1/6072
f 5888/1/6072 5954/1/6072 5955/1/6072
f 5888/1/6073 5955/1/6073 5886/1/6073
f 5886/1/6073 5955/1/6073 5956/1/6073
f 5886/1/6074 5956/1/6074 5809/1/6074
f 5809/1/6074 5956/1/6074 5810/1/6074
f 5957/1/6075 5484/1/6075 5958/1/6075
f 5958/1/6076 5484/1/6076 5483/1/6076
f 5958/1/6077 5483/1/6077 5959/1/6077
f 5959/1/6077 5483/1/6077 5485/1/6077
f 5959/1/6078 5485/1/6078 5960/1/6078
f 5960/1/6078 5485/1/6078 5481/1/6078
f 5960/1/5210 5481/1/5210 5961/1/5210
f 5961/1/5210 5481/1/5210 5480/1/5210
f 5961/1/6079 5480/1/6079 5962/1/6079
f 5962/1/6079 5480/1/6079 5482/1/6079
f 5962/1/6080 5482/1/6080 5963/1/6080
f 5963/1/6080 5482/1/6080 5479/1/6080
f 5963/1/6081 5479/1/6081 5964/1/6081
f 5964/1/6081 5479/1/6081 5478/1/6081
f 5965/1/6069 5398/1/6069 5966/1/6069
f 5966/1/6069 5398/1/6069 5626/1/6069
f 5966/1/6070 5626/1/6070 5967/1/6070
f 5967/1/6070 5626/1/6070 5627/1/6070
f 5967/1/6071 5627/1/6071 5968/1/6071
f 5968/1/6071 5627/1/6071 5624/1/6071
f 5968/1/5211 5624/1/5211 5969/1/5211
f 5969/1/5211 5624/1/5211 5623/1/5211
f 5969/1/6072 5623/1/6072 5970/1/6072
f 5970/1/6072 5623/1/6072 5625/1/6072
f 5970/1/6073 5625/1/6073 5971/1/6073
f 5971/1/6073 5625/1/6073 5622/1/6073
f 5971/1/6074 5622/1/6074 5972/1/6074
f 5972/1/6074 5622/1/6074 5400/1/6074
f 5964/1/220 5478/1/220 5501/1/220
f 5964/1/6082 5501/1/6082 5973/1/6082
f 5973/1/6083 5501/1/6083 5502/1/6083
f 5973/1/6084 5502/1/6084 5974/1/6084
f 5974/1/6085 5502/1/6085 5500/1/6085
f 5974/1/6086 5500/1/6086 5975/1/6086
f 5500/1/6087 5499/1/6087 5975/1/6087
f 5975/1/6088 5499/1/6088 5498/1/6088
f 5975/1/6089 5498/1/6089 5976/1/6089
f 5498/1/6090 5497/1/6090 5976/1/6090
f 5976/1/5187 5497/1/5187 5496/1/5187
f 5976/1/6091 5496/1/6091 5977/1/6091
f 5496/1/5179 5495/1/5179 5977/1/5179
f 5977/1/6092 5495/1/6092 5494/1/6092
f 5977/1/6093 5494/1/6093 5978/1/6093
f 5978/1/6094 5494/1/6094 5484/1/6094
f 5978/1/6095 5484/1/6095 5957/1/6095
f 5912/1/6096 5683/1/6096 5688/1/6096
f 5912/1/6097 5688/1/6097 5979/1/6097
f 5979/1/6098 5688/1/6098 5687/1/6098
f 5979/1/6099 5687/1/6099 5980/1/6099
f 5980/1/6100 5687/1/6100 5689/1/6100
f 5980/1/6101 5689/1/6101 5981/1/6101
f 5981/1/6102 5689/1/6102 5690/1/6102
f 5981/1/6103 5690/1/6103 5982/1/6103
f 5983/1/6104 5728/1/6104 5984/1/6104
f 5984/1/6104 5728/1/6104 5985/1/6104
f 5984/1/2556 5985/1/2556 5986/1/2556
f 5986/1/2556 5985/1/2556 5987/1/2556
f 5986/1/5990 5987/1/5990 5988/1/5990
f 5988/1/5990 5987/1/5990 5989/1/5990
f 5988/1/5931 5989/1/5931 5990/1/5931
f 5990/1/5931 5989/1/5931 5991/1/5931
f 5990/1/2547 5991/1/2547 5992/1/2547
f 5992/1/2547 5991/1/2547 5993/1/2547
f 5992/1/5930 5993/1/5930 5994/1/5930
f 5994/1/5930 5993/1/5930 5730/1/5930
f 5904/1/6105 5902/1/6105 5717/1/6105
f 5717/1/6106 5902/1/6106 5900/1/6106
f 5717/1/6107 5900/1/6107 5723/1/6107
f 5723/1/6108 5900/1/6108 5649/1/6108
f 5723/1/6109 5649/1/6109 5722/1/6109
f 5712/1/6110 5713/1/6110 5908/1/6110
f 5717/1/6111 5451/1/6111 5904/1/6111
f 5904/1/6112 5451/1/6112 5712/1/6112
f 5904/1/6113 5712/1/6113 5906/1/6113
f 5906/1/6114 5712/1/6114 5908/1/6114
f 5908/1/6115 5713/1/6115 5716/1/6115
f 5908/1/6115 5716/1/6115 5995/1/6115
f 5995/1/6116 5716/1/6116 5715/1/6116
f 5995/1/6116 5715/1/6116 5910/1/6116
f 5683/1/85 5912/1/85 5715/1/85
f 5715/1/85 5912/1/85 5910/1/85
f 5639/1/6117 5638/1/6117 5776/1/6117
f 5776/1/6117 5638/1/6117 5777/1/6117
f 5645/1/6118 5644/1/6118 5762/1/6118
f 5762/1/6119 5644/1/6119 5642/1/6119
f 5762/1/6120 5642/1/6120 5776/1/6120
f 5776/1/6121 5642/1/6121 5641/1/6121
f 5776/1/6122 5641/1/6122 5639/1/6122
f 5722/1/6123 5649/1/6123 5720/1/6123
f 5720/1/6124 5649/1/6124 5647/1/6124
f 5720/1/6125 5647/1/6125 5718/1/6125
f 5718/1/6126 5647/1/6126 5645/1/6126
f 5718/1/6127 5645/1/6127 5719/1/6127
f 5719/1/6128 5645/1/6128 5762/1/6128
f 5724/1/6129 5991/1/6129 5989/1/6129
f 5993/1/5671 5991/1/5671 5724/1/5671
f 5730/1/6130 5993/1/6130 5724/1/6130
f 5724/1/6131 5985/1/6131 5728/1/6131
f 5987/1/5558 5985/1/5558 5724/1/5558
f 5989/1/6132 5987/1/6132 5724/1/6132
f 5778/1/6133 5996/1/6133 5997/1/6133
f 5778/1/6134 5997/1/6134 5765/1/6134
f 5765/1/6135 5997/1/6135 5998/1/6135
f 5765/1/6136 5998/1/6136 5766/1/6136
f 5766/1/6137 5998/1/6137 5999/1/6137
f 5766/1/6138 5999/1/6138 5768/1/6138
f 5768/1/6139 5999/1/6139 6000/1/6139
f 5768/1/6140 6000/1/6140 5770/1/6140
f 5943/1/6141 5781/1/6141 5780/1/6141
f 5943/1/6142 5780/1/6142 5945/1/6142
f 5945/1/6143 5780/1/6143 5779/1/6143
f 5945/1/6144 5779/1/6144 5947/1/6144
f 5947/1/6145 5779/1/6145 5793/1/6145
f 5947/1/6146 5793/1/6146 5949/1/6146
f 5949/1/6147 5793/1/6147 5795/1/6147
f 5949/1/6148 5795/1/6148 5950/1/6148
f 5781/1/72 5943/1/72 5799/1/72
f 5799/1/72 5943/1/72 6001/1/72
f 6002/1/6149 6003/1/6149 5807/1/6149
f 5807/1/6150 6003/1/6150 6004/1/6150
f 5807/1/6150 6004/1/6150 5808/1/6150
f 6002/1/6151 5807/1/6151 6005/1/6151
f 6005/1/6152 5807/1/6152 5803/1/6152
f 6005/1/6153 5803/1/6153 6006/1/6153
f 6006/1/6154 5803/1/6154 5801/1/6154
f 6006/1/6155 5801/1/6155 6007/1/6155
f 6007/1/6156 5801/1/6156 5800/1/6156
f 6007/1/6157 5800/1/6157 6008/1/6157
f 6008/1/6158 5800/1/6158 5799/1/6158
f 6008/1/6159 5799/1/6159 6001/1/6159
f 5777/1/1 5638/1/1 5778/1/1
f 5778/1/1 5638/1/1 5996/1/1
f 6009/1/5990 5914/1/5990 6010/1/5990
f 6009/1/6160 6010/1/6160 6011/1/6160
f 6011/1/6161 6010/1/6161 6012/1/6161
f 6011/1/6070 6012/1/6070 6013/1/6070
f 6013/1/5178 6012/1/5178 6014/1/5178
f 6013/1/6162 6014/1/6162 6015/1/6162
f 6014/1/5196 6016/1/5196 6015/1/5196
f 6015/1/6163 6016/1/6163 6017/1/6163
f 6015/1/6164 6017/1/6164 6018/1/6164
f 6017/1/6165 6019/1/6165 6018/1/6165
f 6018/1/6166 6019/1/6166 6020/1/6166
f 6018/1/6167 6020/1/6167 6021/1/6167
f 6020/1/6078 6022/1/6078 6021/1/6078
f 6021/1/5207 6022/1/5207 6023/1/5207
f 6021/1/6168 6023/1/6168 6024/1/6168
f 6024/1/6169 6023/1/6169 5925/1/6169
f 6024/1/6074 5925/1/6074 6025/1/6074
f 6026/1/6115 5805/1/6115 5806/1/6115
f 6026/1/6115 5806/1/6115 6027/1/6115
f 6027/1/6116 5806/1/6116 5808/1/6116
f 6027/1/6116 5808/1/6116 6004/1/6116
f 6028/1/6170 6029/1/6170 6030/1/6170
f 6030/1/6170 6029/1/6170 6031/1/6170
f 5805/1/6171 6026/1/6171 5804/1/6171
f 5804/1/6172 6026/1/6172 6032/1/6172
f 5804/1/6173 6032/1/6173 6033/1/6173
f 6033/1/6113 6032/1/6113 6034/1/6113
f 6033/1/6174 6034/1/6174 6030/1/6174
f 6030/1/6175 6034/1/6175 6035/1/6175
f 6030/1/6176 6035/1/6176 6028/1/6176
f 6036/1/208 5996/1/208 5637/1/208
f 5637/1/208 5996/1/208 5638/1/208
f 6037/1/6177 6038/1/6177 6039/1/6177
f 6039/1/6177 6038/1/6177 6040/1/6177
f 6039/1/6178 6040/1/6178 6041/1/6178
f 6041/1/6178 6040/1/6178 6042/1/6178
f 6041/1/6179 6042/1/6179 6043/1/6179
f 6043/1/3065 6042/1/3065 6044/1/3065
f 6043/1/3064 6044/1/3064 6045/1/3064
f 6045/1/3064 6044/1/3064 6046/1/3064
f 6045/1/6180 6046/1/6180 6047/1/6180
f 6047/1/6180 6046/1/6180 6048/1/6180
f 6047/1/6181 6048/1/6181 6049/1/6181
f 6049/1/6182 6048/1/6182 6050/1/6182
f 6051/1/2110 6001/1/2110 5942/1/2110
f 5942/1/2110 6001/1/2110 5943/1/2110
f 6052/1/6183 6004/1/6183 6003/1/6183
f 6052/1/6184 6003/1/6184 6053/1/6184
f 6003/1/6185 6002/1/6185 6053/1/6185
f 6053/1/6186 6002/1/6186 6005/1/6186
f 6053/1/6187 6005/1/6187 6054/1/6187
f 6005/1/6188 6006/1/6188 6054/1/6188
f 6054/1/6189 6006/1/6189 6007/1/6189
f 6054/1/6190 6007/1/6190 6055/1/6190
f 6055/1/6191 6007/1/6191 6008/1/6191
f 6055/1/6192 6008/1/6192 6056/1/6192
f 6056/1/6193 6008/1/6193 6001/1/6193
f 6056/1/6193 6001/1/6193 6051/1/6193
f 6037/1/6104 5656/1/6104 6057/1/6104
f 6057/1/6104 5656/1/6104 5655/1/6104
f 6057/1/2556 5655/1/2556 6058/1/2556
f 6058/1/2556 5655/1/2556 5663/1/2556
f 6058/1/5990 5663/1/5990 6059/1/5990
f 6059/1/5990 5663/1/5990 5664/1/5990
f 6059/1/5931 5664/1/5931 6060/1/5931
f 6060/1/5931 5664/1/5931 5665/1/5931
f 6060/1/2547 5665/1/2547 6061/1/2547
f 6061/1/2547 5665/1/2547 5666/1/2547
f 6061/1/5930 5666/1/5930 6049/1/5930
f 6049/1/5930 5666/1/5930 5657/1/5930
f 5925/1/5884 5924/1/5884 6025/1/5884
f 6025/1/6194 5924/1/6194 6062/1/6194
f 5924/1/5886 5926/1/5886 6062/1/5886
f 6062/1/5887 5926/1/5887 5923/1/5887
f 6062/1/6195 5923/1/6195 6063/1/6195
f 5923/1/5889 5922/1/5889 6063/1/5889
f 6063/1/5190 5922/1/5190 5921/1/5190
f 6063/1/6196 5921/1/6196 6064/1/6196
f 5921/1/5891 5920/1/5891 6064/1/5891
f 6064/1/5892 5920/1/5892 5919/1/5892
f 6064/1/6197 5919/1/6197 6065/1/6197
f 5919/1/5894 5918/1/5894 6065/1/5894
f 6065/1/5895 5918/1/5895 5917/1/5895
f 6065/1/6198 5917/1/6198 6066/1/6198
f 5914/1/6199 6009/1/6199 5915/1/6199
f 5915/1/6200 6009/1/6200 6066/1/6200
f 5915/1/5164 6066/1/5164 5916/1/5164
f 5916/1/5201 6066/1/5201 5917/1/5201
f 5810/1/48 5956/1/48 5824/1/48
f 5824/1/48 5956/1/48 5955/1/48
f 5824/1/48 5955/1/48 5954/1/48
f 5824/1/48 5821/1/48 5818/1/48
f 5951/1/48 5827/1/48 5952/1/48
f 5952/1/48 5827/1/48 5824/1/48
f 5952/1/48 5824/1/48 5953/1/48
f 5953/1/48 5824/1/48 5954/1/48
f 5810/1/48 5824/1/48 5812/1/48
f 5812/1/48 5824/1/48 5818/1/48
f 5812/1/48 5818/1/48 5815/1/48
f 5907/1/6201 5908/1/6201 5909/1/6201
f 5909/1/6202 5908/1/6202 5995/1/6202
f 5909/1/6203 5995/1/6203 5910/1/6203
f 6049/1/6204 6050/1/6204 6061/1/6204
f 6061/1/6205 6050/1/6205 6067/1/6205
f 6061/1/6206 6067/1/6206 6060/1/6206
f 6060/1/6206 6067/1/6206 6068/1/6206
f 6060/1/6207 6068/1/6207 6059/1/6207
f 6059/1/6208 6068/1/6208 6069/1/6208
f 6059/1/6209 6069/1/6209 6058/1/6209
f 6058/1/6210 6069/1/6210 6070/1/6210
f 6058/1/6211 6070/1/6211 6057/1/6211
f 6057/1/6211 6070/1/6211 6071/1/6211
f 6057/1/6212 6071/1/6212 6037/1/6212
f 6037/1/6212 6071/1/6212 6038/1/6212
f 5997/1/6213 5996/1/6213 6036/1/6213
f 6000/1/6214 5999/1/6214 6072/1/6214
f 6072/1/6215 5999/1/6215 6073/1/6215
f 5999/1/6216 5998/1/6216 6073/1/6216
f 6073/1/6217 5998/1/6217 5997/1/6217
f 6073/1/6218 5997/1/6218 6074/1/6218
f 6074/1/6219 5997/1/6219 6036/1/6219
f 6075/1/5185 5470/1/5185 6076/1/5185
f 6076/1/5185 5470/1/5185 5469/1/5185
f 6076/1/221 5469/1/221 6077/1/221
f 6077/1/221 5469/1/221 5471/1/221
f 6077/1/5184 5471/1/5184 6078/1/5184
f 6078/1/5184 5471/1/5184 5466/1/5184
f 6078/1/5183 5466/1/5183 6079/1/5183
f 6079/1/5183 5466/1/5183 5465/1/5183
f 6079/1/220 5465/1/220 6080/1/220
f 6080/1/220 5465/1/220 5467/1/220
f 6080/1/5182 5467/1/5182 6081/1/5182
f 6081/1/5182 5467/1/5182 5468/1/5182
f 6082/1/6220 5739/1/6220 6083/1/6220
f 6083/1/6220 5739/1/6220 5738/1/6220
f 6083/1/6084 5738/1/6084 6084/1/6084
f 6084/1/6084 5738/1/6084 5740/1/6084
f 6084/1/5895 5740/1/5895 6085/1/5895
f 6085/1/5895 5740/1/5895 5736/1/5895
f 6085/1/5899 5736/1/5899 6086/1/5899
f 6086/1/5899 5736/1/5899 5735/1/5899
f 6086/1/6221 5735/1/6221 6087/1/6221
f 6087/1/6221 5735/1/6221 5737/1/6221
f 6087/1/6222 5737/1/6222 6088/1/6222
f 6088/1/6222 5737/1/6222 5734/1/6222
f 6088/1/6095 5734/1/6095 6089/1/6095
f 6089/1/6095 5734/1/6095 5733/1/6095
f 6049/1/5185 5657/1/5185 6047/1/5185
f 6047/1/5185 5657/1/5185 5660/1/5185
f 6047/1/221 5660/1/221 6045/1/221
f 6045/1/221 5660/1/221 5659/1/221
f 6045/1/5184 5659/1/5184 6043/1/5184
f 6043/1/5184 5659/1/5184 5661/1/5184
f 6043/1/5183 5661/1/5183 6041/1/5183
f 6041/1/5183 5661/1/5183 5662/1/5183
f 6041/1/220 5662/1/220 6039/1/220
f 6039/1/220 5662/1/220 5658/1/220
f 6039/1/5182 5658/1/5182 6037/1/5182
f 6037/1/5182 5658/1/5182 5656/1/5182
f 5913/1/5669 5925/1/5669 6023/1/5669
f 6022/1/6223 6020/1/6223 5913/1/6223
f 6019/1/6224 6017/1/6224 5913/1/6224
f 6016/1/6225 6014/1/6225 5913/1/6225
f 5913/1/6226 6010/1/6226 5914/1/6226
f 6012/1/6227 6010/1/6227 5913/1/6227
f 6014/1/6228 6012/1/6228 5913/1/6228
f 6017/1/6229 6016/1/6229 5913/1/6229
f 6020/1/6230 6019/1/6230 5913/1/6230
f 6023/1/6231 6022/1/6231 5913/1/6231
f 5972/1/5184 5400/1/5184 6090/1/5184
f 6090/1/5184 5400/1/5184 5399/1/5184
f 6090/1/5183 5399/1/5183 6091/1/5183
f 6091/1/5183 5399/1/5183 5401/1/5183
f 6091/1/220 5401/1/220 6092/1/220
f 6092/1/220 5401/1/220 5396/1/220
f 6092/1/5182 5396/1/5182 6093/1/5182
f 6093/1/5182 5396/1/5182 5395/1/5182
f 6093/1/6104 5395/1/6104 6094/1/6104
f 6094/1/6104 5395/1/6104 5397/1/6104
f 6094/1/2556 5397/1/2556 5965/1/2556
f 5965/1/2556 5397/1/2556 5398/1/2556
f 6081/1/6104 5468/1/6104 6095/1/6104
f 6095/1/6104 5468/1/6104 5475/1/6104
f 6095/1/2556 5475/1/2556 6096/1/2556
f 6096/1/2556 5475/1/2556 5476/1/2556
f 6096/1/5990 5476/1/5990 6097/1/5990
f 6097/1/5990 5476/1/5990 5473/1/5990
f 6097/1/5931 5473/1/5931 6098/1/5931
f 6098/1/5931 5473/1/5931 5472/1/5931
f 6098/1/2547 5472/1/2547 6099/1/2547
f 6099/1/2547 5472/1/2547 5474/1/2547
f 6099/1/5930 5474/1/5930 6075/1/5930
f 6075/1/5930 5474/1/5930 5470/1/5930
f 5911/1/6232 5912/1/6232 6100/1/6232
f 6100/1/6232 5912/1/6232 5979/1/6232
f 6100/1/6233 5979/1/6233 6101/1/6233
f 6101/1/6234 5979/1/6234 5980/1/6234
f 6101/1/6235 5980/1/6235 6102/1/6235
f 6102/1/6236 5980/1/6236 5981/1/6236
f 6102/1/6237 5981/1/6237 5982/1/6237
f 5994/1/5185 5730/1/5185 6103/1/5185
f 6103/1/5185 5730/1/5185 5729/1/5185
f 6103/1/221 5729/1/221 6104/1/221
f 6104/1/221 5729/1/221 5731/1/221
f 6104/1/5184 5731/1/5184 6105/1/5184
f 6105/1/5184 5731/1/5184 5726/1/5184
f 6105/1/5183 5726/1/5183 6106/1/5183
f 6106/1/5183 5726/1/5183 5725/1/5183
f 6106/1/220 5725/1/220 6107/1/220
f 6107/1/220 5725/1/220 5727/1/220
f 6107/1/5182 5727/1/5182 5983/1/5182
f 5983/1/5182 5727/1/5182 5728/1/5182
f 6100/1/48 6101/1/48 6108/1/48
f 5905/1/48 5907/1/48 5909/1/48
f 6100/1/48 6108/1/48 6036/1/48
f 6108/1/48 6109/1/48 6036/1/48
f 6036/1/48 6109/1/48 6110/1/48
f 6036/1/48 6110/1/48 6074/1/48
f 6074/1/48 6110/1/48 6073/1/48
f 5903/1/48 5905/1/48 5637/1/48
f 5637/1/48 5905/1/48 5909/1/48
f 5637/1/48 5909/1/48 6036/1/48
f 6036/1/48 5909/1/48 5911/1/48
f 6036/1/48 5911/1/48 6100/1/48
f 5640/1/48 5899/1/48 5637/1/48
f 5637/1/48 5899/1/48 5901/1/48
f 5637/1/48 5901/1/48 5903/1/48
f 5648/1/48 5650/1/48 5646/1/48
f 5646/1/48 5650/1/48 5899/1/48
f 5646/1/48 5899/1/48 5643/1/48
f 5643/1/48 5899/1/48 5640/1/48
f 6111/1/6238 5885/1/6238 5809/1/6238
f 5809/1/6238 5811/1/6238 6111/1/6238
f 6111/1/6239 5811/1/6239 5813/1/6239
f 6111/1/6240 5813/1/6240 6112/1/6240
f 5813/1/6241 5814/1/6241 6112/1/6241
f 6112/1/6242 5814/1/6242 5816/1/6242
f 6112/1/6243 5816/1/6243 6113/1/6243
f 6113/1/6244 5816/1/6244 5817/1/6244
f 6113/1/6245 5817/1/6245 6114/1/6245
f 5817/1/6246 5819/1/6246 6114/1/6246
f 6114/1/6247 5819/1/6247 5820/1/6247
f 6114/1/6248 5820/1/6248 6115/1/6248
f 5820/1/6249 5822/1/6249 6115/1/6249
f 6115/1/6250 5822/1/6250 5823/1/6250
f 6115/1/6251 5823/1/6251 6116/1/6251
f 5828/1/6252 5898/1/6252 5826/1/6252
f 5826/1/6252 5898/1/6252 6116/1/6252
f 5826/1/6253 6116/1/6253 5825/1/6253
f 5825/1/6254 6116/1/6254 5823/1/6254
f 6089/1/2547 5733/1/2547 6117/1/2547
f 6117/1/2547 5733/1/2547 5744/1/2547
f 6117/1/5930 5744/1/5930 6118/1/5930
f 6118/1/5930 5744/1/5930 5745/1/5930
f 6118/1/5185 5745/1/5185 6119/1/5185
f 6119/1/5185 5745/1/5185 5742/1/5185
f 6119/1/221 5742/1/221 6120/1/221
f 6120/1/221 5742/1/221 5741/1/221
f 6120/1/5184 5741/1/5184 6121/1/5184
f 6121/1/5184 5741/1/5184 5743/1/5184
f 6121/1/5183 5743/1/5183 6082/1/5183
f 6082/1/5183 5743/1/5183 5739/1/5183
f 6122/1/85 6123/1/85 6124/1/85
f 6124/1/85 6123/1/85 6125/1/85
f 6126/1/1635 6125/1/1635 6127/1/1635
f 6127/1/1635 6125/1/1635 6123/1/1635
f 6128/1/6255 6129/1/6255 6130/1/6255
f 6127/1/6183 6123/1/6183 6131/1/6183
f 6127/1/6256 6131/1/6256 6132/1/6256
f 6131/1/6257 6133/1/6257 6132/1/6257
f 6132/1/6258 6133/1/6258 6134/1/6258
f 6132/1/6259 6134/1/6259 6135/1/6259
f 6135/1/6260 6134/1/6260 6136/1/6260
f 6135/1/6261 6136/1/6261 6137/1/6261
f 6130/1/6262 6138/1/6262 6128/1/6262
f 6128/1/6263 6138/1/6263 6139/1/6263
f 6128/1/6264 6139/1/6264 6137/1/6264
f 6137/1/6265 6139/1/6265 6140/1/6265
f 6137/1/6266 6140/1/6266 6135/1/6266
f 6136/1/6267 6134/1/6267 5444/1/6267
f 5443/1/6268 5444/1/6268 5636/1/6268
f 5636/1/6269 5444/1/6269 6134/1/6269
f 5636/1/6270 6134/1/6270 6141/1/6270
f 6141/1/6271 6134/1/6271 6133/1/6271
f 6141/1/6272 6133/1/6272 6142/1/6272
f 6133/1/6273 6131/1/6273 6142/1/6273
f 6142/1/6150 6131/1/6150 6123/1/6150
f 6142/1/6150 6123/1/6150 6122/1/6150
f 6136/1/6274 5444/1/6274 6137/1/6274
f 6137/1/6275 5444/1/6275 6143/1/6275
f 6137/1/6276 6143/1/6276 6128/1/6276
f 6128/1/6277 6143/1/6277 6144/1/6277
f 6128/1/6278 6144/1/6278 6129/1/6278
f 6145/1/56 6146/1/56 5446/1/56
f 5446/1/56 6146/1/56 6144/1/56
f 5446/1/56 6144/1/56 5445/1/56
f 5445/1/56 6144/1/56 6143/1/56
f 5445/1/56 6143/1/56 5444/1/56
f 6129/1/6279 6144/1/6279 6146/1/6279
f 6147/1/6280 6148/1/6280 6146/1/6280
f 6146/1/6281 6148/1/6281 6149/1/6281
f 6146/1/6279 6149/1/6279 6129/1/6279
f 6146/1/6282 6145/1/6282 6147/1/6282
f 6147/1/6283 6145/1/6283 6150/1/6283
f 6147/1/6284 6150/1/6284 6151/1/6284
f 6151/1/6285 6150/1/6285 6152/1/6285
f 6151/1/6286 6152/1/6286 6153/1/6286
f 6153/1/6287 6154/1/6287 6155/1/6287
f 6153/1/6288 6155/1/6288 6151/1/6288
f 6151/1/6289 6155/1/6289 6156/1/6289
f 6151/1/6290 6156/1/6290 6147/1/6290
f 6147/1/6291 6156/1/6291 6157/1/6291
f 6147/1/6292 6157/1/6292 6148/1/6292
f 6148/1/6293 6157/1/6293 6158/1/6293
f 6148/1/6294 6158/1/6294 6149/1/6294
f 6149/1/6295 6158/1/6295 6130/1/6295
f 6149/1/6296 6130/1/6296 6129/1/6296
f 6154/1/6297 6153/1/6297 5651/1/6297
f 5651/1/6298 6153/1/6298 6159/1/6298
f 5651/1/6299 6159/1/6299 5652/1/6299
f 6153/1/6300 6152/1/6300 6160/1/6300
f 6153/1/6300 6160/1/6300 6159/1/6300
f 6159/1/6301 6160/1/6301 6161/1/6301
f 6159/1/6301 6161/1/6301 5652/1/6301
f 6162/1/1 5654/1/1 6161/1/1
f 6161/1/1 5654/1/1 5652/1/1
f 6163/1/6302 6164/1/6302 6165/1/6302
f 6166/1/6303 5654/1/6303 6162/1/6303
f 6162/1/6304 6167/1/6304 6166/1/6304
f 6166/1/6305 6167/1/6305 6168/1/6305
f 6166/1/6306 6168/1/6306 6169/1/6306
f 6169/1/6307 6168/1/6307 6163/1/6307
f 6169/1/6308 6163/1/6308 6170/1/6308
f 6170/1/6309 6163/1/6309 6165/1/6309
f 5653/1/6310 5654/1/6310 6171/1/6310
f 6171/1/6310 5654/1/6310 6166/1/6310
f 6171/1/6311 6166/1/6311 6172/1/6311
f 6172/1/6312 6166/1/6312 6169/1/6312
f 6172/1/6313 6169/1/6313 6173/1/6313
f 6173/1/6314 6169/1/6314 6170/1/6314
f 6173/1/6315 6170/1/6315 6165/1/6315
f 6171/1/48 6172/1/48 6174/1/48
f 5653/1/3351 6175/1/3351 6126/1/3351
f 6171/1/3351 6174/1/3351 5653/1/3351
f 6174/1/48 6176/1/48 5653/1/48
f 5653/1/3351 6176/1/3351 6177/1/3351
f 5653/1/48 6177/1/48 6175/1/48
f 6175/1/48 6177/1/48 6178/1/48
f 6132/1/48 6138/1/48 6127/1/48
f 6127/1/48 6138/1/48 6130/1/48
f 6127/1/48 6130/1/48 6126/1/48
f 6155/1/48 6154/1/48 6126/1/48
f 6126/1/48 6154/1/48 5651/1/48
f 6126/1/48 5651/1/48 5653/1/48
f 6132/1/48 6135/1/48 6138/1/48
f 6138/1/48 6135/1/48 6140/1/48
f 6138/1/48 6140/1/48 6139/1/48
f 6156/1/48 6155/1/48 6157/1/48
f 6157/1/48 6155/1/48 6126/1/48
f 6157/1/48 6126/1/48 6158/1/48
f 6158/1/48 6126/1/48 6130/1/48
f 6178/1/6316 6179/1/6316 6180/1/6316
f 6179/1/6317 6178/1/6317 6181/1/6317
f 6181/1/6318 6178/1/6318 6182/1/6318
f 6181/1/6319 6182/1/6319 6183/1/6319
f 6125/1/6320 6126/1/6320 6180/1/6320
f 6180/1/6320 6126/1/6320 6175/1/6320
f 6180/1/6321 6175/1/6321 6178/1/6321
f 6184/1/6322 6124/1/6322 6125/1/6322
f 6181/1/6323 6183/1/6323 6185/1/6323
f 6125/1/6324 6180/1/6324 6184/1/6324
f 6184/1/6325 6180/1/6325 6179/1/6325
f 6184/1/6326 6179/1/6326 6186/1/6326
f 6186/1/6327 6179/1/6327 6181/1/6327
f 6186/1/6328 6181/1/6328 6187/1/6328
f 6187/1/6329 6181/1/6329 6185/1/6329
f 5630/1/48 5841/1/48 5628/1/48
f 5628/1/48 5841/1/48 5840/1/48
f 5628/1/48 5840/1/48 5839/1/48
f 5632/1/48 5844/1/48 5631/1/48
f 5631/1/48 5844/1/48 5843/1/48
f 5631/1/48 5843/1/48 5630/1/48
f 5630/1/48 5843/1/48 5842/1/48
f 5630/1/48 5842/1/48 5841/1/48
f 6188/1/48 6189/1/48 5884/1/48
f 5884/1/48 6189/1/48 5879/1/48
f 5879/1/48 6189/1/48 6190/1/48
f 5879/1/48 6190/1/48 6191/1/48
f 5884/1/48 5882/1/48 6188/1/48
f 6188/1/48 5882/1/48 5883/1/48
f 6188/1/48 5883/1/48 6192/1/48
f 6192/1/48 5883/1/48 5881/1/48
f 6192/1/48 5881/1/48 6193/1/48
f 6194/1/48 6195/1/48 5835/1/48
f 6191/1/48 6196/1/48 5879/1/48
f 5879/1/48 6196/1/48 6197/1/48
f 5879/1/48 6197/1/48 5839/1/48
f 5839/1/48 6197/1/48 6198/1/48
f 5839/1/48 6198/1/48 5628/1/48
f 5628/1/48 6198/1/48 6199/1/48
f 5628/1/48 6199/1/48 5629/1/48
f 6124/1/48 5867/1/48 6122/1/48
f 6122/1/48 5867/1/48 5872/1/48
f 6122/1/48 5872/1/48 6142/1/48
f 6142/1/48 5872/1/48 5871/1/48
f 6142/1/48 5871/1/48 6141/1/48
f 5881/1/48 5880/1/48 6193/1/48
f 6193/1/48 5880/1/48 5838/1/48
f 6193/1/48 5838/1/48 6200/1/48
f 6200/1/48 5838/1/48 5837/1/48
f 6200/1/48 5837/1/48 5844/1/48
f 5636/1/48 6141/1/48 5635/1/48
f 5635/1/48 6141/1/48 5871/1/48
f 5635/1/48 5871/1/48 5634/1/48
f 5634/1/48 5871/1/48 5870/1/48
f 5634/1/48 5870/1/48 5633/1/48
f 5633/1/48 5870/1/48 5869/1/48
f 5633/1/48 5869/1/48 5632/1/48
f 5632/1/48 5869/1/48 5868/1/48
f 5632/1/48 5868/1/48 5844/1/48
f 5844/1/48 5868/1/48 5830/1/48
f 5844/1/48 5830/1/48 6200/1/48
f 6200/1/48 5830/1/48 5829/1/48
f 6200/1/48 5829/1/48 6195/1/48
f 6195/1/48 5829/1/48 5836/1/48
f 6195/1/48 5836/1/48 5835/1/48
f 6184/1/48 6186/1/48 6187/1/48
f 6124/1/48 6184/1/48 5867/1/48
f 5867/1/48 6184/1/48 6187/1/48
f 5867/1/48 6187/1/48 5831/1/48
f 5831/1/48 6187/1/48 6185/1/48
f 5831/1/48 6185/1/48 5832/1/48
f 5832/1/48 6185/1/48 6201/1/48
f 5832/1/48 6201/1/48 5833/1/48
f 5833/1/48 6201/1/48 6194/1/48
f 5833/1/48 6194/1/48 5834/1/48
f 5834/1/48 6194/1/48 5835/1/48
f 6202/1/6330 6197/1/6330 6196/1/6330
f 6202/1/6331 6196/1/6331 6203/1/6331
f 6203/1/6332 6196/1/6332 6191/1/6332
f 6203/1/6333 6191/1/6333 6204/1/6333
f 6204/1/6334 6191/1/6334 6190/1/6334
f 6204/1/6335 6190/1/6335 6205/1/6335
f 6205/1/6336 6190/1/6336 6189/1/6336
f 6205/1/6337 6189/1/6337 6206/1/6337
f 6197/1/64 6202/1/64 6198/1/64
f 6198/1/64 6202/1/64 5932/1/64
f 5428/1/6338 5938/1/6338 5429/1/6338
f 5429/1/6339 5938/1/6339 5937/1/6339
f 5429/1/6340 5937/1/6340 6207/1/6340
f 6207/1/6341 5937/1/6341 5935/1/6341
f 6207/1/6120 5935/1/6120 6208/1/6120
f 6208/1/6342 5935/1/6342 5934/1/6342
f 5934/1/6343 5929/1/6343 6208/1/6343
f 6208/1/6117 5929/1/6117 5928/1/6117
f 6208/1/6117 5928/1/6117 6209/1/6117
f 5428/1/6344 5629/1/6344 5938/1/6344
f 5938/1/6345 5629/1/6345 6199/1/6345
f 5938/1/6346 6199/1/6346 5931/1/6346
f 5931/1/6347 6199/1/6347 6198/1/6347
f 5931/1/6348 6198/1/6348 5932/1/6348
f 6210/1/56 5458/1/56 5459/1/56
f 5459/1/56 5429/1/56 6207/1/56
f 6207/1/56 6208/1/56 5459/1/56
f 5459/1/56 6208/1/56 6209/1/56
f 5459/1/56 6209/1/56 6211/1/56
f 5459/1/56 6211/1/56 6210/1/56
f 6212/1/6300 6210/1/6300 6211/1/6300
f 6212/1/6300 6211/1/6300 6213/1/6300
f 6213/1/6301 6211/1/6301 6209/1/6301
f 6213/1/6301 6209/1/6301 5928/1/6301
f 6214/1/6297 6212/1/6297 5927/1/6297
f 5927/1/6298 6212/1/6298 6213/1/6298
f 5927/1/6299 6213/1/6299 5928/1/6299
f 6212/1/6349 6214/1/6349 6215/1/6349
f 6212/1/6287 6215/1/6287 6216/1/6287
f 6216/1/6289 6215/1/6289 6217/1/6289
f 6216/1/6290 6217/1/6290 6218/1/6290
f 6218/1/6291 6217/1/6291 6219/1/6291
f 6218/1/6350 6219/1/6350 6220/1/6350
f 6220/1/6351 6219/1/6351 6221/1/6351
f 6220/1/6352 6221/1/6352 6222/1/6352
f 6222/1/6353 6221/1/6353 6223/1/6353
f 6222/1/6296 6223/1/6296 6224/1/6296
f 6224/1/6279 5694/1/6279 5692/1/6279
f 6218/1/6280 6220/1/6280 5692/1/6280
f 5692/1/6281 6220/1/6281 6222/1/6281
f 5692/1/6279 6222/1/6279 6224/1/6279
f 5692/1/6354 5691/1/6354 6218/1/6354
f 6218/1/6355 5691/1/6355 5458/1/6355
f 6218/1/6356 5458/1/6356 6216/1/6356
f 6216/1/6357 5458/1/6357 6210/1/6357
f 6216/1/6286 6210/1/6286 6212/1/6286
f 5694/1/72 6224/1/72 5695/1/72
f 5695/1/72 6224/1/72 6225/1/72
f 5695/1/6358 6225/1/6358 6226/1/6358
f 5695/1/6359 6226/1/6359 5670/1/6359
f 5670/1/6360 6226/1/6360 6227/1/6360
f 5670/1/6361 6227/1/6361 5671/1/6361
f 5671/1/6362 6227/1/6362 6228/1/6362
f 5671/1/6363 6228/1/6363 5673/1/6363
f 5673/1/6364 6228/1/6364 6229/1/6364
f 5673/1/6365 6229/1/6365 5675/1/6365
f 6226/1/6366 6230/1/6366 6227/1/6366
f 6227/1/6367 6230/1/6367 6231/1/6367
f 6227/1/6368 6231/1/6368 6228/1/6368
f 6228/1/6369 6231/1/6369 6232/1/6369
f 6228/1/6370 6232/1/6370 6229/1/6370
f 6225/1/6371 6233/1/6371 6226/1/6371
f 6226/1/6371 6233/1/6371 6234/1/6371
f 6226/1/6372 6234/1/6372 6230/1/6372
f 6233/1/2110 6225/1/2110 6223/1/2110
f 6223/1/2110 6225/1/2110 6224/1/2110
f 6235/1/48 6236/1/48 6230/1/48
f 6230/1/48 6234/1/48 6235/1/48
f 6235/1/48 6234/1/48 6233/1/48
f 6235/1/48 6233/1/48 6237/1/48
f 6219/1/48 6217/1/48 6215/1/48
f 6237/1/48 6233/1/48 5933/1/48
f 5933/1/48 6233/1/48 6223/1/48
f 5933/1/48 6223/1/48 6221/1/48
f 5941/1/48 5940/1/48 5939/1/48
f 5927/1/48 5930/1/48 6214/1/48
f 6214/1/48 5930/1/48 5936/1/48
f 5936/1/48 5941/1/48 6214/1/48
f 6214/1/48 5941/1/48 5939/1/48
f 6214/1/48 5939/1/48 6215/1/48
f 6215/1/48 5939/1/48 5933/1/48
f 6215/1/48 5933/1/48 6219/1/48
f 6219/1/48 5933/1/48 6221/1/48
f 5933/1/2107 5932/1/2107 6237/1/2107
f 6237/1/2107 5932/1/2107 6202/1/2107
f 6237/1/6373 6202/1/6373 6235/1/6373
f 6235/1/6373 6202/1/6373 6203/1/6373
f 6235/1/6374 6203/1/6374 6236/1/6374
f 6236/1/6375 6203/1/6375 6204/1/6375
f 6236/1/6376 6204/1/6376 6238/1/6376
f 6238/1/6377 6204/1/6377 6205/1/6377
f 6238/1/6378 6205/1/6378 6206/1/6378
f 5982/1/6379 5690/1/6379 5686/1/6379
f 6177/1/6380 6176/1/6380 6239/1/6380
f 6201/1/6381 6185/1/6381 6183/1/6381
f 6183/1/6382 6182/1/6382 6240/1/6382
f 6240/1/6383 6182/1/6383 6178/1/6383
f 6240/1/6384 6178/1/6384 6241/1/6384
f 6241/1/6385 6178/1/6385 6177/1/6385
f 6241/1/6386 6177/1/6386 6242/1/6386
f 6242/1/6380 6177/1/6380 6239/1/6380
f 6243/1/6387 6238/1/6387 6244/1/6387
f 6244/1/6388 6238/1/6388 6206/1/6388
f 6245/1/6389 6231/1/6389 6230/1/6389
f 6245/1/6390 6230/1/6390 6243/1/6390
f 6243/1/6390 6230/1/6390 6236/1/6390
f 6243/1/6391 6236/1/6391 6238/1/6391
f 5677/1/6392 5675/1/6392 6229/1/6392
f 6231/1/6393 6245/1/6393 6232/1/6393
f 6232/1/6394 6245/1/6394 6246/1/6394
f 6232/1/6395 6246/1/6395 6229/1/6395
f 6102/1/6396 6247/1/6396 6101/1/6396
f 6101/1/6397 6247/1/6397 6248/1/6397
f 6101/1/6398 6248/1/6398 6108/1/6398
f 6108/1/6399 6248/1/6399 6249/1/6399
f 6108/1/6400 6249/1/6400 6109/1/6400
f 6109/1/6400 6249/1/6400 6250/1/6400
f 6183/1/6381 6240/1/6381 6201/1/6381
f 6201/1/6401 6240/1/6401 6251/1/6401
f 6201/1/6402 6251/1/6402 6194/1/6402
f 6251/1/6403 6252/1/6403 6194/1/6403
f 6194/1/6404 6252/1/6404 6253/1/6404
f 6194/1/6405 6253/1/6405 6195/1/6405
f 6253/1/6406 6254/1/6406 6195/1/6406
f 6195/1/6407 6254/1/6407 6255/1/6407
f 6195/1/6408 6255/1/6408 6200/1/6408
f 6255/1/6409 6256/1/6409 6200/1/6409
f 6200/1/6410 6256/1/6410 6257/1/6410
f 6200/1/6411 6257/1/6411 6193/1/6411
f 6257/1/6412 6258/1/6412 6193/1/6412
f 6193/1/6413 6258/1/6413 6259/1/6413
f 6193/1/6414 6259/1/6414 6192/1/6414
f 6192/1/6415 6259/1/6415 6244/1/6415
f 6192/1/6416 6244/1/6416 6188/1/6416
f 6188/1/6417 6244/1/6417 6206/1/6417
f 6188/1/6418 6206/1/6418 6189/1/6418
f 6229/1/6419 6246/1/6419 5677/1/6419
f 5677/1/6420 6246/1/6420 6260/1/6420
f 5677/1/6421 6260/1/6421 5681/1/6421
f 5681/1/6422 6260/1/6422 6261/1/6422
f 5681/1/6423 6261/1/6423 5700/1/6423
f 5700/1/6424 6261/1/6424 6262/1/6424
f 5700/1/6425 6262/1/6425 5698/1/6425
f 6262/1/6426 6263/1/6426 5698/1/6426
f 5698/1/6427 6263/1/6427 6264/1/6427
f 5698/1/6428 6264/1/6428 5679/1/6428
f 6264/1/6429 6265/1/6429 5679/1/6429
f 5679/1/6430 6265/1/6430 6266/1/6430
f 5679/1/6431 6266/1/6431 5667/1/6431
f 6102/1/6432 5982/1/6432 6247/1/6432
f 6247/1/6379 5982/1/6379 5686/1/6379
f 6247/1/6433 5686/1/6433 6267/1/6433
f 6267/1/6434 5686/1/6434 5667/1/6434
f 6267/1/6435 5667/1/6435 6268/1/6435
f 6268/1/6436 5667/1/6436 6266/1/6436
f 6269/1/6437 6250/1/6437 6249/1/6437
f 6269/1/6438 6249/1/6438 6270/1/6438
f 6249/1/6439 6248/1/6439 6270/1/6439
f 6270/1/6440 6248/1/6440 6247/1/6440
f 6270/1/6441 6247/1/6441 6271/1/6441
f 6247/1/6442 6267/1/6442 6271/1/6442
f 6271/1/6443 6267/1/6443 6268/1/6443
f 6271/1/6444 6268/1/6444 6272/1/6444
f 6268/1/6445 6266/1/6445 6272/1/6445
f 6272/1/6446 6266/1/6446 6265/1/6446
f 6272/1/6447 6265/1/6447 6273/1/6447
f 6273/1/6448 6265/1/6448 6264/1/6448
f 6273/1/6449 6264/1/6449 6274/1/6449
f 6274/1/6450 6264/1/6450 6263/1/6450
f 6274/1/6451 6263/1/6451 6275/1/6451
f 6263/1/6452 6262/1/6452 6275/1/6452
f 6275/1/6453 6262/1/6453 6261/1/6453
f 6275/1/6454 6261/1/6454 6276/1/6454
f 6276/1/6455 6261/1/6455 6260/1/6455
f 6276/1/6456 6260/1/6456 6277/1/6456
f 6277/1/6456 6260/1/6456 6246/1/6456
f 6277/1/6457 6246/1/6457 6278/1/6457
f 6278/1/6458 6246/1/6458 6245/1/6458
f 6278/1/6459 6245/1/6459 6279/1/6459
f 6279/1/6459 6245/1/6459 6243/1/6459
f 6279/1/6460 6243/1/6460 6280/1/6460
f 6280/1/6461 6243/1/6461 6244/1/6461
f 6280/1/6462 6244/1/6462 6281/1/6462
f 6281/1/6462 6244/1/6462 6259/1/6462
f 6281/1/6463 6259/1/6463 6282/1/6463
f 6259/1/6464 6258/1/6464 6282/1/6464
f 6282/1/6465 6258/1/6465 6257/1/6465
f 6282/1/6466 6257/1/6466 6283/1/6466
f 6257/1/6467 6256/1/6467 6283/1/6467
f 6283/1/6468 6256/1/6468 6255/1/6468
f 6283/1/6469 6255/1/6469 6284/1/6469
f 6284/1/6470 6255/1/6470 6285/1/6470
f 6255/1/6471 6254/1/6471 6285/1/6471
f 6285/1/6472 6254/1/6472 6253/1/6472
f 6285/1/6473 6253/1/6473 6286/1/6473
f 6253/1/6474 6252/1/6474 6286/1/6474
f 6286/1/6475 6252/1/6475 6251/1/6475
f 6286/1/6476 6251/1/6476 6287/1/6476
f 6251/1/6477 6240/1/6477 6287/1/6477
f 6287/1/6478 6240/1/6478 6241/1/6478
f 6287/1/6479 6241/1/6479 6288/1/6479
f 6288/1/6480 6241/1/6480 6242/1/6480
f 6288/1/6481 6242/1/6481 6239/1/6481
f 6288/1/6482 6239/1/6482 6289/1/6482
f 6288/1/6483 6289/1/6483 6290/1/6483
f 6289/1/6484 6291/1/6484 6290/1/6484
f 6290/1/6485 6291/1/6485 6292/1/6485
f 6290/1/6486 6292/1/6486 6293/1/6486
f 6292/1/6487 6294/1/6487 6293/1/6487
f 6293/1/6488 6294/1/6488 6295/1/6488
f 6293/1/6489 6295/1/6489 6296/1/6489
f 6295/1/6490 6297/1/6490 6296/1/6490
f 6296/1/6491 6297/1/6491 6298/1/6491
f 6296/1/6492 6298/1/6492 6299/1/6492
f 6298/1/6493 6300/1/6493 6299/1/6493
f 6299/1/6494 6300/1/6494 6301/1/6494
f 6299/1/6495 6301/1/6495 6302/1/6495
f 6301/1/6496 6303/1/6496 6302/1/6496
f 6302/1/6497 6303/1/6497 6304/1/6497
f 6302/1/6498 6304/1/6498 6305/1/6498
f 6305/1/6499 6304/1/6499 6306/1/6499
f 6305/1/6500 6306/1/6500 6307/1/6500
f 6307/1/6500 6306/1/6500 6308/1/6500
f 6307/1/6501 6308/1/6501 6309/1/6501
f 6309/1/6502 6308/1/6502 6310/1/6502
f 6309/1/6503 6310/1/6503 6311/1/6503
f 6311/1/6503 6310/1/6503 6312/1/6503
f 6311/1/6504 6312/1/6504 6313/1/6504
f 6313/1/6505 6312/1/6505 6314/1/6505
f 6313/1/6506 6314/1/6506 6315/1/6506
f 6315/1/6506 6314/1/6506 6316/1/6506
f 6315/1/6507 6316/1/6507 6317/1/6507
f 6316/1/6508 6318/1/6508 6317/1/6508
f 6317/1/6509 6318/1/6509 6319/1/6509
f 6317/1/6510 6319/1/6510 6320/1/6510
f 6319/1/6511 6321/1/6511 6320/1/6511
f 6320/1/6512 6321/1/6512 6322/1/6512
f 6320/1/6513 6322/1/6513 6323/1/6513
f 6322/1/6514 6324/1/6514 6323/1/6514
f 6323/1/6515 6324/1/6515 6325/1/6515
f 6323/1/6516 6325/1/6516 6326/1/6516
f 6325/1/6517 6327/1/6517 6326/1/6517
f 6326/1/6518 6327/1/6518 6328/1/6518
f 6326/1/6519 6328/1/6519 6329/1/6519
f 6328/1/6520 6330/1/6520 6329/1/6520
f 6329/1/6521 6330/1/6521 6331/1/6521
f 6329/1/6522 6331/1/6522 6269/1/6522
f 6269/1/6523 6331/1/6523 6332/1/6523
f 6269/1/6524 6332/1/6524 6250/1/6524
f 6165/1/6525 6164/1/6525 6333/1/6525
f 6110/1/6526 6109/1/6526 6250/1/6526
f 5772/1/6527 5770/1/6527 6000/1/6527
f 6000/1/6528 6072/1/6528 6330/1/6528
f 6330/1/6529 6072/1/6529 6073/1/6529
f 6330/1/6530 6073/1/6530 6331/1/6530
f 6331/1/6531 6073/1/6531 6110/1/6531
f 6331/1/6532 6110/1/6532 6332/1/6532
f 6332/1/6526 6110/1/6526 6250/1/6526
f 6312/1/6533 5948/1/6533 6314/1/6533
f 6314/1/6534 5948/1/6534 5950/1/6534
f 6310/1/6535 6334/1/6535 6335/1/6535
f 6310/1/6536 6335/1/6536 6312/1/6536
f 6312/1/6536 6335/1/6536 5946/1/6536
f 6312/1/6537 5946/1/6537 5948/1/6537
f 6336/1/6538 6337/1/6538 6338/1/6538
f 6334/1/6539 6310/1/6539 6339/1/6539
f 6339/1/6540 6310/1/6540 6308/1/6540
f 6339/1/6541 6308/1/6541 6338/1/6541
f 6173/1/6542 6292/1/6542 6172/1/6542
f 6172/1/6543 6292/1/6543 6291/1/6543
f 6172/1/6544 6291/1/6544 6174/1/6544
f 6174/1/6545 6291/1/6545 6289/1/6545
f 6174/1/6546 6289/1/6546 6176/1/6546
f 6176/1/6546 6289/1/6546 6239/1/6546
f 6000/1/6527 6330/1/6527 5772/1/6527
f 5772/1/6547 6330/1/6547 6328/1/6547
f 5772/1/6548 6328/1/6548 5774/1/6548
f 6328/1/6549 6327/1/6549 5774/1/6549
f 5774/1/6550 6327/1/6550 6325/1/6550
f 5774/1/6551 6325/1/6551 5786/1/6551
f 6325/1/6552 6324/1/6552 5786/1/6552
f 5786/1/6553 6324/1/6553 6322/1/6553
f 5786/1/6554 6322/1/6554 5792/1/6554
f 6322/1/6555 6321/1/6555 5792/1/6555
f 5792/1/6556 6321/1/6556 6319/1/6556
f 5792/1/6557 6319/1/6557 5790/1/6557
f 6319/1/6558 6318/1/6558 5790/1/6558
f 5790/1/6559 6318/1/6559 6316/1/6559
f 5790/1/6560 6316/1/6560 5782/1/6560
f 5782/1/6561 6316/1/6561 6314/1/6561
f 5782/1/6562 6314/1/6562 5783/1/6562
f 5783/1/6563 6314/1/6563 5950/1/6563
f 5783/1/6564 5950/1/6564 5795/1/6564
f 6338/1/6565 6308/1/6565 6336/1/6565
f 6336/1/6566 6308/1/6566 6306/1/6566
f 6336/1/6567 6306/1/6567 6340/1/6567
f 6340/1/6568 6306/1/6568 6304/1/6568
f 6340/1/6569 6304/1/6569 6341/1/6569
f 6341/1/6570 6304/1/6570 6303/1/6570
f 6341/1/6571 6303/1/6571 6342/1/6571
f 6303/1/6572 6301/1/6572 6342/1/6572
f 6342/1/6573 6301/1/6573 6300/1/6573
f 6342/1/6574 6300/1/6574 6343/1/6574
f 6300/1/6575 6298/1/6575 6343/1/6575
f 6343/1/6576 6298/1/6576 6297/1/6576
f 6343/1/6577 6297/1/6577 6344/1/6577
f 6173/1/6578 6165/1/6578 6292/1/6578
f 6292/1/6525 6165/1/6525 6333/1/6525
f 6292/1/6579 6333/1/6579 6294/1/6579
f 6294/1/6580 6333/1/6580 6344/1/6580
f 6294/1/6581 6344/1/6581 6295/1/6581
f 6295/1/6582 6344/1/6582 6297/1/6582
f 6345/1/6583 6346/1/6583 6347/1/6583
f 6348/1/6584 6338/1/6584 6337/1/6584
f 6347/1/6585 6349/1/6585 6345/1/6585
f 6345/1/6586 6349/1/6586 6350/1/6586
f 6345/1/6587 6350/1/6587 6351/1/6587
f 6351/1/6588 6350/1/6588 6348/1/6588
f 6351/1/6589 6348/1/6589 6352/1/6589
f 6352/1/6590 6348/1/6590 6337/1/6590
f 6349/1/6591 6335/1/6591 6350/1/6591
f 6350/1/6592 6335/1/6592 6334/1/6592
f 6350/1/6593 6334/1/6593 6348/1/6593
f 6348/1/6594 6334/1/6594 6339/1/6594
f 6348/1/6595 6339/1/6595 6338/1/6595
f 6347/1/6596 6353/1/6596 6349/1/6596
f 6349/1/6596 6353/1/6596 6354/1/6596
f 6349/1/6597 6354/1/6597 6335/1/6597
f 6055/1/48 6056/1/48 6051/1/48
f 6051/1/48 5942/1/48 6353/1/48
f 6353/1/48 5942/1/48 5944/1/48
f 6353/1/48 5944/1/48 6354/1/48
f 6354/1/48 5944/1/48 5946/1/48
f 6354/1/48 5946/1/48 6335/1/48
f 6054/1/48 6055/1/48 6355/1/48
f 6355/1/48 6055/1/48 6051/1/48
f 6355/1/48 6051/1/48 6356/1/48
f 6356/1/48 6051/1/48 6353/1/48
f 6357/1/48 6358/1/48 6359/1/48
f 6359/1/48 6358/1/48 6052/1/48
f 6359/1/48 6052/1/48 6355/1/48
f 6355/1/48 6052/1/48 6053/1/48
f 6355/1/48 6053/1/48 6054/1/48
f 6358/1/6201 6026/1/6201 6052/1/6201
f 6052/1/6598 6026/1/6598 6027/1/6598
f 6052/1/6203 6027/1/6203 6004/1/6203
f 6026/1/6599 6358/1/6599 6357/1/6599
f 6356/1/6600 6029/1/6600 6028/1/6600
f 6356/1/6601 6028/1/6601 6355/1/6601
f 6355/1/6602 6028/1/6602 6035/1/6602
f 6355/1/6603 6035/1/6603 6359/1/6603
f 6359/1/6604 6035/1/6604 6034/1/6604
f 6359/1/6605 6034/1/6605 6357/1/6605
f 6357/1/6606 6034/1/6606 6032/1/6606
f 6357/1/6599 6032/1/6599 6026/1/6599
f 6353/1/2107 6347/1/2107 6356/1/2107
f 6356/1/2107 6347/1/2107 6029/1/2107
f 6031/1/64 6029/1/64 6346/1/64
f 6346/1/64 6029/1/64 6347/1/64
f 6344/1/48 6333/1/48 5876/1/48
f 6340/1/48 6341/1/48 5860/1/48
f 5860/1/48 5859/1/48 6340/1/48
f 6340/1/48 5859/1/48 5858/1/48
f 6340/1/48 5858/1/48 6336/1/48
f 6033/1/48 6030/1/48 5866/1/48
f 5876/1/48 6333/1/48 5878/1/48
f 5878/1/48 6333/1/48 6162/1/48
f 5878/1/48 6162/1/48 5873/1/48
f 6168/1/1623 6167/1/1623 6163/1/1623
f 6163/1/48 6167/1/48 6162/1/48
f 6163/1/48 6162/1/48 6164/1/48
f 6164/1/48 6162/1/48 6333/1/48
f 5873/1/48 6162/1/48 5847/1/48
f 5847/1/48 6162/1/48 6161/1/48
f 5847/1/48 6161/1/48 5848/1/48
f 5848/1/48 6161/1/48 6160/1/48
f 5848/1/48 6160/1/48 6152/1/48
f 5876/1/48 5877/1/48 6344/1/48
f 6344/1/48 5877/1/48 5875/1/48
f 6344/1/48 5875/1/48 6343/1/48
f 5866/1/48 6030/1/48 5865/1/48
f 5865/1/48 6030/1/48 6031/1/48
f 5865/1/48 6031/1/48 5861/1/48
f 5861/1/48 6031/1/48 6346/1/48
f 5861/1/48 6346/1/48 5855/1/48
f 5855/1/48 6346/1/48 6345/1/48
f 5855/1/48 6345/1/48 6351/1/48
f 6152/1/48 6150/1/48 5848/1/48
f 5848/1/6607 6150/1/6607 6145/1/6607
f 5848/1/48 6145/1/48 5849/1/48
f 5849/1/48 6145/1/48 6360/1/48
f 5849/1/48 6360/1/48 5850/1/48
f 5850/1/48 6360/1/48 6361/1/48
f 5850/1/48 6361/1/48 5851/1/48
f 5851/1/48 6361/1/48 6362/1/48
f 5851/1/48 6362/1/48 5852/1/48
f 5852/1/48 6362/1/48 6363/1/48
f 5858/1/48 5857/1/48 6336/1/48
f 6336/1/48 5857/1/48 5856/1/48
f 6336/1/48 5856/1/48 6337/1/48
f 6337/1/127 5856/1/127 5855/1/127
f 6337/1/48 5855/1/48 6352/1/48
f 6352/1/48 5855/1/48 6351/1/48
f 5853/1/48 5845/1/48 5854/1/48
f 5854/1/48 5845/1/48 5852/1/48
f 5854/1/48 5852/1/48 5862/1/48
f 5862/1/48 5852/1/48 6363/1/48
f 5862/1/48 6363/1/48 5863/1/48
f 5863/1/48 6363/1/48 6364/1/48
f 5863/1/48 6364/1/48 5864/1/48
f 5864/1/48 6364/1/48 6365/1/48
f 5864/1/48 6365/1/48 5866/1/48
f 5866/1/48 6365/1/48 6366/1/48
f 5866/1/48 6366/1/48 6033/1/48
f 6033/1/48 6366/1/48 5804/1/48
f 5875/1/48 5874/1/48 6343/1/48
f 6343/1/48 5874/1/48 5846/1/48
f 6343/1/48 5846/1/48 6342/1/48
f 6342/1/48 5846/1/48 5845/1/48
f 6342/1/48 5845/1/48 6341/1/48
f 6341/1/48 5845/1/48 5853/1/48
f 6341/1/48 5853/1/48 5860/1/48
f 5143/1/6608 5460/1/6608 6367/1/6608
f 5446/1/6609 5144/1/6609 6145/1/6609
f 6145/1/6610 5144/1/6610 5143/1/6610
f 6145/1/6611 5143/1/6611 6360/1/6611
f 6360/1/6612 5143/1/6612 6367/1/6612
f 6367/1/6613 6368/1/6613 6360/1/6613
f 6360/1/6614 6368/1/6614 6369/1/6614
f 6360/1/6615 6369/1/6615 6361/1/6615
f 6369/1/6616 6370/1/6616 6361/1/6616
f 6361/1/6617 6370/1/6617 6371/1/6617
f 6361/1/6618 6371/1/6618 6362/1/6618
f 6362/1/6619 6371/1/6619 6372/1/6619
f 6362/1/6620 6372/1/6620 6363/1/6620
f 6372/1/6621 6373/1/6621 6363/1/6621
f 6363/1/6622 6373/1/6622 6374/1/6622
f 6363/1/6623 6374/1/6623 6364/1/6623
f 6374/1/6624 6375/1/6624 6364/1/6624
f 6364/1/6625 6375/1/6625 6376/1/6625
f 6364/1/6626 6376/1/6626 6365/1/6626
f 6376/1/6627 6377/1/6627 6365/1/6627
f 6365/1/6628 6377/1/6628 6378/1/6628
f 6365/1/6629 6378/1/6629 6366/1/6629
f 6366/1/6630 6378/1/6630 6379/1/6630
f 6366/1/6631 6379/1/6631 6380/1/6631
f 5749/1/6632 5747/1/6632 6381/1/6632
f 6381/1/6633 5747/1/6633 5801/1/6633
f 6381/1/6634 5801/1/6634 6382/1/6634
f 6382/1/6635 5801/1/6635 5802/1/6635
f 6382/1/6636 5802/1/6636 6380/1/6636
f 6380/1/6637 5802/1/6637 5804/1/6637
f 6380/1/6638 5804/1/6638 6366/1/6638
f 6381/1/6639 6383/1/6639 5749/1/6639
f 5749/1/6640 6383/1/6640 6384/1/6640
f 5749/1/6641 6384/1/6641 5751/1/6641
f 6384/1/6642 6385/1/6642 5751/1/6642
f 5751/1/6643 6385/1/6643 6386/1/6643
f 5751/1/6644 6386/1/6644 5754/1/6644
f 6386/1/6645 6387/1/6645 5754/1/6645
f 5754/1/6646 6387/1/6646 6388/1/6646
f 5754/1/6647 6388/1/6647 5756/1/6647
f 6388/1/6648 6389/1/6648 5756/1/6648
f 5756/1/6649 6389/1/6649 6390/1/6649
f 5756/1/5211 6390/1/5211 5758/1/5211
f 6390/1/6650 6391/1/6650 5758/1/6650
f 5758/1/6651 6391/1/6651 6392/1/6651
f 5758/1/6652 6392/1/6652 5760/1/6652
f 6392/1080/6653 6393/1081/6653 5760/1082/6653
f 5760/1/6654 6393/1/6654 6394/1/6654
f 5760/1/6655 6394/1/6655 5719/1/6655
f 6394/1/6656 6395/1/6656 5719/1/6656
f 5719/1/6657 6395/1/6657 6396/1/6657
f 5719/1/6658 6396/1/6658 5721/1/6658
f 5721/1/6659 6396/1/6659 5448/1/6659
f 5721/1/6660 5448/1/6660 5447/1/6660
f 5463/1/6661 5264/1/6661 5266/1/6661
f 6397/1/6662 6396/1/6662 6395/1/6662
f 6397/1/6663 6395/1/6663 5306/1/6663
f 5462/1/6664 5463/1/6664 5461/1/6664
f 5461/1/6665 5463/1/6665 5266/1/6665
f 5461/1/6666 5266/1/6666 5460/1/6666
f 5306/1/6667 6395/1/6667 5299/1/6667
f 5299/1/6668 6395/1/6668 6394/1/6668
f 5299/1/6669 6394/1/6669 5301/1/6669
f 6394/1/6670 6393/1/6670 5301/1/6670
f 5301/1/6671 6393/1/6671 6392/1/6671
f 5301/1/6672 6392/1/6672 5303/1/6672
f 5303/1/6673 6392/1/6673 6391/1/6673
f 5303/1/6674 6391/1/6674 5234/1/6674
f 5234/1/6675 6391/1/6675 6390/1/6675
f 5234/1/6676 6390/1/6676 5237/1/6676
f 5237/1/6677 6390/1/6677 6389/1/6677
f 5237/1/6678 6389/1/6678 5280/1/6678
f 5280/1/6679 6389/1/6679 6388/1/6679
f 5280/1/6680 6388/1/6680 5281/1/6680
f 5281/1/6681 6388/1/6681 6387/1/6681
f 5281/1/6682 6387/1/6682 5290/1/6682
f 5290/1/6683 6387/1/6683 6386/1/6683
f 5290/1/6684 6386/1/6684 5288/1/6684
f 6381/1083/6685 5277/1084/6685 5279/1085/6685
f 6386/1/6686 6385/1/6686 5288/1/6686
f 5288/1/6687 6385/1/6687 6384/1/6687
f 5288/1/6688 6384/1/6688 5279/1/6688
f 5279/1/6689 6384/1/6689 6383/1/6689
f 5279/1/6690 6383/1/6690 6381/1/6690
f 6378/1/6691 5246/1/6691 5239/1/6691
f 6381/1/6692 6382/1/6692 5277/1/6692
f 5277/1/6693 6382/1/6693 6380/1/6693
f 5277/1086/6694 6380/1087/6694 5239/1088/6694
f 5239/1/6695 6380/1/6695 6379/1/6695
f 5239/1/6696 6379/1/6696 6378/1/6696
f 6378/1/6697 6377/1/6697 5246/1/6697
f 5246/1/6698 6377/1/6698 6376/1/6698
f 5246/1/6699 6376/1/6699 5244/1/6699
f 5244/1/6700 6376/1/6700 6375/1/6700
f 5244/1/6701 6375/1/6701 5274/1/6701
f 5274/1/6702 6375/1/6702 6374/1/6702
f 5274/1/6703 6374/1/6703 5275/1/6703
f 5275/1/6704 6374/1/6704 6373/1/6704
f 5275/1/6705 6373/1/6705 5276/1/6705
f 5276/1/6706 6373/1/6706 6372/1/6706
f 5276/1/6707 6372/1/6707 5262/1/6707
f 6372/1/6708 6371/1/6708 5262/1/6708
f 5262/1/6709 6371/1/6709 6370/1/6709
f 5262/1/6710 6370/1/6710 5263/1/6710
f 6370/1/6711 6369/1/6711 5263/1/6711
f 5263/1/6712 6369/1/6712 6368/1/6712
f 5263/1/6713 6368/1/6713 5266/1/6713
f 5266/1/6714 6368/1/6714 6367/1/6714
f 5266/1/6715 6367/1/6715 5460/1/6715
f 6397/1/6716 5306/1/6716 5307/1/6716
f 5402/1/6717 5423/1/6717 5448/1/6717
f 5402/1/6718 5448/1/6718 5307/1/6718
f 5307/1/6719 5448/1/6719 6396/1/6719
f 5307/1/6720 6396/1/6720 6397/1/6720
f 6398/1089/5350 6399/867/5350 5355/1090/5350
f 5355/1/5350 6399/1/5350 5356/1/5350
f 5356/1091/6721 6399/1092/6721 5357/1093/6721
f 5357/1093/6722 6399/1092/6722 6400/1094/6722
f 5357/1/6723 6400/1/6723 5358/1/6723
f 5358/1095/5359 6400/1096/5359 5359/1097/5359
f 5359/1097/6724 6400/1096/6724 6401/1098/6724
f 5359/1097/5361 6401/1098/5361 5360/1099/5361
f 5360/1099/6725 6401/1098/6725 5361/1100/6725
f 5361/1100/6726 6401/1098/6726 6402/1101/6726
f 5361/1/5364 6402/1/5364 5362/1/5364
f 5362/1102/5365 6402/1101/5365 5363/1103/5365
f 5363/1104/6727 6402/1105/6727 6403/1106/6727
f 5363/1/5367 6403/1/5367 5364/1/5367
f 5364/1107/6728 6403/1108/6728 5365/1109/6728
f 5365/1109/6729 6403/1108/6729 6404/1110/6729
f 5365/1/5370 6404/1/5370 5366/1/5370
f 5366/1111/6730 6404/1110/6730 5367/1112/6730
f 5367/1112/6731 6404/1110/6731 6405/1113/6731
f 5367/1/5373 6405/1/5373 5368/1/5373
f 5368/1114/5374 6405/1113/5374 5369/1115/5374
f 5369/1115/6732 6405/1113/6732 6406/1116/6732
f 5369/1/5376 6406/1/5376 5370/1/5376
f 5370/1075/6733 6406/1117/6733 5371/1076/6733
f 5371/1076/6734 6406/1117/6734 6407/1118/6734
f 5371/1/6735 6407/1/6735 5372/1/6735
f 5372/1/5380 6407/1/5380 6408/1/5380
f 5372/1/5380 6408/1/5380 5373/1/5380
f 5373/1/5381 6408/1/5381 6409/1/5381
f 5373/1/5381 6409/1/5381 5374/1/5381
f 6410/1/6736 6411/1/6736 5378/1/6736
f 5378/1/6737 5377/1/6737 6410/1/6737
f 6410/1/5385 5377/1/5385 5376/1/5385
f 6410/1/6738 5376/1/6738 6409/1/6738
f 6409/1/6739 5376/1/6739 5375/1/6739
f 6409/1/5382 5375/1/5382 5374/1/5382
f 6412/1/6740 6413/1/6740 5382/1/6740
f 5382/1/6741 5381/1/6741 6412/1/6741
f 6412/1/5391 5381/1/5391 5380/1/5391
f 6412/1/6742 5380/1/6742 6411/1/6742
f 6411/1/6743 5380/1/6743 5379/1/6743
f 6411/1/5388 5379/1/5388 5378/1/5388
f 6414/1/6744 6415/1/6744 5386/1/6744
f 5386/1/6745 5385/1/6745 6414/1/6745
f 6414/1/5397 5385/1/5397 5384/1/5397
f 6414/1/6746 5384/1/6746 6413/1/6746
f 6413/1/6747 5384/1/6747 5383/1/6747
f 6413/1/5394 5383/1/5394 5382/1/5394
f 6416/1/6748 6417/1/6748 5390/1/6748
f 5390/1/5357 6417/1/5357 6418/1/5357
f 5390/1/5357 6418/1/5357 5319/1/5357
f 5390/1/6749 5389/1/6749 6416/1/6749
f 6416/1/5403 5389/1/5403 5388/1/5403
f 6416/1/6750 5388/1/6750 6415/1/6750
f 6415/1/6751 5388/1/6751 5387/1/6751
f 6415/1/5400 5387/1/5400 5386/1/5400
f 6418/1/5407 6419/1/5407 5319/1/5407
f 5319/1/5407 6419/1/5407 5320/1/5407
f 5320/1/5414 6419/1/5414 5321/1/5414
f 5321/1/6752 6419/1/6752 6420/1/6752
f 5321/1/5416 6420/1/5416 5322/1/5416
f 5322/1/5417 6420/1/5417 5323/1/5417
f 5323/1/6753 6420/1/6753 6421/1/6753
f 5323/1/5419 6421/1/5419 5324/1/5419
f 5324/1/6754 6421/1/6754 5325/1/6754
f 5325/1/6755 6421/1/6755 6422/1/6755
f 5325/1/6756 6422/1/6756 5326/1/6756
f 5326/1/6757 6422/1/6757 5327/1/6757
f 5327/1/6758 6422/1/6758 6423/1/6758
f 5327/1/5426 6423/1/5426 5328/1/5426
f 5328/1/6759 6423/1/6759 5329/1/6759
f 5329/1/6760 6423/1/6760 6424/1/6760
f 5329/1/5429 6424/1/5429 5330/1/5429
f 5330/1/5430 6424/1/5430 5331/1/5430
f 5331/1/6761 6424/1/6761 6425/1/6761
f 5331/1/5432 6425/1/5432 5332/1/5432
f 5332/1/5433 6425/1/5433 5333/1/5433
f 5333/1/6762 6425/1/6762 6426/1/6762
f 5333/1/6763 6426/1/6763 5334/1/6763
f 5334/1/5436 6426/1/5436 5335/1/5436
f 5335/1/6764 6426/1/6764 6427/1/6764
f 5335/1/5438 6427/1/5438 5336/1/5438
f 5336/1/5439 6427/1/5439 6428/1/5439
f 5336/1/5439 6428/1/5439 5337/1/5439
f 5337/1119/5440 6428/1120/5440 6429/1121/5440
f 5337/1/5440 6429/1/5440 5338/1/5440
f 6430/1122/6765 6431/1123/6765 5342/1025/6765
f 5342/1124/6766 5341/1125/6766 6430/1126/6766
f 6430/1/5444 5341/1/5444 5340/1/5444
f 6430/1127/6767 5340/1023/6767 6429/1128/6767
f 6429/1128/6768 5340/1023/6768 5339/1022/6768
f 6429/1/6769 5339/1/6769 5338/1/6769
f 6432/1129/6770 6433/1130/6770 5346/1033/6770
f 5346/1033/6771 5345/1032/6771 6432/1129/6771
f 6432/1/5450 5345/1/5450 5344/1/5450
f 6432/1129/6772 5344/1031/6772 6431/1131/6772
f 6431/1131/6773 5344/1031/6773 5343/1030/6773
f 6431/1/5447 5343/1/5447 5342/1/5447
f 6434/1132/6774 6435/1133/6774 5350/1134/6774
f 5350/1134/6775 5349/1135/6775 6434/1132/6775
f 6434/1/5457 5349/1/5457 5348/1/5457
f 6434/1136/6776 5348/1137/6776 6433/1138/6776
f 6433/1138/6777 5348/1137/6777 5347/1139/6777
f 6433/1/5453 5347/1/5453 5346/1/5453
f 6436/1140/6778 6437/1141/6778 5354/1142/6778
f 5354/1142/5408 6437/1141/5408 6398/1143/5408
f 5354/1/5408 6398/1/5408 5355/1/5408
f 5354/1144/6779 5353/1145/6779 6436/1146/6779
f 6436/1146/6780 5353/1145/6780 5352/1147/6780
f 6436/1146/6781 5352/1147/6781 6435/1133/6781
f 6435/1133/6782 5352/1147/6782 5351/1148/6782
f 6435/1/5463 5351/1/5463 5350/1/5463
f 6438/1149/56 6398/1150/56 6439/1151/56
f 6439/1/56 6398/1/56 6437/1/56
f 6439/1152/56 6437/1153/56 6440/1154/56
f 6440/1/56 6437/1/56 6436/1/56
f 6440/1155/56 6436/1156/56 6441/1157/56
f 6441/1/56 6436/1/56 6435/1/56
f 6441/1/56 6435/1/56 6442/1/56
f 6442/1/56 6435/1/56 6434/1/56
f 6442/1/56 6434/1/56 6443/1/56
f 6443/1158/56 6434/1159/56 6433/1160/56
f 6443/1158/56 6433/1160/56 6444/1161/56
f 6444/1/56 6433/1/56 6432/1/56
f 6444/1/56 6432/1/56 6445/1/56
f 6445/1162/56 6432/1163/56 6431/1164/56
f 6445/1/56 6431/1/56 6446/1/56
f 6446/1/56 6431/1/56 6430/1/56
f 6446/1165/56 6430/1166/56 6447/1167/56
f 6447/1168/56 6430/1169/56 6429/1170/56
f 6447/1167/56 6429/1171/56 6448/1172/56
f 6448/1173/56 6429/1170/56 6428/1174/56
f 6448/1/56 6428/1/56 6449/1/56
f 6449/1/56 6428/1/56 6427/1/56
f 6449/1175/56 6427/1176/56 6450/1177/56
f 6450/1177/56 6427/1176/56 6426/1178/56
f 6450/1177/56 6426/1178/56 6451/1179/56
f 6451/1/56 6426/1/56 6425/1/56
f 6451/1/56 6425/1/56 6452/1/56
f 6452/1/56 6425/1/56 6424/1/56
f 6452/1/56 6424/1/56 6453/1/56
f 6453/1/56 6424/1/56 6423/1/56
f 6453/1/56 6423/1/56 6454/1/56
f 6454/1/56 6423/1/56 6422/1/56
f 6454/1/56 6422/1/56 6455/1/56
f 6455/1/56 6422/1/56 6421/1/56
f 6455/1/56 6421/1/56 6456/1/56
f 6456/1/56 6421/1/56 6420/1/56
f 6456/1/56 6420/1/56 6457/1/56
f 6420/1/56 6419/1/56 6457/1/56
f 6457/1/56 6419/1/56 6418/1/56
f 6457/1/56 6418/1/56 6458/1/56
f 6458/1/56 6418/1/56 6417/1/56
f 6458/1/56 6417/1/56 6459/1/56
f 6459/1/56 6417/1/56 6416/1/56
f 6459/1/56 6416/1/56 6460/1/56
f 6460/1/56 6416/1/56 6415/1/56
f 6460/1/56 6415/1/56 6461/1/56
f 6461/1/56 6415/1/56 6414/1/56
f 6461/1/56 6414/1/56 6462/1/56
f 6462/1/56 6414/1/56 6413/1/56
f 6462/1/56 6413/1/56 6463/1/56
f 6463/1/56 6413/1/56 6412/1/56
f 6463/1/56 6412/1/56 6464/1/56
f 6464/1/56 6412/1/56 6411/1/56
f 6464/1/56 6411/1/56 6465/1/56
f 6465/1/56 6411/1/56 6410/1/56
f 6465/1/56 6410/1/56 6466/1/56
f 6466/1180/56 6410/1181/56 6409/1182/56
f 6466/1180/56 6409/1182/56 6467/1183/56
f 6467/1/56 6409/1/56 6408/1/56
f 6467/1184/56 6408/1185/56 6468/1186/56
f 6468/1186/56 6408/1185/56 6407/1118/56
f 6468/1186/56 6407/1118/56 6469/1187/56
f 6469/1187/56 6407/1118/56 6406/1117/56
f 6469/1/56 6406/1/56 6470/1/56
f 6470/1/56 6406/1/56 6405/1/56
f 6470/1188/56 6405/1113/56 6471/1189/56
f 6471/1189/56 6405/1113/56 6404/1110/56
f 6471/1189/56 6404/1110/56 6472/1190/56
f 6472/1190/56 6404/1110/56 6403/1108/56
f 6472/1/56 6403/1/56 6473/1/56
f 6473/1191/56 6403/1106/56 6402/1105/56
f 6473/1191/56 6402/1105/56 6474/1192/56
f 6474/1192/56 6402/1105/56 6401/1193/56
f 6474/1194/56 6401/1098/56 6475/1195/56
f 6475/1195/56 6401/1098/56 6400/1096/56
f 6475/1/56 6400/1/56 6438/1/56
f 6438/1/56 6400/1/56 6399/1/56
f 6438/1/56 6399/1/56 6398/1/56
f 6467/1/6783 6476/1/6783 6477/1/6783
f 6467/1/6783 6477/1/6783 6466/1/6783
f 6466/1/6784 6477/1/6784 6478/1/6784
f 6466/1/6784 6478/1/6784 6465/1/6784
f 6465/1/6785 6478/1/6785 6479/1/6785
f 6465/1/6785 6479/1/6785 6464/1/6785
f 6464/1/6786 6479/1/6786 6480/1/6786
f 6464/1/6786 6480/1/6786 6463/1/6786
f 6463/1/6787 6480/1/6787 6481/1/6787
f 6463/1/6787 6481/1/6787 6462/1/6787
f 6462/1/6788 6481/1/6788 6482/1/6788
f 6462/1/6788 6482/1/6788 6461/1/6788
f 6461/1/6789 6482/1/6789 6483/1/6789
f 6461/1/6789 6483/1/6789 6460/1/6789
f 6460/1/6790 6483/1/6790 6484/1/6790
f 6460/1/6791 6484/1/6791 6459/1/6791
f 6459/1/6792 6484/1/6792 6485/1/6792
f 6459/1/6792 6485/1/6792 6458/1/6792
f 6458/1/6793 6485/1/6793 6486/1/6793
f 6458/1/6793 6486/1/6793 6457/1/6793
f 6457/1/6794 6486/1/6794 6487/1/6794
f 6457/1/6794 6487/1/6794 6456/1/6794
f 6456/1/6795 6487/1/6795 6488/1/6795
f 6456/1/6796 6488/1/6796 6455/1/6796
f 6455/1/6797 6488/1/6797 6489/1/6797
f 6455/1/6797 6489/1/6797 6454/1/6797
f 6454/1/6798 6489/1/6798 6490/1/6798
f 6454/1/6798 6490/1/6798 6453/1/6798
f 6453/1/6799 6490/1/6799 6491/1/6799
f 6453/1/6799 6491/1/6799 6452/1/6799
f 6452/1/6800 6491/1/6800 6492/1/6800
f 6452/1/6800 6492/1/6800 6451/1/6800
f 6451/1/6801 6492/1/6801 6493/1/6801
f 6451/1/6801 6493/1/6801 6450/1/6801
f 6450/1/6802 6493/1/6802 6494/1/6802
f 6450/1/6802 6494/1/6802 6449/1/6802
f 6449/1/6803 6494/1/6803 6495/1/6803
f 6449/1/6803 6495/1/6803 6448/1/6803
f 6448/1196/6804 6495/1197/6804 6496/1198/6804
f 6448/1196/6804 6496/1198/6804 6447/1199/6804
f 6447/1199/6805 6496/1198/6805 6497/1200/6805
f 6447/1201/6805 6497/1202/6805 6446/1203/6805
f 6446/1203/6806 6497/1202/6806 6498/1204/6806
f 6446/1203/6807 6498/1204/6807 6445/1205/6807
f 6445/1205/6808 6498/1204/6808 6499/1206/6808
f 6445/1205/6808 6499/1206/6808 6444/1207/6808
f 6444/1207/6809 6499/1206/6809 6500/1208/6809
f 6444/1207/6809 6500/1208/6809 6443/1209/6809
f 6443/1209/6810 6500/1208/6810 6501/1210/6810
f 6443/1209/6810 6501/1210/6810 6442/1211/6810
f 6442/1212/6811 6501/1213/6811 6502/1214/6811
f 6442/1212/6812 6502/1214/6812 6441/1215/6812
f 6441/1215/6813 6502/1214/6813 6503/1216/6813
f 6441/1215/6813 6503/1216/6813 6440/1217/6813
f 6440/1218/6814 6503/1219/6814 6504/1220/6814
f 6440/1218/6814 6504/1220/6814 6439/1221/6814
f 6439/1151/6815 6504/1222/6815 6505/1223/6815
f 6439/1151/6815 6505/1223/6815 6438/1149/6815
f 6438/1224/6816 6505/1225/6816 6506/1226/6816
f 6438/1224/6816 6506/1226/6816 6475/1195/6816
f 6475/1227/6817 6506/1228/6817 6507/1229/6817
f 6475/1227/6817 6507/1229/6817 6474/1192/6817
f 6474/1192/6818 6507/1229/6818 6508/1230/6818
f 6474/1192/6819 6508/1230/6819 6473/1191/6819
f 6473/1191/6820 6508/1230/6820 6509/1231/6820
f 6473/1191/6820 6509/1231/6820 6472/1232/6820
f 6472/1190/6821 6509/1233/6821 6510/1234/6821
f 6472/1190/6821 6510/1234/6821 6471/1189/6821
f 6471/1189/6822 6510/1234/6822 6511/1235/6822
f 6471/1189/6822 6511/1235/6822 6470/1188/6822
f 6470/1188/6823 6511/1235/6823 6512/1236/6823
f 6470/1188/6824 6512/1236/6824 6469/1237/6824
f 6469/1/6825 6512/1/6825 6513/1/6825
f 6469/1187/6825 6513/1238/6825 6468/1186/6825
f 6468/1/6826 6513/1/6826 6476/1/6826
f 6468/1/6826 6476/1/6826 6467/1/6826
f 6495/1239/6827 6514/1240/6827 6515/1241/6827
f 6495/1/6827 6515/1/6827 6496/1/6827
f 6496/1242/6828 6515/1243/6828 6516/1244/6828
f 6496/1245/6828 6516/1246/6828 6497/1247/6828
f 6497/1247/6829 6516/1246/6829 6517/1248/6829
f 6497/1247/6829 6517/1248/6829 6498/1249/6829
f 6498/1249/6830 6517/1248/6830 6518/1250/6830
f 6498/1249/6830 6518/1250/6830 6499/1251/6830
f 6499/1251/6831 6518/1250/6831 6519/1252/6831
f 6499/1251/6831 6519/1252/6831 6500/1253/6831
f 6500/1254/6832 6519/1255/6832 6520/1256/6832
f 6500/1254/6832 6520/1256/6832 6501/1213/6832
f 6501/1213/6833 6520/1256/6833 6521/1257/6833
f 6501/1213/6833 6521/1257/6833 6502/1214/6833
f 6502/1214/6834 6521/1257/6834 6522/1258/6834
f 6502/1214/6834 6522/1258/6834 6503/1216/6834
f 6503/1219/6835 6522/1259/6835 6523/1260/6835
f 6503/1219/6835 6523/1260/6835 6504/1220/6835
f 6504/1220/64 6523/1260/64 6524/1261/64
f 6504/1220/64 6524/1261/64 6505/1262/64
f 6505/1262/6836 6524/1261/6836 6525/1263/6836
f 6505/1262/6836 6525/1263/6836 6506/1264/6836
f 6506/1264/6837 6525/1263/6837 6526/1265/6837
f 6506/1264/6837 6526/1265/6837 6507/1266/6837
f 6507/1266/6838 6526/1265/6838 6527/1267/6838
f 6507/1266/6838 6527/1267/6838 6508/1268/6838
f 6508/1268/6839 6527/1267/6839 6528/1269/6839
f 6508/1268/6839 6528/1269/6839 6509/1270/6839
f 6509/1233/6840 6528/1271/6840 6529/1272/6840
f 6509/1233/6840 6529/1272/6840 6510/1234/6840
f 6510/1234/6841 6529/1272/6841 6530/1273/6841
f 6510/1234/6841 6530/1273/6841 6511/1235/6841
f 6511/1235/6842 6530/1273/6842 6531/1274/6842
f 6511/1235/6842 6531/1274/6842 6512/1236/6842
f 6512/1/6843 6531/1/6843 6532/1/6843
f 6512/1/6843 6532/1/6843 6513/1/6843
f 6513/1/6844 6532/1/6844 6533/1/6844
f 6513/1/6844 6533/1/6844 6476/1/6844
f 6476/1/6845 6533/1/6845 6534/1/6845
f 6476/1/6845 6534/1/6845 6477/1/6845
f 6477/1/6846 6534/1/6846 6535/1/6846
f 6477/1/6846 6535/1/6846 6478/1/6846
f 6478/1/6847 6535/1/6847 6536/1/6847
f 6478/1/6847 6536/1/6847 6479/1/6847
f 6479/1/6848 6536/1/6848 6537/1/6848
f 6479/1/6848 6537/1/6848 6480/1/6848
f 6480/1/6849 6537/1/6849 6538/1/6849
f 6480/1/6849 6538/1/6849 6481/1/6849
f 6481/1/6850 6538/1/6850 6539/1/6850
f 6481/1/6850 6539/1/6850 6482/1/6850
f 6482/1/6851 6539/1/6851 6540/1/6851
f 6482/1/6851 6540/1/6851 6483/1/6851
f 6483/1/6852 6540/1/6852 6541/1/6852
f 6483/1/6852 6541/1/6852 6484/1/6852
f 6484/1/6853 6541/1/6853 6542/1/6853
f 6484/1/6853 6542/1/6853 6485/1/6853
f 6485/1/72 6542/1/72 6543/1/72
f 6485/1/72 6543/1/72 6486/1/72
f 6486/1/6854 6543/1/6854 6544/1/6854
f 6486/1/6854 6544/1/6854 6487/1/6854
f 6487/1/6855 6544/1/6855 6545/1/6855
f 6487/1/6855 6545/1/6855 6488/1/6855
f 6488/1/6856 6545/1/6856 6546/1/6856
f 6488/1/6856 6546/1/6856 6489/1/6856
f 6489/1/6857 6546/1/6857 6547/1/6857
f 6489/1/6857 6547/1/6857 6490/1/6857
f 6490/1/6858 6547/1/6858 6548/1/6858
f 6490/1/6858 6548/1/6858 6491/1/6858
f 6491/1/6859 6548/1/6859 6549/1/6859
f 6491/1/6859 6549/1/6859 6492/1/6859
f 6492/1/6860 6549/1/6860 6550/1/6860
f 6492/1/6860 6550/1/6860 6493/1/6860
f 6493/1/6861 6550/1/6861 6551/1/6861
f 6493/1/6861 6551/1/6861 6494/1/6861
f 6494/1/6862 6551/1/6862 6514/1/6862
f 6494/1/6862 6514/1/6862 6495/1/6862
f 6541/1/6863 6552/1/6863 6542/1/6863
f 6542/1/6864 6552/1/6864 6553/1/6864
f 6542/1/6864 6553/1/6864 6543/1/6864
f 6543/1/6865 6553/1/6865 6554/1/6865
f 6543/1/6865 6554/1/6865 6544/1/6865
f 6544/1/6866 6554/1/6866 6555/1/6866
f 6544/1/6867 6555/1/6867 6545/1/6867
f 6545/1/6868 6555/1/6868 6556/1/6868
f 6545/1/6869 6556/1/6869 6546/1/6869
f 6546/1/6870 6556/1/6870 6557/1/6870
f 6546/1/6870 6557/1/6870 6547/1/6870
f 6547/1/6871 6557/1/6871 6558/1/6871
f 6547/1/6871 6558/1/6871 6548/1/6871
f 6548/1/6872 6558/1/6872 6559/1/6872
f 6548/1/6872 6559/1/6872 6549/1/6872
f 6549/1/6873 6559/1/6873 6560/1/6873
f 6549/1/6874 6560/1/6874 6550/1/6874
f 6550/1/6875 6560/1/6875 6561/1/6875
f 6550/1/6875 6561/1/6875 6551/1/6875
f 6551/1/6876 6561/1/6876 6562/1/6876
f 6551/1/6876 6562/1/6876 6514/1/6876
f 6563/1/6877 6564/1/6877 6541/1/6877
f 6541/1/6878 6564/1/6878 6565/1/6878
f 6541/1/6863 6565/1/6863 6552/1/6863
f 6541/1/6879 6540/1/6879 6563/1/6879
f 6563/1/6880 6540/1/6880 6539/1/6880
f 6563/1/6881 6539/1/6881 6566/1/6881
f 6566/1/6882 6539/1/6882 6538/1/6882
f 6566/1/6882 6538/1/6882 6567/1/6882
f 6567/1/6883 6538/1/6883 6537/1/6883
f 6567/1/6883 6537/1/6883 6568/1/6883
f 6568/1/6884 6537/1/6884 6536/1/6884
f 6568/1/6884 6536/1/6884 6569/1/6884
f 6569/1/6885 6536/1/6885 6535/1/6885
f 6569/1/6886 6535/1/6886 6570/1/6886
f 6570/1/6887 6535/1/6887 6534/1/6887
f 6570/1/6887 6534/1/6887 6571/1/6887
f 6571/1/6888 6534/1/6888 6533/1/6888
f 6571/1/6888 6533/1/6888 6572/1/6888
f 6572/1/6889 6533/1/6889 6532/1/6889
f 6572/1/6889 6532/1/6889 6573/1/6889
f 6573/1/6890 6532/1/6890 6531/1/6890
f 6573/1/6890 6531/1/6890 6574/1/6890
f 6574/1/6891 6531/1/6891 6530/1/6891
f 6574/1275/6891 6530/1276/6891 6575/1277/6891
f 6575/1277/6892 6530/1276/6892 6529/1278/6892
f 6575/1277/6892 6529/1278/6892 6576/1279/6892
f 6576/1279/6893 6529/1278/6893 6528/1280/6893
f 6576/1281/6893 6528/1282/6893 6577/1283/6893
f 6577/1283/6894 6528/1282/6894 6527/1284/6894
f 6577/1283/6894 6527/1284/6894 6578/1285/6894
f 6578/1285/6895 6527/1284/6895 6526/1286/6895
f 6578/1285/6895 6526/1286/6895 6579/1287/6895
f 6579/1287/6896 6526/1286/6896 6525/1288/6896
f 6579/1287/6897 6525/1288/6897 6580/1289/6897
f 6580/1290/6898 6525/1291/6898 6524/1292/6898
f 6580/1290/6898 6524/1292/6898 6581/1293/6898
f 6581/1293/6899 6524/1292/6899 6523/1294/6899
f 6581/1293/6899 6523/1294/6899 6582/1295/6899
f 6582/1296/6900 6523/1297/6900 6522/1298/6900
f 6582/1296/6900 6522/1298/6900 6583/1299/6900
f 6583/1299/6901 6522/1298/6901 6521/1300/6901
f 6583/1299/6902 6521/1300/6902 6584/1301/6902
f 6584/1302/6903 6521/1303/6903 6520/1304/6903
f 6584/1302/6903 6520/1304/6903 6585/1305/6903
f 6585/1305/6904 6520/1304/6904 6519/1306/6904
f 6585/1305/6904 6519/1306/6904 6586/1307/6904
f 6586/1307/6905 6519/1306/6905 6518/1308/6905
f 6586/1307/6905 6518/1308/6905 6587/1309/6905
f 6587/1309/6906 6518/1308/6906 6517/1310/6906
f 6587/1309/6906 6517/1310/6906 6588/1311/6906
f 6588/1311/6907 6517/1310/6907 6516/1312/6907
f 6588/1311/6907 6516/1312/6907 6589/1313/6907
f 6589/1313/6908 6516/1312/6908 6515/1314/6908
f 6589/1313/6908 6515/1314/6908 6590/1315/6908
f 6590/1/6909 6515/1/6909 6514/1/6909
f 6590/1/6909 6514/1/6909 6562/1/6909
f 6591/1/48 6592/1/48 6593/1/48
f 6302/1/48 6594/1/48 6299/1/48
f 6311/1/48 6313/1/48 6595/1/48
f 5976/1/48 5977/1/48 6595/1/48
f 6320/1/48 6596/1/48 6317/1/48
f 6271/1/48 6272/1/48 6593/1/48
f 6025/1/48 6062/1/48 6597/1/48
f 6279/1/48 6280/1/48 6598/1/48
f 6120/1/48 6121/1/48 6598/1/48
f 6099/1/3351 6075/1/3351 6599/1/3351
f 6585/1/48 6600/1/48 6584/1/48
f 6586/1/48 6587/1/48 6601/1/48
f 6601/1/48 6587/1/48 6588/1/48
f 6555/1/48 6602/1/48 6556/1/48
f 6564/1/48 6563/1/48 6603/1/48
f 6603/1/48 6563/1/48 6566/1/48
f 6569/1/48 6604/1/48 6568/1/48
f 6572/1/48 6573/1/48 6605/1/48
f 6326/1/48 6042/1/48 6323/1/48
f 6323/1/48 6042/1/48 6040/1/48
f 6323/1/48 6040/1/48 6320/1/48
f 6068/1/48 6566/1/48 6069/1/48
f 6069/1/48 6566/1/48 6567/1/48
f 6069/1/48 6567/1/48 6070/1/48
f 6070/1/48 6567/1/48 6596/1/48
f 6070/1/48 6596/1/48 6071/1/48
f 6071/1/48 6596/1/48 6320/1/48
f 6071/1/48 6320/1/48 6038/1/48
f 6038/1/48 6320/1/48 6040/1/48
f 6068/1/48 6067/1/48 6566/1/48
f 6566/1/48 6067/1/48 6050/1/48
f 6566/1/48 6050/1/48 6603/1/48
f 6603/1/48 6050/1/48 6048/1/48
f 6603/1/48 6048/1/48 6606/1/48
f 6606/1/48 6048/1/48 6046/1/48
f 6606/1/48 6046/1/48 6326/1/48
f 6326/1/48 6046/1/48 6044/1/48
f 6326/1/48 6044/1/48 6042/1/48
f 6554/1/48 6553/1/48 6607/1/48
f 6607/1/48 6553/1/48 6552/1/48
f 6554/1/48 6104/1/48 6555/1/48
f 6555/1/48 6104/1/48 6105/1/48
f 6555/1/48 6105/1/48 6602/1/48
f 5984/1/48 5986/1/48 6591/1/48
f 6591/1/48 5986/1/48 5988/1/48
f 6591/1/48 5988/1/48 6607/1/48
f 6607/1/48 5988/1/48 5990/1/48
f 6105/1/48 6106/1/48 6602/1/48
f 6602/1/48 6106/1/48 6107/1/48
f 6602/1/48 6107/1/48 5983/1/48
f 5990/1/48 5992/1/48 6607/1/48
f 6607/1/48 5992/1/48 5994/1/48
f 6607/1/48 5994/1/48 6554/1/48
f 6554/1/48 5994/1/48 6103/1/48
f 6554/1/48 6103/1/48 6104/1/48
f 6608/1/48 6609/1/48 6560/1/48
f 6560/1/48 6609/1/48 6561/1/48
f 6561/1/48 6609/1/48 6610/1/48
f 6561/1/48 6610/1/48 6562/1/48
f 6589/1/48 6590/1/48 6611/1/48
f 6610/1/48 6612/1/48 6562/1/48
f 6562/1/48 6612/1/48 6613/1/48
f 6562/1/48 6613/1/48 6590/1/48
f 6590/1/48 6613/1/48 6614/1/48
f 6590/1/48 6614/1/48 6611/1/48
f 6615/1/48 6616/1/48 6598/1/48
f 6598/1/48 6616/1/48 6617/1/48
f 6617/1/48 6618/1/48 6598/1/48
f 6598/1/48 6618/1/48 6619/1/48
f 6598/1/48 6619/1/48 6620/1/48
f 6620/1/48 6619/1/48 6621/1/48
f 6620/1/48 6621/1/48 6622/1/48
f 6611/1/48 6615/1/48 6589/1/48
f 6589/1/48 6615/1/48 6598/1/48
f 6589/1/48 6598/1/48 6588/1/48
f 6588/1/48 6598/1/48 6121/1/48
f 6588/1/48 6121/1/48 6601/1/48
f 6599/1/48 6075/1/48 6600/1/48
f 6075/1/48 6076/1/48 6600/1/48
f 6600/1/48 6076/1/48 6077/1/48
f 6600/1/48 6077/1/48 6584/1/48
f 6584/1/48 6077/1/48 6078/1/48
f 6584/1/48 6078/1/48 6583/1/48
f 6583/1/48 6078/1/48 6079/1/48
f 6583/1/48 6079/1/48 6582/1/48
f 6096/1/48 6580/1/48 6095/1/48
f 6095/1/48 6580/1/48 6581/1/48
f 6095/1/48 6581/1/48 6081/1/48
f 6081/1/48 6581/1/48 6582/1/48
f 6081/1/48 6582/1/48 6080/1/48
f 6080/1/48 6582/1/48 6079/1/48
f 6096/1/48 6097/1/48 6599/1/48
f 6599/1/48 6097/1/48 6098/1/48
f 6599/1/48 6098/1/48 6099/1/48
f 6096/1/48 6599/1/48 6580/1/48
f 6580/1/48 6599/1/48 6623/1/48
f 6580/1/48 6623/1/48 6579/1/48
f 6114/1/48 6115/1/48 6623/1/48
f 6623/1/48 6115/1/48 6578/1/48
f 6623/1/48 6578/1/48 6579/1/48
f 6293/1/48 6111/1/48 6112/1/48
f 6296/1/48 6299/1/48 5891/1/48
f 5891/1/48 6299/1/48 5893/1/48
f 5893/1/48 6299/1/48 6594/1/48
f 5893/1/48 6594/1/48 5895/1/48
f 5891/1/48 5889/1/48 6296/1/48
f 6296/1/48 5889/1/48 5887/1/48
f 6296/1/48 5887/1/48 6293/1/48
f 6293/1/48 5887/1/48 5885/1/48
f 6293/1/48 5885/1/48 6111/1/48
f 6115/1/48 6116/1/48 6578/1/48
f 6578/1/48 6116/1/48 5898/1/48
f 6578/1/48 5898/1/48 6577/1/48
f 6577/1/48 5898/1/48 5897/1/48
f 6575/1/48 6576/1/48 6624/1/48
f 6624/1/48 6576/1/48 6577/1/48
f 6605/1/48 6573/1/48 5967/1/48
f 5967/1/48 6573/1/48 6574/1/48
f 5967/1/48 6574/1/48 5966/1/48
f 6625/1/48 6285/1/48 6286/1/48
f 6286/1/48 6287/1/48 6625/1/48
f 6625/1/48 6287/1/48 6288/1/48
f 6625/1/48 6288/1/48 6626/1/48
f 6087/1/48 6088/1/48 6282/1/48
f 6282/1/48 6088/1/48 6281/1/48
f 6088/1/48 6089/1/48 6281/1/48
f 6281/1/48 6089/1/48 6117/1/48
f 6281/1/48 6117/1/48 6280/1/48
f 6280/1/48 6117/1/48 6118/1/48
f 6280/1/48 6118/1/48 6598/1/48
f 6598/1/48 6118/1/48 6119/1/48
f 6598/1/48 6119/1/48 6120/1/48
f 6121/1/48 6082/1/48 6601/1/48
f 6601/1/48 6082/1/48 6083/1/48
f 6601/1/48 6083/1/48 6084/1/48
f 6085/1/48 6086/1/48 6284/1/48
f 6087/1/48 6282/1/48 6086/1/48
f 6086/1/48 6282/1/48 6283/1/48
f 6086/1/6910 6283/1/6910 6284/1/6910
f 6279/1/6911 6598/1/6911 6278/1/6911
f 6278/1/6912 6598/1/6912 6620/1/6912
f 6278/1/48 6620/1/48 6277/1/48
f 6062/1/48 6063/1/48 6620/1/48
f 6620/1/48 6063/1/48 6064/1/48
f 6620/1/48 6064/1/48 6277/1/48
f 6277/1/48 6064/1/48 6065/1/48
f 6277/1/48 6065/1/48 6276/1/48
f 6065/1/48 6066/1/48 6276/1/48
f 6276/1/48 6066/1/48 6009/1/48
f 6276/1/48 6009/1/48 6275/1/48
f 6015/1/48 6018/1/48 6597/1/48
f 6018/1/48 6021/1/48 6597/1/48
f 6597/1/48 6021/1/48 6024/1/48
f 6597/1/48 6024/1/48 6025/1/48
f 6597/1/48 6273/1/48 6015/1/48
f 6015/1/6913 6273/1/6913 6274/1/6913
f 6015/1/48 6274/1/48 6013/1/48
f 6013/1/48 6274/1/48 6275/1/48
f 6013/1/48 6275/1/48 6011/1/48
f 6011/1/48 6275/1/48 6009/1/48
f 6271/1/48 6593/1/48 6270/1/48
f 6270/1/48 6593/1/48 6269/1/48
f 6269/1/48 6593/1/48 6592/1/48
f 6269/1/48 6592/1/48 6329/1/48
f 6572/1/48 6605/1/48 6571/1/48
f 6571/1/48 6605/1/48 6595/1/48
f 6571/1/48 6595/1/48 6570/1/48
f 6570/1/48 6595/1/48 5977/1/48
f 6570/1/48 5977/1/48 6569/1/48
f 6569/1/48 5977/1/48 5978/1/48
f 6569/1/48 5978/1/48 6604/1/48
f 6604/1/48 5978/1/48 5957/1/48
f 6604/1/48 5957/1/48 5958/1/48
f 6315/1/48 6317/1/48 5963/1/48
f 5958/1/48 5959/1/48 6604/1/48
f 6604/1/48 5959/1/48 6596/1/48
f 6604/1/48 6596/1/48 6568/1/48
f 6568/1/48 6596/1/48 6567/1/48
f 5963/1/48 5964/1/48 6315/1/48
f 6315/1/48 5964/1/48 5973/1/48
f 6315/1/48 5973/1/48 6313/1/48
f 6313/1/48 5973/1/48 5974/1/48
f 6313/1/48 5974/1/48 6595/1/48
f 6595/1/48 5974/1/48 5975/1/48
f 6595/1/48 5975/1/48 5976/1/48
f 5959/1/48 5960/1/48 6596/1/48
f 6596/1/48 5960/1/48 5961/1/48
f 6596/1/48 5961/1/48 6317/1/48
f 6317/1/48 5961/1/48 5962/1/48
f 6317/1/48 5962/1/48 5963/1/48
f 6311/1/48 6595/1/48 6309/1/48
f 6309/1/6914 6595/1/6914 6605/1/6914
f 6309/1/48 6605/1/48 6307/1/48
f 6093/1/48 6094/1/48 6624/1/48
f 6574/1/48 6575/1/48 5966/1/48
f 5966/1/48 6575/1/48 6624/1/48
f 5966/1/48 6624/1/48 5965/1/48
f 5965/1/48 6624/1/48 6094/1/48
f 5897/1/48 5895/1/48 6577/1/48
f 6577/1/48 5895/1/48 6594/1/48
f 6577/1/48 6594/1/48 6624/1/48
f 6624/1/48 6594/1/48 6092/1/48
f 6624/1/48 6092/1/48 6093/1/48
f 6305/1/48 5972/1/48 6302/1/48
f 6302/1/48 5972/1/48 6090/1/48
f 6302/1/48 6090/1/48 6594/1/48
f 6594/1/48 6090/1/48 6091/1/48
f 6594/1/48 6091/1/48 6092/1/48
f 5967/1/48 5968/1/48 6605/1/48
f 6605/1/48 5968/1/48 5969/1/48
f 6605/1/48 5969/1/48 6307/1/48
f 6307/1/48 5969/1/48 5970/1/48
f 6307/1/48 5970/1/48 6305/1/48
f 6305/1/48 5970/1/48 5971/1/48
f 6305/1/48 5971/1/48 5972/1/48
f 6288/1/48 6290/1/48 6626/1/48
f 6626/1/48 6290/1/48 6293/1/48
f 6626/1/48 6293/1/48 6627/1/48
f 6627/1/48 6293/1/48 6112/1/48
f 6627/1/48 6112/1/48 6113/1/48
f 6084/1/48 6085/1/48 6601/1/48
f 6601/1/48 6085/1/48 6284/1/48
f 6601/1/48 6284/1/48 6586/1/48
f 6586/1/48 6284/1/48 6285/1/48
f 6586/1/48 6285/1/48 6585/1/48
f 6585/1/48 6285/1/48 6625/1/48
f 6585/1/48 6625/1/48 6600/1/48
f 6600/1/48 6625/1/48 6626/1/48
f 6600/1/48 6626/1/48 6599/1/48
f 6599/1/48 6626/1/48 6627/1/48
f 6599/1/48 6627/1/48 6623/1/48
f 6623/1/48 6627/1/48 6113/1/48
f 6623/1/48 6113/1/48 6114/1/48
f 6326/1/48 6329/1/48 6606/1/48
f 6606/1/48 6329/1/48 6592/1/48
f 6606/1/48 6592/1/48 6603/1/48
f 6603/1/48 6592/1/48 6591/1/48
f 6603/1/48 6591/1/48 6564/1/48
f 6564/1/48 6591/1/48 6607/1/48
f 6564/1/48 6607/1/48 6565/1/48
f 6565/1/48 6607/1/48 6552/1/48
f 6622/1/48 6608/1/48 6620/1/48
f 6620/1/48 6608/1/48 6560/1/48
f 6620/1/48 6560/1/48 6062/1/48
f 6062/1/48 6560/1/48 6559/1/48
f 6062/1/48 6559/1/48 6597/1/48
f 6597/1/48 6559/1/48 6558/1/48
f 6597/1/48 6558/1/48 6273/1/48
f 6273/1/48 6558/1/48 6557/1/48
f 6273/1/48 6557/1/48 6272/1/48
f 6272/1/48 6557/1/48 6556/1/48
f 6272/1/48 6556/1/48 6593/1/48
f 6593/1/48 6556/1/48 6602/1/48
f 6593/1/48 6602/1/48 6591/1/48
f 6591/1/4691 6602/1/4691 5983/1/4691
f 6591/1/3351 5983/1/3351 5984/1/3351
f 6628/1/6915 6621/1/6915 6629/1/6915
f 6629/1/6915 6621/1/6915 6619/1/6915
f 6629/1/6916 6619/1/6916 6630/1/6916
f 6630/1/6916 6619/1/6916 6618/1/6916
f 6630/1/6917 6618/1/6917 6631/1/6917
f 6631/1/6917 6618/1/6917 6617/1/6917
f 6631/1/6918 6617/1/6918 6632/1/6918
f 6632/1/6918 6617/1/6918 6616/1/6918
f 6632/1/6919 6616/1/6919 6633/1/6919
f 6633/1/6919 6616/1/6919 6615/1/6919
f 6633/1/6920 6615/1/6920 6634/1/6920
f 6634/1/6920 6615/1/6920 6611/1/6920
f 6634/1/6921 6611/1/6921 6635/1/6921
f 6635/1/6921 6611/1/6921 6614/1/6921
f 6635/1/6922 6614/1/6922 6636/1/6922
f 6636/1/6922 6614/1/6922 6613/1/6922
f 6636/1/6923 6613/1/6923 6637/1/6923
f 6637/1/6923 6613/1/6923 6612/1/6923
f 6637/1/6924 6612/1/6924 6638/1/6924
f 6638/1/6924 6612/1/6924 6610/1/6924
f 6638/1/6925 6610/1/6925 6639/1/6925
f 6639/1/6925 6610/1/6925 6609/1/6925
f 6639/1/6926 6609/1/6926 6640/1/6926
f 6640/1/6926 6609/1/6926 6608/1/6926
f 6640/1/6927 6608/1/6927 6641/1/6927
f 6641/1/6928 6608/1/6928 6622/1/6928
f 6641/1/6929 6622/1/6929 6628/1/6929
f 6628/1/6929 6622/1/6929 6621/1/6929
f 6628/1/6075 6642/1/6075 6641/1/6075
f 6641/1/6075 6642/1/6075 6643/1/6075
f 6641/1/6077 6643/1/6077 6640/1/6077
f 6640/1/6077 6643/1/6077 6644/1/6077
f 6640/1/6078 6644/1/6078 6639/1/6078
f 6639/1/6078 6644/1/6078 6645/1/6078
f 6639/1/5210 6645/1/5210 6638/1/5210
f 6638/1/5210 6645/1/5210 6646/1/5210
f 6638/1/6079 6646/1/6079 6637/1/6079
f 6637/1/6079 6646/1/6079 6647/1/6079
f 6637/1/6080 6647/1/6080 6636/1/6080
f 6636/1/6080 6647/1/6080 6648/1/6080
f 6636/1/6081 6648/1/6081 6635/1/6081
f 6635/1/6081 6648/1/6081 6649/1/6081
f 6635/1/6220 6649/1/6220 6634/1/6220
f 6634/1/6220 6649/1/6220 6650/1/6220
f 6634/1/6084 6650/1/6084 6633/1/6084
f 6633/1/6084 6650/1/6084 6651/1/6084
f 6633/1/5895 6651/1/5895 6632/1/5895
f 6632/1/5895 6651/1/5895 6652/1/5895
f 6632/1/5899 6652/1/5899 6631/1/5899
f 6631/1/5899 6652/1/5899 6653/1/5899
f 6631/1/6221 6653/1/6221 6630/1/6221
f 6630/1/6221 6653/1/6221 6654/1/6221
f 6630/1/6222 6654/1/6222 6629/1/6222
f 6629/1/6222 6654/1/6222 6655/1/6222
f 6629/1/6095 6655/1/6095 6628/1/6095
f 6628/1/6095 6655/1/6095 6642/1/6095
f 6642/1/48 6649/1/48 6648/1/48
f 6648/1/48 6647/1/48 6646/1/48
f 6649/1/48 6642/1/48 6650/1/48
f 6650/1/48 6642/1/48 6655/1/48
f 6650/1/48 6655/1/48 6654/1/48
f 6643/1/3351 6642/1/3351 6644/1/3351
f 6644/1/48 6642/1/48 6648/1/48
f 6644/1/48 6648/1/48 6645/1/48
f 6645/1/48 6648/1/48 6646/1/48
f 6654/1/48 6653/1/48 6650/1/48
f 6650/1/48 6653/1/48 6652/1/48
f 6650/1/48 6652/1/48 6651/1/48
