# Blender 4.4.3
# www.blender.org
mtllib zed_link.mtl
o zed_link
v 0.156570 -0.027193 -0.018766
v 0.156570 -0.033495 -0.019877
v 0.156570 -0.026108 -0.024916
v 0.156570 -0.035342 -0.022369
v 0.156570 -0.040469 -0.027448
v 0.156570 -0.041357 -0.027069
v 0.156570 -0.043375 -0.027961
v 0.156570 -0.102176 0.001052
v 0.156570 -0.100158 0.001944
v 0.156570 -0.104738 0.001136
v 0.156570 -0.031185 0.003874
v 0.156570 -0.034809 0.003235
v 0.156570 -0.034596 0.002964
v 0.156570 -0.118273 -0.011262
v 0.156570 -0.118286 -0.011224
v 0.156570 -0.120361 -0.013961
v 0.156570 -0.030519 0.000101
v 0.156570 -0.034046 0.002215
v 0.156570 -0.118917 -0.015486
v 0.156570 -0.112419 -0.011604
v 0.156570 -0.119100 -0.015530
v 0.156570 -0.117752 -0.028740
v 0.156570 -0.115411 -0.031756
v 0.156570 -0.114869 -0.030601
v 0.156570 -0.119157 -0.010240
v 0.156570 -0.108191 -0.003647
v 0.156570 -0.119369 -0.019401
v 0.156570 -0.119563 -0.019335
v 0.156570 -0.120510 -0.021597
v 0.156570 -0.118277 -0.011176
v 0.156570 -0.117347 -0.009239
v 0.156570 -0.117325 -0.006953
v 0.156570 -0.116200 -0.007421
v 0.156570 -0.116133 -0.007358
v 0.156570 -0.115687 -0.004894
v 0.156570 -0.115971 -0.007269
v 0.156570 -0.113489 -0.033535
v 0.156570 -0.109339 -0.036108
v 0.156570 -0.111462 -0.033506
v 0.156570 -0.111610 -0.033455
v 0.156570 -0.113310 -0.032139
v 0.156570 -0.114846 -0.030636
v 0.156570 -0.117282 -0.026826
v 0.156570 -0.117520 -0.026763
v 0.156570 -0.110523 -0.033460
v 0.156570 -0.110915 -0.033512
v 0.156570 -0.111377 -0.033517
v 0.156570 -0.114872 -0.030562
v 0.156570 -0.114849 -0.030509
v 0.156570 -0.114750 -0.030419
v 0.156570 -0.117141 -0.026829
v 0.156570 -0.118519 -0.023212
v 0.156570 -0.118772 -0.023338
v 0.156570 -0.118864 -0.023444
v 0.156570 -0.120254 -0.022823
v 0.156570 -0.118875 -0.023506
v 0.156570 -0.120735 -0.016424
v 0.156570 -0.119504 -0.015812
v 0.156570 -0.119489 -0.015767
v 0.156570 -0.119380 -0.015656
v 0.156570 -0.119613 -0.019283
v 0.156570 -0.119628 -0.019235
v 0.156570 -0.119645 -0.017521
v 0.156570 -0.118168 -0.011332
v 0.156570 -0.118228 -0.011304
v 0.156570 -0.115552 -0.007127
v 0.156570 -0.115181 -0.007046
v 0.156570 -0.114845 -0.004027
v 0.156570 -0.110039 -0.006139
v 0.156570 -0.110707 -0.000969
v 0.156570 -0.108428 0.000100
v 0.156570 -0.114627 -0.030351
v 0.156570 -0.114366 -0.030257
v 0.156570 -0.116921 -0.026806
v 0.156570 -0.114269 -0.030233
v 0.156570 -0.117473 -0.011341
v 0.156570 -0.117836 -0.011376
v 0.156570 -0.117978 -0.011370
v 0.156570 -0.105381 -0.032553
v 0.156570 -0.105545 -0.037391
v 0.156570 -0.103169 -0.034049
v 0.156570 -0.103194 -0.037774
v 0.156570 -0.095917 -0.036571
v 0.156570 -0.097912 -0.037577
v 0.156570 -0.093332 -0.036769
v 0.156570 -0.116966 -0.026813
v 0.156570 -0.109487 -0.028232
v 0.156570 -0.114146 -0.030208
v 0.156570 -0.108937 -0.028981
v 0.156570 -0.108724 -0.029252
v 0.156570 -0.118325 -0.023163
v 0.156570 -0.029189 -0.007446
v 0.156570 -0.029854 -0.003673
v 0.156570 -0.117557 -0.026735
v 0.156570 -0.117584 -0.026701
v 0.156570 -0.119483 -0.025294
v 0.156570 -0.118301 -0.025143
v 0.156570 -0.118871 -0.023526
v 0.156570 -0.118990 -0.019390
v 0.156570 -0.119067 -0.019401
v 0.156570 -0.119201 -0.019411
v 0.156570 -0.112051 -0.010385
v 0.156570 -0.028523 -0.011219
v 0.156570 -0.031114 -0.014412
v 0.156570 -0.027858 -0.014993
v 0.156570 -0.031482 -0.015632
v 0.156570 -0.038152 0.006537
v 0.156570 -0.031850 0.007648
v 0.156570 -0.040364 0.008032
v 0.156570 -0.032934 0.013797
v 0.156570 -0.047616 0.010554
v 0.156570 -0.047295 0.011265
v 0.156570 -0.050202 0.010753
v 0.157694 -0.020655 0.009425
v 0.157694 -0.037948 0.006376
v 0.157771 -0.037607 0.006097
v 0.157854 -0.019758 0.008863
v 0.158366 -0.035020 0.003495
v 0.158366 -0.017086 0.006657
v 0.158942 -0.014180 0.002752
v 0.158942 -0.032464 -0.000472
v 0.159099 -0.031642 -0.002406
v 0.158944 -0.014167 0.002729
v 0.159161 -0.031234 -0.003653
v 0.159161 -0.012844 -0.000410
v 0.159161 -0.012088 -0.004694
v 0.159161 -0.030479 -0.007937
v 0.159161 -0.012088 -0.004711
v 0.159151 -0.030463 -0.008201
v 0.158942 -0.012263 -0.008122
v 0.158942 -0.030546 -0.011346
v 0.158204 -0.014369 -0.012629
v 0.158146 -0.014615 -0.012659
v 0.158176 -0.031485 -0.015639
v 0.158119 -0.014730 -0.012678
v 0.158119 -0.031482 -0.015632
v 0.158215 -0.031489 -0.015653
v 0.158277 -0.031503 -0.015693
v 0.158302 -0.013952 -0.012621
v 0.158311 -0.031515 -0.015729
v 0.158331 -0.013829 -0.012638
v 0.158352 -0.031540 -0.015800
v 0.158362 -0.013693 -0.012688
v 0.158365 -0.031555 -0.015843
v 0.158368 -0.013660 -0.012722
v 0.158366 -0.031592 -0.015948
v 0.158369 -0.013651 -0.012749
v 0.158366 -0.013658 -0.012785
v 0.158274 -0.031803 -0.016514
v 0.157694 -0.033358 -0.019657
v 0.157694 -0.016065 -0.016607
v 0.157853 -0.015418 -0.015776
v 0.157659 -0.016229 -0.016721
v 0.157646 -0.016294 -0.016751
v 0.157674 -0.033397 -0.019720
v 0.157651 -0.033423 -0.019763
v 0.157539 -0.016840 -0.016924
v 0.157598 -0.033460 -0.019822
v 0.157556 -0.033478 -0.019851
v 0.157451 -0.017324 -0.017026
v 0.157508 -0.033490 -0.019870
v 0.157451 -0.033495 -0.019877
v 0.157451 -0.038152 0.006537
v 0.157540 -0.038135 0.006523
v 0.157451 -0.021982 0.009388
v 0.157555 -0.038128 0.006518
v 0.157541 -0.021485 0.009458
v 0.157631 -0.038072 0.006474
v 0.157652 -0.020887 0.009478
v 0.158364 -0.034946 0.003405
v 0.158314 -0.034876 0.003318
v 0.158303 -0.017303 0.006403
v 0.158369 -0.017066 0.006625
v 0.158368 -0.017065 0.006597
v 0.158363 -0.017080 0.006558
v 0.158348 -0.017132 0.006504
v 0.158119 -0.034809 0.003235
v 0.158119 -0.018057 0.006189
v 0.158228 -0.034826 0.003257
v 0.158212 -0.017666 0.006276
v 0.158255 -0.017494 0.006328
v 0.158693 -0.032569 -0.000260
v 0.158704 -0.032568 -0.000261
v 0.158693 -0.015115 0.002817
v 0.158816 -0.032553 -0.000291
v 0.158756 -0.014883 0.002850
v 0.158862 -0.032538 -0.000322
v 0.158854 -0.014517 0.002862
v 0.158899 -0.032518 -0.000362
v 0.158897 -0.014356 0.002843
v 0.158933 -0.014216 0.002790
v 0.159158 -0.031219 -0.003704
v 0.159149 -0.012869 -0.000502
v 0.159160 -0.012842 -0.000448
v 0.159030 -0.031171 -0.003875
v 0.159092 -0.013048 -0.000631
v 0.159108 -0.031189 -0.003811
v 0.159149 -0.031210 -0.003737
v 0.158912 -0.031163 -0.003903
v 0.158912 -0.013659 -0.000817
v 0.158993 -0.013377 -0.000753
v 0.158992 -0.012710 -0.004554
v 0.158931 -0.012925 -0.004579
v 0.158966 -0.030497 -0.007683
v 0.158912 -0.012994 -0.004590
v 0.158912 -0.030498 -0.007677
v 0.159136 -0.030487 -0.007817
v 0.159108 -0.012298 -0.004564
v 0.159074 -0.030493 -0.007736
v 0.159000 -0.030496 -0.007693
v 0.159160 -0.012098 -0.004662
v 0.159153 -0.012131 -0.004625
v 0.159147 -0.012154 -0.004611
v 0.158931 -0.012289 -0.008178
v 0.158895 -0.030560 -0.011473
v 0.158862 -0.030565 -0.011512
v 0.158941 -0.030547 -0.011355
v 0.158693 -0.030572 -0.011581
v 0.158693 -0.013119 -0.008503
v 0.158807 -0.030569 -0.011552
v 0.158768 -0.012846 -0.008443
v 0.158869 -0.012490 -0.008318
v 0.158025 -0.015144 -0.012751
v 0.156663 -0.024660 -0.014429
v 0.156663 -0.023995 -0.018202
v 0.156663 -0.028652 0.008212
v 0.156663 -0.027987 0.004438
v 0.158025 -0.018471 0.006116
v -0.036563 -0.031850 0.007648
v -0.036563 -0.038152 0.006537
v -0.036563 -0.032934 0.013797
v -0.036563 -0.040740 0.008246
v -0.036563 -0.047295 0.011265
v -0.036563 -0.048000 0.010605
v -0.036563 -0.050202 0.010753
v -0.036563 -0.095534 -0.036621
v -0.036563 -0.093332 -0.036769
v -0.036563 -0.097912 -0.037577
v -0.036563 -0.027858 -0.014993
v -0.036563 -0.031482 -0.015632
v -0.036563 -0.031375 -0.015304
v -0.036563 -0.028523 -0.011219
v -0.036563 -0.031114 -0.014412
v -0.036563 -0.116921 -0.026806
v -0.036563 -0.109487 -0.028232
v -0.036563 -0.117126 -0.026829
v -0.036563 -0.120359 -0.013953
v -0.036563 -0.119163 -0.010255
v -0.036563 -0.118285 -0.011201
v -0.036563 -0.102793 -0.034263
v -0.036563 -0.110263 -0.035655
v -0.036563 -0.111524 -0.033492
v -0.036563 -0.111341 -0.033520
v -0.036563 -0.114845 -0.030503
v -0.036563 -0.114871 -0.030557
v -0.036563 -0.117740 -0.028759
v -0.036563 -0.114870 -0.030597
v -0.036563 -0.115352 -0.031818
v -0.036563 -0.114845 -0.030637
v -0.036563 -0.114172 -0.032957
v -0.036563 -0.113309 -0.032140
v -0.036563 -0.111610 -0.033455
v -0.036563 -0.115562 -0.007130
v -0.036563 -0.116000 -0.007283
v -0.036563 -0.114973 -0.004152
v -0.036563 -0.116078 -0.007324
v -0.036563 -0.117993 -0.007989
v -0.036563 -0.116200 -0.007421
v -0.036563 -0.117348 -0.009239
v -0.036563 -0.118278 -0.011178
v -0.036563 -0.119480 -0.015752
v -0.036563 -0.120636 -0.015531
v -0.036563 -0.119381 -0.015657
v -0.036563 -0.120601 -0.021032
v -0.036563 -0.120687 -0.020369
v -0.036563 -0.119613 -0.019283
v -0.036563 -0.117579 -0.026710
v -0.036563 -0.117520 -0.026763
v -0.036563 -0.118950 -0.026546
v -0.036563 -0.102288 -0.037843
v -0.036563 -0.104241 -0.037640
v -0.036563 -0.105381 -0.032553
v -0.036563 -0.112269 -0.001928
v -0.036563 -0.109911 -0.000554
v -0.036563 -0.108472 -0.003977
v -0.036563 -0.109769 -0.000485
v -0.036563 -0.102519 0.000873
v -0.036563 -0.104738 0.001136
v -0.036563 -0.100158 0.001944
v -0.036563 -0.119504 -0.015812
v -0.036563 -0.119645 -0.017521
v -0.036563 -0.119627 -0.019236
v -0.036563 -0.120012 -0.023730
v -0.036563 -0.118845 -0.023411
v -0.036563 -0.110895 -0.033510
v -0.036563 -0.110523 -0.033460
v -0.036563 -0.107647 -0.036789
v -0.036563 -0.105002 -0.037506
v -0.036563 -0.114411 -0.003620
v -0.036563 -0.110039 -0.006139
v -0.036563 -0.115181 -0.007046
v -0.036563 -0.118119 -0.011347
v -0.036563 -0.117966 -0.011371
v -0.036563 -0.118917 -0.015486
v -0.036563 -0.117698 -0.011369
v -0.036563 -0.117473 -0.011341
v -0.036563 -0.114146 -0.030208
v -0.036563 -0.114363 -0.030256
v -0.036563 -0.117407 -0.026806
v -0.036563 -0.114681 -0.030377
v -0.036563 -0.118283 -0.011241
v -0.036563 -0.118258 -0.011279
v -0.036563 -0.118168 -0.011332
v -0.036563 -0.119100 -0.015529
v -0.036563 -0.118967 -0.015496
v -0.036563 -0.119562 -0.019336
v -0.036563 -0.119456 -0.019383
v -0.036563 -0.119187 -0.019410
v -0.036563 -0.118782 -0.023345
v -0.036563 -0.118738 -0.023313
v -0.036563 -0.108724 -0.029252
v -0.036563 -0.034809 0.003235
v -0.036563 -0.031185 0.003874
v -0.036563 -0.034046 0.002215
v -0.036563 -0.030519 0.000101
v -0.036563 -0.112419 -0.011604
v -0.036563 -0.112158 -0.010712
v -0.036563 -0.112051 -0.010385
v -0.036563 -0.118874 -0.023476
v -0.036563 -0.118871 -0.023526
v -0.036563 -0.119052 -0.026324
v -0.036563 -0.118301 -0.025143
v -0.036563 -0.117584 -0.026701
v -0.036563 -0.118990 -0.019390
v -0.036563 -0.029854 -0.003673
v -0.036563 -0.029189 -0.007446
v -0.036563 -0.118325 -0.023163
v -0.036563 -0.118466 -0.023195
v -0.036563 -0.118526 -0.023214
v -0.036563 -0.033495 -0.019877
v -0.036563 -0.027193 -0.018766
v -0.036563 -0.035062 -0.022040
v -0.036563 -0.026108 -0.024916
v -0.036563 -0.041014 -0.026890
v -0.036563 -0.040469 -0.027448
v -0.036563 -0.043375 -0.027961
v -0.038112 -0.031482 -0.015632
v -0.036651 -0.024741 -0.014443
v -0.038002 -0.015211 -0.012763
v -0.038112 -0.014730 -0.012678
v -0.037444 -0.017324 -0.017026
v -0.036651 -0.024076 -0.018217
v -0.037444 -0.033495 -0.019877
v -0.037444 -0.038152 0.006537
v -0.036651 -0.028733 0.008197
v -0.037444 -0.021982 0.009388
v -0.038197 -0.017701 0.006267
v -0.038139 -0.017943 0.006211
v -0.038169 -0.034814 0.003241
v -0.038112 -0.018057 0.006189
v -0.038112 -0.034809 0.003235
v -0.038208 -0.034823 0.003253
v -0.038270 -0.034850 0.003286
v -0.038295 -0.017306 0.006402
v -0.038304 -0.034873 0.003315
v -0.038324 -0.017196 0.006460
v -0.038345 -0.034921 0.003374
v -0.038355 -0.017086 0.006553
v -0.038357 -0.034949 0.003409
v -0.038361 -0.017066 0.006596
v -0.038359 -0.035020 0.003495
v -0.038362 -0.017067 0.006625
v -0.038359 -0.017086 0.006657
v -0.038002 -0.018538 0.006104
v -0.036651 -0.028068 0.004424
v -0.038685 -0.030572 -0.011581
v -0.038696 -0.030572 -0.011580
v -0.038685 -0.013119 -0.008503
v -0.038809 -0.030569 -0.011547
v -0.038759 -0.012851 -0.008445
v -0.038854 -0.030565 -0.011513
v -0.038871 -0.012460 -0.008303
v -0.038892 -0.030560 -0.011468
v -0.038924 -0.012291 -0.008182
v -0.038933 -0.012265 -0.008132
v -0.038934 -0.030546 -0.011346
v -0.038934 -0.012263 -0.008122
v -0.039092 -0.030436 -0.009247
v -0.039150 -0.012084 -0.004795
v -0.039154 -0.030479 -0.007937
v -0.039154 -0.012088 -0.004694
v -0.039153 -0.012097 -0.004664
v -0.039151 -0.030482 -0.007884
v -0.039147 -0.012125 -0.004629
v -0.039142 -0.030485 -0.007849
v -0.039117 -0.012238 -0.004578
v -0.039077 -0.012383 -0.004553
v -0.039101 -0.030490 -0.007773
v -0.039023 -0.030495 -0.007707
v -0.038990 -0.012693 -0.004552
v -0.038904 -0.030498 -0.007677
v -0.038904 -0.012994 -0.004590
v -0.038972 -0.012755 -0.004557
v -0.038904 -0.031163 -0.003903
v -0.038958 -0.031165 -0.003898
v -0.038904 -0.013659 -0.000817
v -0.038984 -0.013383 -0.000755
v -0.039129 -0.031201 -0.003768
v -0.039095 -0.013013 -0.000613
v -0.039066 -0.031179 -0.003846
v -0.038993 -0.031167 -0.003888
v -0.039154 -0.012844 -0.000410
v -0.039153 -0.012842 -0.000450
v -0.039154 -0.031234 -0.003653
v -0.039144 -0.012864 -0.000497
v -0.039141 -0.012874 -0.000509
v -0.038934 -0.014180 0.002752
v -0.039144 -0.031310 -0.003399
v -0.038934 -0.032464 -0.000472
v -0.038926 -0.014217 0.002792
v -0.038933 -0.032468 -0.000464
v -0.038914 -0.032500 -0.000399
v -0.038889 -0.014360 0.002844
v -0.038847 -0.014519 0.002863
v -0.038888 -0.032520 -0.000357
v -0.038855 -0.032538 -0.000322
v -0.038762 -0.014831 0.002855
v -0.038799 -0.032556 -0.000286
v -0.038685 -0.032569 -0.000260
v -0.038685 -0.015115 0.002817
v -0.038733 -0.014940 0.002844
v -0.038267 -0.035412 0.003955
v -0.037687 -0.037948 0.006376
v -0.037687 -0.020655 0.009425
v -0.037845 -0.019769 0.008869
v -0.037652 -0.020848 0.009476
v -0.037637 -0.020929 0.009482
v -0.037667 -0.038006 0.006422
v -0.037643 -0.038047 0.006454
v -0.037530 -0.021501 0.009457
v -0.037591 -0.038101 0.006497
v -0.037547 -0.038128 0.006518
v -0.037500 -0.038145 0.006531
v -0.037533 -0.033483 -0.019859
v -0.037547 -0.033479 -0.019852
v -0.037528 -0.016863 -0.016930
v -0.037624 -0.033441 -0.019791
v -0.037631 -0.016332 -0.016766
v -0.037664 -0.016170 -0.016688
v -0.037687 -0.033358 -0.019657
v -0.037687 -0.016065 -0.016607
v -0.037763 -0.033133 -0.019278
v -0.038210 -0.014121 -0.013716
v -0.038359 -0.031592 -0.015948
v -0.038359 -0.013658 -0.012785
v -0.038356 -0.031553 -0.015838
v -0.038307 -0.031517 -0.015733
v -0.038295 -0.013952 -0.012621
v -0.038362 -0.013650 -0.012748
v -0.038361 -0.013658 -0.012722
v -0.038356 -0.013686 -0.012691
v -0.038341 -0.013753 -0.012657
v -0.038221 -0.031491 -0.015658
v -0.038203 -0.014342 -0.012626
v -0.038247 -0.014154 -0.012616
v -0.037723 -0.015415 -0.019256
v -0.038936 -0.011368 -0.013162
v -0.038647 -0.012154 -0.014807
v -0.038351 -0.013065 -0.016337
v -0.038031 -0.014179 -0.017864
v -0.038002 -0.015877 -0.008989
v -0.036651 -0.025407 -0.010670
v -0.039415 -0.010300 -0.009826
v -0.039775 -0.009828 -0.005905
v -0.039843 -0.009846 -0.004612
v -0.039861 -0.009876 -0.004118
v -0.039760 -0.009834 -0.006152
v -0.039744 -0.009843 -0.006386
v -0.039522 -0.010113 -0.008889
v -0.039891 -0.010244 -0.001501
v -0.039891 -0.010019 -0.002779
v -0.038002 -0.017208 -0.001443
v -0.039307 -0.013407 0.005751
v -0.039414 -0.012924 0.005033
v -0.039714 -0.011470 0.002318
v -0.039729 -0.011394 0.002143
v -0.039743 -0.011318 0.001961
v -0.039842 -0.010711 0.000285
v -0.039824 -0.010837 0.000676
v -0.038002 -0.017873 0.002331
v -0.039023 -0.014674 0.007362
v -0.038942 -0.015035 0.007763
v -0.038350 -0.017746 0.010199
v -0.038187 -0.018536 0.010756
v -0.037414 -0.016866 -0.020604
v -0.037273 -0.017628 -0.021212
v -0.037142 -0.018419 -0.021782
v -0.036900 -0.020189 -0.022859
v -0.036777 -0.021364 -0.023442
v -0.036566 -0.025508 -0.024800
v -0.036719 -0.022038 -0.023734
v -0.037723 -0.020953 0.012138
v -0.038031 -0.019314 0.011251
v -0.037413 -0.022780 0.012909
v -0.036719 -0.028710 0.014080
v -0.036899 -0.026674 0.013890
v -0.037273 -0.023704 0.013219
v -0.037141 -0.024643 0.013484
v -0.036602 -0.030834 0.014052
v -0.036651 -0.027403 0.000650
v -0.038002 -0.016542 -0.005216
v -0.036651 -0.026072 -0.006896
v -0.036651 -0.026737 -0.003123
v -0.038112 -0.108724 -0.029252
v -0.038112 -0.109200 -0.029335
v -0.038078 -0.109624 -0.029410
v -0.037975 -0.110038 -0.029483
v -0.037363 -0.107141 -0.032863
v -0.037424 -0.106784 -0.032800
v -0.037444 -0.106423 -0.032737
v -0.037444 -0.105381 -0.032553
v -0.037444 -0.110039 -0.006139
v -0.037444 -0.111080 -0.006323
v -0.037424 -0.111442 -0.006386
v -0.037363 -0.111799 -0.006449
v -0.038356 -0.112560 -0.010277
v -0.038359 -0.112577 -0.010181
v -0.038359 -0.111942 -0.010069
v -0.038221 -0.112042 -0.010359
v -0.038112 -0.112051 -0.010385
v -0.038112 -0.112526 -0.010468
v -0.038356 -0.111980 -0.010179
v -0.038307 -0.112017 -0.010284
v -0.038303 -0.112542 -0.010381
v -0.038208 -0.112530 -0.010450
v -0.037975 -0.113364 -0.010616
v -0.038078 -0.112951 -0.010543
v -0.036903 -0.112961 -0.014436
v -0.038685 -0.112961 -0.014436
v -0.038685 -0.113521 -0.014534
v -0.038639 -0.113983 -0.014616
v -0.038500 -0.114427 -0.014694
v -0.036903 -0.032569 -0.000260
v -0.038904 -0.113036 -0.018340
v -0.037162 -0.113036 -0.018340
v -0.038909 -0.113459 -0.018414
v -0.038700 -0.114387 -0.018578
v -0.037162 -0.031163 -0.003903
v -0.037162 -0.112370 -0.022113
v -0.038904 -0.112370 -0.022113
v -0.038904 -0.112794 -0.022188
v -0.037162 -0.030498 -0.007677
v -0.038700 -0.113721 -0.022351
v -0.036903 -0.110965 -0.025756
v -0.038500 -0.112431 -0.026015
v -0.038639 -0.111987 -0.025936
v -0.038685 -0.111525 -0.025855
v -0.038685 -0.110965 -0.025756
v -0.036903 -0.030572 -0.011581
v -0.037462 -0.107168 -0.032846
v -0.037514 -0.107186 -0.032816
v -0.037557 -0.107203 -0.032774
v -0.037589 -0.107221 -0.032717
v -0.036816 -0.115118 -0.007216
v -0.037084 -0.113980 -0.007012
v -0.037589 -0.111823 -0.006614
v -0.037557 -0.111826 -0.006554
v -0.037514 -0.111824 -0.006509
v -0.037462 -0.111818 -0.006475
v -0.038183 -0.113456 -0.010501
v -0.038133 -0.113428 -0.010563
v -0.038053 -0.113393 -0.010607
v -0.038212 -0.113482 -0.010408
v -0.038201 -0.113496 -0.010308
v -0.038708 -0.114490 -0.014850
v -0.038726 -0.114487 -0.014912
v -0.038652 -0.114480 -0.014767
v -0.038572 -0.114456 -0.014712
v -0.038926 -0.114535 -0.018331
v -0.038927 -0.114532 -0.018350
v -0.038914 -0.114512 -0.018432
v -0.038909 -0.114507 -0.018444
v -0.038862 -0.114473 -0.018517
v -0.038781 -0.114426 -0.018568
v -0.038781 -0.113755 -0.022374
v -0.038866 -0.113782 -0.022443
v -0.038926 -0.113777 -0.022634
v -0.038927 -0.113780 -0.022616
v -0.038918 -0.113788 -0.022544
v -0.038916 -0.113789 -0.022538
v -0.038709 -0.112545 -0.025885
v -0.038726 -0.112561 -0.025831
v -0.038662 -0.112512 -0.025955
v -0.038580 -0.112468 -0.026005
v -0.038213 -0.110073 -0.029743
v -0.038201 -0.110056 -0.029818
v -0.038192 -0.110084 -0.029642
v -0.038134 -0.110079 -0.029555
v -0.038048 -0.110060 -0.029499
v -0.038316 -0.113082 -0.010331
v -0.038163 -0.112967 -0.010531
v -0.038234 -0.112985 -0.010492
v -0.038293 -0.113007 -0.010426
v -0.038322 -0.113025 -0.010346
v 0.018606 -0.158131 -0.034459
v 0.019855 -0.159257 -0.029439
v 0.019401 -0.159291 -0.029250
v 0.003719 -0.091298 -0.075090
v 0.006654 -0.091168 -0.075827
v 0.006707 -0.096444 -0.076520
v 0.016473 -0.090925 -0.077206
v 0.020005 -0.090906 -0.077308
v 0.020005 -0.096184 -0.077995
v 0.010766 -0.148368 -0.053401
v 0.012537 -0.151652 -0.048827
v 0.010170 -0.151822 -0.047863
v -0.033836 -0.102059 -0.044678
v -0.036441 -0.101344 -0.038557
v -0.034483 -0.096963 -0.042958
v -0.036442 -0.097988 -0.038283
v -0.036444 -0.097794 -0.038244
v -0.036437 -0.108877 -0.037068
v -0.036440 -0.107080 -0.037699
v -0.035732 -0.108562 -0.039171
v -0.036450 -0.105178 -0.038145
v -0.036441 -0.103154 -0.038468
v -0.036442 -0.114020 -0.033986
v -0.036447 -0.112363 -0.035192
v -0.034506 -0.114062 -0.039708
v -0.036443 -0.110478 -0.036310
v -0.036437 -0.108883 -0.037065
v -0.036441 -0.115528 -0.032621
v -0.036259 -0.115123 -0.033693
v -0.036441 -0.115738 -0.032406
v -0.034433 -0.120604 -0.034236
v -0.036443 -0.118108 -0.029444
v -0.036443 -0.118533 -0.028771
v 0.017400 -0.156482 -0.039535
v 0.016179 -0.154287 -0.044580
v 0.020005 -0.154212 -0.045004
v 0.012545 -0.154507 -0.043328
v 0.014926 -0.156633 -0.038682
v 0.017278 -0.158212 -0.034002
v 0.016086 -0.158342 -0.033264
v 0.012706 -0.156875 -0.037309
v 0.015090 -0.158515 -0.032284
v 0.010852 -0.157197 -0.035483
v 0.014342 -0.158722 -0.031110
v 0.009458 -0.157582 -0.033298
v 0.013877 -0.158952 -0.029802
v 0.008592 -0.158012 -0.030861
v 0.009285 -0.154863 -0.041310
v 0.006562 -0.155336 -0.038629
v 0.004514 -0.155902 -0.035419
v 0.003242 -0.156533 -0.031840
v 0.017503 -0.151456 -0.049937
v 0.014961 -0.151531 -0.049514
v 0.016910 -0.148126 -0.054774
v 0.013765 -0.148218 -0.054251
v 0.016338 -0.144260 -0.059325
v 0.012611 -0.144369 -0.058705
v 0.015796 -0.139898 -0.063505
v 0.011520 -0.140023 -0.062793
v 0.015296 -0.135098 -0.067236
v 0.009058 -0.144546 -0.057698
v 0.007837 -0.148578 -0.052208
v 0.007948 -0.152035 -0.046653
v 0.014448 -0.124487 -0.073114
v 0.014844 -0.129933 -0.070455
v 0.009600 -0.130087 -0.069582
v 0.010511 -0.135238 -0.066439
v 0.005948 -0.135466 -0.065147
v 0.007442 -0.140227 -0.061637
v 0.003460 -0.140513 -0.060015
v 0.005588 -0.144796 -0.056285
v 0.002331 -0.145108 -0.054512
v 0.005089 -0.148842 -0.050712
v 0.002520 -0.149158 -0.048918
v 0.005872 -0.152291 -0.045203
v 0.003967 -0.152587 -0.043526
v -0.013025 -0.149365 -0.030373
v -0.016866 -0.147456 -0.026354
v -0.017899 -0.145756 -0.030280
v -0.018126 -0.146479 -0.026182
v -0.022407 -0.141653 -0.030059
v -0.025018 -0.140009 -0.025041
v -0.026475 -0.137117 -0.029713
v -0.026754 -0.138003 -0.024687
v -0.030039 -0.132222 -0.029247
v -0.031684 -0.131059 -0.023463
v -0.033056 -0.127054 -0.028672
v -0.033375 -0.128066 -0.022935
v -0.035499 -0.121703 -0.028001
v -0.036442 -0.121182 -0.021722
v -0.036444 -0.120187 -0.025349
v 0.013383 -0.090970 -0.076947
v 0.013409 -0.096247 -0.077636
v 0.006874 -0.101936 -0.076745
v 0.013492 -0.101742 -0.077847
v 0.007163 -0.107583 -0.076455
v 0.013635 -0.107393 -0.077533
v 0.007580 -0.113308 -0.075611
v 0.013842 -0.113124 -0.076653
v 0.008127 -0.119029 -0.074186
v 0.014113 -0.118853 -0.075183
v 0.008802 -0.124653 -0.072174
v -0.008279 -0.092137 -0.070331
v 0.000237 -0.091488 -0.074009
v -0.005924 -0.097212 -0.072167
v 0.000317 -0.096763 -0.074709
v -0.005598 -0.102694 -0.072447
v 0.000564 -0.102252 -0.074958
v -0.005035 -0.108324 -0.072252
v 0.000992 -0.107891 -0.074707
v -0.004222 -0.114025 -0.071544
v 0.001609 -0.113606 -0.073919
v -0.003156 -0.119714 -0.070298
v 0.002418 -0.119314 -0.072569
v -0.001839 -0.125300 -0.068507
v 0.003418 -0.124922 -0.070649
v -0.000283 -0.130687 -0.066176
v 0.004600 -0.130337 -0.068165
v 0.001492 -0.135786 -0.063331
v -0.018962 -0.093403 -0.063151
v -0.011909 -0.092503 -0.068256
v -0.017254 -0.098448 -0.065156
v -0.011781 -0.097774 -0.068979
v -0.016787 -0.103915 -0.065524
v -0.011382 -0.103249 -0.069300
v -0.015977 -0.109518 -0.065481
v -0.010691 -0.108866 -0.069173
v -0.014809 -0.115180 -0.064992
v -0.009695 -0.114550 -0.068565
v -0.013277 -0.120819 -0.064035
v -0.008388 -0.120216 -0.067451
v -0.011385 -0.126341 -0.062600
v -0.006774 -0.125773 -0.065821
v -0.009149 -0.131655 -0.060690
v -0.004866 -0.131127 -0.063682
v -0.006597 -0.136669 -0.058325
v -0.002690 -0.136188 -0.061055
v -0.003769 -0.141302 -0.055541
v -0.000277 -0.140872 -0.057981
v -0.000712 -0.145483 -0.052386
v -0.027834 -0.095037 -0.053883
v -0.022445 -0.093962 -0.059979
v -0.026717 -0.100091 -0.055837
v -0.022275 -0.099227 -0.060735
v -0.026130 -0.105538 -0.056322
v -0.021744 -0.104685 -0.061159
v -0.025115 -0.111104 -0.056482
v -0.020825 -0.110270 -0.061212
v -0.023651 -0.116716 -0.056285
v -0.019500 -0.115909 -0.060862
v -0.021729 -0.122286 -0.055712
v -0.017761 -0.121515 -0.060087
v -0.019356 -0.127725 -0.054749
v -0.015614 -0.126998 -0.058875
v -0.016553 -0.132940 -0.053398
v -0.013077 -0.132265 -0.057231
v -0.013353 -0.137842 -0.051672
v -0.010182 -0.137226 -0.055169
v -0.009807 -0.142350 -0.049595
v -0.006973 -0.141799 -0.052721
v -0.005974 -0.146397 -0.047204
v -0.003504 -0.145917 -0.049928
v -0.001920 -0.149929 -0.044545
v 0.000164 -0.149524 -0.046843
v 0.002282 -0.152914 -0.041668
v 0.000796 -0.153278 -0.039602
v -0.000418 -0.153661 -0.037435
v -0.003759 -0.150380 -0.041989
v -0.005261 -0.150853 -0.039308
v -0.008153 -0.146931 -0.044176
v -0.009932 -0.147491 -0.041000
v -0.012308 -0.142963 -0.046120
v -0.014350 -0.143606 -0.042475
v -0.016151 -0.138528 -0.047784
v -0.018437 -0.139247 -0.043705
v -0.019619 -0.133692 -0.049137
v -0.022123 -0.134480 -0.044667
v -0.022658 -0.128534 -0.050161
v -0.025354 -0.129383 -0.045348
v -0.025229 -0.123144 -0.050847
v -0.028089 -0.124044 -0.045744
v -0.027312 -0.117613 -0.051196
v -0.030303 -0.118554 -0.045859
v -0.028899 -0.112032 -0.051222
v -0.031990 -0.113005 -0.045706
v -0.030000 -0.106486 -0.050944
v -0.033161 -0.107480 -0.045304
v -0.030635 -0.101051 -0.050391
v -0.030839 -0.095793 -0.049593
v -0.001406 -0.154076 -0.035080
v -0.002095 -0.154493 -0.032717
v -0.006483 -0.151367 -0.036394
v -0.007335 -0.151882 -0.033471
v -0.011381 -0.148100 -0.037547
v -0.012390 -0.148710 -0.034083
v -0.016012 -0.144305 -0.038512
v -0.017170 -0.145005 -0.034538
v -0.020296 -0.140029 -0.039271
v -0.021592 -0.140813 -0.034824
v -0.024161 -0.135337 -0.039808
v -0.025582 -0.136196 -0.034934
v -0.027549 -0.130306 -0.040116
v -0.029078 -0.131231 -0.034869
v -0.030415 -0.125022 -0.040197
v -0.032037 -0.126003 -0.034633
v -0.032737 -0.119577 -0.040056
v 0.020005 -0.159255 -0.029450
v 0.020005 -0.158104 -0.034615
v 0.020005 -0.156594 -0.039384
v 0.019224 -0.159321 -0.029079
v 0.019104 -0.159354 -0.028893
v 0.019098 -0.159356 -0.028879
v 0.019005 -0.159429 -0.028465
v 0.012730 -0.159099 -0.028407
v 0.008298 -0.158464 -0.028295
v 0.002435 -0.157090 -0.028053
v -0.002528 -0.154939 -0.030186
v -0.002663 -0.155368 -0.027749
v -0.007871 -0.152434 -0.030340
v -0.007533 -0.153219 -0.027371
v -0.013223 -0.149994 -0.026802
v 0.020005 -0.151496 -0.049969
v 0.020005 -0.148096 -0.054943
v 0.020005 -0.144402 -0.059335
v 0.020005 -0.139857 -0.063734
v 0.020005 -0.135593 -0.067109
v 0.020005 -0.129883 -0.070736
v 0.020005 -0.125418 -0.072983
v 0.020005 -0.118796 -0.075504
v 0.020005 -0.102623 -0.078186
v 0.020005 -0.107331 -0.077880
v 0.020005 -0.114280 -0.076725
v 0.003719 -0.111353 0.038649
v 0.002850 -0.111309 0.038401
v 0.002919 -0.116505 0.037252
v -0.008279 -0.110514 0.033891
v -0.013085 -0.110016 0.031069
v -0.012953 -0.115217 0.029949
v -0.018576 -0.142590 0.001329
v -0.015200 -0.146648 -0.001734
v -0.012782 -0.147203 0.001415
v -0.015927 -0.143199 0.004780
v -0.018682 -0.138771 0.007891
v -0.021535 -0.138115 0.004175
v 0.020005 -0.160287 -0.022234
v 0.020005 -0.160447 -0.014771
v 0.017771 -0.160460 -0.016978
v -0.036443 -0.120905 -0.013287
v -0.036442 -0.121462 -0.017021
v -0.035230 -0.124182 -0.013944
v -0.036442 -0.121325 -0.020788
v -0.036444 -0.111695 -0.000753
v -0.036443 -0.114737 -0.002997
v -0.035904 -0.115204 -0.001501
v -0.036443 -0.114761 -0.003019
v -0.034673 -0.120558 -0.002867
v -0.036443 -0.116164 -0.004405
v -0.036443 -0.117413 -0.005908
v -0.034483 -0.105687 0.006518
v -0.036444 -0.104856 0.001804
v -0.034667 -0.110751 0.004619
v -0.036444 -0.108495 0.000800
v -0.017715 -0.147449 -0.020681
v -0.022202 -0.143547 -0.019318
v 0.008425 -0.158762 -0.026606
v 0.013787 -0.159355 -0.027517
v 0.014049 -0.159544 -0.026444
v 0.019027 -0.159465 -0.028262
v 0.019221 -0.159537 -0.027855
v -0.009297 -0.150716 -0.002152
v -0.002419 -0.155945 -0.024479
v 0.002997 -0.157635 -0.025591
v 0.003715 -0.158152 -0.022656
v 0.008913 -0.159114 -0.024608
v 0.009777 -0.159453 -0.022687
v 0.014513 -0.159726 -0.025413
v 0.015175 -0.159894 -0.024463
v 0.010523 -0.159688 -0.013947
v 0.007503 -0.158652 -0.009128
v 0.005642 -0.158414 -0.010478
v 0.002237 -0.156733 -0.005959
v -0.001545 -0.156082 -0.009653
v -0.005529 -0.153687 -0.005862
v -0.009027 -0.152801 -0.010884
v -0.013311 -0.149700 -0.007916
v -0.016123 -0.148597 -0.014170
v 0.016860 -0.155738 0.005775
v 0.020005 -0.153465 0.010702
v 0.016396 -0.153071 0.011201
v 0.020005 -0.153100 0.011370
v 0.015967 -0.149838 0.016357
v 0.020005 -0.149871 0.016545
v 0.015580 -0.146086 0.021155
v 0.013476 -0.159959 -0.012408
v 0.016724 -0.160128 -0.011451
v 0.017860 -0.159287 -0.005526
v 0.020005 -0.159305 -0.005426
v 0.017351 -0.157813 0.000168
v 0.020005 -0.158400 -0.001639
v 0.020005 -0.155764 0.005921
v -0.032799 -0.129424 -0.015234
v -0.029797 -0.134457 -0.016573
v -0.028959 -0.135210 -0.012302
v -0.025471 -0.139892 -0.013974
v -0.024297 -0.140600 -0.009958
v -0.020420 -0.144832 -0.012033
v -0.019029 -0.145453 -0.008508
v -0.032418 -0.106393 0.010522
v -0.032208 -0.111609 0.009483
v -0.031553 -0.116911 0.008178
v -0.033980 -0.116064 0.003375
v -0.030418 -0.122227 0.006599
v -0.032792 -0.121399 0.001901
v -0.028782 -0.127478 0.004748
v -0.031079 -0.126676 0.000203
v -0.026634 -0.132575 0.002636
v -0.036441 -0.119386 -0.009104
v -0.036442 -0.120725 -0.012600
v -0.036122 -0.119684 -0.007824
v -0.034301 -0.125017 -0.009207
v -0.032899 -0.125863 -0.004410
v -0.030570 -0.131031 -0.006120
v -0.028830 -0.131808 -0.001710
v -0.026054 -0.136706 -0.003817
v -0.023983 -0.137429 0.000281
v -0.020849 -0.141952 -0.002288
v -0.017274 -0.146066 -0.005035
v -0.022773 -0.141281 -0.006094
v -0.027695 -0.135973 -0.007977
v -0.031910 -0.130222 -0.010705
v -0.036444 -0.110098 0.000111
v -0.024039 -0.133303 0.006765
v -0.021014 -0.133997 0.010705
v -0.026067 -0.128239 0.009068
v -0.022903 -0.128966 0.013189
v -0.027612 -0.123014 0.011063
v -0.024342 -0.123765 0.015323
v -0.028684 -0.117716 0.012743
v -0.025340 -0.118484 0.017098
v -0.029303 -0.112424 0.014106
v -0.025917 -0.113202 0.018517
v -0.027834 -0.107614 0.017443
v -0.018962 -0.109248 0.026711
v -0.022264 -0.108720 0.023716
v -0.017859 -0.114589 0.026388
v -0.022094 -0.113926 0.022625
v -0.017384 -0.119854 0.024870
v -0.021566 -0.119199 0.021155
v -0.016561 -0.125106 0.022924
v -0.020651 -0.124465 0.019290
v -0.015374 -0.130263 0.020543
v -0.019332 -0.129643 0.017027
v -0.013817 -0.135237 0.017735
v -0.017600 -0.134644 0.014374
v -0.011894 -0.139940 0.014522
v -0.015462 -0.139381 0.011352
v -0.009622 -0.144285 0.010938
v -0.012936 -0.143766 0.007994
v -0.007029 -0.148194 0.007035
v -0.010053 -0.147720 0.004348
v -0.004155 -0.151602 0.002870
v -0.002779 -0.110964 0.036442
v -0.008049 -0.110535 0.034011
v -0.002688 -0.116161 0.035300
v -0.007937 -0.115734 0.032879
v -0.002403 -0.121406 0.033670
v -0.007586 -0.120984 0.031280
v -0.001910 -0.126623 0.031530
v -0.006979 -0.126211 0.029192
v -0.001198 -0.131731 0.028870
v -0.006103 -0.131332 0.026608
v -0.000265 -0.136641 0.025696
v -0.004954 -0.136259 0.023533
v 0.000887 -0.141264 0.022030
v -0.003535 -0.140904 0.019990
v 0.002249 -0.145514 0.017912
v -0.001858 -0.145180 0.016017
v 0.003803 -0.149316 0.013398
v 0.000055 -0.149011 0.011669
v 0.005525 -0.152604 0.008557
v 0.002176 -0.152332 0.007012
v 0.007387 -0.155332 0.003470
v 0.004468 -0.155095 0.002124
v 0.009356 -0.157471 -0.001777
v 0.006893 -0.157270 -0.002913
v 0.011397 -0.159010 -0.007098
v 0.013524 -0.159140 -0.006358
v 0.015680 -0.159232 -0.005836
v 0.011987 -0.157632 -0.000861
v 0.014654 -0.157746 -0.000216
v 0.010505 -0.155523 0.004555
v 0.013665 -0.155658 0.005320
v 0.009103 -0.152824 0.009802
v 0.012729 -0.152979 0.010680
v 0.007806 -0.149562 0.014791
v 0.011864 -0.149735 0.015773
v 0.006636 -0.145784 0.019439
v 0.011083 -0.145973 0.020515
v 0.005611 -0.141554 0.023674
v 0.010399 -0.141758 0.024833
v 0.004743 -0.136948 0.027439
v 0.009820 -0.137165 0.028668
v 0.004040 -0.132053 0.030694
v 0.009351 -0.132279 0.031979
v 0.003505 -0.126956 0.033415
v 0.008993 -0.127190 0.034743
v 0.003133 -0.121745 0.035597
v 0.008746 -0.121985 0.036956
v 0.008602 -0.116748 0.038627
v 0.008557 -0.111553 0.039782
v 0.020005 -0.111744 0.040868
v 0.016473 -0.111726 0.040765
v 0.020005 -0.116938 0.039708
v 0.014349 -0.116892 0.039444
v 0.020005 -0.124490 0.037100
v 0.014420 -0.122127 0.037762
v 0.014543 -0.127329 0.035532
v 0.020005 -0.132457 0.032989
v 0.014721 -0.132414 0.032743
v 0.020005 -0.136069 0.030576
v 0.014953 -0.137294 0.029398
v 0.020005 -0.141919 0.025744
v 0.015240 -0.141879 0.025521
v 0.020005 -0.145893 0.021625
v 0.020005 -0.146123 0.021361
v 0.019372 -0.159563 -0.027704
v -0.007736 -0.153679 -0.023280
v -0.001472 -0.156628 -0.020609
v 0.004982 -0.158650 -0.019836
v 0.011009 -0.159765 -0.020918
v 0.016022 -0.160040 -0.023635
v 0.019454 -0.159574 -0.027644
v -0.012865 -0.150840 -0.022008
v -0.006565 -0.154523 -0.018492
v 0.000199 -0.157283 -0.016891
v 0.006793 -0.159108 -0.017236
v 0.012588 -0.160037 -0.019376
v 0.016538 -0.160106 -0.023260
v 0.019602 -0.159588 -0.027565
v -0.011477 -0.151840 -0.016335
v -0.004497 -0.155334 -0.013892
v 0.002586 -0.157887 -0.013464
v 0.009111 -0.159507 -0.014972
v 0.013549 -0.160160 -0.018678
v 0.017618 -0.160205 -0.022698
v 0.019814 -0.159599 -0.027499
v -0.001048 -0.154458 -0.001485
v 0.004539 -0.157028 -0.004288
v 0.009406 -0.158848 -0.008016
v 0.015560 -0.160345 -0.017630
v 0.018806 -0.160267 -0.022348
v 0.020005 -0.159603 -0.027481
v -0.026250 -0.139192 -0.017941
v -0.021491 -0.144185 -0.015698
v -0.012539 -0.120474 0.028387
v -0.011823 -0.125712 0.026363
v -0.010790 -0.130849 0.023871
v -0.009434 -0.135798 0.020916
v -0.007760 -0.140469 0.017522
v -0.005783 -0.144776 0.013725
v -0.003526 -0.148642 0.009577
v -0.001025 -0.152002 0.005143
v 0.001680 -0.154808 0.000495
v 0.060004 -0.159255 -0.029450
v 0.060004 -0.159603 -0.027481
v 0.100002 -0.159603 -0.027481
v 0.100002 -0.159255 -0.029450
v 0.100100 -0.159602 -0.027486
v 0.100926 -0.159495 -0.028089
v 0.100709 -0.159552 -0.027769
v 0.101002 -0.159429 -0.028465
v 0.100385 -0.159589 -0.027556
v 0.100926 -0.159363 -0.028842
v 0.100709 -0.159306 -0.029162
v 0.100385 -0.159269 -0.029375
v 0.100193 -0.159259 -0.029432
v 0.100002 -0.156594 -0.039384
v 0.060004 -0.156594 -0.039384
v 0.100002 -0.154212 -0.045004
v 0.060004 -0.151496 -0.049969
v 0.100002 -0.151496 -0.049969
v 0.100002 -0.148096 -0.054943
v 0.060004 -0.144402 -0.059335
v 0.100002 -0.144402 -0.059335
v 0.100002 -0.139857 -0.063734
v 0.060004 -0.135593 -0.067109
v 0.100002 -0.135593 -0.067109
v 0.100002 -0.129883 -0.070736
v 0.060004 -0.125418 -0.072983
v 0.100002 -0.125418 -0.072983
v 0.100002 -0.118796 -0.075504
v 0.060004 -0.114280 -0.076725
v 0.100002 -0.114280 -0.076725
v 0.100002 -0.107331 -0.077880
v 0.060004 -0.102623 -0.078186
v 0.100002 -0.102623 -0.078186
v 0.100002 -0.096184 -0.077995
v 0.060004 -0.090906 -0.077308
v 0.100002 -0.090906 -0.077308
v 0.100002 -0.158104 -0.034615
v -0.036986 -0.009880 0.016707
v -0.037043 -0.009973 0.016710
v -0.033441 -0.011483 0.025274
v 0.003719 0.003187 -0.058430
v 0.001464 0.003068 -0.057756
v 0.001469 0.003152 -0.057726
v -0.008279 0.002348 -0.053671
v -0.015262 0.001589 -0.049363
v -0.015252 0.001673 -0.049335
v -0.018962 0.001082 -0.046491
v -0.022421 0.000527 -0.043342
v -0.022410 0.000611 -0.043315
v -0.027834 -0.000552 -0.037223
v -0.028536 -0.000716 -0.036291
v -0.028523 -0.000632 -0.036267
v -0.034483 -0.002479 -0.026298
v -0.037058 -0.003621 -0.019819
v -0.037043 -0.003535 -0.019799
v -0.038601 -0.004608 -0.014223
v -0.039256 -0.005211 -0.010803
v -0.039240 -0.005125 -0.010786
v 0.013880 0.003726 -0.060046
v 0.020005 0.003781 -0.060358
v 0.015311 0.003750 -0.060260
v 0.020005 0.003782 -0.060441
v -0.015191 0.001789 -0.049062
v -0.018852 0.001292 -0.046324
v -0.019985 0.001114 -0.045235
v -0.022287 0.000717 -0.043316
v -0.024678 0.000294 -0.040579
v -0.025491 0.000140 -0.039786
v -0.028502 -0.000537 -0.035867
v -0.036949 -0.003458 -0.019301
v -0.038173 -0.004182 -0.015274
v -0.038586 -0.004564 -0.013030
v -0.039151 -0.005007 -0.010853
v -0.039442 -0.005556 -0.007407
v -0.039642 -0.005793 -0.006142
v -0.039745 -0.006584 -0.001577
v -0.036779 -0.009822 0.016786
v -0.035272 -0.010584 0.021030
v -0.034502 -0.010844 0.022586
v -0.033421 -0.011359 0.025171
v -0.031641 -0.011811 0.028067
v -0.031010 -0.012036 0.029268
v -0.028643 -0.012617 0.032640
v -0.028500 -0.012740 0.033076
v -0.025491 -0.013355 0.036748
v -0.024676 -0.013483 0.037549
v -0.022287 -0.014018 0.040259
v -0.021009 -0.014139 0.041272
v -0.018852 -0.014508 0.043286
v -0.015993 -0.014875 0.045443
v -0.015282 -0.015053 0.046146
v -0.011257 -0.015466 0.048721
v -0.010595 -0.015505 0.049019
v -0.007105 -0.015929 0.051087
v -0.004808 -0.016033 0.052011
v -0.002892 -0.016207 0.052918
v 0.000556 -0.016404 0.054119
v 0.006412 -0.016697 0.055779
v 0.001404 -0.016534 0.054552
v 0.006038 -0.016710 0.055776
v 0.010730 -0.016927 0.056760
v 0.012329 -0.016883 0.056835
v 0.015311 -0.016965 0.057222
v 0.018987 -0.016968 0.057317
v 0.010619 -0.017131 0.056801
v 0.010621 -0.017042 0.056800
v 0.003719 -0.016868 0.055310
v 0.001469 -0.016660 0.054636
v 0.001464 -0.016749 0.054636
v -0.007227 -0.016035 0.051089
v -0.015252 -0.015181 0.046246
v -0.008279 -0.016029 0.050551
v -0.007234 -0.016124 0.051088
v -0.022410 -0.014119 0.040226
v -0.018962 -0.014763 0.043371
v -0.015262 -0.015269 0.046243
v -0.028536 -0.012964 0.033171
v -0.028523 -0.012876 0.033177
v -0.027834 -0.013129 0.034103
v -0.022421 -0.014208 0.040222
v -0.038601 -0.009073 0.011103
v -0.037058 -0.010060 0.016699
v -0.034483 -0.011202 0.023178
v -0.033455 -0.011571 0.025265
v -0.015218 0.001754 -0.049272
v -0.022368 0.000694 -0.043258
v -0.036986 -0.003449 -0.019765
v -0.039181 -0.005036 -0.010761
v 0.020005 -0.017259 0.057528
v 0.020005 -0.017170 0.057528
v 0.020005 -0.017144 0.057521
v -0.033388 -0.011388 0.025263
v -0.028475 -0.012781 0.033159
v -0.022368 -0.014022 0.040200
v -0.015218 -0.015083 0.046214
v -0.007200 -0.015936 0.051053
v 0.001487 -0.016561 0.054596
v 0.010631 -0.016942 0.056758
v 0.020005 -0.017070 0.057485
v 0.020005 0.003742 -0.060543
v 0.010732 0.003626 -0.059816
v 0.007273 0.003542 -0.059003
v 0.020005 0.003578 -0.060648
v 0.010619 0.003450 -0.059921
v 0.020005 0.003662 -0.060617
v 0.010621 0.003534 -0.059890
v 0.010631 0.003613 -0.059816
v 0.006038 0.003495 -0.058813
v 0.001337 0.003261 -0.057411
v 0.001441 0.003259 -0.057576
v 0.001487 0.003232 -0.057654
v -0.002892 0.002991 -0.055956
v -0.007104 0.002625 -0.054141
v -0.007234 0.002443 -0.054208
v -0.007227 0.002527 -0.054179
v -0.007200 0.002607 -0.054111
v -0.011257 0.002251 -0.051759
v -0.015206 0.001790 -0.049176
v -0.004336 0.002881 -0.055254
v -0.010047 0.002373 -0.052370
v -0.028482 -0.000528 -0.036125
v -0.028475 -0.000548 -0.036216
v -0.031010 -0.001179 -0.032306
v -0.033330 -0.001913 -0.028400
v -0.033455 -0.002110 -0.028385
v -0.033441 -0.002025 -0.028363
v -0.033388 -0.001940 -0.028321
v -0.035272 -0.002632 -0.024068
v -0.036978 -0.003436 -0.019672
v -0.031745 -0.001409 -0.030922
v -0.034635 -0.002396 -0.025326
v -0.039832 -0.006605 -0.001550
v -0.039919 -0.006664 -0.001529
v -0.039642 -0.007423 0.003104
v -0.039183 -0.008262 0.007606
v -0.039995 -0.006840 -0.001560
v -0.039256 -0.008470 0.007683
v -0.039979 -0.006754 -0.001545
v -0.039240 -0.008383 0.007696
v -0.039181 -0.008292 0.007703
v -0.038173 -0.009033 0.012236
v -0.036904 -0.009837 0.016743
v -0.039366 -0.007757 0.005075
v -0.038355 -0.008816 0.011081
v 0.020005 -0.017044 0.057464
v 0.020005 -0.016997 0.057404
v 0.020005 -0.016981 0.057367
v 0.020005 -0.016970 0.057325
v 0.156451 -0.033052 0.014465
v 0.156451 -0.047413 0.011933
v 0.156451 -0.061774 0.009400
v 0.156570 -0.061656 0.008733
v 0.156570 -0.076017 0.006201
v 0.156451 -0.076135 0.006868
v 0.156570 -0.090378 0.003669
v 0.156451 -0.090495 0.004336
v 0.156451 -0.104856 0.001804
v 0.156451 -0.040351 -0.028116
v 0.156451 -0.025991 -0.025583
v 0.156451 -0.097794 -0.038244
v 0.156451 -0.083434 -0.035712
v 0.156451 -0.054712 -0.030648
v 0.156570 -0.054830 -0.029980
v 0.156451 -0.069073 -0.033180
v 0.156570 -0.069191 -0.032512
v 0.156570 -0.083551 -0.035045
v 0.158507 -0.112431 -0.026015
v 0.158589 -0.112468 -0.026005
v 0.158669 -0.112512 -0.025955
v 0.158717 -0.112545 -0.025885
v 0.158733 -0.112561 -0.025831
v 0.158790 -0.113756 -0.022375
v 0.158707 -0.113721 -0.022351
v 0.158874 -0.113783 -0.022444
v 0.158934 -0.113777 -0.022634
v 0.158934 -0.113780 -0.022616
v 0.158925 -0.113788 -0.022545
v 0.158920 -0.113789 -0.022529
v 0.158707 -0.114387 -0.018578
v 0.158789 -0.114427 -0.018568
v 0.158870 -0.114473 -0.018516
v 0.158916 -0.114507 -0.018444
v 0.158920 -0.114511 -0.018434
v 0.158934 -0.114532 -0.018350
v 0.158934 -0.114535 -0.018331
v 0.158581 -0.114456 -0.014713
v 0.158507 -0.114427 -0.014694
v 0.158733 -0.114487 -0.014912
v 0.158660 -0.114480 -0.014768
v 0.158715 -0.114490 -0.014851
v 0.157982 -0.113364 -0.010616
v 0.158061 -0.113393 -0.010607
v 0.158141 -0.113428 -0.010563
v 0.158191 -0.113456 -0.010501
v 0.158219 -0.113482 -0.010408
v 0.158208 -0.113496 -0.010308
v 0.157370 -0.111799 -0.006449
v 0.157471 -0.111818 -0.006476
v 0.157521 -0.111824 -0.006509
v 0.157564 -0.111826 -0.006555
v 0.157596 -0.111823 -0.006614
v 0.156823 -0.110522 -0.033278
v 0.157091 -0.109383 -0.033081
v 0.157596 -0.107221 -0.032717
v 0.157564 -0.107203 -0.032774
v 0.157521 -0.107186 -0.032816
v 0.157471 -0.107169 -0.032845
v 0.157370 -0.107141 -0.032863
v 0.158866 -0.112055 -0.025807
v 0.158811 -0.112031 -0.025878
v 0.158730 -0.112007 -0.025924
v 0.158646 -0.111987 -0.025936
v 0.158942 -0.111564 -0.025632
v 0.158921 -0.111550 -0.025709
v 0.158861 -0.111536 -0.025791
v 0.158773 -0.111527 -0.025842
v 0.158693 -0.111525 -0.025855
v 0.158860 -0.113268 -0.022271
v 0.159162 -0.112750 -0.022437
v 0.159146 -0.112765 -0.022348
v 0.159087 -0.112781 -0.022259
v 0.159001 -0.112791 -0.022204
v 0.158996 -0.112791 -0.022202
v 0.158912 -0.112794 -0.022188
v 0.159162 -0.113503 -0.018168
v 0.159146 -0.113488 -0.018253
v 0.159088 -0.113472 -0.018342
v 0.158998 -0.113462 -0.018399
v 0.158912 -0.113459 -0.018414
v 0.158867 -0.114005 -0.014766
v 0.158942 -0.113481 -0.014758
v 0.158818 -0.114008 -0.014694
v 0.158775 -0.113518 -0.014548
v 0.158693 -0.113521 -0.014534
v 0.158645 -0.113986 -0.014617
v 0.158708 -0.113997 -0.014627
v 0.158787 -0.114006 -0.014666
v 0.158862 -0.113509 -0.014599
v 0.158921 -0.113495 -0.014680
v 0.158085 -0.112954 -0.010544
v 0.158329 -0.113042 -0.010266
v 0.158329 -0.113029 -0.010343
v 0.158301 -0.113010 -0.010424
v 0.158243 -0.112989 -0.010491
v 0.158172 -0.112970 -0.010530
v 0.158325 -0.113045 -0.010245
v 0.158366 -0.112577 -0.010181
v 0.158363 -0.112560 -0.010277
v 0.158338 -0.112549 -0.010342
v 0.158310 -0.112542 -0.010381
v 0.158215 -0.112530 -0.010450
v 0.158119 -0.112526 -0.010468
v 0.157694 -0.111047 -0.006513
v 0.157640 -0.111445 -0.006504
v 0.157586 -0.111450 -0.006443
v 0.157505 -0.111448 -0.006399
v 0.157555 -0.111076 -0.006345
v 0.157451 -0.111080 -0.006323
v 0.157431 -0.111442 -0.006387
v 0.157650 -0.111063 -0.006420
v 0.157606 -0.111071 -0.006376
v 0.157694 -0.110175 -0.006360
v 0.158274 -0.111730 -0.009502
v 0.158366 -0.111942 -0.010069
v 0.158942 -0.112987 -0.014670
v 0.159151 -0.113070 -0.017816
v 0.159161 -0.113054 -0.018080
v 0.159161 -0.112299 -0.022364
v 0.159099 -0.111891 -0.023610
v 0.158942 -0.111070 -0.025545
v 0.158363 -0.109166 -0.029527
v 0.158366 -0.109149 -0.029623
v 0.158366 -0.108513 -0.029511
v 0.158228 -0.108707 -0.029273
v 0.158119 -0.108724 -0.029252
v 0.158119 -0.109200 -0.029335
v 0.158364 -0.108587 -0.029421
v 0.158314 -0.108657 -0.029335
v 0.158310 -0.109184 -0.029423
v 0.158215 -0.109196 -0.029354
v 0.157694 -0.106456 -0.032546
v 0.158105 -0.109581 -0.030389
v 0.158208 -0.110056 -0.029818
v 0.157982 -0.110038 -0.029483
v 0.158124 -0.109627 -0.029414
v 0.158086 -0.109622 -0.029410
v 0.158201 -0.109635 -0.029441
v 0.158269 -0.109636 -0.029496
v 0.158316 -0.109630 -0.029573
v 0.158333 -0.109619 -0.029654
v 0.158019 -0.110049 -0.029488
v 0.158092 -0.110069 -0.029518
v 0.158158 -0.110082 -0.029574
v 0.158203 -0.110083 -0.029653
v 0.158219 -0.110075 -0.029734
v 0.157771 -0.105926 -0.032113
v 0.157694 -0.105585 -0.032392
v 0.157631 -0.105462 -0.032490
v 0.157649 -0.106440 -0.032640
v 0.157606 -0.106432 -0.032683
v 0.157555 -0.105405 -0.032534
v 0.157554 -0.106427 -0.032715
v 0.157540 -0.105398 -0.032540
v 0.157451 -0.106423 -0.032737
v 0.157451 -0.105381 -0.032553
v 0.157451 -0.110039 -0.006139
v 0.157508 -0.110044 -0.006147
v 0.157674 -0.110137 -0.006297
v 0.157651 -0.110110 -0.006254
v 0.157598 -0.110073 -0.006194
v 0.157556 -0.110055 -0.006166
v 0.158162 -0.113387 -0.009994
v 0.158119 -0.112051 -0.010385
v 0.158176 -0.112049 -0.010377
v 0.158215 -0.112044 -0.010363
v 0.158365 -0.111979 -0.010173
v 0.158352 -0.111994 -0.010216
v 0.158311 -0.112018 -0.010288
v 0.158277 -0.112030 -0.010323
v 0.158941 -0.112986 -0.014661
v 0.158807 -0.112964 -0.014464
v 0.158693 -0.112961 -0.014436
v 0.158895 -0.112973 -0.014543
v 0.158862 -0.112969 -0.014504
v 0.158998 -0.113037 -0.018324
v 0.159074 -0.113040 -0.018280
v 0.158912 -0.113036 -0.018340
v 0.158966 -0.113036 -0.018334
v 0.159136 -0.113046 -0.018199
v 0.159148 -0.113048 -0.018170
v 0.159158 -0.112314 -0.022313
v 0.159149 -0.112323 -0.022280
v 0.159108 -0.112344 -0.022206
v 0.159030 -0.112362 -0.022142
v 0.158912 -0.112370 -0.022113
v 0.158693 -0.110965 -0.025756
v 0.158704 -0.110965 -0.025756
v 0.158899 -0.111016 -0.025654
v 0.158816 -0.110980 -0.025725
v 0.158861 -0.110995 -0.025695
v 0.157431 -0.106785 -0.032800
v 0.157645 -0.106829 -0.032683
v 0.157586 -0.106811 -0.032750
v 0.157515 -0.106796 -0.032788
v 0.158025 -0.017805 0.002343
v 0.156910 -0.112961 -0.014436
v 0.156663 -0.027322 0.000665
v 0.156910 -0.032569 -0.000260
v 0.158025 -0.017140 -0.001431
v 0.157169 -0.031163 -0.003903
v 0.157169 -0.113036 -0.018340
v 0.156663 -0.026656 -0.003109
v 0.157169 -0.112370 -0.022113
v 0.158025 -0.016475 -0.005204
v 0.156663 -0.025991 -0.006882
v 0.157169 -0.030498 -0.007677
v 0.158025 -0.015809 -0.008978
v 0.156663 -0.025325 -0.010655
v 0.156910 -0.110965 -0.025756
v 0.156910 -0.030572 -0.011581
v 0.157930 -0.014592 -0.018359
v 0.157773 -0.015233 -0.019067
v 0.157454 -0.016700 -0.020463
v 0.157173 -0.018270 -0.021680
v 0.156921 -0.020069 -0.022793
v 0.156733 -0.021951 -0.023698
v 0.158252 -0.018254 0.010564
v 0.158088 -0.019063 0.011097
v 0.158026 -0.019377 0.011289
v 0.158413 -0.017484 0.010000
v 0.158713 -0.016099 0.008829
v 0.159447 -0.012802 0.004840
v 0.159086 -0.014425 0.007071
v 0.159002 -0.014799 0.007503
v 0.158861 -0.015430 0.008178
v 0.159475 -0.012676 0.004636
v 0.159815 -0.010941 0.000977
v 0.159801 -0.011028 0.001219
v 0.159786 -0.011112 0.001445
v 0.159580 -0.012180 0.003772
v 0.159529 -0.012423 0.004209
v 0.159885 -0.010410 -0.000785
v 0.159879 -0.010473 -0.000540
v 0.159872 -0.010538 -0.000302
v 0.159847 -0.010728 0.000340
v 0.159898 -0.010252 -0.001467
v 0.159902 -0.010118 -0.002154
v 0.159894 -0.009977 -0.003091
v 0.159871 -0.009882 -0.004029
v 0.159475 -0.010205 -0.009377
v 0.159761 -0.009837 -0.006234
v 0.159774 -0.009831 -0.006049
v 0.159786 -0.009827 -0.005849
v 0.159825 -0.009829 -0.005145
v 0.159856 -0.009855 -0.004444
v 0.159864 -0.009867 -0.004240
v 0.159424 -0.010296 -0.009812
v 0.159371 -0.010397 -0.010237
v 0.158088 -0.013996 -0.017633
v 0.158413 -0.012886 -0.016061
v 0.159010 -0.011201 -0.012752
v 0.159030 -0.011150 -0.012623
v 0.156922 -0.026529 0.013868
v 0.156784 -0.027972 0.014035
v 0.157173 -0.024458 0.013436
v 0.157422 -0.022769 0.012904
v 0.157772 -0.020716 0.012022
v 0.157612 -0.021624 0.012446
v 0.157454 -0.022568 0.012830
v 0.156574 -0.032232 0.013908
v 0.156733 -0.028610 0.014075
v 0.156611 -0.024001 -0.024423
v 0.159738 -0.009583 -0.007509
v 0.156689 -0.022067 -0.024119
v 0.156950 -0.019534 -0.022890
v 0.158220 -0.018009 0.011206
v 0.158184 -0.018179 0.011322
v 0.158219 -0.018346 0.011045
v 0.157363 -0.022537 0.013540
v 0.157233 -0.023361 0.013822
v 0.157421 -0.022655 0.013231
v 0.156960 -0.025312 0.014337
v 0.156762 -0.027946 0.014380
v 0.157544 -0.021477 0.013119
v 0.158596 -0.016291 0.009882
v 0.158696 -0.016130 0.009323
v 0.158859 -0.015138 0.008811
v 0.159139 -0.014170 0.007300
v 0.159385 -0.012860 0.006091
v 0.159512 -0.012519 0.005029
v 0.159486 -0.012418 0.005431
v 0.159789 -0.011196 0.002536
v 0.159846 -0.010711 0.002146
v 0.159998 -0.009636 -0.001360
v 0.159981 -0.009789 -0.002079
v 0.160002 -0.009524 -0.001931
v 0.159919 -0.009501 -0.004790
v 0.159896 -0.009194 -0.005586
v 0.159580 -0.009529 -0.009244
v 0.159503 -0.009659 -0.009894
v 0.159081 -0.010836 -0.012758
v 0.159076 -0.010549 -0.012873
v 0.158602 -0.011788 -0.015517
v 0.158931 -0.010902 -0.013733
v 0.158982 -0.010777 -0.013441
v 0.156454 -0.025491 -0.025489
v 0.156603 -0.021987 -0.024446
v 0.156969 -0.018696 -0.022775
v 0.157078 -0.017993 -0.022312
v 0.157314 -0.017205 -0.021324
v 0.157614 -0.015265 -0.020061
v 0.157748 -0.015134 -0.019464
v 0.158257 -0.012850 -0.017207
v 0.158219 -0.013340 -0.017338
v 0.156588 -0.030664 0.014408
v 0.156905 -0.025752 0.014425
v 0.156568 -0.029399 0.014777
v 0.156538 -0.108558 0.000433
v 0.156447 -0.105376 0.001718
v 0.156451 -0.108700 0.000723
v 0.156459 -0.110626 -0.000182
v 0.156453 -0.112472 -0.001253
v 0.156538 -0.112035 -0.001343
v 0.156538 -0.101747 -0.038222
v 0.156451 -0.101577 -0.038546
v 0.156451 -0.101847 -0.038540
v 0.156538 -0.105624 -0.037740
v 0.156451 -0.103801 -0.038389
v 0.156451 -0.102826 -0.038489
v 0.156538 -0.109331 -0.036504
v 0.156451 -0.105725 -0.038047
v 0.156451 -0.105695 -0.038054
v 0.156450 -0.113035 -0.034740
v 0.156450 -0.112911 -0.034830
v 0.156538 -0.112723 -0.034565
v 0.156450 -0.111354 -0.035832
v 0.156450 -0.109312 -0.036866
v 0.156450 -0.118339 -0.029087
v 0.156450 -0.118218 -0.029279
v 0.156538 -0.118065 -0.028915
v 0.156450 -0.117121 -0.030817
v 0.156538 -0.115671 -0.032002
v 0.156449 -0.115871 -0.032263
v 0.156450 -0.119207 -0.027570
v 0.156538 -0.119817 -0.025423
v 0.156449 -0.120025 -0.025783
v 0.156538 -0.120863 -0.021659
v 0.156449 -0.121182 -0.021722
v 0.156449 -0.120121 -0.025540
v 0.156538 -0.121165 -0.017765
v 0.156449 -0.121494 -0.017960
v 0.156449 -0.121183 -0.021716
v 0.156450 -0.121112 -0.014222
v 0.156538 -0.120710 -0.013885
v 0.156450 -0.121100 -0.014162
v 0.156450 -0.120639 -0.012314
v 0.156538 -0.119515 -0.010166
v 0.156449 -0.120007 -0.010498
v 0.156448 -0.119152 -0.008644
v 0.156538 -0.117619 -0.006750
v 0.156451 -0.118092 -0.006877
v 0.156448 -0.115591 -0.003798
v 0.156538 -0.115094 -0.003770
v 0.156448 -0.115560 -0.003766
v 0.156444 -0.114119 -0.002442
v 0.154490 -0.002479 -0.026298
v 0.154490 -0.096963 -0.042958
v 0.160002 -0.006840 -0.001560
v 0.159263 -0.005211 -0.010803
v 0.158608 -0.004608 -0.014223
v 0.157065 -0.003621 -0.019819
v 0.159263 -0.008470 0.007683
v 0.158608 -0.009073 0.011103
v 0.154490 -0.011202 0.023178
v 0.154490 -0.105687 0.006518
v 0.157065 -0.010060 0.016699
v 0.128286 0.002348 -0.053671
v 0.128286 -0.092137 -0.070331
v 0.128056 -0.092116 -0.070451
v 0.100002 0.003578 -0.060648
v 0.103534 -0.090925 -0.077206
v 0.103534 0.003560 -0.060546
v 0.111451 -0.091098 -0.076223
v 0.109388 0.003450 -0.059921
v 0.116288 -0.091298 -0.075090
v 0.116288 0.003187 -0.058430
v 0.117157 -0.091341 -0.074842
v 0.122786 -0.091687 -0.072882
v 0.133092 -0.092634 -0.067510
v 0.135269 0.001589 -0.049363
v 0.138969 -0.093403 -0.063151
v 0.138969 0.001082 -0.046491
v 0.142271 -0.093931 -0.060156
v 0.142428 0.000527 -0.043342
v 0.147841 -0.095037 -0.053883
v 0.147841 -0.000552 -0.037223
v 0.152425 -0.096257 -0.046962
v 0.152242 -0.106450 0.010843
v 0.147841 -0.013129 0.034103
v 0.116750 -0.111330 0.038519
v 0.122091 -0.111012 0.036718
v 0.116288 -0.016868 0.055310
v 0.127291 -0.110604 0.034403
v 0.128286 -0.016029 0.050551
v 0.128286 -0.110514 0.033891
v 0.135269 -0.015269 0.046243
v 0.132271 -0.110109 0.031594
v 0.138969 -0.014763 0.043371
v 0.138969 -0.109248 0.026711
v 0.142428 -0.014208 0.040222
v 0.145426 -0.108132 0.020384
v 0.147841 -0.107614 0.017443
v 0.100002 -0.017259 0.057528
v 0.100002 -0.111744 0.040868
v 0.103534 -0.017241 0.057426
v 0.103534 -0.111726 0.040765
v 0.109388 -0.017131 0.056801
v 0.111301 -0.111558 0.039811
v 0.116288 -0.111353 0.038649
v 0.112734 -0.016731 0.055970
v 0.109349 -0.016841 0.056598
v 0.106127 -0.016915 0.057013
v 0.100002 -0.016970 0.057325
v 0.104706 -0.017076 0.057326
v 0.100002 -0.016981 0.057367
v 0.100002 -0.016997 0.057404
v 0.118465 -0.016462 0.054444
v 0.118490 -0.016488 0.054517
v 0.118671 -0.016450 0.054378
v 0.122899 -0.016207 0.052918
v 0.124343 -0.016070 0.052221
v 0.127292 -0.015916 0.051000
v 0.130054 -0.015561 0.049337
v 0.131255 -0.015458 0.048707
v 0.135120 -0.014988 0.046085
v 0.135198 -0.014978 0.046029
v 0.139992 -0.014303 0.042202
v 0.142251 -0.013931 0.040091
v 0.144685 -0.013482 0.037546
v 0.148338 -0.012692 0.033068
v 0.148405 -0.012714 0.033114
v 0.148510 -0.012651 0.032833
v 0.151017 -0.012036 0.029268
v 0.151753 -0.011779 0.027889
v 0.153431 -0.011362 0.025171
v 0.154642 -0.010792 0.022293
v 0.153395 -0.011388 0.025263
v 0.155263 -0.010577 0.021023
v 0.156826 -0.009800 0.016666
v 0.158593 -0.008624 0.009996
v 0.156956 -0.009730 0.016268
v 0.159752 -0.006605 -0.001456
v 0.159771 -0.005881 -0.006167
v 0.159373 -0.005432 -0.008108
v 0.154509 -0.002344 -0.025619
v 0.156786 -0.003367 -0.019820
v 0.156826 -0.003388 -0.019699
v 0.158362 -0.004373 -0.014115
v 0.159013 -0.004971 -0.010721
v 0.153429 -0.001945 -0.028224
v 0.151648 -0.001378 -0.031100
v 0.151017 -0.001179 -0.032306
v 0.148650 -0.000571 -0.035673
v 0.148405 -0.000500 -0.036151
v 0.148338 -0.000496 -0.036101
v 0.145591 0.000064 -0.039880
v 0.144683 0.000294 -0.040582
v 0.135120 0.001799 -0.049118
v 0.136000 0.001686 -0.048476
v 0.141016 0.000951 -0.044305
v 0.142252 0.000742 -0.043124
v 0.130602 0.002317 -0.052052
v 0.127293 0.002607 -0.054054
v 0.124816 0.002844 -0.055044
v 0.122899 0.002991 -0.055956
v 0.119451 0.003216 -0.057153
v 0.118490 0.003274 -0.057555
v 0.118465 0.003273 -0.057477
v 0.113595 0.003508 -0.058812
v 0.118520 0.003232 -0.057654
v 0.113998 0.003425 -0.058946
v 0.109349 0.003653 -0.059631
v 0.107678 0.003695 -0.059868
v 0.104706 0.003681 -0.060395
v 0.101020 0.003780 -0.060350
v 0.100002 0.003662 -0.060617
v 0.118538 0.003152 -0.057726
v 0.127296 0.002596 -0.054072
v 0.153448 -0.011483 0.025274
v 0.148428 -0.012799 0.033238
v 0.100002 -0.017170 0.057528
v 0.100002 -0.017144 0.057521
v 0.100002 -0.017070 0.057485
v 0.127296 -0.015933 0.051012
v 0.127207 -0.015936 0.051053
v 0.118538 -0.016660 0.054636
v 0.118520 -0.016561 0.054596
v 0.113998 -0.016821 0.055876
v 0.148482 -0.012781 0.033159
v 0.145591 -0.013459 0.036810
v 0.148428 -0.000538 -0.036297
v 0.148482 -0.000548 -0.036216
v 0.153448 -0.002025 -0.028363
v 0.153395 -0.001940 -0.028321
v 0.127207 0.002607 -0.054111
v 0.131256 0.002253 -0.051743
v 0.100002 -0.017044 0.057464
v 0.159843 -0.006616 -0.001489
v 0.159771 -0.007515 0.003098
v 0.159926 -0.006664 -0.001529
v 0.159986 -0.006754 -0.001545
v 0.159449 -0.007633 0.004374
v 0.159013 -0.008217 0.007688
v 0.100002 0.003669 -0.060613
v 0.100002 0.003742 -0.060543
v 0.100002 0.003782 -0.060441
v 0.100002 0.003781 -0.060358
v 0.060004 -0.111744 0.040868
v 0.084934 -0.070392 -0.073691
v 0.090873 -0.062491 -0.072298
v 0.032040 -0.066944 -0.073083
v 0.039135 -0.073858 -0.074302
v 0.047922 -0.078523 -0.075125
v 0.057687 -0.080562 -0.075484
v 0.067640 -0.079809 -0.075351
v 0.076974 -0.076325 -0.074737
v 0.094312 -0.053262 -0.070671
v 0.094971 -0.043453 -0.068941
v 0.029134 -0.029708 -0.066517
v 0.035074 -0.021807 -0.065124
v 0.043033 -0.015874 -0.064078
v 0.092798 -0.033858 -0.067249
v 0.087967 -0.025255 -0.065732
v 0.080872 -0.018341 -0.064513
v 0.072085 -0.013676 -0.063690
v 0.062320 -0.011637 -0.063331
v 0.052367 -0.012390 -0.063464
v 0.025695 -0.038937 -0.068145
v 0.025036 -0.048746 -0.069874
v 0.027209 -0.058341 -0.071566
v 0.100002 -0.160287 -0.022234
v 0.060004 -0.160447 -0.014771
v 0.100002 -0.160447 -0.014771
v 0.100002 -0.159305 -0.005426
v 0.060004 -0.158400 -0.001639
v 0.100002 -0.158400 -0.001639
v 0.100002 -0.155764 0.005921
v 0.060004 -0.153465 0.010702
v 0.100002 -0.153465 0.010702
v 0.100002 -0.153100 0.011370
v 0.060004 -0.145893 0.021625
v 0.100002 -0.149871 0.016545
v 0.100002 -0.146123 0.021361
v 0.100002 -0.145893 0.021625
v 0.100002 -0.141919 0.025744
v 0.060004 -0.136069 0.030576
v 0.100002 -0.136069 0.030576
v 0.100002 -0.132457 0.032989
v 0.060004 -0.124490 0.037100
v 0.100002 -0.116938 0.039708
v 0.100002 -0.124490 0.037100
v 0.103247 -0.155737 0.005765
v 0.101145 -0.160487 -0.016822
v 0.101681 -0.160169 -0.011220
v 0.100616 -0.160282 -0.022263
v 0.104568 -0.146084 0.021141
v 0.104918 -0.141877 0.025507
v 0.105215 -0.137291 0.029383
v 0.105838 -0.116889 0.039427
v 0.154479 -0.110827 0.005050
v 0.156434 -0.109975 0.000220
v 0.155726 -0.115298 -0.000969
v 0.155990 -0.119783 -0.007265
v 0.154499 -0.120650 -0.002346
v 0.155148 -0.124282 -0.013373
v 0.154173 -0.125112 -0.008666
v 0.104168 -0.149835 0.016344
v 0.103726 -0.153069 0.011191
v 0.108037 -0.149738 0.015793
v 0.110646 -0.152837 0.009877
v 0.111912 -0.149576 0.014875
v 0.102741 -0.157812 0.000160
v 0.107830 -0.157642 -0.000806
v 0.106330 -0.159148 -0.006313
v 0.110312 -0.158874 -0.007868
v 0.107822 -0.159856 -0.012992
v 0.103270 -0.160416 -0.017225
v 0.101757 -0.160243 -0.022480
v 0.102861 -0.160167 -0.022911
v 0.110595 -0.159549 -0.014734
v 0.113967 -0.158469 -0.010165
v 0.112194 -0.158687 -0.008929
v 0.115646 -0.158217 -0.011594
v 0.113019 -0.159148 -0.017009
v 0.117164 -0.157940 -0.013165
v 0.102216 -0.159286 -0.005532
v 0.104802 -0.160064 -0.011813
v 0.105327 -0.160275 -0.018028
v 0.107214 -0.160065 -0.019214
v 0.103875 -0.160055 -0.023548
v 0.104761 -0.159908 -0.024380
v 0.115710 -0.149350 0.013594
v 0.117345 -0.152376 0.007261
v 0.119408 -0.149060 0.011948
v 0.120510 -0.152061 0.005476
v 0.122950 -0.148708 0.009951
v 0.123493 -0.151695 0.003398
v 0.126288 -0.148298 0.007624
v 0.126317 -0.151271 0.000995
v 0.129447 -0.147824 0.004936
v 0.128870 -0.150805 -0.001648
v 0.132304 -0.147302 0.001979
v 0.131207 -0.150284 -0.004601
v 0.134919 -0.146720 -0.001325
v 0.133202 -0.149736 -0.007712
v 0.137151 -0.146106 -0.004806
v 0.138897 -0.145508 -0.008200
v 0.136010 -0.148657 -0.013826
v 0.140294 -0.144900 -0.011648
v 0.109277 -0.155535 0.004621
v 0.112757 -0.157302 -0.002730
v 0.115115 -0.155133 0.002341
v 0.115085 -0.157071 -0.004043
v 0.117873 -0.154859 0.000786
v 0.117279 -0.156801 -0.005572
v 0.120473 -0.154539 -0.001026
v 0.119355 -0.156490 -0.007339
v 0.122933 -0.154170 -0.003120
v 0.121233 -0.156147 -0.009282
v 0.125158 -0.153764 -0.005423
v 0.122952 -0.155764 -0.011454
v 0.127195 -0.153310 -0.007996
v 0.124419 -0.155361 -0.013742
v 0.128933 -0.152832 -0.010707
v 0.126484 -0.154568 -0.018239
v 0.131380 -0.151893 -0.016035
v 0.127698 -0.153730 -0.022993
v 0.132819 -0.150900 -0.021668
v 0.118553 -0.157631 -0.014920
v 0.114972 -0.158666 -0.019744
v 0.119739 -0.157305 -0.016769
v 0.116239 -0.158180 -0.022501
v 0.121408 -0.156664 -0.020404
v 0.116983 -0.157666 -0.025416
v 0.122390 -0.155986 -0.024247
v 0.108865 -0.159792 -0.020763
v 0.105475 -0.159732 -0.025379
v 0.110195 -0.159464 -0.022625
v 0.105938 -0.159554 -0.026387
v 0.111057 -0.159133 -0.024502
v 0.106210 -0.159366 -0.027453
v 0.111564 -0.158783 -0.026487
v 0.141396 -0.144258 -0.015285
v 0.137661 -0.147518 -0.020291
v 0.142141 -0.143624 -0.018882
v 0.138133 -0.146479 -0.026182
v 0.145025 -0.140009 -0.025041
v 0.136874 -0.147456 -0.026354
v 0.111255 -0.116753 0.038655
v 0.105764 -0.122124 0.037746
v 0.105637 -0.127326 0.035516
v 0.110869 -0.127195 0.034771
v 0.116683 -0.116526 0.037369
v 0.122002 -0.116209 0.035575
v 0.127182 -0.115803 0.033269
v 0.132142 -0.115310 0.030472
v 0.136818 -0.114735 0.027214
v 0.141243 -0.114071 0.023448
v 0.145244 -0.113341 0.019306
v 0.148907 -0.112525 0.014679
v 0.152033 -0.111665 0.009803
v 0.111114 -0.121990 0.036984
v 0.116112 -0.126976 0.033528
v 0.116474 -0.121766 0.035713
v 0.121248 -0.126670 0.031796
v 0.121726 -0.121454 0.033942
v 0.126250 -0.126277 0.029569
v 0.126841 -0.121052 0.031665
v 0.131040 -0.125801 0.026868
v 0.131739 -0.120565 0.028903
v 0.135556 -0.125246 0.023722
v 0.136356 -0.119998 0.025686
v 0.139829 -0.124605 0.020085
v 0.140725 -0.119342 0.021967
v 0.143693 -0.123900 0.016085
v 0.144676 -0.118621 0.017878
v 0.147230 -0.123112 0.011616
v 0.148293 -0.117815 0.013308
v 0.150249 -0.122282 0.006908
v 0.151380 -0.116966 0.008494
v 0.152611 -0.121472 0.002317
v 0.153795 -0.116139 0.003800
v 0.152731 -0.125951 -0.003907
v 0.150904 -0.126747 0.000605
v 0.148619 -0.127530 0.005047
v 0.145698 -0.128334 0.009603
v 0.142275 -0.129096 0.013926
v 0.138536 -0.129778 0.017796
v 0.134402 -0.130399 0.021315
v 0.130033 -0.130936 0.024359
v 0.125398 -0.131396 0.026973
v 0.120558 -0.131776 0.029127
v 0.115589 -0.132072 0.030804
v 0.110517 -0.132284 0.032006
v 0.105455 -0.132411 0.032727
v 0.110054 -0.137169 0.028693
v 0.114903 -0.136967 0.027544
v 0.119654 -0.136684 0.025942
v 0.124280 -0.136321 0.023882
v 0.128711 -0.135880 0.021383
v 0.132888 -0.135367 0.018473
v 0.136840 -0.134774 0.015109
v 0.140415 -0.134122 0.011410
v 0.143686 -0.133393 0.007276
v 0.146479 -0.132625 0.002921
v 0.148663 -0.131876 -0.001325
v 0.150410 -0.131116 -0.005639
v 0.151789 -0.130313 -0.010188
v 0.152721 -0.129520 -0.014688
v 0.153382 -0.128066 -0.022935
v 0.108807 -0.145977 0.020537
v 0.109483 -0.141762 0.024857
v 0.113054 -0.145800 0.019531
v 0.114055 -0.141571 0.023773
v 0.117216 -0.145552 0.018127
v 0.118536 -0.141305 0.022262
v 0.121269 -0.145234 0.016323
v 0.122900 -0.140962 0.020319
v 0.125150 -0.144848 0.014134
v 0.127079 -0.140546 0.017963
v 0.128809 -0.144399 0.011585
v 0.131018 -0.140062 0.015218
v 0.132271 -0.143879 0.008638
v 0.134746 -0.139503 0.012045
v 0.135402 -0.143308 0.005398
v 0.138117 -0.138888 0.008556
v 0.138268 -0.142669 0.001777
v 0.141203 -0.138200 0.004657
v 0.140714 -0.141997 -0.002038
v 0.143836 -0.137476 0.000550
v 0.142628 -0.141341 -0.005757
v 0.145897 -0.136770 -0.003455
v 0.144158 -0.140674 -0.009536
v 0.147544 -0.136053 -0.007523
v 0.145366 -0.139972 -0.013521
v 0.148845 -0.135296 -0.011814
v 0.146182 -0.139277 -0.017464
v 0.149724 -0.134548 -0.016058
v 0.146761 -0.138003 -0.024687
v 0.151691 -0.131059 -0.023463
v 0.107277 -0.159099 -0.028407
v 0.111709 -0.158464 -0.028295
v 0.117572 -0.157090 -0.028053
v 0.122670 -0.155368 -0.027749
v 0.127540 -0.153219 -0.027371
v 0.133230 -0.149994 -0.026802
v 0.117088 -0.096617 -0.075538
v 0.132960 -0.097905 -0.068236
v 0.138583 -0.133416 -0.050704
v 0.135207 -0.138276 -0.049213
v 0.132789 -0.137721 -0.052362
v 0.135934 -0.132807 -0.054155
v 0.138689 -0.127582 -0.055564
v 0.141542 -0.128237 -0.051848
v 0.155237 -0.121341 -0.030056
v 0.154308 -0.120505 -0.034793
v 0.155911 -0.108649 -0.038678
v 0.154681 -0.114147 -0.039226
v 0.154674 -0.102371 -0.042906
v 0.106220 -0.159035 -0.029331
v 0.117010 -0.156760 -0.030553
v 0.111583 -0.158166 -0.029984
v 0.111094 -0.157814 -0.031983
v 0.105958 -0.158846 -0.030404
v 0.105494 -0.158664 -0.031435
v 0.102236 -0.156469 -0.039612
v 0.103283 -0.154267 -0.044693
v 0.106531 -0.154435 -0.043736
v 0.137722 -0.145509 -0.031683
v 0.142209 -0.141376 -0.031629
v 0.129304 -0.142242 -0.050212
v 0.152806 -0.126708 -0.030637
v 0.149804 -0.131895 -0.031100
v 0.148966 -0.131142 -0.035371
v 0.145478 -0.136114 -0.035401
v 0.144304 -0.135406 -0.039417
v 0.140428 -0.140092 -0.038914
v 0.139037 -0.139470 -0.042440
v 0.156129 -0.115021 -0.034269
v 0.152906 -0.119660 -0.039590
v 0.150578 -0.125101 -0.039751
v 0.148838 -0.124323 -0.044161
v 0.146061 -0.129646 -0.043855
v 0.143990 -0.128924 -0.047953
v 0.140857 -0.134053 -0.047087
v 0.137281 -0.138858 -0.045913
v 0.142780 -0.134724 -0.043280
v 0.147702 -0.130380 -0.039696
v 0.151918 -0.125909 -0.035165
v 0.152215 -0.101513 -0.047770
v 0.151560 -0.106942 -0.048357
v 0.153987 -0.107789 -0.043554
v 0.150425 -0.112478 -0.048692
v 0.152799 -0.113306 -0.043994
v 0.148789 -0.118045 -0.048748
v 0.151086 -0.118846 -0.044203
v 0.146642 -0.123557 -0.048506
v 0.144047 -0.122829 -0.052635
v 0.141022 -0.122134 -0.056575
v 0.146074 -0.117283 -0.053068
v 0.142910 -0.116556 -0.057189
v 0.147620 -0.111691 -0.053156
v 0.144349 -0.110940 -0.057415
v 0.148691 -0.106137 -0.052922
v 0.145347 -0.105369 -0.057277
v 0.149310 -0.100698 -0.052393
v 0.145924 -0.099921 -0.056804
v 0.137866 -0.098533 -0.064674
v 0.142102 -0.099196 -0.060912
v 0.137391 -0.103999 -0.065049
v 0.141573 -0.104654 -0.061333
v 0.136568 -0.109600 -0.065016
v 0.140658 -0.110240 -0.061383
v 0.135381 -0.115260 -0.064543
v 0.139339 -0.115880 -0.061027
v 0.133824 -0.120894 -0.063606
v 0.137607 -0.121487 -0.060245
v 0.131901 -0.126413 -0.062194
v 0.135469 -0.126972 -0.059025
v 0.129629 -0.131721 -0.060313
v 0.132943 -0.132240 -0.057369
v 0.127036 -0.136730 -0.057982
v 0.130060 -0.137203 -0.055295
v 0.124162 -0.141356 -0.055234
v 0.122695 -0.096961 -0.073587
v 0.127944 -0.097388 -0.071166
v 0.122410 -0.102447 -0.073849
v 0.127593 -0.102869 -0.071458
v 0.121917 -0.108082 -0.073623
v 0.126986 -0.108494 -0.071285
v 0.121206 -0.113791 -0.072870
v 0.126110 -0.114190 -0.070608
v 0.120272 -0.119491 -0.071567
v 0.124961 -0.119872 -0.069404
v 0.119120 -0.125089 -0.069703
v 0.123542 -0.125448 -0.067663
v 0.117758 -0.130491 -0.067287
v 0.121865 -0.130826 -0.065392
v 0.116204 -0.135608 -0.064345
v 0.119952 -0.135912 -0.062616
v 0.114482 -0.140353 -0.060921
v 0.117831 -0.140626 -0.059376
v 0.112620 -0.144657 -0.057074
v 0.115539 -0.144894 -0.055728
v 0.110651 -0.148461 -0.052874
v 0.113115 -0.148661 -0.051738
v 0.108610 -0.151727 -0.048401
v 0.106483 -0.151596 -0.049141
v 0.104327 -0.151504 -0.049663
v 0.108020 -0.148299 -0.053790
v 0.105353 -0.148185 -0.054436
v 0.109503 -0.144465 -0.058159
v 0.106342 -0.144330 -0.058924
v 0.110904 -0.140134 -0.062166
v 0.107278 -0.139979 -0.063044
v 0.112201 -0.135362 -0.065738
v 0.108143 -0.135189 -0.066721
v 0.113371 -0.130222 -0.068814
v 0.108924 -0.130032 -0.069890
v 0.114397 -0.124799 -0.071347
v 0.109608 -0.124594 -0.072506
v 0.115264 -0.119183 -0.073310
v 0.110188 -0.118967 -0.074539
v 0.115967 -0.113470 -0.074694
v 0.110656 -0.113243 -0.075979
v 0.116502 -0.107750 -0.075508
v 0.111014 -0.107515 -0.076836
v 0.116874 -0.102107 -0.075776
v 0.111262 -0.101868 -0.077135
v 0.111405 -0.096375 -0.076914
v 0.105658 -0.096230 -0.077731
v 0.105587 -0.101725 -0.077941
v 0.105464 -0.107376 -0.077625
v 0.105287 -0.113109 -0.076742
v 0.105054 -0.118838 -0.075268
v 0.104767 -0.124473 -0.073194
v 0.104427 -0.129920 -0.070529
v 0.104040 -0.135086 -0.067304
v 0.103611 -0.139887 -0.063565
v 0.103147 -0.144250 -0.059378
v 0.102656 -0.148118 -0.054819
v 0.102147 -0.151450 -0.049973
v 0.122426 -0.154792 -0.031020
v 0.116293 -0.156242 -0.033488
v 0.110231 -0.157475 -0.033903
v 0.104833 -0.158497 -0.032386
v 0.127743 -0.152252 -0.031372
v 0.121479 -0.154109 -0.034890
v 0.115025 -0.155745 -0.036308
v 0.108998 -0.157163 -0.035673
v 0.103985 -0.158351 -0.033213
v 0.132872 -0.149149 -0.031596
v 0.126572 -0.151408 -0.036160
v 0.119808 -0.153454 -0.038608
v 0.113215 -0.155287 -0.038907
v 0.107420 -0.156891 -0.037215
v 0.103469 -0.158285 -0.033588
v 0.131484 -0.148149 -0.037269
v 0.124504 -0.150597 -0.040760
v 0.117421 -0.152850 -0.042035
v 0.110896 -0.154888 -0.041172
v 0.106458 -0.156768 -0.037912
v 0.102389 -0.158185 -0.034151
v 0.109485 -0.154707 -0.042197
v 0.112504 -0.152085 -0.046371
v 0.114365 -0.152323 -0.045020
v 0.117771 -0.149198 -0.048692
v 0.121552 -0.149849 -0.044999
v 0.125536 -0.146302 -0.047742
v 0.129034 -0.147188 -0.042719
v 0.133318 -0.143258 -0.044448
v 0.136130 -0.144361 -0.038194
v 0.121056 -0.145530 -0.052118
v 0.115468 -0.148903 -0.050363
v 0.110601 -0.151889 -0.047483
v 0.104448 -0.156584 -0.038961
v 0.101202 -0.158124 -0.034501
v 0.146257 -0.136813 -0.031434
v 0.141498 -0.140738 -0.035249
v 0.132546 -0.103379 -0.068566
v 0.131830 -0.108993 -0.068456
v 0.130797 -0.114673 -0.067871
v 0.129441 -0.120334 -0.066787
v 0.127768 -0.125884 -0.065195
v 0.125790 -0.131230 -0.063100
v 0.123533 -0.136281 -0.060525
v 0.121032 -0.140955 -0.057507
v 0.118328 -0.145181 -0.054099
v -0.038881 -0.112072 -0.025734
v -0.039154 -0.112749 -0.022443
v -0.038934 -0.111564 -0.025632
v -0.039154 -0.113504 -0.018162
v -0.038934 -0.113481 -0.014758
v -0.037524 -0.021546 0.013148
v -0.036970 -0.025177 0.014307
v -0.036769 -0.026915 0.014608
v -0.036559 -0.029451 0.014774
v -0.036444 -0.033052 0.014465
v -0.036444 -0.047413 0.011933
v -0.036444 -0.061774 0.009400
v -0.036444 -0.076135 0.006868
v -0.036444 -0.090495 0.004336
v -0.039994 -0.009553 -0.001773
v -0.039865 -0.010568 0.001782
v -0.039818 -0.010825 0.002415
v -0.039492 -0.012360 0.005339
v -0.039069 -0.014194 0.007801
v -0.039426 -0.012650 0.005784
v -0.039461 -0.012496 0.005551
v -0.038881 -0.015008 0.008684
v -0.038589 -0.016290 0.009884
v -0.038243 -0.017869 0.011109
v -0.038052 -0.018784 0.011712
v -0.038920 -0.010911 -0.013754
v -0.039017 -0.010674 -0.013190
v -0.039489 -0.009671 -0.009949
v -0.039507 -0.009641 -0.009807
v -0.039524 -0.009611 -0.009667
v -0.039872 -0.009199 -0.005865
v -0.039995 -0.009505 -0.002040
v -0.036444 -0.040351 -0.028116
v -0.036444 -0.025991 -0.025583
v -0.036462 -0.024603 -0.025289
v -0.036620 -0.021686 -0.024323
v -0.036444 -0.083434 -0.035712
v -0.036444 -0.069073 -0.033180
v -0.036444 -0.054712 -0.030648
v -0.036969 -0.018649 -0.022745
v -0.037029 -0.018259 -0.022492
v -0.037225 -0.017107 -0.021667
v -0.037607 -0.015262 -0.020059
v -0.038240 -0.012880 -0.017250
v -0.038414 -0.012326 -0.016419
v -0.038594 -0.011791 -0.015520
v -0.037636 -0.107441 -0.032529
v -0.038318 -0.109608 -0.029723
v -0.038359 -0.109149 -0.029623
v -0.037687 -0.106456 -0.032546
v -0.037687 -0.111047 -0.006513
v -0.037964 -0.112902 -0.008759
v -0.038861 -0.112056 -0.025802
v -0.038811 -0.112034 -0.025871
v -0.038701 -0.112001 -0.025930
v -0.038765 -0.111527 -0.025842
v -0.038853 -0.111536 -0.025791
v -0.038780 -0.112023 -0.025896
v -0.038913 -0.111550 -0.025711
v -0.039142 -0.112764 -0.022357
v -0.039085 -0.112780 -0.022264
v -0.038993 -0.112791 -0.022204
v -0.039140 -0.113488 -0.018252
v -0.039125 -0.113482 -0.018283
v -0.039084 -0.113472 -0.018340
v -0.039046 -0.113467 -0.018371
v -0.038991 -0.113462 -0.018399
v -0.038868 -0.114003 -0.014786
v -0.038721 -0.114000 -0.014634
v -0.038796 -0.114007 -0.014679
v -0.038913 -0.113495 -0.014679
v -0.038825 -0.114008 -0.014709
v -0.038854 -0.113509 -0.014599
v -0.038767 -0.113518 -0.014548
v -0.037638 -0.111444 -0.006512
v -0.037579 -0.111449 -0.006443
v -0.037508 -0.111449 -0.006403
v -0.037547 -0.111076 -0.006345
v -0.037599 -0.111071 -0.006376
v -0.037643 -0.111063 -0.006420
v -0.037633 -0.106827 -0.032691
v -0.037579 -0.106811 -0.032750
v -0.037498 -0.106795 -0.032791
v -0.037547 -0.106427 -0.032715
v -0.037642 -0.106440 -0.032640
v -0.037599 -0.106432 -0.032683
v -0.038163 -0.109635 -0.029428
v -0.038234 -0.109639 -0.029470
v -0.038322 -0.109612 -0.029702
v -0.038322 -0.109627 -0.029621
v -0.038293 -0.109636 -0.029540
v -0.038356 -0.109165 -0.029529
v -0.038303 -0.109184 -0.029423
v -0.038206 -0.109196 -0.029354
v -0.036563 -0.061656 0.008733
v -0.036563 -0.076017 0.006201
v -0.036563 -0.090378 0.003669
v -0.036530 -0.120990 -0.015484
v -0.036530 -0.099523 -0.038150
v -0.036530 -0.120426 -0.012740
v -0.036530 -0.112470 -0.001633
v -0.036530 -0.114652 -0.003355
v -0.036530 -0.107495 0.000814
v -0.036530 -0.110069 -0.000234
v -0.036530 -0.119490 -0.010112
v -0.036530 -0.118198 -0.007639
v -0.036530 -0.116576 -0.005373
v -0.036530 -0.118041 -0.028950
v -0.036530 -0.119377 -0.026471
v -0.036530 -0.120355 -0.023830
v -0.036530 -0.120955 -0.021084
v -0.036530 -0.121167 -0.018280
v -0.036530 -0.114409 -0.033224
v -0.036530 -0.116375 -0.031214
v -0.036530 -0.110330 -0.036022
v -0.036530 -0.107765 -0.037126
v -0.036530 -0.105071 -0.037857
v -0.036530 -0.102307 -0.038200
v -0.036563 -0.083551 -0.035045
v -0.036563 -0.069191 -0.032512
v -0.036563 -0.054830 -0.029980
v -0.038934 -0.111070 -0.025545
v -0.038933 -0.111066 -0.025553
v -0.038799 -0.110978 -0.025730
v -0.038888 -0.111013 -0.025659
v -0.038853 -0.110995 -0.025696
v -0.039144 -0.112223 -0.022617
v -0.039154 -0.112299 -0.022364
v -0.038958 -0.112369 -0.022119
v -0.038993 -0.112366 -0.022129
v -0.039066 -0.112354 -0.022171
v -0.039085 -0.112349 -0.022188
v -0.039129 -0.112332 -0.022249
v -0.039154 -0.113054 -0.018080
v -0.039151 -0.113051 -0.018133
v -0.039141 -0.113048 -0.018170
v -0.039101 -0.113043 -0.018244
v -0.039084 -0.113041 -0.018264
v -0.039023 -0.113038 -0.018310
v -0.039092 -0.113097 -0.016769
v -0.038934 -0.112987 -0.014670
v -0.038696 -0.112961 -0.014436
v -0.038892 -0.112974 -0.014549
v -0.038809 -0.112965 -0.014470
v -0.038854 -0.112969 -0.014503
v -0.037763 -0.110401 -0.006739
v -0.037687 -0.110175 -0.006360
v -0.037624 -0.110093 -0.006226
v -0.037549 -0.110055 -0.006165
v -0.037533 -0.110050 -0.006158
v -0.036582 -0.023768 -0.024707
v -0.039074 -0.014429 0.007591
v -0.037041 -0.018833 -0.022460
v -0.037415 -0.016643 -0.020860
v -0.038211 -0.013350 -0.017341
v -0.038687 -0.011857 -0.014966
v -0.039130 -0.010707 -0.012396
v -0.039503 -0.009931 -0.009700
v -0.039780 -0.009540 -0.006907
v -0.039973 -0.009796 -0.002081
v -0.039911 -0.010452 0.000564
v -0.039730 -0.011459 0.003089
v -0.038211 -0.018355 0.011043
v -0.036944 -0.026065 0.014136
v -0.037307 -0.023344 0.013461
v -0.037740 -0.020765 0.012424
v -0.036684 -0.028861 0.014424
v -0.036755 -0.021224 -0.023751
v -0.037687 -0.105585 -0.032392
v -0.037502 -0.105389 -0.032547
v -0.037668 -0.105529 -0.032437
v -0.037643 -0.105487 -0.032470
v -0.037593 -0.105433 -0.032512
v -0.037548 -0.105406 -0.032534
v -0.038267 -0.108121 -0.029971
v -0.038359 -0.108513 -0.029511
v -0.038304 -0.108660 -0.029331
v -0.038358 -0.108583 -0.029427
v -0.038345 -0.108613 -0.029390
v -0.038169 -0.108719 -0.029258
v -0.038207 -0.108711 -0.029269
v -0.038270 -0.108684 -0.029302
v 0.076974 -0.069774 -0.111890
v 0.067640 -0.073258 -0.112504
v 0.087967 -0.018704 -0.102885
v 0.080872 -0.011790 -0.101666
v 0.047922 -0.071972 -0.112277
v 0.039135 -0.067307 -0.111455
v 0.052367 -0.005839 -0.100616
v 0.032040 -0.060393 -0.110236
v 0.043033 -0.009323 -0.101231
v 0.057687 -0.074011 -0.112637
v 0.060004 -0.005010 -0.100470
v 0.060004 -0.074087 -0.112650
v 0.062320 -0.005086 -0.100484
v 0.072085 -0.007125 -0.100843
v 0.094312 -0.046711 -0.107823
v 0.094971 -0.036902 -0.106094
v 0.092798 -0.027307 -0.104402
v 0.090873 -0.055940 -0.109450
v 0.084934 -0.063841 -0.110844
v 0.027209 -0.051790 -0.108719
v 0.025036 -0.042195 -0.107027
v 0.035074 -0.015256 -0.102277
v 0.025695 -0.032386 -0.105297
v 0.029134 -0.023157 -0.103670
v 0.100002 0.006354 0.016534
v 0.091248 0.006355 0.016534
v 0.100002 0.002933 0.032136
v 0.091248 0.002920 0.032187
v 0.100002 -0.000524 0.045247
v 0.091248 -0.000524 0.045248
v 0.108073 0.003115 0.031100
v 0.102688 0.002953 0.032023
v 0.103840 -0.000493 0.045087
v 0.101397 0.006353 0.016533
v 0.123200 0.006006 0.015928
v 0.120039 0.006058 0.016288
v 0.125696 0.005240 0.019051
v 0.116751 0.006150 0.016364
v 0.122162 0.004516 0.023157
v 0.112527 0.006242 0.016441
v 0.117959 0.003909 0.026599
v 0.108440 0.006304 0.016492
v 0.113215 0.003437 0.029274
v 0.104677 0.006339 0.016521
v 0.126234 0.006048 0.015036
v 0.128457 0.006059 0.014404
v 0.129066 0.006178 0.013646
v 0.140668 0.003947 0.019907
v 0.143388 0.005218 0.012694
v 0.131624 0.006396 0.011789
v 0.144800 0.006553 0.005127
v 0.145002 0.007292 0.000932
v 0.137753 0.007971 0.001052
v 0.136921 0.007493 0.004083
v 0.135627 0.007071 0.006882
v 0.133822 0.006695 0.009524
v 0.136723 0.002776 0.026547
v 0.131671 0.001741 0.032415
v 0.125665 0.000874 0.037335
v 0.118885 0.000200 0.041157
v 0.114803 -0.000087 0.042782
v 0.111536 -0.000261 0.043768
v 0.143407 0.009354 -0.010762
v 0.137525 0.009327 -0.006936
v 0.144802 0.008028 -0.003238
v 0.138048 0.008699 -0.003335
v 0.137877 0.008093 0.000298
v 0.140719 0.010620 -0.017937
v 0.135980 0.010087 -0.011078
v 0.137322 0.009463 -0.007695
v 0.131822 0.012818 -0.030404
v 0.127852 0.011783 -0.019244
v 0.136819 0.011786 -0.024550
v 0.131224 0.011276 -0.017013
v 0.134034 0.010678 -0.014125
v 0.124062 0.012172 -0.020695
v 0.124663 0.012465 -0.023197
v 0.120041 0.012422 -0.021289
v 0.120056 0.013138 -0.027011
v 0.116409 0.012561 -0.021405
v 0.114851 0.013663 -0.029988
v 0.110024 0.012733 -0.021548
v 0.109205 0.014025 -0.032039
v 0.106457 0.012792 -0.021596
v 0.103284 0.014212 -0.033104
v 0.102223 0.012827 -0.021626
v 0.100002 0.014239 -0.033256
v 0.100002 0.012832 -0.021630
v 0.125877 0.013686 -0.035325
v 0.119162 0.014363 -0.039166
v 0.111876 0.014830 -0.041813
v 0.104237 0.015072 -0.043187
v 0.100002 0.015107 -0.043384
v 0.091248 0.015106 -0.043384
v 0.091248 0.014247 -0.033332
v 0.091248 0.012832 -0.021630
v 0.028759 0.012832 -0.021630
v 0.028759 0.014247 -0.033332
v 0.028759 0.015106 -0.043384
v 0.020005 0.012832 -0.021630
v 0.020005 0.014249 -0.033354
v 0.020005 0.015107 -0.043384
v -0.014715 0.010493 -0.013186
v -0.014027 0.010678 -0.014125
v -0.020712 0.010620 -0.017937
v 0.016714 0.014222 -0.033201
v 0.017784 0.012827 -0.021626
v 0.010777 0.014034 -0.032133
v 0.009078 0.012714 -0.021532
v 0.009983 0.012733 -0.021548
v 0.013551 0.012792 -0.021596
v -0.004510 0.012134 -0.020572
v -0.000996 0.012376 -0.021229
v -0.004725 0.012471 -0.023266
v -0.000034 0.012422 -0.021289
v -0.000105 0.013145 -0.027091
v 0.005114 0.013671 -0.030076
v -0.011214 0.011277 -0.017016
v -0.009876 0.011500 -0.018028
v -0.016811 0.011786 -0.024550
v -0.007852 0.011782 -0.019240
v -0.011815 0.012818 -0.030404
v -0.012645 0.010999 -0.015700
v -0.016170 0.010010 -0.010662
v -0.023400 0.009354 -0.010762
v -0.017420 0.009385 -0.007251
v -0.024795 0.008028 -0.003238
v -0.018014 0.008750 -0.003632
v -0.017912 0.008145 -0.000019
v -0.024995 0.007292 0.000932
v -0.017746 0.007971 0.001052
v 0.015770 0.015072 -0.043187
v 0.008131 0.014830 -0.041813
v 0.000845 0.014363 -0.039166
v -0.005870 0.013686 -0.035325
v -0.016915 0.007492 0.004084
v -0.024795 0.006557 0.005103
v -0.023400 0.005231 0.012626
v -0.013821 0.006696 0.009518
v -0.015519 0.007044 0.007063
v -0.020712 0.003965 0.019801
v -0.009057 0.006178 0.013646
v -0.011622 0.006397 0.011785
v -0.008473 0.006074 0.014324
v -0.005745 0.005259 0.018950
v -0.006218 0.006048 0.015038
v -0.003184 0.006007 0.015929
v -0.000032 0.006058 0.016288
v -0.002250 0.004537 0.023044
v 0.003141 0.006147 0.016362
v 0.001908 0.003930 0.026486
v 0.007341 0.006239 0.016438
v 0.006604 0.003456 0.029172
v 0.011412 0.006302 0.016491
v 0.011700 0.003130 0.031024
v 0.015170 0.006338 0.016520
v 0.017043 0.002960 0.031985
v 0.018457 0.006352 0.016532
v 0.020005 0.002936 0.032122
v 0.020005 0.006354 0.016534
v -0.016811 0.002799 0.026414
v -0.011815 0.001767 0.032268
v -0.005870 0.000899 0.037189
v 0.000845 0.000222 0.041030
v 0.008131 -0.000245 0.043677
v 0.015770 -0.000487 0.045051
v 0.020005 -0.000522 0.045248
v 0.028759 -0.000524 0.045247
v 0.028759 0.002920 0.032187
v 0.028759 0.003211 0.030962
v 0.028759 0.006355 0.016534
v 0.158309 -0.006355 0.012740
v 0.155401 -0.007909 0.021553
v 0.155434 -0.009597 0.021269
v 0.100002 -0.009695 0.057560
v 0.100002 -0.011281 0.057964
v 0.104662 -0.011249 0.057784
v 0.100002 -0.013281 0.058089
v 0.100002 -0.014337 0.058007
v 0.104707 -0.014305 0.057825
v 0.160001 -0.005610 -0.001343
v 0.159966 -0.003924 -0.001046
v 0.159817 -0.006427 0.003293
v 0.159781 -0.004741 0.003587
v 0.158607 -0.007843 0.011320
v 0.158344 -0.008042 0.012451
v 0.145599 -0.010687 0.037306
v 0.147841 -0.011898 0.034320
v 0.151130 -0.009365 0.029809
v 0.151160 -0.011053 0.029530
v 0.154490 -0.009972 0.023395
v 0.131333 -0.012803 0.049305
v 0.131352 -0.014493 0.049038
v 0.138946 -0.011842 0.043858
v 0.138969 -0.013532 0.043588
v 0.145626 -0.012376 0.037031
v 0.104710 -0.015996 0.057563
v 0.114009 -0.015741 0.056112
v 0.114000 -0.014049 0.056375
v 0.116288 -0.015637 0.055526
v 0.122949 -0.013544 0.053512
v 0.122963 -0.015235 0.053247
v 0.128286 -0.014798 0.050768
v 0.159393 -0.000968 -0.000525
v 0.159210 -0.001777 0.004064
v 0.157752 -0.003376 0.013129
v 0.154872 -0.004915 0.021858
v 0.150641 -0.006357 0.030036
v 0.145163 -0.007666 0.037461
v 0.138573 -0.008810 0.043951
v 0.131034 -0.009761 0.049345
v 0.122730 -0.010496 0.053512
v 0.113867 -0.010996 0.056348
v 0.157812 0.001862 -0.000025
v 0.157633 0.001075 0.004441
v 0.156214 -0.000481 0.013265
v 0.153411 -0.001979 0.021761
v 0.149293 -0.003383 0.029721
v 0.143961 -0.004657 0.036948
v 0.137546 -0.005771 0.043265
v 0.130208 -0.006697 0.048516
v 0.100002 -0.008176 0.056906
v 0.104538 -0.008145 0.056730
v 0.113498 -0.007899 0.055333
v 0.122125 -0.007412 0.052572
v 0.155420 0.004140 0.000376
v 0.155249 0.003385 0.004658
v 0.153888 0.001894 0.013117
v 0.151201 0.000458 0.021261
v 0.147253 -0.000888 0.028892
v 0.142142 -0.002109 0.035820
v 0.135993 -0.003177 0.041876
v 0.100002 -0.005483 0.054952
v 0.104350 -0.005453 0.054784
v 0.112939 -0.005217 0.053444
v 0.121210 -0.004750 0.050797
v 0.128958 -0.004065 0.046910
v 0.136771 -0.000435 0.036906
v 0.141667 0.000548 0.031335
v 0.145700 0.001642 0.025130
v 0.148788 0.002825 0.018420
v 0.150865 0.004073 0.011342
v 0.151890 0.005360 0.004045
v 0.152002 0.005950 0.000695
v 0.131115 -0.001285 0.041727
v 0.100002 -0.016028 0.057745
v 0.100002 -0.003079 0.051905
v 0.103403 -0.003060 0.051795
v 0.110813 -0.002882 0.050786
v 0.118000 -0.002521 0.048740
v 0.124814 -0.001985 0.045699
v 0.127172 -0.001749 0.044359
v 0.155386 0.000311 -0.023594
v 0.158293 -0.001243 -0.014783
v 0.158344 -0.003177 -0.015137
v 0.100002 0.008634 -0.059377
v 0.100002 0.009578 -0.058877
v 0.104655 0.009546 -0.058697
v 0.100002 0.011612 -0.057262
v 0.100002 0.012091 -0.056743
v 0.104524 0.012060 -0.056568
v 0.100002 0.013760 -0.054207
v 0.100002 0.013898 -0.053918
v 0.104330 0.013868 -0.053751
v 0.100002 0.004809 -0.060431
v 0.100002 0.006737 -0.060037
v 0.104706 0.006705 -0.059855
v 0.113996 0.006449 -0.058406
v 0.114009 0.004521 -0.058798
v 0.104710 0.004777 -0.060249
v 0.131324 0.005203 -0.051338
v 0.128286 0.003579 -0.053454
v 0.122943 0.005944 -0.055544
v 0.122963 0.004016 -0.055933
v 0.116288 0.004418 -0.058212
v 0.145586 0.003088 -0.039342
v 0.145626 0.001157 -0.039717
v 0.138934 0.004243 -0.045893
v 0.138969 0.002313 -0.046274
v 0.131352 0.003274 -0.051724
v 0.155434 -0.001622 -0.023955
v 0.154490 -0.001248 -0.026081
v 0.151115 0.001766 -0.031848
v 0.151160 -0.000166 -0.032216
v 0.147841 0.000679 -0.037006
v 0.159764 -0.002856 -0.005633
v 0.159817 -0.004792 -0.005979
v 0.158607 -0.003377 -0.014006
v 0.113845 0.009293 -0.057264
v 0.122694 0.008794 -0.054432
v 0.130985 0.008060 -0.050272
v 0.138513 0.007111 -0.044886
v 0.145092 0.005968 -0.038406
v 0.150561 0.004661 -0.030993
v 0.154786 0.003221 -0.022828
v 0.157661 0.001685 -0.014113
v 0.159117 0.000089 -0.005062
v 0.113456 0.011814 -0.055174
v 0.122057 0.011329 -0.052422
v 0.130115 0.010616 -0.048379
v 0.137431 0.009693 -0.043144
v 0.143826 0.008583 -0.036847
v 0.149141 0.007312 -0.029642
v 0.153247 0.005913 -0.021706
v 0.156042 0.004420 -0.013236
v 0.157456 0.002869 -0.004440
v 0.112880 0.013633 -0.052417
v 0.121113 0.013169 -0.049783
v 0.128825 0.012486 -0.045913
v 0.135828 0.011603 -0.040902
v 0.141949 0.010540 -0.034874
v 0.147037 0.009324 -0.027978
v 0.150967 0.007985 -0.020382
v 0.153642 0.006555 -0.012274
v 0.154996 0.005070 -0.003855
v 0.151842 0.006660 -0.003322
v 0.150565 0.008060 -0.011259
v 0.148044 0.009407 -0.018902
v 0.144340 0.010670 -0.026062
v 0.139543 0.011816 -0.032563
v 0.133774 0.012818 -0.038245
v 0.127172 0.013651 -0.042968
v 0.119902 0.014294 -0.046616
v 0.112141 0.014732 -0.049100
v 0.104082 0.014953 -0.050357
v 0.100002 0.014980 -0.050514
v 0.028759 0.014979 -0.050514
v 0.060004 0.014979 -0.050514
v 0.028759 0.013755 -0.054214
v 0.060004 0.012993 -0.055548
v 0.060004 0.009661 -0.058825
v 0.028759 0.011610 -0.057262
v 0.028759 0.012993 -0.055548
v 0.060004 0.004809 -0.060431
v 0.028759 0.004809 -0.060431
v 0.060004 0.005475 -0.060310
v 0.028759 0.005475 -0.060310
v 0.028759 0.008602 -0.059391
v 0.028759 0.009661 -0.058825
v 0.020005 0.004809 -0.060431
v 0.020005 0.004071 -0.060561
v 0.100002 0.004071 -0.060561
v 0.091248 0.004809 -0.060431
v -0.038600 -0.007843 0.011320
v -0.038337 -0.008042 0.012451
v -0.038302 -0.006354 0.012740
v -0.034483 -0.009972 0.023395
v -0.031153 -0.011053 0.029530
v -0.031123 -0.009364 0.029809
v 0.020005 -0.013121 0.058093
v 0.020005 -0.011280 0.057964
v 0.015345 -0.011248 0.057784
v 0.020005 -0.009541 0.057506
v 0.020005 -0.008175 0.056905
v 0.015469 -0.008144 0.056730
v 0.020005 -0.006044 0.055460
v 0.020005 -0.005481 0.054951
v 0.015657 -0.005452 0.054782
v -0.035240 0.003386 0.004658
v -0.031883 0.005360 0.004045
v -0.031995 0.005950 0.000695
v -0.035411 0.004142 0.000376
v -0.037803 0.001864 -0.000025
v -0.037625 0.001076 0.004441
v -0.039385 -0.000967 -0.000524
v -0.039202 -0.001776 0.004065
v -0.039959 -0.003923 -0.001046
v -0.039774 -0.004740 0.003588
v -0.039995 -0.005610 -0.001343
v -0.039809 -0.006427 0.003293
v 0.006007 -0.014048 0.056376
v 0.005998 -0.015741 0.056112
v 0.015300 -0.014304 0.057825
v 0.015298 -0.015996 0.057563
v 0.020005 -0.014336 0.058007
v 0.020005 -0.016028 0.057745
v -0.011326 -0.012802 0.049305
v -0.008278 -0.014798 0.050768
v -0.002942 -0.013543 0.053512
v -0.002956 -0.015235 0.053247
v 0.003719 -0.015637 0.055526
v -0.025592 -0.010686 0.037306
v -0.027834 -0.011898 0.034320
v -0.025619 -0.012376 0.037031
v -0.018938 -0.011841 0.043858
v -0.018961 -0.013532 0.043588
v -0.011345 -0.014493 0.049038
v -0.035394 -0.007908 0.021553
v -0.035427 -0.009597 0.021269
v 0.006141 -0.010995 0.056348
v -0.002723 -0.010495 0.053512
v -0.011026 -0.009760 0.049345
v -0.018566 -0.008809 0.043950
v -0.025156 -0.007665 0.037461
v -0.030634 -0.006355 0.030036
v 0.006510 -0.007898 0.055332
v -0.002117 -0.007411 0.052572
v -0.010200 -0.006696 0.048516
v -0.017539 -0.005770 0.043265
v -0.023953 -0.004656 0.036948
v -0.029285 -0.003382 0.029721
v 0.007068 -0.005216 0.053443
v -0.001202 -0.004749 0.050796
v -0.008950 -0.004063 0.046909
v -0.015985 -0.003176 0.041875
v -0.022134 -0.002108 0.035820
v -0.027245 -0.000887 0.028891
v 0.020005 -0.003079 0.051905
v 0.016604 -0.003060 0.051795
v 0.009194 -0.002882 0.050786
v 0.002007 -0.002521 0.048740
v -0.004807 -0.001985 0.045699
v -0.011108 -0.001285 0.041727
v -0.016764 -0.000435 0.036906
v -0.021660 0.000548 0.031335
v -0.024332 0.001232 0.027452
v -0.025693 0.001642 0.025130
v -0.034865 -0.004914 0.021858
v -0.033403 -0.001978 0.021761
v -0.031193 0.000459 0.021261
v -0.028780 0.002825 0.018420
v -0.037744 -0.003374 0.013129
v -0.036206 -0.000480 0.013265
v -0.033880 0.001895 0.013117
v -0.030858 0.004073 0.011342
v -0.038302 -0.001492 -0.014831
v -0.035394 0.000061 -0.023644
v -0.035427 -0.001622 -0.023955
v 0.020005 0.011612 -0.057262
v 0.020005 0.009346 -0.059012
v 0.015345 0.009314 -0.058832
v 0.020005 0.008603 -0.059391
v 0.020005 0.006489 -0.060098
v 0.015300 0.006457 -0.059916
v -0.031883 0.006541 -0.002654
v -0.039809 -0.004792 -0.005979
v -0.039774 -0.003106 -0.005679
v -0.038600 -0.003377 -0.014006
v -0.038337 -0.003177 -0.015137
v -0.025592 0.002839 -0.039397
v -0.027834 0.000679 -0.037006
v -0.031122 0.001517 -0.031901
v -0.031153 -0.000166 -0.032216
v -0.034483 -0.001248 -0.026081
v -0.011326 0.004955 -0.051396
v -0.011345 0.003274 -0.051724
v -0.018938 0.003995 -0.045950
v -0.018961 0.002313 -0.046274
v -0.025619 0.001157 -0.039717
v 0.015298 0.004777 -0.060249
v 0.005998 0.004521 -0.058798
v 0.006007 0.006202 -0.058467
v 0.003719 0.004418 -0.058212
v -0.002942 0.005697 -0.055603
v -0.002956 0.004016 -0.055933
v -0.008278 0.003579 -0.053454
v -0.039202 -0.000158 -0.005113
v -0.037744 0.001441 -0.014178
v -0.034865 0.002980 -0.022907
v -0.030634 0.004422 -0.031084
v -0.025156 0.005731 -0.038509
v -0.018566 0.006875 -0.044999
v -0.011026 0.007827 -0.050394
v -0.002723 0.008561 -0.054560
v 0.006141 0.009061 -0.057396
v -0.037625 0.002651 -0.004492
v -0.036206 0.004207 -0.013315
v -0.033403 0.005705 -0.021811
v -0.029285 0.007109 -0.029771
v -0.023953 0.008383 -0.036998
v -0.017539 0.009497 -0.043315
v -0.010200 0.010423 -0.048566
v 0.020005 0.011902 -0.056955
v 0.015469 0.011871 -0.056780
v 0.006510 0.011625 -0.055382
v -0.002117 0.011138 -0.052622
v -0.035240 0.004897 -0.003905
v -0.033880 0.006388 -0.012364
v -0.031192 0.007824 -0.020508
v -0.027245 0.009170 -0.028138
v -0.022133 0.010391 -0.035066
v -0.015985 0.011459 -0.041122
v 0.020005 0.013765 -0.054197
v 0.015657 0.013735 -0.054029
v 0.007068 0.013499 -0.052689
v -0.001202 0.013032 -0.050043
v -0.008950 0.012347 -0.046155
v -0.016764 0.012335 -0.035515
v -0.021660 0.011353 -0.029945
v -0.025693 0.010259 -0.023740
v -0.028781 0.009076 -0.017029
v -0.030858 0.007828 -0.009952
v -0.011108 0.013185 -0.040336
v 0.020005 0.014979 -0.050514
v 0.016604 0.014961 -0.050405
v 0.009194 0.014783 -0.049395
v 0.002007 0.014422 -0.047349
v -0.004807 0.013886 -0.044308
v -0.007165 0.013649 -0.042968
v 0.010619 0.003942 -0.059834
v 0.003719 0.003680 -0.058343
v 0.001464 0.003561 -0.057669
v -0.007234 0.002935 -0.054121
v -0.008279 0.002841 -0.053584
v -0.015262 0.002081 -0.049276
v -0.018962 0.001574 -0.046404
v -0.022421 0.001019 -0.043255
v -0.027834 -0.000060 -0.037136
v -0.028536 -0.000224 -0.036204
v -0.033455 -0.001618 -0.028299
v -0.034483 -0.001986 -0.026211
v -0.037058 -0.003128 -0.019732
v -0.038601 -0.004115 -0.014136
v -0.039256 -0.004718 -0.010717
v -0.039995 -0.006348 -0.001473
v -0.039256 -0.007978 0.007770
v -0.038601 -0.008581 0.011190
v -0.037058 -0.009568 0.016786
v -0.034483 -0.010710 0.023265
v -0.033455 -0.011078 0.025352
v -0.028536 -0.012472 0.033258
v -0.027834 -0.012636 0.034190
v -0.022421 -0.013715 0.040308
v -0.018962 -0.014271 0.043458
v -0.015262 -0.014777 0.046330
v -0.008279 -0.015537 0.050638
v -0.007234 -0.015631 0.051175
v 0.001464 -0.016257 0.054723
v 0.003719 -0.016376 0.055396
v 0.010619 -0.016639 0.056887
v 0.020005 -0.016767 0.057615
v 0.100002 0.003809 -0.060437
v 0.020005 0.003809 -0.060437
v 0.100002 0.003836 -0.060476
v 0.020005 0.003836 -0.060476
v 0.100002 0.003881 -0.060518
v 0.020005 0.003881 -0.060518
v 0.100002 0.003942 -0.060550
v 0.020005 0.003942 -0.060550
v 0.100002 0.003981 -0.060561
v 0.020005 0.003981 -0.060561
v 0.028683 -0.003081 0.051904
v 0.024382 -0.003086 0.051904
v 0.024411 -0.004392 0.053766
v 0.024409 -0.009545 0.057495
v 0.028759 -0.006667 0.055955
v 0.024410 -0.006051 0.055452
v 0.028759 -0.004388 0.053769
v 0.028759 -0.015360 0.057860
v 0.028759 -0.013122 0.058093
v 0.024408 -0.013121 0.058074
v 0.028759 -0.010918 0.057895
v 0.028759 -0.009542 0.057505
v 0.024408 -0.016029 0.057745
v 0.028759 -0.016029 0.057745
v 0.028759 -0.003082 0.051904
v 0.010631 0.003753 -0.059791
v 0.010621 0.003853 -0.059833
v 0.001469 0.003472 -0.057670
v -0.007227 0.002846 -0.054122
v -0.015252 0.001992 -0.049279
v -0.022410 0.000931 -0.043259
v -0.028523 -0.000312 -0.036210
v -0.033441 -0.001706 -0.028307
v -0.037043 -0.003216 -0.019743
v -0.039240 -0.004805 -0.010729
v -0.039979 -0.006435 -0.001488
v -0.039240 -0.008064 0.007753
v -0.037043 -0.009653 0.016766
v -0.033441 -0.011163 0.025330
v -0.028523 -0.012557 0.033233
v -0.022410 -0.013800 0.040282
v -0.015252 -0.014861 0.046302
v -0.007227 -0.015715 0.051145
v 0.001469 -0.016341 0.054693
v 0.010621 -0.016722 0.056857
v 0.020005 -0.016851 0.057584
v 0.020005 -0.016809 0.057604
v 0.020005 -0.016970 0.057408
v 0.015311 -0.016938 0.057227
v -0.018852 -0.014481 0.043291
v -0.028500 -0.012651 0.033092
v -0.025491 -0.013328 0.036753
v -0.022287 -0.013907 0.040279
v -0.031010 -0.012009 0.029273
v -0.033421 -0.011244 0.025191
v -0.035272 -0.010557 0.021034
v -0.039642 -0.005766 -0.006137
v -0.039151 -0.004893 -0.010833
v -0.038173 -0.004155 -0.015269
v -0.025491 0.000167 -0.039781
v -0.022287 0.000832 -0.043296
v -0.018852 0.001320 -0.046319
v 0.015311 0.003777 -0.060255
v 0.010732 0.003741 -0.059796
v 0.006038 0.003522 -0.058809
v 0.001487 0.003372 -0.057630
v -0.015206 0.001828 -0.049169
v -0.015217 0.001894 -0.049247
v -0.011257 0.002278 -0.051754
v -0.007200 0.002747 -0.054086
v -0.007104 0.002741 -0.054121
v -0.002891 0.003018 -0.055951
v 0.001441 0.003320 -0.057566
v -0.022368 0.000834 -0.043233
v -0.028475 -0.000408 -0.036192
v -0.036978 -0.003353 -0.019658
v -0.036986 -0.003309 -0.019740
v -0.035272 -0.002605 -0.024063
v -0.033388 -0.001800 -0.028296
v -0.033330 -0.001798 -0.028380
v -0.031010 -0.001152 -0.032301
v -0.028482 -0.000458 -0.036112
v -0.039181 -0.004897 -0.010736
v -0.039919 -0.006524 -0.001504
v -0.036903 -0.009792 0.016751
v -0.036986 -0.009740 0.016732
v -0.038173 -0.009006 0.012241
v -0.039181 -0.008152 0.007728
v -0.039183 -0.008147 0.007626
v -0.039642 -0.007396 0.003109
v -0.039832 -0.006573 -0.001544
v -0.033388 -0.011248 0.025287
v -0.028475 -0.012641 0.033183
v -0.022368 -0.013882 0.040225
v -0.015217 -0.014943 0.046239
v -0.007104 -0.015814 0.051107
v -0.002891 -0.016179 0.052923
v 0.001404 -0.016430 0.054570
v 0.006038 -0.016683 0.055780
v 0.010631 -0.016802 0.056783
v 0.001487 -0.016421 0.054621
v -0.015282 -0.014948 0.046165
v -0.011257 -0.015439 0.048725
v -0.007200 -0.015796 0.051077
v 0.010730 -0.016816 0.056779
v 0.020005 -0.016930 0.057509
v 0.020005 -0.016963 0.057440
v 0.020005 -0.016905 0.057540
v 0.060004 -0.003081 0.051905
v 0.060004 -0.006667 0.055955
v 0.060004 -0.010918 0.057895
v 0.060004 -0.016029 0.057745
v 0.060004 -0.015360 0.057860
v 0.100002 -0.016905 0.057540
v 0.100002 -0.016930 0.057509
v 0.109376 -0.016802 0.056783
v 0.109388 -0.016639 0.056887
v 0.100002 -0.016767 0.057615
v 0.100002 -0.016809 0.057604
v 0.109386 -0.016722 0.056857
v 0.116288 -0.016376 0.055396
v 0.118538 -0.016341 0.054693
v 0.118543 -0.016257 0.054723
v 0.127234 -0.015715 0.051145
v 0.127241 -0.015631 0.051175
v 0.128286 -0.015537 0.050638
v 0.135260 -0.014861 0.046302
v 0.135269 -0.014777 0.046330
v 0.138969 -0.014271 0.043458
v 0.142417 -0.013800 0.040282
v 0.142428 -0.013715 0.040308
v 0.147841 -0.012636 0.034190
v 0.148530 -0.012557 0.033233
v 0.148543 -0.012472 0.033258
v 0.153448 -0.011163 0.025330
v 0.153462 -0.011078 0.025352
v 0.154490 -0.010710 0.023265
v 0.157050 -0.009653 0.016766
v 0.157065 -0.009568 0.016786
v 0.158608 -0.008581 0.011190
v 0.159247 -0.008064 0.007753
v 0.159263 -0.007978 0.007770
v 0.159986 -0.006435 -0.001488
v 0.160002 -0.006348 -0.001473
v 0.159247 -0.004805 -0.010729
v 0.159263 -0.004718 -0.010717
v 0.158608 -0.004115 -0.014136
v 0.157050 -0.003216 -0.019743
v 0.157065 -0.003128 -0.019732
v 0.154490 -0.001986 -0.026211
v 0.153448 -0.001706 -0.028307
v 0.153462 -0.001618 -0.028299
v 0.148530 -0.000312 -0.036210
v 0.148543 -0.000224 -0.036204
v 0.147841 -0.000060 -0.037136
v 0.142417 0.000931 -0.043259
v 0.142428 0.001019 -0.043255
v 0.138969 0.001574 -0.046404
v 0.135260 0.001992 -0.049279
v 0.135269 0.002081 -0.049276
v 0.128286 0.002841 -0.053584
v 0.127234 0.002846 -0.054122
v 0.127241 0.002935 -0.054121
v 0.118538 0.003472 -0.057670
v 0.118543 0.003561 -0.057669
v 0.116288 0.003680 -0.058343
v 0.109386 0.003853 -0.059833
v 0.109388 0.003942 -0.059834
v 0.109361 0.003679 -0.059707
v 0.113970 0.003522 -0.058809
v 0.118490 0.003298 -0.057549
v 0.122899 0.003018 -0.055951
v 0.127112 0.002740 -0.054120
v 0.131264 0.002278 -0.051754
v 0.135168 0.001823 -0.049180
v 0.142307 0.000764 -0.043176
v 0.138860 0.001320 -0.046319
v 0.148403 -0.000476 -0.036146
v 0.151017 -0.001152 -0.032301
v 0.153428 -0.001829 -0.028204
v 0.155279 -0.002605 -0.024063
v 0.159839 -0.006584 -0.001484
v 0.159649 -0.005766 -0.006137
v 0.159093 -0.004957 -0.010731
v 0.159093 -0.008207 0.007702
v 0.158180 -0.009006 0.012241
v 0.156901 -0.009792 0.016692
v 0.155279 -0.010557 0.021034
v 0.153337 -0.011275 0.025367
v 0.151017 -0.012009 0.029273
v 0.142307 -0.013928 0.040147
v 0.145498 -0.013328 0.036753
v 0.148403 -0.012688 0.033117
v 0.135168 -0.014987 0.046152
v 0.131264 -0.015439 0.048725
v 0.127111 -0.015814 0.051108
v 0.122899 -0.016179 0.052923
v 0.100002 -0.016970 0.057408
v 0.104696 -0.016938 0.057227
v 0.109361 -0.016843 0.056679
v 0.118490 -0.016462 0.054520
v 0.113970 -0.016683 0.055780
v 0.118520 -0.016421 0.054621
v 0.100002 -0.016963 0.057440
v 0.138860 -0.014481 0.043291
v 0.142375 -0.013882 0.040225
v 0.135225 -0.014943 0.046239
v 0.127207 -0.015796 0.051077
v 0.148482 -0.012641 0.033183
v 0.153395 -0.011248 0.025287
v 0.156993 -0.009740 0.016732
v 0.159649 -0.007396 0.003109
v 0.159926 -0.006524 -0.001504
v 0.159188 -0.008152 0.007728
v 0.156901 -0.003372 -0.019721
v 0.158180 -0.004155 -0.015269
v 0.156993 -0.003309 -0.019740
v 0.159188 -0.004897 -0.010736
v 0.145498 0.000167 -0.039781
v 0.142375 0.000834 -0.043233
v 0.148482 -0.000408 -0.036192
v 0.153395 -0.001800 -0.028296
v 0.135225 0.001894 -0.049247
v 0.127207 0.002747 -0.054086
v 0.118520 0.003372 -0.057630
v 0.109376 0.003753 -0.059791
v 0.104696 0.003777 -0.060255
v 0.100002 -0.016851 0.057584
v 0.091248 -0.003081 0.051905
v 0.091248 -0.004390 0.053772
v 0.091248 -0.016029 0.057745
v 0.091248 -0.015360 0.057860
v 0.091248 -0.013282 0.058088
v 0.091248 -0.010918 0.057895
v 0.091248 -0.009696 0.057560
v 0.091248 -0.006667 0.055955
v 0.024353 0.013748 -0.054210
v 0.024355 0.008594 -0.059373
v 0.024354 0.011602 -0.057253
v 0.091248 0.005476 -0.060310
v 0.091248 0.008632 -0.059377
v 0.091248 0.009661 -0.058825
v 0.091248 0.011610 -0.057262
v 0.091248 0.012993 -0.055548
v 0.091248 0.014979 -0.050514
v 0.091248 0.013758 -0.054207
v 0.095312 0.014973 -0.050515
v 0.095625 0.014973 -0.050515
v 0.097814 0.014973 -0.050515
v 0.098970 0.014976 -0.050515
v 0.093437 -0.003083 0.051905
v 0.099083 -0.003081 0.051904
v 0.098118 -0.003084 0.051904
v 0.097814 -0.003085 0.051904
v 0.095728 -0.003086 0.051903
v 0.095625 -0.003086 0.051904
v 0.093672 -0.003083 0.051904
v 0.151805 0.006021 0.000708
v 0.149350 0.006682 0.000824
v 0.149244 0.006121 0.004003
v 0.148271 0.004900 0.010928
v 0.146300 0.003716 0.017645
v 0.143370 0.002593 0.024013
v 0.139542 0.001555 0.029902
v 0.134896 0.000623 0.035188
v 0.129528 -0.000184 0.039764
v 0.123549 -0.000849 0.043533
v 0.117082 -0.001358 0.046418
v 0.110262 -0.001700 0.048360
v 0.103230 -0.001869 0.049318
v 0.105742 -0.000948 0.046523
v 0.100002 -0.001011 0.046873
v 0.100002 -0.001887 0.049422
v 0.120810 -0.000161 0.042054
v 0.116088 -0.000514 0.044057
v 0.110857 -0.000788 0.045611
v 0.134003 0.001541 0.032402
v 0.130060 0.000894 0.036075
v 0.125731 0.000332 0.039259
v 0.137404 0.002246 0.028407
v 0.140540 0.003076 0.023697
v 0.143168 0.004009 0.018408
v 0.144937 0.004899 0.013363
v 0.146174 0.005901 0.007677
v 0.146665 0.006850 0.002296
v 0.146687 0.007096 0.000897
v 0.149216 0.007350 -0.002991
v 0.148004 0.008679 -0.010526
v 0.145610 0.009958 -0.017781
v 0.142093 0.011156 -0.024578
v 0.137540 0.012245 -0.030750
v 0.132063 0.013196 -0.036144
v 0.125796 0.013986 -0.040628
v 0.118894 0.014597 -0.044091
v 0.111526 0.015013 -0.046449
v 0.103875 0.015223 -0.047642
v 0.100002 0.015250 -0.047792
v 0.100002 0.015203 -0.045078
v 0.103665 0.015178 -0.044936
v 0.110900 0.014979 -0.043807
v 0.117868 0.014586 -0.041578
v 0.124395 0.014008 -0.038303
v 0.130321 0.013261 -0.034062
v 0.146543 0.007732 -0.002710
v 0.145397 0.008989 -0.009835
v 0.143133 0.010199 -0.016696
v 0.139807 0.011332 -0.023125
v 0.135501 0.012361 -0.028961
v 0.133014 0.012828 -0.031611
v 0.138840 0.002965 0.024910
v 0.141309 0.003742 0.020505
v 0.100002 -0.000766 0.046066
v 0.105035 -0.000717 0.045793
v 0.124367 0.000452 0.039162
v 0.119895 0.000023 0.041595
v 0.145844 0.007197 0.000915
v 0.135847 0.002232 0.029066
v 0.132421 0.001566 0.032842
v 0.128588 0.000972 0.036215
v 0.115082 -0.000322 0.043554
v 0.110204 -0.000566 0.044934
v 0.143299 0.004577 0.015766
v 0.144700 0.005424 0.010962
v 0.145573 0.006322 0.005871
v 0.091248 -0.001895 0.049439
v 0.091248 -0.001011 0.046873
v 0.060004 -0.001895 0.049439
v 0.060004 -0.001012 0.046874
v 0.028759 -0.001012 0.046873
v 0.028759 -0.001895 0.049439
v 0.020005 -0.000764 0.046061
v 0.020005 -0.001009 0.046873
v 0.020005 -0.001601 0.048660
v 0.020005 -0.001894 0.049440
v 0.028759 0.015201 -0.045079
v 0.060004 0.015201 -0.045079
v 0.028759 0.015257 -0.046957
v 0.060004 0.015249 -0.047793
v 0.028759 0.015249 -0.047793
v 0.091248 0.015249 -0.047776
v 0.091248 0.015201 -0.045078
v 0.100002 0.015157 -0.044231
v 0.020005 0.015251 -0.047773
v 0.020005 0.015157 -0.044231
v 0.020005 0.015203 -0.045078
v 0.124365 0.013940 -0.037328
v 0.119892 0.014369 -0.039760
v 0.115081 0.014714 -0.041718
v 0.135843 0.012160 -0.027233
v 0.132418 0.012825 -0.031007
v 0.128584 0.013420 -0.034381
v 0.143294 0.009815 -0.013934
v 0.141305 0.010650 -0.018673
v 0.138836 0.011427 -0.023076
v 0.145567 0.008070 -0.004040
v 0.144695 0.008968 -0.009131
v 0.110203 0.014957 -0.043099
v 0.105035 0.015109 -0.043958
v -0.025837 0.007197 0.000915
v -0.026679 0.007096 0.000897
v -0.026579 0.006565 0.003904
v 0.010299 -0.000834 0.045868
v 0.016952 -0.000994 0.046774
v 0.014973 -0.000716 0.045788
v -0.023287 0.004578 0.015764
v -0.023794 0.004290 0.016810
v -0.021297 0.003743 0.020503
v -0.021022 0.003227 0.022835
v -0.018828 0.002966 0.024907
v -0.017401 0.002245 0.028405
v -0.025560 0.006323 0.005871
v -0.025659 0.005410 0.010456
v -0.024688 0.005425 0.010961
v 0.009804 -0.000564 0.044929
v 0.003847 -0.000510 0.044031
v -0.004357 0.000453 0.039158
v 0.000115 0.000024 0.041590
v 0.004927 -0.000321 0.043549
v -0.015836 0.002233 0.029063
v -0.012410 0.001568 0.032838
v -0.008577 0.000973 0.036212
v -0.013006 0.001363 0.033407
v -0.007927 0.000600 0.037735
v -0.002271 -0.000029 0.041301
v -0.031798 0.006021 0.000708
v 0.016776 -0.001876 0.049336
v 0.009741 -0.001707 0.048377
v 0.002919 -0.001364 0.046435
v -0.003550 -0.000855 0.043548
v -0.009532 -0.000190 0.039778
v -0.014902 0.000617 0.035200
v -0.019550 0.001549 0.029912
v -0.023379 0.002588 0.024021
v -0.029342 0.006682 0.000824
v -0.029255 0.006118 0.004003
v -0.028282 0.004896 0.010932
v -0.026310 0.003711 0.017651
v -0.029237 0.007242 -0.002354
v -0.028264 0.008463 -0.009280
v -0.026292 0.009648 -0.015996
v -0.023362 0.010771 -0.022364
v -0.019535 0.011809 -0.028253
v -0.014889 0.012741 -0.033539
v -0.009521 0.013548 -0.038115
v -0.003542 0.014212 -0.041884
v 0.002925 0.014721 -0.044770
v 0.009745 0.015064 -0.046711
v 0.016778 0.015232 -0.047669
v 0.014265 0.015141 -0.044727
v -0.000803 0.014353 -0.040259
v 0.003920 0.014707 -0.042262
v 0.009151 0.014981 -0.043815
v -0.013995 0.012651 -0.030607
v -0.010052 0.013299 -0.034280
v -0.005723 0.013861 -0.037464
v -0.017396 0.011948 -0.026613
v -0.020532 0.011117 -0.021903
v -0.023160 0.010184 -0.016614
v -0.024929 0.009295 -0.011568
v -0.026167 0.008292 -0.005883
v -0.026657 0.007343 -0.000502
v -0.018828 0.011427 -0.023077
v -0.021297 0.010650 -0.018673
v -0.004357 0.013940 -0.037328
v 0.000115 0.014369 -0.039760
v -0.015836 0.012160 -0.027233
v -0.012410 0.012825 -0.031008
v -0.008577 0.013420 -0.034381
v 0.004927 0.014714 -0.041719
v 0.014973 0.015109 -0.043958
v 0.009804 0.014957 -0.043099
v -0.023286 0.009815 -0.013934
v -0.024688 0.008968 -0.009131
v -0.025560 0.008070 -0.004041
v 0.137049 0.007775 -0.000001
v 0.132503 0.002357 -0.000001
v 0.136908 0.007632 0.000840
v 0.132313 0.002357 0.002169
v 0.136099 0.007155 0.003730
v 0.134830 0.006728 0.006431
v 0.130829 0.002357 0.006249
v 0.133121 0.006358 0.008903
v 0.131038 0.006062 0.011038
v 0.128038 0.002357 0.009574
v 0.131021 0.006060 0.011052
v 0.128584 0.005842 0.012812
v 0.124279 0.002357 0.011745
v 0.125890 0.005712 0.014131
v 0.123007 0.005670 0.014977
v 0.120004 0.002357 0.012499
v 0.120004 0.005721 0.015322
v 0.120004 0.012074 -0.020654
v 0.120004 0.002357 -0.012501
v 0.121915 0.011970 -0.020478
v 0.124279 0.002357 -0.011747
v 0.127229 0.002357 -0.010201
v 0.128239 0.011337 -0.018265
v 0.125034 0.011718 -0.019724
v 0.132313 0.002357 -0.002172
v 0.137226 0.008294 -0.002989
v 0.132086 0.002357 -0.003205
v 0.136736 0.008985 -0.006802
v 0.130829 0.002357 -0.006251
v 0.136732 0.008988 -0.006816
v 0.136728 0.008991 -0.006834
v 0.136640 0.009056 -0.007184
v 0.135469 0.009667 -0.010395
v 0.130271 0.002357 -0.007130
v 0.133964 0.010184 -0.012988
v 0.128038 0.002357 -0.009577
v 0.133423 0.010335 -0.013725
v 0.131053 0.010870 -0.016242
v 0.000004 0.002357 -0.012501
v 0.024446 0.012482 -0.020997
v 0.022364 0.012483 -0.020997
v 0.110007 0.012385 -0.020916
v 0.100002 0.012483 -0.020998
v 0.091248 0.012484 -0.020998
v 0.028759 0.012484 -0.020998
v 0.020005 0.012484 -0.020998
v 0.010001 0.012385 -0.020916
v 0.000004 0.012074 -0.020654
v -0.012496 0.002357 -0.000001
v -0.017042 0.007774 -0.000001
v -0.016901 0.007632 0.000840
v 0.000004 0.005721 0.015322
v 0.000004 0.002357 0.012499
v -0.002992 0.005671 0.014978
v -0.004272 0.002357 0.011745
v -0.005875 0.005712 0.014132
v -0.007184 0.002357 0.010225
v -0.010223 0.002357 0.007186
v -0.011035 0.006062 0.011034
v -0.008031 0.002357 0.009574
v -0.011018 0.006060 0.011049
v -0.008575 0.005842 0.012812
v -0.012306 0.002357 0.002169
v -0.016092 0.007154 0.003732
v -0.012053 0.002357 0.003297
v -0.014827 0.006728 0.006429
v -0.010822 0.002357 0.006249
v -0.013120 0.006359 0.008898
v -0.012953 0.006330 0.009097
v -0.017220 0.008161 -0.002248
v -0.012306 0.002357 -0.002172
v -0.010520 0.010969 -0.016685
v -0.013082 0.010422 -0.014142
v -0.008031 0.002357 -0.009577
v -0.013406 0.010337 -0.013736
v -0.010223 0.002357 -0.007189
v -0.015156 0.009784 -0.011003
v -0.010822 0.002357 -0.006251
v -0.016391 0.009203 -0.008005
v -0.012053 0.002357 -0.003300
v -0.016954 0.008769 -0.005669
v -0.017217 0.008292 -0.003000
v -0.007184 0.002357 -0.010228
v -0.004272 0.002357 -0.011747
v -0.007498 0.011437 -0.018669
v -0.003877 0.011824 -0.020072
v 0.110005 0.005946 0.015510
v 0.010002 0.005946 0.015510
v 0.020005 0.006017 0.015569
v 0.024325 0.006016 0.015569
v 0.026408 0.006017 0.015569
v 0.028759 0.006017 0.015570
v 0.091248 0.006017 0.015570
v 0.100002 0.006017 0.015570
v -0.004809 0.002000 0.008334
v -0.008332 0.002000 0.004811
v -0.010158 0.002000 0.005866
v -0.011552 0.002000 0.002036
v -0.009621 0.002000 -0.000001
v -0.011552 0.002000 -0.002039
v -0.010158 0.002000 -0.005868
v -0.008332 0.002000 -0.004814
v -0.007539 0.002000 -0.008990
v -0.004809 0.002000 -0.008337
v -0.004010 0.002000 -0.011027
v 0.127108 0.002000 0.006493
v 0.130165 0.002000 0.005866
v 0.129337 0.002000 0.002351
v 0.131559 0.002000 0.002036
v 0.129337 0.002000 -0.002353
v 0.131559 0.002000 -0.002039
v 0.127108 0.002000 -0.006495
v 0.111668 0.002000 0.004811
v 0.000004 0.002000 0.011733
v 0.115191 0.002000 0.008334
v 0.120004 0.002000 0.011733
v 0.120004 0.002000 0.009624
v 0.111668 0.002000 -0.004814
v 0.007108 0.002000 -0.006495
v 0.110379 0.002000 -0.000001
v 0.009337 0.002000 -0.002353
v 0.009337 0.002000 0.002351
v 0.000004 0.002000 -0.011735
v 0.000004 0.002000 -0.009626
v 0.003183 0.002000 -0.009086
v 0.130165 0.002000 -0.005868
v 0.127546 0.002000 -0.008990
v 0.123183 0.002000 -0.009086
v 0.124017 0.002000 -0.011027
v 0.120004 0.002000 -0.009626
v 0.120004 0.002000 -0.011735
v 0.115191 0.002000 -0.008337
v 0.123183 0.002000 0.009084
v 0.124017 0.002000 0.011025
v 0.127546 0.002000 0.008987
v 0.007108 0.002000 0.006493
v 0.003183 0.002000 0.009084
v 0.000004 0.002000 0.009624
v -0.004010 0.002000 0.011025
v -0.007539 0.002000 0.008987
v 0.028759 0.006292 0.015946
v 0.020005 0.006370 0.016266
v 0.028759 0.006360 0.016187
v 0.020005 0.006314 0.016003
v 0.020005 0.006192 0.015764
v -0.000007 0.005896 0.015511
v -0.000025 0.006076 0.016024
v -0.000017 0.006022 0.015755
v 0.091248 0.006292 0.015946
v 0.091248 0.006360 0.016187
v -0.008667 0.006019 0.012983
v -0.011133 0.006235 0.011203
v -0.008787 0.006142 0.013194
v -0.011282 0.006357 0.011389
v -0.008922 0.006196 0.013423
v -0.011451 0.006412 0.011591
v -0.005942 0.005889 0.014316
v -0.006028 0.006013 0.014544
v -0.006123 0.006067 0.014794
v -0.003031 0.005848 0.015170
v -0.003079 0.005973 0.015409
v -0.003132 0.006026 0.015672
v -0.013426 0.006650 0.009187
v -0.015162 0.007013 0.006672
v -0.016456 0.007435 0.003907
v -0.017271 0.007905 0.000953
v 0.100002 0.006194 0.015763
v 0.100002 0.006372 0.016272
v 0.100002 0.006318 0.016005
v -0.015761 0.009927 -0.010547
v -0.017077 0.009245 -0.006856
v -0.017587 0.008561 -0.002965
v -0.013695 0.010579 -0.013886
v -0.010954 0.011171 -0.016726
v -0.000016 0.012304 -0.020933
v -0.003967 0.012056 -0.020344
v -0.007667 0.011671 -0.018913
v 0.120033 0.006076 0.016024
v 0.120014 0.005896 0.015511
v 0.120024 0.006022 0.015755
v 0.009991 0.012618 -0.021200
v 0.020005 0.012716 -0.021282
v 0.009996 0.012513 -0.021045
v 0.020005 0.012611 -0.021127
v 0.131454 0.006411 0.011595
v 0.131136 0.006234 0.011206
v 0.133427 0.006650 0.009192
v 0.135165 0.007013 0.006674
v 0.136462 0.007435 0.003905
v 0.137286 0.007908 0.000955
v 0.131285 0.006357 0.011393
v 0.123046 0.005848 0.015169
v 0.123095 0.005972 0.015408
v 0.123148 0.006026 0.015671
v 0.125957 0.005889 0.014315
v 0.126043 0.006013 0.014543
v 0.126138 0.006066 0.014793
v 0.128676 0.006019 0.012983
v 0.128796 0.006142 0.013194
v 0.128931 0.006196 0.013423
v 0.028759 0.012715 -0.021278
v 0.137096 0.009246 -0.006844
v 0.135782 0.009928 -0.010537
v 0.133711 0.010581 -0.013887
v 0.130968 0.011173 -0.016727
v 0.127673 0.011675 -0.018920
v 0.123962 0.012060 -0.020351
v 0.120024 0.012307 -0.020939
v 0.137603 0.008562 -0.002954
v 0.091248 0.012715 -0.021280
v 0.100002 0.012715 -0.021280
v 0.110016 0.012617 -0.021198
v 0.110011 0.012513 -0.021044
v 0.100002 0.012611 -0.021126
v 0.120004 0.000000 0.009624
v 0.115191 0.000000 0.008334
v 0.111668 -0.000000 0.004811
v 0.110379 -0.000000 -0.000001
v 0.111668 0.000000 -0.004814
v 0.115191 -0.000000 -0.008337
v 0.120004 -0.000000 -0.009626
v 0.123183 0.000000 -0.009086
v 0.127108 0.000000 -0.006495
v 0.129337 0.000000 -0.002353
v 0.129337 -0.000000 0.002351
v 0.127108 0.000000 0.006493
v 0.123183 0.000000 0.009084
v 0.000004 0.000000 0.009624
v -0.004809 0.000000 0.008334
v -0.008332 -0.000000 0.004811
v -0.009621 -0.000000 -0.000001
v -0.008332 0.000000 -0.004814
v -0.004809 -0.000000 -0.008337
v 0.000004 -0.000000 -0.009626
v 0.003183 0.000000 -0.009086
v 0.007108 0.000000 -0.006495
v 0.009337 0.000000 -0.002353
v 0.009337 -0.000000 0.002351
v 0.007108 0.000000 0.006493
v 0.003183 0.000000 0.009084
v -0.007810 0.002094 0.009311
v -0.004154 0.002094 0.011422
v 0.000004 0.002094 0.012155
v -0.011968 0.002094 0.002110
v -0.010524 0.002094 0.006077
v -0.010524 0.002094 -0.006079
v -0.011968 0.002094 -0.002112
v 0.000004 0.002094 -0.012157
v -0.004154 0.002094 -0.011424
v -0.007810 0.002094 -0.009313
v 0.120004 0.002094 -0.012157
v 0.120004 0.002094 0.012155
v 0.124161 0.002094 0.011422
v 0.127818 0.002094 0.009311
v 0.130531 0.002094 0.006077
v 0.131975 0.002094 0.002110
v 0.131975 0.002094 -0.002112
v 0.130531 0.002094 -0.006079
v 0.127818 0.002094 -0.009313
v 0.124161 0.002094 -0.011424
v -0.037169 -0.031108 -0.004107
v -0.037169 -0.112425 -0.021910
v -0.036563 -0.096569 0.002928
v -0.036563 -0.053911 0.010450
v -0.036708 -0.053911 0.010450
v -0.036708 -0.096569 0.002928
v -0.039521 -0.030918 -0.013611
v -0.039871 -0.030441 -0.009709
v -0.039898 -0.030436 -0.009247
v -0.039303 -0.031376 -0.015307
v -0.038374 -0.034055 -0.020722
v -0.038996 -0.032141 -0.017327
v -0.038102 -0.035061 -0.022039
v -0.037205 -0.039662 -0.026098
v -0.037746 -0.036590 -0.023680
v -0.036563 -0.046964 -0.028945
v -0.036708 -0.046964 -0.028945
v -0.036838 -0.043165 -0.027880
v -0.037034 -0.041012 -0.026889
v -0.039238 -0.034895 0.003342
v -0.039995 -0.030740 -0.005774
v -0.039871 -0.031805 -0.001975
v -0.039521 -0.033588 0.001530
v -0.038032 -0.040740 0.008246
v -0.038374 -0.038967 0.007138
v -0.038996 -0.036007 0.004603
v -0.036838 -0.049976 0.010749
v -0.036997 -0.047997 0.010605
v -0.037205 -0.046075 0.010273
v -0.037746 -0.042361 0.009051
v -0.037180 -0.053852 0.010119
v -0.037180 -0.096511 0.002597
v -0.037075 -0.096541 0.002770
v -0.037075 -0.053883 0.010292
v -0.036908 -0.096562 0.002887
v -0.036908 -0.053903 0.010409
v -0.039618 -0.112791 -0.013281
v -0.039871 -0.113092 -0.016308
v -0.039898 -0.113097 -0.016769
v -0.039528 -0.112629 -0.012467
v -0.039303 -0.112158 -0.010711
v -0.039188 -0.111885 -0.009911
v -0.039134 -0.111751 -0.009555
v -0.038661 -0.110422 -0.006776
v -0.038647 -0.110378 -0.006701
v -0.038634 -0.110337 -0.006631
v -0.038380 -0.109500 -0.005325
v -0.038283 -0.109154 -0.004844
v -0.038097 -0.108453 -0.003955
v -0.037107 -0.103133 0.000531
v -0.037490 -0.105639 -0.001189
v -0.037557 -0.106002 -0.001488
v -0.038056 -0.108290 -0.003761
v -0.036822 -0.100111 0.001962
v -0.037013 -0.102332 0.000972
v -0.039994 -0.112767 -0.020387
v -0.039988 -0.112619 -0.021117
v -0.039383 -0.109303 -0.028490
v -0.039238 -0.108639 -0.029357
v -0.039305 -0.108945 -0.028970
v -0.039380 -0.109289 -0.028509
v -0.039778 -0.111211 -0.025249
v -0.039858 -0.111654 -0.024229
v -0.038032 -0.102793 -0.034263
v -0.038303 -0.104211 -0.033398
v -0.038515 -0.105262 -0.032645
v -0.038797 -0.106603 -0.031521
v -0.038707 -0.106182 -0.031896
v -0.038657 -0.105944 -0.032099
v -0.036950 -0.095020 -0.036678
v -0.036708 -0.089623 -0.036467
v -0.036563 -0.089623 -0.036467
v -0.036838 -0.093557 -0.036765
v -0.036867 -0.093979 -0.036751
v -0.037951 -0.102348 -0.034502
v -0.037425 -0.099111 -0.035845
v -0.037983 -0.102526 -0.034408
v -0.037373 -0.098745 -0.035956
v -0.037311 -0.098289 -0.036085
v -0.036997 -0.095535 -0.036621
v -0.037290 -0.050368 0.010411
v -0.037250 -0.050009 0.010531
v -0.037614 -0.046765 0.010051
v -0.037623 -0.046175 0.010059
v -0.037682 -0.046210 0.009934
v -0.038173 -0.042523 0.008850
v -0.038227 -0.042587 0.008728
v -0.038813 -0.039183 0.006958
v -0.038861 -0.039274 0.006843
v -0.039446 -0.036268 0.004450
v -0.039464 -0.036500 0.004456
v -0.039981 -0.033881 0.001406
v -0.039988 -0.034165 0.001520
v -0.040342 -0.032443 -0.001736
v -0.040339 -0.032120 -0.002066
v -0.040491 -0.031366 -0.005176
v -0.040465 -0.031066 -0.005832
v -0.040495 -0.031232 -0.005861
v -0.040339 -0.030769 -0.009731
v -0.040386 -0.030933 -0.009466
v -0.040073 -0.031294 -0.013080
v -0.039981 -0.031236 -0.013596
v -0.040017 -0.031395 -0.013564
v -0.039446 -0.032438 -0.017272
v -0.039487 -0.032582 -0.017215
v -0.038813 -0.034319 -0.020627
v -0.038860 -0.034444 -0.020549
v -0.038173 -0.036811 -0.023547
v -0.038247 -0.036821 -0.023366
v -0.037743 -0.039497 -0.025556
v -0.037623 -0.039829 -0.025931
v -0.037682 -0.039905 -0.025826
v -0.037250 -0.043270 -0.027686
v -0.037312 -0.043319 -0.027572
v -0.036908 -0.046971 -0.028904
v -0.037075 -0.046992 -0.028787
v -0.037138 -0.043220 -0.027794
v -0.036992 -0.043183 -0.027861
v -0.037909 -0.036627 -0.023678
v -0.037363 -0.039692 -0.026087
v -0.039172 -0.032182 -0.017339
v -0.038543 -0.034096 -0.020728
v -0.040059 -0.030478 -0.009720
v -0.039704 -0.030957 -0.013625
v -0.040184 -0.030776 -0.005781
v -0.040059 -0.031843 -0.001977
v -0.039704 -0.033629 0.001529
v -0.038543 -0.039008 0.007130
v -0.039172 -0.036050 0.004600
v -0.037511 -0.039750 -0.026029
v -0.038061 -0.036705 -0.023631
v -0.038701 -0.034189 -0.020695
v -0.039335 -0.032286 -0.017320
v -0.039871 -0.031069 -0.013620
v -0.040230 -0.030594 -0.009728
v -0.040356 -0.030892 -0.005801
v -0.040230 -0.031955 -0.002009
v -0.039871 -0.033733 0.001486
v -0.039335 -0.036142 0.004546
v -0.038701 -0.039084 0.007067
v -0.038061 -0.042453 0.008966
v -0.037909 -0.042396 0.009036
v -0.037511 -0.046135 0.010177
v -0.037363 -0.046099 0.010252
v -0.037137 -0.049999 0.010649
v -0.036992 -0.049987 0.010725
v -0.037180 -0.047022 -0.028614
v -0.036989 -0.100350 0.001845
v -0.037180 -0.089681 -0.036136
v -0.037075 -0.089651 -0.036309
v -0.037285 -0.093096 -0.036428
v -0.037250 -0.093525 -0.036548
v -0.037626 -0.096867 -0.036048
v -0.037623 -0.097358 -0.036076
v -0.037682 -0.097323 -0.035950
v -0.038173 -0.101010 -0.034867
v -0.038227 -0.100947 -0.034744
v -0.038812 -0.104350 -0.032975
v -0.038860 -0.104259 -0.032859
v -0.039446 -0.107266 -0.030467
v -0.039463 -0.107033 -0.030473
v -0.039981 -0.109653 -0.027423
v -0.039983 -0.109345 -0.027571
v -0.040339 -0.111073 -0.024323
v -0.040339 -0.111414 -0.023951
v -0.040490 -0.112161 -0.020873
v -0.040465 -0.112468 -0.020185
v -0.040495 -0.112301 -0.020156
v -0.040339 -0.112765 -0.016286
v -0.040386 -0.112601 -0.016552
v -0.040072 -0.112238 -0.012930
v -0.039981 -0.112298 -0.012421
v -0.040017 -0.112138 -0.012452
v -0.039446 -0.111097 -0.008744
v -0.039487 -0.110951 -0.008801
v -0.038812 -0.109214 -0.005389
v -0.038861 -0.109089 -0.005467
v -0.038173 -0.106723 -0.002469
v -0.038247 -0.106712 -0.002650
v -0.037743 -0.104037 -0.000461
v -0.037623 -0.103705 -0.000085
v -0.037682 -0.103628 -0.000191
v -0.037250 -0.100264 0.001671
v -0.037312 -0.100214 0.001556
v -0.037359 -0.103842 0.000071
v -0.037905 -0.106907 -0.002338
v -0.038540 -0.109439 -0.005288
v -0.039169 -0.111353 -0.008678
v -0.039700 -0.112578 -0.012392
v -0.040055 -0.113057 -0.016297
v -0.040180 -0.112758 -0.020236
v -0.040055 -0.111691 -0.024040
v -0.039700 -0.109906 -0.027546
v -0.039169 -0.107485 -0.030617
v -0.038540 -0.104526 -0.033147
v -0.037905 -0.101138 -0.035053
v -0.037359 -0.097435 -0.036269
v -0.036989 -0.093546 -0.036742
v -0.036908 -0.089630 -0.036425
v -0.037136 -0.100314 0.001779
v -0.037509 -0.103784 0.000013
v -0.038059 -0.106830 -0.002384
v -0.038699 -0.109346 -0.005321
v -0.039333 -0.111249 -0.008696
v -0.039869 -0.112466 -0.012397
v -0.040228 -0.112941 -0.016289
v -0.040355 -0.112643 -0.020216
v -0.040228 -0.111580 -0.024008
v -0.039869 -0.109802 -0.027503
v -0.039333 -0.107393 -0.030564
v -0.038699 -0.104450 -0.033085
v -0.038059 -0.101081 -0.034984
v -0.037509 -0.097399 -0.036195
v -0.037136 -0.093535 -0.036667
v -0.037436 -0.093502 -0.036045
v 0.156570 -0.089623 -0.036467
v 0.156570 -0.046964 -0.028945
v 0.157176 -0.113018 -0.018549
v 0.157176 -0.030515 -0.007467
v 0.156715 -0.046964 -0.028945
v 0.156715 -0.089623 -0.036467
v 0.159528 -0.033588 0.001530
v 0.159878 -0.031805 -0.001975
v 0.159905 -0.031642 -0.002406
v 0.159310 -0.034598 0.002966
v 0.158381 -0.038967 0.007138
v 0.159003 -0.036007 0.004603
v 0.158109 -0.040363 0.008032
v 0.157212 -0.046075 0.010273
v 0.157753 -0.042361 0.009051
v 0.156570 -0.053911 0.010450
v 0.156715 -0.053911 0.010450
v 0.156845 -0.049976 0.010749
v 0.157041 -0.047614 0.010554
v 0.159245 -0.031526 -0.015761
v 0.160002 -0.030740 -0.005774
v 0.159878 -0.030441 -0.009709
v 0.159528 -0.030918 -0.013611
v 0.158039 -0.035341 -0.022369
v 0.158381 -0.034055 -0.020722
v 0.159003 -0.032141 -0.017327
v 0.156845 -0.043165 -0.027880
v 0.157004 -0.041355 -0.027068
v 0.157212 -0.039662 -0.026098
v 0.157753 -0.036590 -0.023680
v 0.157187 -0.047022 -0.028614
v 0.157187 -0.089681 -0.036136
v 0.157082 -0.089651 -0.036309
v 0.157082 -0.046992 -0.028787
v 0.156915 -0.089630 -0.036425
v 0.156915 -0.046971 -0.028904
v 0.159625 -0.110410 -0.026783
v 0.159878 -0.111728 -0.024042
v 0.159905 -0.111891 -0.023610
v 0.159535 -0.109980 -0.027493
v 0.159310 -0.108936 -0.028981
v 0.159195 -0.108406 -0.029640
v 0.159141 -0.108159 -0.029928
v 0.158668 -0.105959 -0.032085
v 0.158654 -0.105893 -0.032141
v 0.158641 -0.105830 -0.032193
v 0.158387 -0.104597 -0.033133
v 0.158290 -0.104107 -0.033467
v 0.158105 -0.103145 -0.034063
v 0.157114 -0.096611 -0.036459
v 0.157497 -0.099554 -0.035699
v 0.157564 -0.099997 -0.035542
v 0.158064 -0.102925 -0.034189
v 0.156829 -0.093282 -0.036770
v 0.157020 -0.095707 -0.036599
v 0.159995 -0.112929 -0.019361
v 0.160001 -0.112818 -0.020098
v 0.159387 -0.112328 -0.011275
v 0.159390 -0.112335 -0.011298
v 0.159246 -0.112007 -0.010257
v 0.159312 -0.112162 -0.010725
v 0.159785 -0.113019 -0.014997
v 0.159866 -0.113086 -0.016106
v 0.158039 -0.108191 -0.003647
v 0.158310 -0.109228 -0.004945
v 0.158523 -0.109958 -0.006012
v 0.158804 -0.110834 -0.007527
v 0.158715 -0.110566 -0.007030
v 0.158664 -0.110412 -0.006758
v 0.156957 -0.101714 0.001281
v 0.156715 -0.096569 0.002928
v 0.156570 -0.096569 0.002928
v 0.156845 -0.100368 0.001863
v 0.156874 -0.100760 0.001706
v 0.157958 -0.107855 -0.003270
v 0.157432 -0.105273 -0.000902
v 0.157990 -0.107990 -0.003419
v 0.157380 -0.104967 -0.000672
v 0.157318 -0.104582 -0.000395
v 0.157004 -0.102177 0.001052
v 0.157297 -0.043649 -0.027696
v 0.157257 -0.043270 -0.027686
v 0.157621 -0.040386 -0.026126
v 0.157631 -0.039829 -0.025931
v 0.157689 -0.039905 -0.025826
v 0.158180 -0.036811 -0.023547
v 0.158234 -0.036912 -0.023453
v 0.158820 -0.034319 -0.020627
v 0.158868 -0.034444 -0.020549
v 0.159453 -0.032438 -0.017272
v 0.159471 -0.032653 -0.017358
v 0.159989 -0.031236 -0.013596
v 0.159995 -0.031464 -0.013800
v 0.160349 -0.030959 -0.010151
v 0.160347 -0.030769 -0.009731
v 0.160498 -0.031123 -0.006550
v 0.160473 -0.031066 -0.005832
v 0.160502 -0.031232 -0.005861
v 0.160347 -0.032120 -0.002066
v 0.160394 -0.032184 -0.002371
v 0.160080 -0.033760 0.000901
v 0.159989 -0.033881 0.001406
v 0.160024 -0.034020 0.001322
v 0.159453 -0.036268 0.004450
v 0.159495 -0.036384 0.004347
v 0.158820 -0.039183 0.006958
v 0.158868 -0.039274 0.006843
v 0.158181 -0.042523 0.008850
v 0.158254 -0.042471 0.008677
v 0.157750 -0.045734 0.009820
v 0.157631 -0.046175 0.010059
v 0.157689 -0.046210 0.009934
v 0.157258 -0.050009 0.010531
v 0.157319 -0.050016 0.010407
v 0.156915 -0.053903 0.010409
v 0.157082 -0.053883 0.010292
v 0.157145 -0.049999 0.010649
v 0.156999 -0.049987 0.010725
v 0.157916 -0.042396 0.009036
v 0.157370 -0.046099 0.010252
v 0.159179 -0.036050 0.004600
v 0.158550 -0.039008 0.007130
v 0.160066 -0.031843 -0.001977
v 0.159711 -0.033629 0.001529
v 0.160191 -0.030776 -0.005781
v 0.160066 -0.030478 -0.009720
v 0.159711 -0.030957 -0.013625
v 0.158551 -0.034096 -0.020728
v 0.159179 -0.032182 -0.017339
v 0.157518 -0.046134 0.010177
v 0.158068 -0.042453 0.008966
v 0.158708 -0.039084 0.007067
v 0.159342 -0.036142 0.004546
v 0.159878 -0.033733 0.001486
v 0.160237 -0.031955 -0.002009
v 0.160364 -0.030892 -0.005801
v 0.160237 -0.030594 -0.009728
v 0.159878 -0.031069 -0.013620
v 0.159342 -0.032286 -0.017320
v 0.158708 -0.034189 -0.020695
v 0.158068 -0.036705 -0.023631
v 0.157916 -0.036627 -0.023678
v 0.157518 -0.039750 -0.026029
v 0.157370 -0.039692 -0.026087
v 0.157145 -0.043220 -0.027794
v 0.156999 -0.043183 -0.027861
v 0.157187 -0.053852 0.010119
v 0.156996 -0.093546 -0.036742
v 0.157187 -0.096511 0.002597
v 0.157082 -0.096541 0.002770
v 0.157293 -0.099819 0.001704
v 0.157257 -0.100264 0.001671
v 0.157633 -0.103233 0.000057
v 0.157630 -0.103705 -0.000085
v 0.157689 -0.103628 -0.000191
v 0.158180 -0.106723 -0.002469
v 0.158234 -0.106621 -0.002563
v 0.158819 -0.109215 -0.005389
v 0.158868 -0.109089 -0.005467
v 0.159453 -0.111097 -0.008744
v 0.159471 -0.110880 -0.008659
v 0.159988 -0.112298 -0.012421
v 0.159991 -0.112060 -0.012177
v 0.160346 -0.112572 -0.015820
v 0.160346 -0.112765 -0.016286
v 0.160497 -0.112414 -0.019433
v 0.160472 -0.112468 -0.020185
v 0.160502 -0.112301 -0.020156
v 0.160346 -0.111414 -0.023951
v 0.160394 -0.111351 -0.023644
v 0.160080 -0.109770 -0.026923
v 0.159988 -0.109653 -0.027423
v 0.160024 -0.109514 -0.027339
v 0.159453 -0.107266 -0.030467
v 0.159495 -0.107149 -0.030363
v 0.158819 -0.104350 -0.032975
v 0.158868 -0.104259 -0.032859
v 0.158180 -0.101010 -0.034867
v 0.158254 -0.101062 -0.034694
v 0.157751 -0.097799 -0.035836
v 0.157630 -0.097358 -0.036076
v 0.157689 -0.097323 -0.035950
v 0.157257 -0.093525 -0.036548
v 0.157319 -0.093518 -0.036424
v 0.157367 -0.097434 -0.036269
v 0.157913 -0.101138 -0.035053
v 0.158547 -0.104526 -0.033147
v 0.159176 -0.107485 -0.030617
v 0.159707 -0.109906 -0.027546
v 0.160062 -0.111691 -0.024040
v 0.160187 -0.112758 -0.020236
v 0.160062 -0.113057 -0.016297
v 0.159707 -0.112578 -0.012392
v 0.159176 -0.111353 -0.008678
v 0.158547 -0.109439 -0.005288
v 0.157913 -0.106907 -0.002338
v 0.157367 -0.103842 0.000071
v 0.156996 -0.100350 0.001845
v 0.156915 -0.096562 0.002887
v 0.157143 -0.093535 -0.036667
v 0.157516 -0.097399 -0.036195
v 0.158066 -0.101081 -0.034984
v 0.158706 -0.104450 -0.033085
v 0.159340 -0.107393 -0.030564
v 0.159877 -0.109802 -0.027503
v 0.160235 -0.111580 -0.024008
v 0.160362 -0.112643 -0.020216
v 0.160235 -0.112941 -0.016289
v 0.159877 -0.112466 -0.012397
v 0.159340 -0.111249 -0.008696
v 0.158706 -0.109346 -0.005321
v 0.158066 -0.106830 -0.002384
v 0.157516 -0.103784 0.000013
v 0.157143 -0.100314 0.001779
v 0.157443 -0.100070 0.001205
v 0.107156 -0.000000 0.026889
v 0.109179 -0.000000 0.026752
v 0.114787 -0.000000 0.026186
v 0.103542 0.000000 0.027047
v 0.014165 0.000000 0.026959
v 0.020005 0.000000 0.027098
v 0.009054 -0.000000 0.026602
v 0.005220 -0.000000 0.026186
v 0.028759 0.000000 0.027095
v 0.091248 -0.000000 0.027095
v 0.100002 -0.000000 0.027098
v 0.110815 0.000082 0.026254
v 0.107485 0.000130 0.026295
v 0.103452 0.000164 0.026324
v 0.100002 0.000174 0.026331
v 0.095570 0.000172 0.026330
v 0.091248 0.000173 0.026331
v 0.028759 0.000173 0.026331
v 0.020005 0.000174 0.026331
v 0.016555 0.000164 0.026324
v 0.012522 0.000130 0.026295
v 0.009192 0.000082 0.026254
v 0.028759 0.000087 0.026711
v 0.091248 0.000087 0.026711
vn 1.0000 -0.0000 -0.0000
vn 1.0000 -0.0001 0.0001
vn 1.0000 -0.0018 -0.0011
vn 1.0000 -0.0001 -0.0000
vn 1.0000 0.0001 0.0004
vn 1.0000 0.0001 -0.0000
vn 1.0000 -0.0000 -0.0011
vn 1.0000 -0.0000 -0.0001
vn 1.0000 -0.0038 0.0019
vn 1.0000 0.0008 0.0003
vn 1.0000 -0.0007 -0.0005
vn 1.0000 0.0002 -0.0000
vn 1.0000 -0.0000 0.0001
vn 1.0000 -0.0002 -0.0000
vn 1.0000 0.0004 -0.0002
vn 1.0000 -0.0009 0.0003
vn 1.0000 0.0002 -0.0003
vn 1.0000 0.0002 0.0001
vn 1.0000 -0.0009 0.0001
vn 1.0000 0.0010 0.0002
vn 1.0000 0.0004 -0.0001
vn 1.0000 0.0010 -0.0000
vn 1.0000 -0.0004 -0.0021
vn 1.0000 0.0005 -0.0009
vn 0.9750 -0.0386 0.2189
vn 0.9757 -0.0380 0.2159
vn 0.9811 -0.0341 0.1905
vn 0.9817 -0.0331 0.1878
vn 0.9971 -0.0133 0.0755
vn 0.9957 -0.0179 0.0911
vn 0.9988 -0.0054 0.0484
vn 0.9979 -0.0114 0.0644
vn 0.9993 0.0064 -0.0360
vn 0.9992 0.0068 -0.0388
vn 0.9978 0.0118 -0.0647
vn 0.9977 0.0118 -0.0668
vn 0.2236 -0.1692 0.9599
vn 0.0549 -0.1735 0.9833
vn 0.1200 -0.1724 0.9777
vn 0.3135 -0.1649 0.9352
vn 0.5115 -0.1492 0.8462
vn 0.5481 -0.1449 0.8238
vn 0.6972 -0.1245 0.7060
vn 0.7926 -0.1059 0.6005
vn 0.8493 -0.0918 0.5198
vn 0.9209 -0.0675 0.3839
vn 0.9538 -0.0521 0.2960
vn 0.9868 -0.0281 0.1594
vn 0.9999 -0.0023 0.0121
vn 0.9997 -0.0049 0.0257
vn 0.9950 0.0173 -0.0985
vn 0.9796 0.0349 -0.1981
vn 0.9845 0.0353 -0.1719
vn 0.9766 0.0332 -0.2123
vn 0.9817 0.0331 -0.1878
vn 0.9215 0.0675 -0.3825
vn 0.8069 0.1013 -0.5820
vn 0.9400 0.0598 -0.3359
vn 0.8533 0.0906 -0.5135
vn 0.5803 0.1412 -0.8021
vn 0.7048 0.1243 -0.6985
vn 0.5041 0.1500 -0.8505
vn 0.1812 0.1705 -0.9685
vn 0.3239 0.1651 -0.9316
vn 0.1169 0.1724 -0.9781
vn 0.1792 -0.1708 0.9689
vn 0.3898 -0.1592 0.9070
vn 0.1837 -0.1708 0.9680
vn 0.5761 -0.1418 0.8050
vn 0.6043 -0.1379 0.7848
vn 0.8798 -0.0829 0.4681
vn 0.9080 -0.0727 0.4125
vn 0.8920 0.0788 -0.4452
vn 0.9711 -0.2350 -0.0405
vn 0.9991 -0.0073 0.0417
vn 0.9880 0.0261 -0.1524
vn 0.9998 0.0039 -0.0218
vn 0.9495 0.0546 -0.3090
vn 0.8374 0.0944 -0.5385
vn 0.2156 0.1695 -0.9617
vn 0.1851 0.1705 -0.9678
vn 0.6285 0.1354 -0.7659
vn 0.4609 0.1529 -0.8742
vn 0.6464 0.1323 -0.7515
vn 0.0255 -0.1739 0.9844
vn 0.2777 -0.1667 0.9461
vn 0.1301 -0.1730 0.9763
vn 0.5890 -0.1395 0.7960
vn 0.4610 -0.1542 0.8739
vn 0.7554 -0.1136 0.6454
vn 0.7387 -0.1172 0.6638
vn 0.9038 -0.0743 0.4215
vn 0.9408 -0.0592 0.3337
vn 0.9834 -0.0316 0.1786
vn 0.9976 0.0122 -0.0679
vn 0.9773 0.0364 -0.2085
vn 0.9993 0.0066 -0.0379
vn 0.6429 0.1328 -0.7544
vn 0.8574 0.0896 -0.5069
vn 0.8824 0.0817 -0.4633
vn 0.9696 0.0426 -0.2411
vn 0.2438 0.1684 -0.9551
vn 0.1673 0.1707 -0.9710
vn 0.5377 0.1467 -0.8303
vn 0.2019 -0.1698 0.9646
vn 0.0404 -0.1740 0.9839
vn 0.1096 -0.1725 0.9789
vn 0.7899 -0.1068 0.6039
vn 0.5762 -0.1414 0.8050
vn 0.5076 -0.1496 0.8485
vn 0.2864 -0.1665 0.9435
vn 0.9996 -0.0050 0.0281
vn 0.9837 -0.0314 0.1770
vn 0.9783 -0.0364 0.2042
vn 0.9548 -0.0521 0.2926
vn 0.8747 -0.0839 0.4774
vn 0.7466 0.1167 -0.6550
vn 0.9807 0.0340 -0.1927
vn 0.9940 0.0195 -0.1073
vn 0.9298 0.0635 -0.3625
vn 0.2352 0.1688 -0.9572
vn 0.1541 0.1710 -0.9731
vn 0.5708 0.1431 -0.8085
vn 0.5186 0.1486 -0.8420
vn 0.8566 0.0894 -0.5082
vn -0.0000 -0.1736 0.9848
vn -0.0000 -0.1737 0.9848
vn -0.0000 0.1737 -0.9848
vn -0.0000 0.1736 -0.9848
vn -1.0000 -0.0000 -0.0000
vn -1.0000 0.0008 0.0042
vn -1.0000 0.0001 0.0001
vn -1.0000 0.0006 0.0010
vn -1.0000 -0.0004 -0.0005
vn -1.0000 -0.0015 0.0006
vn -1.0000 -0.0001 -0.0001
vn -1.0000 0.0005 0.0002
vn -1.0000 -0.0009 0.0003
vn -1.0000 0.0002 -0.0000
vn -1.0000 -0.0003 0.0007
vn -1.0000 -0.0001 0.0001
vn -1.0000 -0.0045 -0.0042
vn -1.0000 -0.0000 0.0002
vn -1.0000 -0.0000 -0.0001
vn -1.0000 -0.0008 -0.0004
vn -1.0000 0.0010 0.0001
vn -1.0000 0.0009 -0.0001
vn -1.0000 -0.0003 -0.0000
vn -1.0000 -0.0005 0.0001
vn -1.0000 0.0011 -0.0004
vn -1.0000 0.0002 0.0001
vn -1.0000 -0.0022 -0.0017
vn -1.0000 -0.0005 0.0003
vn -1.0000 0.0005 -0.0004
vn -1.0000 -0.0011 0.0003
vn -1.0000 -0.0002 -0.0000
vn -1.0000 0.0006 -0.0001
vn -1.0000 -0.0000 0.0001
vn -1.0000 -0.0013 0.0008
vn -1.0000 -0.0001 -0.0000
vn -1.0000 -0.0004 -0.0001
vn -1.0000 -0.0002 -0.0001
vn -1.0000 0.0004 -0.0000
vn -1.0000 -0.0006 -0.0034
vn -1.0000 -0.0001 0.0004
vn -1.0000 0.0002 -0.0010
vn -1.0000 -0.0004 -0.0034
vn -1.0000 0.0004 0.0001
vn -1.0000 0.0014 0.0002
vn -1.0000 -0.0007 -0.0002
vn -1.0000 0.0001 -0.0001
vn -0.2236 0.1693 -0.9598
vn -0.0546 0.1732 -0.9834
vn -0.1200 0.1724 -0.9777
vn -0.3137 0.1648 -0.9351
vn -0.5113 0.1493 -0.8463
vn -0.5481 0.1455 -0.8236
vn -0.6975 0.1244 -0.7057
vn -0.7924 0.1060 -0.6008
vn -0.8493 0.0915 -0.5199
vn -0.9208 0.0680 -0.3841
vn -0.9539 0.0521 -0.2954
vn -0.9868 0.0283 -0.1597
vn -0.9999 0.0019 -0.0120
vn -0.9996 0.0044 -0.0264
vn -0.9950 -0.0173 0.0982
vn -0.0253 0.1736 -0.9845
vn -0.2778 0.1670 -0.9460
vn -0.1469 0.1709 -0.9743
vn -0.5871 0.1412 -0.7971
vn -0.5392 0.1465 -0.8293
vn -0.7541 0.1139 -0.6468
vn -0.8653 0.0873 -0.4936
vn -0.9765 0.0366 -0.2126
vn -0.9408 0.0587 -0.3338
vn -0.9938 0.0194 -0.1095
vn -0.9971 0.0133 -0.0755
vn -0.9978 0.0127 -0.0655
vn -0.9988 0.0083 -0.0474
vn -0.9993 0.0066 -0.0373
vn -0.9996 -0.0047 0.0264
vn -0.9976 -0.0120 0.0675
vn -0.9863 -0.0286 0.1625
vn -0.9694 -0.0426 0.2417
vn -0.9215 -0.0674 0.3825
vn -0.7803 -0.1093 0.6158
vn -0.8823 -0.0813 0.4636
vn -0.6430 -0.1333 0.7541
vn -0.5255 -0.1475 0.8379
vn -0.2439 -0.1684 0.9551
vn -0.1364 -0.1728 0.9755
vn -0.3077 -0.1655 0.9370
vn -0.1095 0.1726 -0.9789
vn -0.1579 0.1716 -0.9724
vn -0.7899 0.1062 -0.6040
vn -0.5618 0.1441 -0.8146
vn -0.5074 0.1497 -0.8486
vn -0.2864 0.1663 -0.9436
vn -0.9993 0.0066 -0.0374
vn -0.9798 0.0344 -0.1970
vn -0.9783 0.0356 -0.2043
vn -0.9486 0.0550 -0.3118
vn -0.8661 0.0870 -0.4922
vn -0.9978 -0.0114 0.0646
vn -0.9992 -0.0022 0.0402
vn -0.9977 -0.0118 0.0668
vn -0.9835 -0.0314 0.1780
vn -0.9938 -0.0191 0.1098
vn -0.9628 -0.0471 0.2661
vn -0.9004 -0.0754 0.4285
vn -0.7351 -0.1183 0.6675
vn -0.8672 -0.0857 0.4906
vn -0.7466 -0.1155 0.6552
vn -0.4876 -0.1518 0.8598
vn -0.5708 -0.1421 0.8087
vn -0.2352 -0.1688 0.9572
vn -0.0930 -0.1739 0.9804
vn -0.2452 -0.1686 0.9547
vn -0.9796 -0.0349 0.1981
vn -0.9845 -0.0257 0.1736
vn -0.9766 -0.0414 0.2108
vn -0.9816 -0.0331 0.1878
vn -0.9214 -0.0675 0.3826
vn -0.8038 -0.1045 0.5856
vn -0.9401 -0.0585 0.3359
vn -0.8509 -0.0912 0.5173
vn -0.5729 -0.1426 0.8071
vn -0.7020 -0.1225 0.7016
vn -0.5007 -0.1502 0.8525
vn -0.1775 -0.1711 0.9691
vn -0.3202 -0.1638 0.9331
vn -0.1170 -0.1725 0.9780
vn -0.1792 0.1708 -0.9689
vn -0.3873 0.1613 -0.9078
vn -0.1709 0.1708 -0.9704
vn -0.5747 0.1424 -0.8059
vn -0.5598 0.1440 -0.8160
vn -0.8202 0.0993 -0.5634
vn -0.8798 0.0820 -0.4682
vn -0.9373 0.0605 -0.3434
vn -0.9750 0.0386 -0.2189
vn -0.9789 0.0358 -0.2010
vn -0.9811 0.0327 -0.1905
vn -0.9845 0.0304 -0.1726
vn -0.8918 -0.0783 0.4455
vn -0.9711 -0.2350 -0.0414
vn -0.9991 0.0073 -0.0416
vn -0.9881 -0.0274 0.1516
vn -0.9998 -0.0038 0.0216
vn -0.9493 -0.0545 0.3095
vn -0.8362 -0.0958 0.5400
vn -0.2156 -0.1696 0.9616
vn -0.1810 -0.1710 0.9685
vn -0.6285 -0.1348 0.7661
vn -0.4572 -0.1556 0.8757
vn -0.6447 -0.1329 0.7528
vn -0.9814 -0.1890 -0.0332
vn -0.9681 -0.2447 -0.0531
vn -0.9696 -0.2404 -0.0448
vn -0.9765 -0.2129 -0.0333
vn -0.9761 -0.2113 -0.0500
vn -0.9785 -0.2029 -0.0366
vn -0.9756 -0.2163 -0.0381
vn -0.9904 -0.1362 -0.0240
vn -0.9996 -0.0275 -0.0049
vn -0.9680 -0.2491 -0.0309
vn -0.9675 -0.2502 -0.0381
vn -0.9657 -0.2532 -0.0575
vn -0.9643 -0.2602 -0.0491
vn -0.9658 -0.2527 -0.0584
vn -0.9641 -0.2626 -0.0394
vn -0.9657 -0.2565 -0.0409
vn -0.9713 -0.2335 -0.0449
vn -0.9721 -0.2301 -0.0456
vn -0.9715 -0.2328 -0.0449
vn -0.9730 -0.2271 -0.0421
vn -0.9740 -0.2227 -0.0402
vn -0.9579 -0.2820 -0.0537
vn -0.9576 -0.2831 -0.0529
vn -0.9580 -0.2815 -0.0544
vn -0.9581 -0.2814 -0.0545
vn -0.9560 -0.2906 -0.0410
vn -0.9581 -0.2813 -0.0546
vn -0.9600 -0.2769 -0.0406
vn -0.9583 -0.2806 -0.0535
vn -0.9622 -0.2696 -0.0390
vn -0.9624 -0.2689 -0.0379
vn -0.9702 -0.2376 -0.0476
vn -0.9569 -0.2849 -0.0563
vn -0.9549 -0.2923 -0.0515
vn -0.9552 -0.2913 -0.0528
vn -0.9551 -0.2915 -0.0526
vn -0.9551 -0.2923 -0.0493
vn -0.9549 -0.2932 -0.0463
vn -0.9613 -0.2713 -0.0479
vn -0.9605 -0.2740 -0.0483
vn -0.9614 -0.2710 -0.0478
vn -0.9621 -0.2685 -0.0473
vn -0.9626 -0.2667 -0.0471
vn -0.9627 -0.2665 -0.0470
vn -0.9700 -0.2392 -0.0422
vn -0.9577 -0.2858 -0.0329
vn -0.9552 -0.2912 -0.0521
vn -0.9600 -0.2756 -0.0486
vn -0.9587 -0.2807 -0.0466
vn -0.9610 -0.2715 -0.0524
vn -0.9580 -0.2831 -0.0454
vn -0.9581 -0.2830 -0.0448
vn -0.9571 -0.2847 -0.0537
vn -0.9551 -0.2922 -0.0490
vn -0.9570 -0.2876 -0.0382
vn -0.9564 -0.2890 -0.0423
vn -0.9552 -0.2918 -0.0501
vn -0.9552 -0.2920 -0.0493
vn -0.9551 -0.2920 -0.0493
vn -0.9551 -0.2921 -0.0490
vn -0.9745 -0.2213 -0.0384
vn -0.9741 -0.2230 -0.0384
vn -0.9715 -0.2340 -0.0378
vn -0.9726 -0.2300 -0.0345
vn -0.9659 -0.2541 -0.0501
vn -0.9702 -0.2389 -0.0394
vn -0.9613 -0.2691 -0.0593
vn -0.9630 -0.2639 -0.0552
vn -0.9701 -0.2399 -0.0376
vn -0.9643 -0.2596 -0.0531
vn -0.9652 -0.2563 -0.0509
vn -0.9639 -0.2609 -0.0527
vn -0.9664 -0.2556 -0.0253
vn -0.9659 -0.2570 -0.0320
vn -0.9659 -0.2567 -0.0333
vn -0.9660 -0.2560 -0.0353
vn -0.9670 -0.2507 -0.0453
vn -0.9669 -0.2511 -0.0445
vn -0.9751 -0.2184 -0.0383
vn -0.9743 -0.2233 -0.0307
vn -0.9894 -0.1276 -0.0692
vn -0.9907 -0.1227 -0.0582
vn -0.9930 -0.1114 -0.0400
vn -0.9954 -0.0924 -0.0240
vn -0.9934 -0.1126 -0.0226
vn -0.9844 -0.1731 -0.0303
vn -0.9830 -0.1810 -0.0302
vn -0.9829 -0.1815 -0.0305
vn -0.9818 -0.1869 -0.0325
vn -1.0000 -0.0054 -0.0009
vn -0.9996 -0.0271 -0.0070
vn -0.9991 -0.0431 -0.0036
vn -0.9968 -0.0780 -0.0165
vn -0.9801 -0.1956 -0.0342
vn -0.9782 -0.2044 -0.0375
vn -0.9755 -0.2173 -0.0348
vn -0.9815 -0.1885 -0.0334
vn -0.9819 -0.1865 -0.0334
vn -0.9830 -0.1803 -0.0333
vn -0.9959 -0.0893 -0.0111
vn -0.9828 -0.1813 -0.0339
vn -0.9844 -0.1731 -0.0308
vn -0.9868 -0.1597 -0.0277
vn -0.9933 -0.1153 -0.0075
vn -0.9907 -0.1351 0.0127
vn -0.9930 -0.1183 -0.0005
vn -0.9984 -0.0548 -0.0113
vn -0.9996 -0.0281 -0.0017
vn -0.9998 -0.0184 -0.0033
vn -0.9996 0.0047 -0.0264
vn -0.2156 0.1696 -0.9617
vn -0.9998 0.0030 -0.0214
vn -0.8926 0.0745 -0.4446
vn -0.8953 0.0748 -0.4391
vn -0.6278 0.1375 -0.7662
vn -0.5897 0.1326 -0.7967
vn -0.1944 0.1751 -0.9652
vn -0.0000 0.1734 -0.9848
vn -0.0001 0.1737 -0.9848
vn -0.2027 0.1234 -0.9714
vn -0.1747 0.1317 -0.9758
vn -0.5053 0.0317 -0.8624
vn -0.5399 0.0189 -0.8415
vn -0.6953 -0.0377 -0.7177
vn -0.8476 -0.1101 -0.5190
vn -0.8104 -0.0891 -0.5791
vn -0.9189 -0.1538 -0.3633
vn -0.8978 -0.2751 0.3439
vn -0.8094 -0.2716 0.5207
vn -0.8621 -0.2793 0.4229
vn -0.8475 -0.2815 0.4500
vn -0.8602 -0.2793 0.4267
vn -0.6954 -0.2810 0.6614
vn -0.5631 -0.2729 0.7800
vn -0.5053 -0.2650 0.8212
vn -0.1809 -0.2114 0.9605
vn -0.2027 -0.2164 0.9550
vn -0.8021 -0.1752 -0.5709
vn -0.6921 -0.1111 -0.7132
vn -0.7404 -0.1392 -0.6576
vn -0.4788 -0.0094 -0.8779
vn -0.4420 0.0058 -0.8970
vn -0.1557 0.1197 -0.9805
vn -0.1380 0.1258 -0.9824
vn -0.9050 -0.2506 -0.3438
vn -0.8872 -0.2336 -0.3980
vn -0.9344 -0.3397 0.1069
vn -0.9420 -0.3318 0.0509
vn -0.9467 -0.3214 -0.0215
vn -0.9391 -0.2909 -0.1828
vn -0.8750 -0.4204 0.2403
vn -0.8953 -0.4143 0.1635
vn -0.7947 -0.4206 0.4376
vn -0.7358 -0.4114 0.5379
vn -0.5025 -0.3572 0.7873
vn -0.4592 -0.3429 0.8195
vn -0.1733 -0.2429 0.9545
vn -0.1470 -0.2324 0.9614
vn -0.0366 -0.1888 0.9813
vn -0.9084 -0.4003 -0.1206
vn -0.9085 -0.4163 -0.0353
vn -0.8760 -0.3459 -0.3361
vn -0.8956 -0.3738 -0.2410
vn -0.8473 -0.3183 -0.4251
vn -0.7570 -0.2446 -0.6059
vn -0.7739 -0.2566 -0.5790
vn -0.4990 -0.0803 -0.8629
vn -0.5127 -0.0878 -0.8540
vn -0.1653 0.0966 -0.9815
vn -0.1519 0.1028 -0.9830
vn -0.1098 -0.2218 0.9689
vn -0.1651 -0.2444 0.9555
vn -0.2658 -0.2857 0.9207
vn -0.5088 -0.3731 0.7758
vn -0.9088 -0.4027 -0.1091
vn -0.9083 -0.4177 -0.0235
vn -0.9001 -0.4298 0.0708
vn -0.8758 -0.4413 0.1955
vn -0.8679 -0.4426 0.2253
vn -0.7904 -0.4412 0.4250
vn -0.7838 -0.4402 0.4380
vn -0.6925 -0.4243 0.5834
vn -0.4962 -0.3687 0.7861
vn -0.8779 -0.3152 -0.3605
vn -0.8807 -0.3183 -0.3508
vn -0.9113 -0.3571 -0.2051
vn -0.7563 -0.2175 -0.6171
vn -0.7735 -0.2289 -0.5910
vn -0.4963 -0.0622 -0.8659
vn -0.5100 -0.0693 -0.8574
vn -0.1638 0.1026 -0.9811
vn -0.1506 0.1083 -0.9826
vn -0.9358 -0.2846 -0.2078
vn -0.1344 -0.2167 0.9669
vn -0.7654 -0.3570 0.5355
vn -0.4846 -0.3115 0.8174
vn -0.4711 -0.3080 0.8265
vn -0.1456 -0.2200 0.9646
vn -0.9398 -0.2916 -0.1780
vn -0.9461 -0.3238 -0.0091
vn -0.9265 -0.3444 0.1515
vn -0.9232 -0.3462 0.1670
vn -0.8049 -0.3607 0.4711
vn -0.9629 -0.2625 0.0629
vn -0.8605 -0.2113 0.4635
vn -0.1690 0.1301 -0.9770
vn -0.1944 0.1553 -0.9685
vn -0.1743 0.1621 -0.9713
vn -0.4928 0.1095 -0.8632
vn -0.5894 0.1093 -0.8004
vn -0.7599 0.0447 -0.6485
vn -0.9401 0.0110 -0.3407
vn -0.8926 0.0012 -0.4508
vn -0.1607 0.1342 -0.9778
vn -0.4918 0.0296 -0.8702
vn -0.4799 0.0308 -0.8768
vn -0.7618 -0.0709 -0.6439
vn -0.7411 -0.0682 -0.6680
vn -0.9289 -0.1706 -0.3287
vn -0.9122 -0.1694 -0.3731
vn -0.9297 -0.1807 -0.3209
vn -0.9934 -0.0848 0.0766
vn -0.9965 -0.0728 -0.0399
vn -0.0177 -0.9765 -0.2147
vn -0.2468 0.1237 -0.9611
vn -0.0294 0.1290 -0.9912
vn -0.1582 -0.8301 -0.5347
vn -0.9194 0.0160 -0.3931
vn -0.9242 0.0307 -0.3806
vn -0.9254 0.0652 -0.3735
vn -0.9361 -0.1177 -0.3313
vn -0.9298 -0.0890 -0.3572
vn -0.9037 -0.0633 -0.4235
vn -0.9226 -0.2288 -0.3105
vn -0.9258 -0.1916 -0.3258
vn -0.9228 -0.1722 -0.3446
vn -0.9295 -0.1550 -0.3348
vn -0.9327 -0.1372 -0.3336
vn -0.9302 -0.2618 -0.2572
vn -0.9223 -0.2810 -0.2653
vn -0.9264 -0.2938 -0.2356
vn -0.9185 -0.3343 -0.2112
vn -0.0257 -0.9189 -0.3937
vn -0.1230 -0.8808 -0.4572
vn -0.0758 -0.9209 -0.3824
vn -0.0451 -0.9532 -0.2989
vn -0.0726 -0.9555 -0.2859
vn -0.1043 -0.8827 -0.4582
vn -0.1222 -0.9247 -0.3605
vn -0.0965 -0.9588 -0.2671
vn -0.1156 -0.9630 -0.2436
vn -0.1289 -0.9678 -0.2164
vn -0.1624 -0.9303 -0.3289
vn -0.1944 -0.9373 -0.2893
vn -0.2167 -0.9453 -0.2437
vn -0.0690 -0.8256 -0.5600
vn -0.0840 -0.7646 -0.6390
vn -0.0839 -0.7646 -0.6390
vn -0.0982 -0.6948 -0.7124
vn -0.1116 -0.6171 -0.7789
vn -0.1925 -0.7700 -0.6083
vn -0.2002 -0.8336 -0.5148
vn -0.1556 -0.8836 -0.4417
vn -0.1679 -0.8880 -0.4280
vn -0.1346 -0.4427 -0.8865
vn -0.1238 -0.5326 -0.8373
vn -0.2052 -0.5359 -0.8190
vn -0.1850 -0.6201 -0.7624
vn -0.2559 -0.6243 -0.7381
vn -0.2252 -0.7012 -0.6765
vn -0.2850 -0.7062 -0.6482
vn -0.2435 -0.7743 -0.5841
vn -0.2914 -0.7795 -0.5545
vn -0.2395 -0.8379 -0.4905
vn -0.2759 -0.8429 -0.4619
vn -0.5868 -0.7878 -0.1868
vn -0.6184 -0.7673 -0.1697
vn -0.6682 -0.7254 -0.1650
vn -0.6900 -0.7129 -0.1254
vn -0.7399 -0.6503 -0.1719
vn -0.7604 -0.6310 -0.1535
vn -0.8063 -0.5733 -0.1459
vn -0.8194 -0.5605 -0.1203
vn -0.8613 -0.4864 -0.1471
vn -0.8729 -0.4700 -0.1314
vn -0.9087 -0.3996 -0.1210
vn -0.9151 -0.3892 -0.1052
vn -0.9162 -0.3866 -0.1055
vn -0.1665 0.1267 -0.9779
vn -0.1652 0.0355 -0.9856
vn -0.1623 -0.0589 -0.9850
vn -0.1578 -0.1553 -0.9752
vn -0.1517 -0.2524 -0.9556
vn -0.1440 -0.3487 -0.9261
vn -0.4016 0.1410 -0.9049
vn -0.3819 0.1160 -0.9169
vn -0.3787 0.0248 -0.9252
vn -0.3721 -0.0694 -0.9256
vn -0.3619 -0.1655 -0.9174
vn -0.3479 -0.2622 -0.9001
vn -0.3301 -0.3580 -0.8734
vn -0.3087 -0.4513 -0.8373
vn -0.2838 -0.5406 -0.7919
vn -0.5921 0.1165 -0.7974
vn -0.5780 0.0971 -0.8102
vn -0.5732 0.0062 -0.8194
vn -0.5632 -0.0877 -0.8216
vn -0.5477 -0.1834 -0.8163
vn -0.5265 -0.2794 -0.8029
vn -0.4997 -0.3743 -0.7812
vn -0.4672 -0.4666 -0.7510
vn -0.4296 -0.5546 -0.7127
vn -0.3872 -0.6369 -0.6666
vn -0.3409 -0.7123 -0.6135
vn -0.7539 0.0852 -0.6515
vn -0.7451 0.0712 -0.6632
vn -0.7389 -0.0196 -0.6736
vn -0.7260 -0.1130 -0.6784
vn -0.7060 -0.2079 -0.6770
vn -0.6787 -0.3030 -0.6690
vn -0.6441 -0.3967 -0.6541
vn -0.6022 -0.4875 -0.6322
vn -0.5537 -0.5739 -0.6034
vn -0.4992 -0.6543 -0.5681
vn -0.4394 -0.7276 -0.5268
vn -0.3756 -0.7926 -0.4804
vn -0.3087 -0.8486 -0.4296
vn -0.3623 -0.8618 -0.3550
vn -0.4409 -0.8086 -0.3896
vn -0.5158 -0.7463 -0.4206
vn -0.5860 -0.6756 -0.4475
vn -0.5859 -0.6756 -0.4475
vn -0.6500 -0.5975 -0.4696
vn -0.7070 -0.5132 -0.4867
vn -0.7070 -0.5132 -0.4866
vn -0.7561 -0.4242 -0.4985
vn -0.7968 -0.3319 -0.5050
vn -0.8288 -0.2380 -0.5064
vn -0.8523 -0.1439 -0.5029
vn -0.8674 -0.0510 -0.4950
vn -0.8746 0.0395 -0.4832
vn -0.8790 0.0485 -0.4743
vn -0.3978 -0.8767 -0.2705
vn -0.4840 -0.8267 -0.2868
vn -0.5663 -0.7675 -0.3004
vn -0.6433 -0.6997 -0.3108
vn -0.7136 -0.6242 -0.3180
vn -0.7761 -0.5423 -0.3218
vn -0.8300 -0.4553 -0.3222
vn -0.8747 -0.3647 -0.3192
vn -0.9099 -0.2721 -0.3131
vn -0.9212 -0.2353 -0.3099
vn -0.9440 -0.2217 -0.2444
vn -0.0034 -0.9760 -0.2176
vn -0.0051 -0.9760 -0.2177
vn -0.0148 -0.9532 -0.3018
vn -0.0167 -0.9206 -0.3901
vn -0.0231 -0.9524 -0.3039
vn -0.0148 -0.9765 -0.2151
vn -0.0240 -0.9772 -0.2111
vn -0.0315 -0.9782 -0.2052
vn -0.0319 -0.9783 -0.2049
vn -0.0383 -0.9796 -0.1971
vn -0.0382 -0.9796 -0.1971
vn -0.0404 -0.9805 -0.1924
vn -0.0426 -0.9812 -0.1882
vn -0.0436 -0.9822 -0.1829
vn -0.0532 -0.9876 -0.1479
vn -0.1305 -0.9691 -0.2095
vn -0.1440 -0.9716 -0.1878
vn -0.2282 -0.9540 -0.1943
vn -0.2314 -0.9542 -0.1898
vn -0.3145 -0.9272 -0.2035
vn -0.3243 -0.9283 -0.1817
vn -0.4132 -0.8926 -0.1804
vn -0.4088 -0.8927 -0.1895
vn -0.5037 -0.8476 -0.1668
vn -0.4986 -0.8485 -0.1773
vn -0.5773 -0.7981 -0.1728
vn -0.0201 -0.8771 -0.4798
vn -0.0353 -0.8800 -0.4737
vn -0.0536 -0.8774 -0.4768
vn -0.0889 -0.8788 -0.4689
vn -0.1144 -0.8274 -0.5498
vn -0.1392 -0.7668 -0.6266
vn -0.1629 -0.6974 -0.6979
vn -0.1862 -0.8869 -0.4228
vn -0.2144 -0.8908 -0.4006
vn -0.2232 -0.8957 -0.3846
vn -0.0204 -0.8254 -0.5642
vn -0.0229 -0.8248 -0.5650
vn -0.0277 -0.7650 -0.6435
vn -0.0313 -0.7637 -0.6448
vn -0.0288 -0.6953 -0.7182
vn -0.0326 -0.6936 -0.7196
vn -0.0368 -0.6201 -0.7836
vn -0.0435 -0.6160 -0.7866
vn -0.0336 -0.5359 -0.8436
vn -0.0410 -0.5310 -0.8463
vn -0.0443 -0.4491 -0.8924
vn -0.0529 -0.4412 -0.8958
vn -0.0376 -0.3556 -0.9339
vn -0.9363 -0.3160 -0.1530
vn -0.9205 -0.3263 -0.2150
vn -0.8974 -0.3820 -0.2208
vn -0.8516 -0.4717 -0.2288
vn -0.7963 -0.5576 -0.2345
vn -0.7321 -0.6383 -0.2378
vn -0.6600 -0.7124 -0.2385
vn -0.5810 -0.7787 -0.2367
vn -0.4966 -0.8363 -0.2324
vn -0.4082 -0.8846 -0.2258
vn -0.4081 -0.8846 -0.2258
vn -0.3173 -0.9232 -0.2170
vn -0.3092 -0.9170 -0.2518
vn -0.2979 -0.9164 -0.2674
vn -0.0846 0.1285 -0.9881
vn -0.0552 0.1119 -0.9922
vn -0.0548 0.0376 -0.9978
vn -0.0480 0.0296 -0.9984
vn -0.0596 -0.0570 -0.9966
vn -0.0537 -0.0648 -0.9965
vn -0.0523 -0.1533 -0.9868
vn -0.0422 -0.1638 -0.9856
vn -0.0583 -0.2507 -0.9663
vn -0.3003 0.1211 -0.9461
vn -0.2759 0.1052 -0.9554
vn -0.2738 0.0312 -0.9613
vn -0.2691 -0.0631 -0.9610
vn -0.2617 -0.1595 -0.9519
vn -0.2515 -0.2564 -0.9333
vn -0.2387 -0.3525 -0.9049
vn -0.2232 -0.4462 -0.8667
vn -0.5014 0.1056 -0.8587
vn -0.4827 0.0911 -0.8710
vn -0.4791 0.0164 -0.8776
vn -0.4708 -0.0776 -0.8788
vn -0.4578 -0.1735 -0.8719
vn -0.4401 -0.2699 -0.8564
vn -0.4177 -0.3654 -0.8319
vn -0.3905 -0.4582 -0.7985
vn -0.3591 -0.5469 -0.7563
vn -0.3237 -0.6300 -0.7059
vn -0.6783 0.0830 -0.7301
vn -0.6654 0.0701 -0.7432
vn -0.6603 -0.0059 -0.7509
vn -0.6488 -0.0996 -0.7544
vn -0.6310 -0.1949 -0.7509
vn -0.6066 -0.2905 -0.7401
vn -0.6066 -0.2904 -0.7401
vn -0.5756 -0.3848 -0.7215
vn -0.5382 -0.4764 -0.6952
vn -0.4949 -0.5636 -0.6614
vn -0.4461 -0.6451 -0.6204
vn -0.3927 -0.7195 -0.5728
vn -0.3356 -0.7857 -0.5197
vn -0.3377 -0.8549 -0.3937
vn -0.4109 -0.8003 -0.4367
vn -0.4807 -0.7366 -0.4758
vn -0.5461 -0.6645 -0.5101
vn -0.6058 -0.5852 -0.5390
vn -0.6589 -0.4998 -0.5622
vn -0.7046 -0.4099 -0.5792
vn -0.7425 -0.3169 -0.5901
vn -0.7724 -0.2224 -0.5950
vn -0.7724 -0.2224 -0.5949
vn -0.7942 -0.1279 -0.5940
vn -0.8083 -0.0347 -0.5877
vn -0.8146 0.0436 -0.5784
vn -0.8223 0.0541 -0.5664
vn -0.0501 -0.2607 -0.9641
vn -0.0477 -0.3469 -0.9367
vn -0.1346 -0.4426 -0.8865
vn -0.2558 -0.6243 -0.7381
vn -0.3357 -0.7857 -0.5197
vn -0.2399 -0.8952 -0.3755
vn -0.2625 -0.9002 -0.3476
vn -0.2673 -0.9053 -0.3302
vn -0.2817 -0.9055 -0.3175
vn -0.2974 -0.9111 -0.2854
vn -0.3826 -0.8691 -0.3137
vn -0.4654 -0.8174 -0.3393
vn -0.5446 -0.7567 -0.3618
vn -0.5446 -0.7566 -0.3618
vn -0.6186 -0.6874 -0.3806
vn -0.6186 -0.6873 -0.3806
vn -0.6862 -0.6105 -0.3954
vn -0.7463 -0.5274 -0.4060
vn -0.7464 -0.5274 -0.4060
vn -0.7982 -0.4393 -0.4122
vn -0.8411 -0.3479 -0.4141
vn -0.8749 -0.2547 -0.4118
vn -0.8997 -0.1610 -0.4057
vn -0.9157 -0.0685 -0.3961
vn -0.9208 -0.0191 -0.3896
vn -0.9992 -0.0019 -0.0406
vn -0.2784 -0.2110 0.9370
vn -0.5115 -0.1934 0.8372
vn -0.5921 -0.7377 0.3245
vn -0.6440 -0.6657 0.3771
vn 0.0268 -0.9994 -0.0215
vn -0.9330 -0.3559 0.0530
vn -0.9067 -0.4216 -0.0154
vn -0.9396 -0.2032 0.2754
vn -0.9353 -0.2361 0.2635
vn -0.9281 -0.2768 0.2491
vn -0.9211 -0.2740 0.2768
vn -0.9267 -0.2891 0.2401
vn -0.9247 -0.1039 0.3664
vn -0.9235 -0.1019 0.3697
vn -0.6891 -0.7207 -0.0755
vn -0.6720 -0.7306 -0.1210
vn -0.7584 -0.6512 -0.0294
vn -0.1324 -0.9812 -0.1406
vn -0.0438 -0.9856 -0.1631
vn -0.0407 -0.9871 -0.1547
vn -0.5337 -0.8020 0.2684
vn -0.4088 -0.9035 -0.1287
vn -0.3212 -0.9365 -0.1411
vn -0.3134 -0.9453 -0.0900
vn -0.2227 -0.9679 -0.1162
vn -0.2095 -0.9747 -0.0777
vn -0.1246 -0.9852 -0.1177
vn -0.1124 -0.9890 -0.0961
vn -0.1908 -0.9774 0.0905
vn -0.2455 -0.9544 0.1699
vn -0.2922 -0.9472 0.1321
vn -0.3554 -0.9124 0.2030
vn -0.4161 -0.8998 0.1312
vn -0.4868 -0.8529 0.1886
vn -0.5397 -0.8365 0.0951
vn -0.0375 -0.8981 0.4383
vn -0.0296 -0.8773 0.4790
vn -0.0317 -0.8479 0.5291
vn -0.0352 -0.7887 0.6138
vn -0.0657 -0.9967 0.0473
vn -0.0452 -0.9977 0.0513
vn 0.0385 -0.9903 0.1332
vn -0.0139 -0.9925 0.1213
vn -0.0196 -0.9683 0.2489
vn -0.0567 -0.9711 0.2320
vn 0.0308 -0.9365 0.3493
vn -0.0232 -0.9440 0.3291
vn -0.0277 -0.9008 0.4333
vn -0.9136 -0.4065 -0.0034
vn -0.8615 -0.5072 -0.0250
vn -0.8477 -0.5253 0.0737
vn -0.7926 -0.6078 0.0484
vn -0.7758 -0.6199 0.1174
vn -0.7133 -0.6956 0.0858
vn -0.6918 -0.7066 0.1484
vn -0.8907 -0.1229 0.4377
vn -0.8940 -0.1285 0.4292
vn -0.8869 -0.2109 0.4110
vn -0.8714 -0.3010 0.3873
vn -0.8474 -0.3908 0.3594
vn -0.8146 -0.4788 0.3273
vn -0.9179 -0.3703 0.1423
vn -0.9256 -0.3521 0.1388
vn -0.9097 -0.3630 0.2018
vn -0.8745 -0.4521 0.1758
vn -0.8482 -0.4657 0.2525
vn -0.8048 -0.5511 0.2204
vn -0.7730 -0.5636 0.2913
vn -0.7228 -0.6436 0.2518
vn -0.6645 -0.7174 0.2093
vn -0.7525 -0.6319 0.1855
vn -0.8298 -0.5383 0.1476
vn -0.8934 -0.4384 0.0980
vn -0.9223 -0.3686 0.1160
vn -0.9272 -0.3622 0.0954
vn -0.9272 -0.1483 0.3440
vn -0.9234 -0.1827 0.3375
vn -0.9197 -0.1982 0.3390
vn -0.9214 -0.2112 0.3263
vn -0.9073 -0.2869 0.3074
vn -0.8823 -0.3771 0.2816
vn -0.6887 -0.5872 0.4253
vn -0.7258 -0.5037 0.4685
vn -0.7550 -0.4167 0.5062
vn -0.7764 -0.3276 0.5383
vn -0.7902 -0.2380 0.5647
vn -0.7963 -0.1611 0.5830
vn -0.8374 -0.1149 0.5344
vn -0.8495 -0.1357 0.5099
vn -0.8424 -0.2247 0.4898
vn -0.8277 -0.3146 0.4647
vn -0.8049 -0.4041 0.4346
vn -0.7737 -0.4916 0.3996
vn -0.7342 -0.5757 0.3599
vn -0.6764 -0.1828 0.7135
vn -0.6691 -0.1732 0.7227
vn -0.6636 -0.2619 0.7008
vn -0.6520 -0.3512 0.6720
vn -0.6340 -0.4396 0.6362
vn -0.6095 -0.5257 0.5934
vn -0.5784 -0.6081 0.5438
vn -0.5783 -0.6081 0.5438
vn -0.5408 -0.6852 0.4879
vn -0.4972 -0.7556 0.4264
vn -0.4482 -0.8182 0.3602
vn -0.4237 -0.2015 0.8831
vn -0.4202 -0.2900 0.8598
vn -0.4129 -0.3787 0.8283
vn -0.4015 -0.4664 0.7882
vn -0.3860 -0.5515 0.7395
vn -0.3662 -0.6325 0.6825
vn -0.3424 -0.7080 0.6176
vn -0.3425 -0.7080 0.6176
vn -0.3148 -0.7766 0.5456
vn -0.2838 -0.8371 0.4677
vn -0.2498 -0.8885 0.3850
vn -0.2135 -0.9301 0.2989
vn -0.1755 -0.9616 0.2109
vn -0.0987 -0.9663 0.2376
vn -0.1201 -0.9358 0.3314
vn -0.1406 -0.8952 0.4230
vn -0.1597 -0.8447 0.5109
vn -0.1771 -0.7851 0.5935
vn -0.1927 -0.7172 0.6697
vn -0.2061 -0.6423 0.7382
vn -0.2172 -0.5618 0.7982
vn -0.2259 -0.4772 0.8493
vn -0.2323 -0.3898 0.8911
vn -0.2364 -0.3013 0.9238
vn -0.2383 -0.2197 0.9460
vn -0.2311 -0.2131 0.9493
vn -0.0294 -0.2178 0.9756
vn -0.0473 -0.2292 0.9722
vn -0.0468 -0.3261 0.9442
vn -0.0166 -0.3060 0.9519
vn -0.0582 -0.3945 0.9170
vn -0.0167 -0.4585 0.8886
vn -0.0448 -0.4817 0.8752
vn -0.0434 -0.5552 0.8306
vn -0.0544 -0.5663 0.8224
vn -0.0253 -0.6366 0.7708
vn -0.0409 -0.6465 0.7618
vn -0.0383 -0.7191 0.6939
vn -0.0420 -0.7212 0.6915
vn -0.0368 -0.7539 0.6560
vn -0.0532 -0.9844 -0.1679
vn -0.0515 -0.9744 -0.2189
vn -0.1437 -0.9833 -0.1119
vn -0.1357 -0.9774 -0.1622
vn -0.2314 -0.9609 -0.1521
vn -0.3242 -0.9366 -0.1332
vn -0.2293 -0.9601 -0.1600
vn -0.0410 -0.9870 -0.1556
vn -0.0372 -0.9882 -0.1484
vn -0.0320 -0.9893 -0.1424
vn -0.4986 -0.8583 -0.1212
vn -0.4123 -0.9029 -0.1219
vn -0.4032 -0.9130 -0.0624
vn -0.2948 -0.9549 -0.0358
vn -0.1890 -0.9811 -0.0414
vn -0.0960 -0.9924 -0.0767
vn -0.0317 -0.9894 -0.1420
vn -0.0266 -0.9901 -0.1379
vn -0.5770 -0.8106 -0.0998
vn -0.5026 -0.8570 -0.1135
vn -0.4904 -0.8708 -0.0336
vn -0.3793 -0.9253 0.0074
vn -0.2949 -0.9549 -0.0358
vn -0.2660 -0.9639 0.0153
vn -0.1614 -0.9868 -0.0088
vn -0.0806 -0.9947 -0.0643
vn -0.0216 -0.9907 -0.1346
vn -0.6181 -0.7808 -0.0914
vn -0.5866 -0.8052 -0.0867
vn -0.5737 -0.8190 -0.0041
vn -0.4613 -0.8857 0.0512
vn -0.3793 -0.9253 0.0073
vn -0.3421 -0.9368 0.0731
vn -0.2272 -0.9719 0.0612
vn -0.1356 -0.9907 0.0121
vn -0.0638 -0.9965 -0.0534
vn -0.0211 -0.9907 -0.1342
vn -0.0135 -0.9913 -0.1312
vn -0.5405 -0.8082 0.2339
vn -0.4157 -0.8677 0.2726
vn -0.2987 -0.9213 0.2491
vn -0.2111 -0.9584 0.1924
vn -0.1641 -0.9805 0.1080
vn -0.1483 -0.9827 0.1112
vn -0.1073 -0.9938 0.0305
vn -0.0391 -0.9983 -0.0434
vn -0.0131 -0.9992 -0.0384
vn -0.0043 -0.9916 -0.1293
vn -0.8181 -0.5737 -0.0400
vn -0.7408 -0.6688 -0.0625
vn -0.7287 -0.6844 0.0223
vn -0.6569 -0.7540 -0.0040
vn -0.6382 -0.7696 0.0204
vn -0.0129 -0.9913 -0.1310
vn -0.0042 -0.9916 -0.1293
vn -0.8280 -0.5543 -0.0847
vn -0.9088 -0.4168 -0.0191
vn -0.8709 -0.4914 -0.0038
vn -0.8078 -0.5856 -0.0676
vn -0.6430 -0.7640 0.0532
vn -0.6236 -0.7740 0.1096
vn -0.5998 -0.7895 0.1304
vn -0.5990 -0.7837 0.1645
vn -0.5689 -0.7930 0.2177
vn -0.6312 -0.7278 0.2683
vn -0.6865 -0.6549 0.3160
vn -0.7520 -0.1585 0.6398
vn -0.7373 -0.1253 0.6639
vn -0.7304 -0.2504 0.6354
vn -0.7177 -0.3399 0.6078
vn -0.6979 -0.4286 0.5738
vn -0.6709 -0.5152 0.5334
vn -0.6366 -0.5981 0.4869
vn -0.5953 -0.6758 0.4347
vn -0.5473 -0.7470 0.3775
vn -0.6010 -0.1829 0.7780
vn -0.5930 -0.1700 0.7870
vn -0.5878 -0.2727 0.7617
vn -0.5775 -0.3617 0.7319
vn -0.5616 -0.4498 0.6944
vn -0.5399 -0.5355 0.6494
vn -0.5123 -0.6174 0.5969
vn -0.4791 -0.6939 0.5376
vn -0.4404 -0.7636 0.4721
vn -0.3970 -0.8254 0.4014
vn -0.3495 -0.8781 0.3267
vn -0.4690 -0.1976 0.8608
vn -0.5096 -0.1958 0.8379
vn -0.5054 -0.2822 0.8155
vn -0.4966 -0.3710 0.7847
vn -0.4829 -0.4589 0.7458
vn -0.4642 -0.5443 0.6987
vn -0.4405 -0.6257 0.6438
vn -0.4119 -0.7017 0.5814
vn -0.3787 -0.7708 0.5124
vn -0.3414 -0.8318 0.4377
vn -0.3005 -0.8838 0.3586
vn -0.2568 -0.9261 0.2764
vn -0.1379 -0.9643 0.2261
vn -0.1677 -0.9333 0.3174
vn -0.1678 -0.9333 0.3174
vn -0.1963 -0.8923 0.4066
vn -0.2230 -0.8414 0.4923
vn -0.2474 -0.7814 0.5729
vn -0.2691 -0.7132 0.6472
vn -0.2877 -0.6381 0.7142
vn -0.3032 -0.5574 0.7729
vn -0.3154 -0.4725 0.8229
vn -0.3244 -0.3850 0.8640
vn -0.3301 -0.2964 0.8962
vn -0.3329 -0.2079 0.9198
vn -0.1251 -0.1973 0.9723
vn -0.1427 -0.2161 0.9659
vn -0.1416 -0.3045 0.9419
vn -0.1391 -0.3930 0.9090
vn -0.1353 -0.4802 0.8667
vn -0.1300 -0.5648 0.8149
vn -0.1234 -0.6451 0.7540
vn -0.1154 -0.7198 0.6845
vn -0.1061 -0.7875 0.6072
vn -0.0956 -0.8469 0.5231
vn -0.0842 -0.8971 0.4338
vn -0.0719 -0.9374 0.3406
vn -0.0591 -0.9677 0.2452
vn -0.0460 -0.9878 0.1490
vn -0.0767 -0.9867 0.1431
vn -0.0908 -0.9868 0.1343
vn -0.1072 -0.9851 0.1342
vn -0.1364 -0.9831 0.1224
vn -0.4611 -0.8250 0.3266
vn -0.4933 -0.8104 0.3161
vn -0.9253 -0.3122 0.2153
vn -0.9454 -0.2775 0.1708
vn -0.0000 -0.9848 -0.1737
vn -0.0000 -0.9848 -0.1736
vn 0.0024 -0.9848 -0.1736
vn 0.0004 -0.9848 -0.1737
vn -0.0004 -0.9848 -0.1737
vn 0.0002 -0.9848 -0.1737
vn -0.0001 -0.9848 -0.1737
vn -0.0002 -0.9848 -0.1737
vn 0.0001 -0.9848 -0.1736
vn 0.0002 -0.9848 -0.1736
vn -0.0000 -0.9207 -0.3902
vn -0.0073 -0.9009 -0.4339
vn -0.0000 -0.8773 -0.4799
vn -0.0000 -0.8256 -0.5643
vn -0.0073 -0.7971 -0.6038
vn -0.0000 -0.7653 -0.6437
vn -0.0000 -0.6955 -0.7185
vn -0.0073 -0.6617 -0.7498
vn -0.0000 -0.6205 -0.7842
vn -0.0000 -0.5362 -0.8441
vn -0.0072 -0.5000 -0.8660
vn -0.0000 -0.4495 -0.8933
vn -0.0000 -0.3558 -0.9346
vn -0.0070 -0.3185 -0.9479
vn -0.0000 -0.2610 -0.9653
vn -0.0000 -0.1639 -0.9865
vn -0.0070 -0.1243 -0.9922
vn -0.0000 -0.0649 -0.9979
vn -0.0000 0.0297 -0.9996
vn -0.0073 0.0747 -0.9972
vn -0.0000 0.1291 -0.9916
vn -0.0000 -0.9760 -0.2176
vn -0.0056 -0.9659 -0.2588
vn -0.0000 -0.9533 -0.3019
vn -0.7743 0.4816 0.4106
vn -0.2856 0.3394 -0.8962
vn -0.5223 0.3203 -0.7903
vn -0.6679 0.3013 -0.6806
vn -0.7903 0.2777 -0.5462
vn -0.9163 0.2379 -0.3222
vn -0.9669 0.2075 -0.1487
vn -0.0051 0.9971 0.0763
vn -0.0065 0.9999 0.0076
vn -0.0601 0.9932 0.0998
vn -0.2632 0.9576 -0.1172
vn -0.1597 0.9871 0.0130
vn -0.2502 0.9657 -0.0693
vn -0.0818 0.9907 0.1083
vn -0.0797 0.9850 0.1529
vn -0.3996 0.9130 0.0818
vn -0.2415 0.9613 0.1327
vn -0.3551 0.9274 0.1177
vn -0.1024 0.9805 0.1676
vn -0.0859 0.9749 0.2056
vn -0.3641 0.8724 0.3262
vn -0.2079 0.9389 0.2741
vn -0.3193 0.8867 0.3344
vn -0.0870 0.9698 0.2280
vn -0.2140 0.9196 0.3295
vn -0.0806 0.9684 0.2359
vn -0.2486 0.8849 0.3939
vn -0.1878 0.9189 0.3470
vn -0.2812 0.8444 0.4559
vn -0.0513 0.9711 0.2330
vn -0.1526 0.9103 0.3849
vn -0.0639 0.9618 0.2660
vn -0.1292 0.9058 0.4036
vn -0.1070 0.9230 0.3697
vn -0.1760 0.8291 0.5307
vn -0.0345 0.9655 0.2581
vn -0.0722 0.9071 0.4146
vn -0.0369 0.9599 0.2778
vn -0.0365 0.9251 0.3779
vn -0.0443 0.9116 0.4087
vn -0.0488 0.8317 0.5531
vn -0.0057 0.9682 0.2500
vn -0.2109 0.0086 0.9775
vn -0.1153 0.7728 0.6241
vn -0.2856 0.0124 0.9583
vn -0.3766 0.0174 0.9262
vn -0.3512 0.6297 0.6929
vn -0.4553 0.0245 0.8900
vn -0.3766 0.0175 0.9262
vn -0.2603 0.8493 0.4592
vn -0.6092 0.0415 0.7920
vn -0.5224 0.0306 0.8522
vn -0.8390 0.0861 0.5373
vn -0.7903 0.0741 0.6082
vn -0.5111 0.6534 0.5584
vn -0.7419 0.0632 0.6675
vn -0.6679 0.0503 0.7425
vn -0.9496 0.1309 0.2848
vn -0.9163 0.1133 0.3841
vn -0.4565 0.8234 0.3372
vn -0.8853 0.1013 0.4539
vn -0.8390 0.0860 0.5372
vn -0.6092 0.3099 -0.7300
vn -0.2603 0.9552 -0.1410
vn -0.5443 0.6480 -0.5328
vn -0.5442 0.6480 -0.5328
vn -0.9496 0.2205 -0.2229
vn -0.4094 0.9103 0.0607
vn -0.8149 0.5713 -0.0979
vn -0.0772 0.0050 0.9970
vn -0.0719 0.2348 0.9694
vn -0.7742 0.4817 0.4106
vn -0.7145 0.4613 0.5260
vn -0.6372 0.4428 0.6307
vn -0.5443 0.4267 0.7223
vn -0.5442 0.4267 0.7223
vn -0.4379 0.4133 0.7984
vn -0.3207 0.4029 0.8572
vn -0.3207 0.4028 0.8572
vn -0.1956 0.3958 0.8973
vn -0.1956 0.3959 0.8972
vn -0.0662 0.3924 0.9174
vn -0.0634 0.4404 0.8956
vn -0.0206 0.9289 -0.3697
vn -0.0385 -0.7860 -0.6171
vn -0.0456 0.9792 -0.1976
vn -0.0352 0.9983 -0.0472
vn -0.0772 0.3457 -0.9352
vn -0.0772 0.3458 -0.9351
vn -0.0658 0.6824 -0.7280
vn -0.0711 0.5725 -0.8168
vn -0.1120 0.9071 -0.4058
vn -0.0644 0.9828 -0.1729
vn -0.0265 0.9967 0.0768
vn -0.2158 0.8756 -0.4321
vn -0.1821 -0.7923 -0.5823
vn -0.3766 0.3333 -0.8644
vn -0.3766 0.3332 -0.8644
vn -0.3207 0.6717 -0.6678
vn -0.3207 0.6718 -0.6677
vn -0.3464 0.5641 -0.7496
vn -0.2789 0.8961 -0.3454
vn -0.4553 0.3273 -0.8280
vn -0.3511 0.8287 -0.4357
vn -0.4379 0.6614 -0.6089
vn -0.4379 0.6614 -0.6090
vn -0.2756 -0.7586 -0.5904
vn -0.3013 0.9054 -0.2992
vn -0.2109 0.3424 -0.9156
vn -0.1153 0.9396 -0.3222
vn -0.1956 0.6789 -0.7077
vn -0.1956 0.6788 -0.7077
vn -0.1231 -0.7476 -0.6527
vn -0.1550 0.9013 -0.4045
vn -0.0659 0.9963 -0.0553
vn -0.0872 0.9938 -0.0687
vn -0.0347 0.9958 0.0843
vn -0.1652 0.9681 -0.1884
vn -0.1048 0.9940 -0.0323
vn -0.1735 0.9734 -0.1494
vn -0.0539 0.9943 0.0915
vn -0.1041 0.9944 0.0183
vn -0.1194 0.9926 0.0204
vn -0.3475 0.8921 -0.2888
vn -0.3079 -0.8058 -0.5059
vn -0.5877 0.5386 -0.6037
vn -0.4182 0.8771 -0.2363
vn -0.5341 0.8179 -0.2142
vn -0.4034 -0.8255 -0.3948
vn -0.8390 0.2647 -0.4754
vn -0.8390 0.2646 -0.4754
vn -0.7146 0.6133 -0.3365
vn -0.7145 0.6134 -0.3365
vn -0.7711 0.5023 -0.3912
vn -0.5172 0.8511 -0.0907
vn -0.8853 0.2504 -0.3919
vn -0.4565 0.8890 -0.0352
vn -0.7742 0.5930 -0.2211
vn -0.4874 -0.8016 -0.3463
vn -0.5562 0.8285 -0.0643
vn -0.7419 0.2877 -0.6056
vn -0.5111 0.8050 -0.3013
vn -0.6372 0.6318 -0.4413
vn -0.6373 0.6318 -0.4413
vn -0.4011 -0.7771 -0.4849
vn -0.4589 0.8614 -0.2176
vn -0.1968 0.9803 0.0181
vn -0.2273 0.9737 0.0155
vn -0.0807 0.9893 0.1215
vn -0.3291 0.9441 -0.0180
vn -0.2056 0.9764 0.0660
vn -0.3472 0.9378 -0.0001
vn -0.0896 0.9862 0.1395
vn -0.2523 0.9645 0.0785
vn -0.2959 0.9518 0.0812
vn -0.6471 0.7610 -0.0467
vn -0.4549 -0.8519 -0.2594
vn -0.8626 0.4904 -0.1238
vn -0.5696 0.8183 0.0772
vn -0.5304 0.8310 0.1678
vn -0.4683 -0.8760 -0.1155
vn -0.9810 0.1619 0.1069
vn -0.9810 0.1619 0.1070
vn -0.8354 0.5259 0.1595
vn -0.8355 0.5259 0.1595
vn -0.8929 0.4258 0.1464
vn -0.5600 0.7888 0.2535
vn -0.9669 0.1441 0.2107
vn -0.4093 0.8762 0.2543
vn -0.8149 0.5033 0.2874
vn -0.5129 -0.8580 -0.0263
vn -0.5343 0.7932 0.2921
vn -0.9810 0.1887 -0.0451
vn -0.8354 0.5487 0.0300
vn -0.8354 0.5488 0.0300
vn -0.5259 -0.8295 -0.1883
vn -0.5411 0.8317 0.1246
vn -0.1804 0.9698 0.1640
vn -0.1758 0.9683 0.1775
vn -0.0838 0.9805 0.1777
vn -0.4004 0.8926 0.2072
vn -0.2315 0.9507 0.2066
vn -0.3320 0.9161 0.2250
vn -0.0998 0.9748 0.1995
vn -0.1981 0.9538 0.2259
vn -0.2033 0.9486 0.2426
vn -0.5423 0.7683 0.3402
vn -0.4352 -0.9000 0.0260
vn -0.8336 0.3646 0.4149
vn -0.4963 0.7610 0.4178
vn -0.4498 -0.8845 0.1239
vn -0.2648 0.9019 0.3411
vn -0.5757 0.6477 0.4990
vn -0.4663 0.7270 0.5040
vn -0.4011 -0.8961 0.1899
vn -0.4266 0.7345 0.5278
vn -0.5586 0.3887 0.7327
vn -0.2996 -0.9353 0.1885
vn -0.2290 0.8631 0.4501
vn -0.4686 0.5517 0.6900
vn -0.3259 0.7105 0.6237
vn -0.2756 -0.9147 0.2954
vn -0.2805 0.7212 0.6333
vn -0.3421 0.2980 0.8912
vn -0.1811 -0.9448 0.2732
vn -0.1279 0.8521 0.5075
vn -0.2640 0.5360 0.8019
vn -0.1584 0.6967 0.6997
vn -0.1231 -0.9257 0.3576
vn -0.1147 0.7033 0.7016
vn -0.0673 0.3579 0.9313
vn -0.0378 -0.9546 0.2954
vn -0.0206 0.7464 0.6651
vn -0.0103 0.9046 0.4261
vn -0.0093 0.9094 0.4157
vn -0.0007 0.9660 0.2584
vn 0.9851 -0.0299 0.1694
vn 0.9851 0.0299 -0.1694
vn 0.9851 0.0299 -0.1693
vn 0.0324 0.1599 -0.9866
vn 0.1661 0.1018 -0.9808
vn 0.1935 0.0889 -0.9771
vn 0.4993 -0.0631 -0.8642
vn 0.4244 -0.0214 -0.9052
vn 0.7559 -0.2201 -0.6166
vn 0.7044 -0.1829 -0.6858
vn 0.8635 -0.3013 -0.4045
vn 0.8780 -0.3149 -0.3605
vn 0.9016 -0.3428 -0.2638
vn 0.1684 -0.2464 0.9544
vn 0.1538 -0.2401 0.9585
vn 0.5267 -0.3791 0.7608
vn 0.5132 -0.3752 0.7719
vn 0.9096 -0.4076 -0.0809
vn 0.9086 -0.4026 -0.1107
vn 0.8991 -0.4308 0.0780
vn 0.9001 -0.4300 0.0696
vn 0.8097 -0.4437 0.3841
vn 0.8621 -0.4459 0.2409
vn 0.7758 -0.4394 0.4528
vn 0.0585 0.1471 -0.9874
vn 0.1677 0.0960 -0.9812
vn 0.2195 0.0698 -0.9731
vn 0.5020 -0.0813 -0.8611
vn 0.4506 -0.0507 -0.8913
vn 0.7571 -0.2463 -0.6051
vn 0.7255 -0.2220 -0.6515
vn 0.8469 -0.3174 -0.4266
vn 0.8755 -0.3476 -0.3356
vn 0.8956 -0.3720 -0.2439
vn 0.9086 -0.4160 -0.0365
vn 0.9084 -0.4003 -0.1208
vn 0.1499 -0.2341 0.9606
vn 0.9004 -0.4128 0.1374
vn 0.1373 -0.2289 0.9637
vn 0.5040 -0.3565 0.7867
vn 0.4631 -0.3455 0.8162
vn 0.8086 -0.4197 0.4122
vn 0.7366 -0.4141 0.5348
vn 0.8755 -0.4196 0.2397
vn 0.2263 0.0932 -0.9696
vn 0.1572 0.1169 -0.9806
vn 0.4815 -0.0101 -0.8764
vn 0.5284 -0.0318 -0.8484
vn 0.7409 -0.1393 -0.6570
vn 0.7312 -0.1335 -0.6690
vn 0.8648 -0.2175 -0.4526
vn 0.9053 -0.2497 -0.3438
vn 0.9213 -0.2666 -0.2832
vn 0.9457 -0.3059 -0.1101
vn 0.9419 -0.3320 0.0512
vn 0.9405 -0.3339 0.0633
vn 0.2053 -0.2168 0.9544
vn 0.1771 -0.2105 0.9614
vn 0.5075 -0.2654 0.8198
vn 0.5431 -0.2705 0.7949
vn 0.6961 -0.2809 0.6607
vn 0.8484 -0.2809 0.4488
vn 0.8111 -0.2817 0.5126
vn 0.9190 -0.2688 0.2886
vn 0.8981 -0.1410 -0.4166
vn 0.8098 -0.0775 -0.5816
vn 0.8630 -0.1183 -0.4912
vn 0.8479 -0.1109 -0.5185
vn 0.8608 -0.1169 -0.4953
vn 0.6961 -0.0382 -0.7169
vn 0.5664 0.0092 -0.8241
vn 0.5078 0.0310 -0.8609
vn 0.1833 0.1292 -0.9745
vn 0.2053 0.1227 -0.9710
vn 0.7653 -0.1247 -0.6315
vn 0.5187 -0.0163 -0.8548
vn 0.4975 -0.0019 -0.8675
vn 0.1728 0.1172 -0.9780
vn 0.1680 0.1198 -0.9785
vn 0.9135 -0.2544 0.3175
vn 0.9127 -0.2232 -0.3423
vn 0.7860 -0.1434 -0.6013
vn 0.9621 -0.0532 -0.2676
vn 0.7965 0.0300 -0.6039
vn 0.8073 0.0226 -0.5897
vn 0.5177 0.0977 -0.8500
vn 0.5076 0.1022 -0.8555
vn 0.1746 0.1518 -0.9729
vn 0.1629 0.1554 -0.9743
vn 0.1767 -0.2284 0.9574
vn 0.9676 -0.2311 0.1017
vn 0.9639 -0.2330 0.1287
vn 0.9290 -0.2527 0.2703
vn 0.8265 -0.2696 0.4941
vn 0.8393 -0.2664 0.4739
vn 0.5374 -0.2626 0.8014
vn 0.5608 -0.2618 0.7855
vn 0.3461 -0.2361 0.9080
vn 0.4137 -0.2455 0.8767
vn 0.1719 -0.1893 0.9668
vn 0.9764 -0.2028 -0.0737
vn 0.9766 -0.2152 -0.0000
vn 0.9626 -0.1763 -0.2059
vn 0.9626 -0.1763 -0.2056
vn 0.9109 -0.1329 -0.3905
vn 0.8289 -0.0832 -0.5532
vn 0.8199 -0.0804 -0.5668
vn 0.5478 0.0258 -0.8362
vn 0.5356 0.0315 -0.8439
vn 0.1835 0.1305 -0.9743
vn 0.1758 0.1332 -0.9754
vn 0.8943 -0.1194 -0.4313
vn 0.9090 -0.3306 0.2537
vn 0.7818 -0.3377 0.5241
vn 0.7654 -0.3414 0.5455
vn 0.1662 -0.1875 0.9681
vn 0.1296 -0.1785 0.9754
vn 0.4202 -0.2041 0.8842
vn 0.5124 -0.1905 0.8373
vn 0.9626 -0.1400 0.2319
vn 0.8091 -0.1790 0.5598
vn 0.8151 -0.1764 0.5519
vn 0.6397 -0.1969 0.7430
vn 0.6152 -0.3188 0.7210
vn 0.4015 -0.2933 0.8676
vn 0.4862 -0.2890 0.8247
vn 0.1220 -0.2155 0.9689
vn 0.1562 -0.2189 0.9632
vn 0.1623 0.1318 -0.9779
vn 0.9723 -0.2303 -0.0413
vn 0.9268 -0.1784 -0.3305
vn 0.9182 -0.1642 -0.3606
vn 0.7609 -0.0763 -0.6444
vn 0.7492 -0.0672 -0.6589
vn 0.4941 0.0269 -0.8690
vn 0.4904 0.0290 -0.8710
vn 0.1756 0.1308 -0.9757
vn 0.9642 -0.2576 0.0635
vn 0.9463 -0.2858 0.1511
vn 0.9769 -0.1106 0.1826
vn 0.9970 -0.0762 -0.0147
vn 0.9970 -0.0674 -0.0388
vn 0.9417 -0.0210 -0.3357
vn 0.9312 -0.0104 -0.3643
vn 0.7687 0.0509 -0.6376
vn 0.8193 0.0179 -0.5730
vn 0.5070 0.1335 -0.8516
vn 0.5888 0.0901 -0.8032
vn 0.1804 0.1600 -0.9705
vn 0.1945 0.1552 -0.9685
vn 0.9888 -0.1333 0.0666
vn 0.8584 -0.2323 0.4574
vn 0.7329 -0.2318 0.6396
vn 0.7056 -0.2384 0.6673
vn 0.4621 -0.2298 0.8565
vn 0.5180 -0.2189 0.8269
vn 0.2124 -0.1809 0.9603
vn 0.9052 -0.1133 0.4095
vn 0.7150 -0.1668 0.6789
vn 0.7412 -0.1557 0.6529
vn 0.5223 -0.1757 0.8345
vn 0.4670 -0.1881 0.8641
vn 0.1527 -0.1625 0.9748
vn 0.1470 -0.2132 0.9659
vn 0.2083 -0.2044 0.9565
vn 0.9796 -0.0349 0.1981
vn 0.9776 -0.0570 0.2028
vn 0.9850 -0.0300 0.1701
vn 0.9977 -0.0118 0.0668
vn 0.9975 -0.0284 0.0645
vn 0.9992 -0.0073 0.0385
vn 0.9988 0.0080 -0.0475
vn 0.9955 -0.0426 -0.0844
vn 0.9971 0.0133 -0.0755
vn 0.9996 -0.0047 0.0264
vn 0.2156 -0.1695 0.9617
vn 0.9998 -0.0045 0.0209
vn 0.8926 -0.0821 0.4434
vn 0.8954 -0.0799 0.4380
vn 0.6277 -0.1328 0.7670
vn 0.5898 -0.1479 0.7939
vn 0.1944 -0.1655 0.9668
vn 0.9601 -0.0620 -0.2725
vn 0.9557 -0.0716 -0.2855
vn 0.9580 -0.1099 -0.2647
vn 0.0758 -0.1915 0.9786
vn 0.0819 -0.1541 0.9847
vn 0.1943 -0.1852 0.9633
vn 0.3122 -0.1947 0.9298
vn 0.6122 -0.1732 0.7715
vn 0.5891 -0.1809 0.7875
vn 0.8476 -0.1596 0.5060
vn 0.8938 -0.1329 0.4283
vn 0.9758 -0.1173 0.1846
vn 0.9973 -0.0712 0.0150
vn 0.0756 -0.1912 0.9786
vn 0.3054 -0.2387 0.9218
vn 0.3054 -0.2386 0.9218
vn 0.5951 -0.2810 0.7529
vn 0.5948 -0.2810 0.7532
vn 0.8261 -0.2909 0.4826
vn 0.8261 -0.2909 0.4827
vn 0.9511 -0.2650 0.1587
vn 0.9511 -0.2650 0.1590
vn 0.9621 -0.2089 -0.1753
vn 0.8220 -0.0207 -0.5691
vn 0.9810 0.0337 -0.1910
vn 0.9790 0.0245 -0.2023
vn 0.9750 0.0386 -0.2189
vn 0.8795 0.0826 -0.4687
vn 0.9049 0.0814 -0.4178
vn 0.7140 0.1194 -0.6899
vn 0.5774 0.1453 -0.8034
vn 0.5217 0.1480 -0.8402
vn 0.3889 0.1598 -0.9073
vn 0.2111 0.1669 -0.9631
vn 0.1792 0.1708 -0.9689
vn 0.9060 -0.0735 0.4169
vn 0.1170 -0.1725 0.9780
vn 0.2124 -0.1748 0.9614
vn 0.9376 -0.0699 0.3408
vn 0.8529 -0.0908 0.5141
vn 0.7153 -0.1209 0.6882
vn 0.7060 -0.1219 0.6976
vn 0.5225 -0.1491 0.8395
vn 0.5044 -0.1500 0.8503
vn 0.3241 -0.1641 0.9317
vn 0.9334 -0.2732 0.2325
vn 0.9674 -0.1157 0.2254
vn 0.9579 -0.1523 0.2434
vn 0.9313 -0.2451 0.2693
vn 0.1946 0.1704 -0.9660
vn 0.1208 0.1575 -0.9801
vn 0.3137 0.1663 -0.9349
vn 0.5896 0.1411 -0.7953
vn 0.9999 0.0021 -0.0119
vn 0.9996 0.0023 -0.0265
vn 0.9540 0.0499 -0.2957
vn 0.9340 0.0557 -0.3529
vn 0.8485 0.0958 -0.5204
vn 0.8223 0.0986 -0.5604
vn 0.6973 0.1247 -0.7058
vn 0.5160 0.1289 -0.8469
vn 0.9943 -0.0193 0.1047
vn 0.9670 -0.0466 0.2504
vn 0.2351 -0.1688 0.9572
vn 0.9312 -0.0494 0.3610
vn 0.7434 -0.1358 0.6549
vn 0.8118 -0.1016 0.5751
vn 0.5710 -0.1426 0.8085
vn 0.5127 -0.1571 0.8440
vn 0.1662 -0.1568 0.9735
vn 0.9751 -0.2122 0.0642
vn 0.9727 -0.2243 0.0603
vn 0.5041 0.1501 -0.8505
vn 0.1758 0.1709 -0.9695
vn 0.1098 0.1592 -0.9811
vn 0.2823 0.1665 -0.9448
vn 0.7906 0.0922 -0.6054
vn 0.8422 0.1051 -0.5288
vn 0.5391 0.1382 -0.8308
vn 0.9250 0.0668 -0.3740
vn 0.9895 0.0223 -0.1428
vn 0.9845 0.0344 -0.1722
vn 0.9976 -0.0107 0.0679
vn 0.9852 -0.0390 0.1668
vn 0.9696 -0.0444 0.2406
vn 0.8823 -0.0785 0.4641
vn 0.8399 -0.1052 0.5325
vn 0.6425 -0.1231 0.7563
vn 0.5415 -0.1565 0.8260
vn 0.2438 -0.1684 0.9551
vn 0.1718 -0.1506 0.9735
vn 0.3471 -0.1571 0.9246
vn 0.9722 -0.1895 -0.1373
vn 0.9755 -0.1783 -0.1290
vn 0.0251 0.1738 -0.9845
vn 0.1630 0.1687 -0.9721
vn 0.9408 0.0589 -0.3337
vn 0.2786 0.1786 -0.9436
vn 0.5847 0.1241 -0.8017
vn 0.5081 0.1497 -0.8482
vn 0.7543 0.1140 -0.6466
vn 0.8097 0.0922 -0.5795
vn 0.9667 0.0644 -0.2478
vn 0.2082 0.1350 -0.9687
vn 0.8586 -0.0629 -0.5088
vn 0.7081 0.0177 -0.7059
vn 0.7456 -0.0101 -0.6663
vn 0.5149 0.0628 -0.8549
vn 0.4812 0.0785 -0.8731
vn 0.1681 0.1318 -0.9769
vn 0.1715 0.1620 -0.9718
vn 0.2112 0.1676 -0.9630
vn 0.5210 0.1118 -0.8462
vn 0.4864 0.1258 -0.8647
vn 0.7137 0.0836 -0.6954
vn 0.7542 0.0642 -0.6535
vn 0.9042 0.0376 -0.4255
vn 0.9922 -0.1226 -0.0212
vn 0.0735 -0.1976 0.9775
vn 0.0741 -0.1979 0.9774
vn 0.2968 -0.2638 0.9178
vn 0.2173 -0.2399 0.9462
vn 0.4445 -0.3026 0.8431
vn 0.5794 -0.3298 0.7454
vn 0.8043 -0.3615 0.4717
vn 0.6949 -0.3466 0.6300
vn 0.8456 -0.3605 0.3937
vn 0.9276 -0.3440 0.1457
vn 0.9273 -0.3442 0.1471
vn 0.9467 -0.3210 -0.0257
vn 0.9394 -0.2903 -0.1824
vn 0.9386 -0.2885 -0.1894
vn 0.9207 -0.1559 -0.3577
vn 0.9208 -0.1550 -0.3580
vn 0.9208 -0.1548 -0.3580
vn 0.8980 -0.2446 -0.3658
vn 0.9292 -0.2584 -0.2642
vn 0.9224 -0.2364 -0.3053
vn 0.9225 -0.2677 0.2783
vn 0.9205 -0.3304 0.2085
vn 0.9146 -0.3208 0.2463
vn 0.9231 -0.3466 0.1663
vn 0.9073 -0.4204 -0.0042
vn 0.9095 -0.4114 0.0592
vn 0.9156 -0.4007 0.0331
vn 0.9156 -0.3652 -0.1681
vn 0.9095 -0.3663 -0.1964
vn 0.9073 -0.3965 -0.1398
vn 0.9798 -0.1969 -0.0336
vn 0.9790 -0.2004 -0.0366
vn 0.9815 -0.1888 -0.0326
vn 0.9818 -0.1871 -0.0320
vn 0.9824 -0.1843 -0.0306
vn 0.9828 -0.1819 -0.0309
vn 0.9844 -0.1733 -0.0306
vn 0.9874 -0.1557 -0.0274
vn 0.9932 -0.1108 -0.0368
vn 0.9927 -0.1133 -0.0410
vn 0.9958 -0.0896 -0.0205
vn 0.9750 -0.2197 -0.0338
vn 0.9761 -0.2144 -0.0355
vn 0.9794 -0.1981 -0.0383
vn 0.9740 -0.2248 -0.0290
vn 0.9748 -0.2196 -0.0398
vn 0.9683 -0.2459 -0.0428
vn 0.9658 -0.2575 -0.0311
vn 0.9659 -0.2572 -0.0308
vn 0.9660 -0.2551 -0.0428
vn 0.9659 -0.2565 -0.0342
vn 0.9669 -0.2501 -0.0510
vn 0.9661 -0.2554 -0.0365
vn 0.9667 -0.2529 -0.0394
vn 0.9657 -0.2550 -0.0493
vn 0.9646 -0.2587 -0.0517
vn 0.9631 -0.2635 -0.0553
vn 0.9713 -0.2348 -0.0378
vn 0.9721 -0.2318 -0.0358
vn 0.9714 -0.2345 -0.0378
vn 0.9730 -0.2277 -0.0384
vn 0.9740 -0.2231 -0.0386
vn 0.9605 -0.2731 -0.0540
vn 0.9583 -0.2819 -0.0458
vn 0.9615 -0.2693 -0.0553
vn 0.9620 -0.2669 -0.0574
vn 0.9702 -0.2397 -0.0364
vn 0.9551 -0.2921 -0.0492
vn 0.9551 -0.2922 -0.0489
vn 0.9565 -0.2867 -0.0546
vn 0.9580 -0.2831 -0.0449
vn 0.9589 -0.2784 -0.0539
vn 0.9581 -0.2828 -0.0452
vn 0.9582 -0.2825 -0.0457
vn 0.9551 -0.2919 -0.0502
vn 0.9551 -0.2919 -0.0500
vn 0.9552 -0.2919 -0.0497
vn 0.9552 -0.2919 -0.0496
vn 0.9551 -0.2920 -0.0492
vn 0.9551 -0.2919 -0.0505
vn 0.9563 -0.2892 -0.0426
vn 0.9551 -0.2920 -0.0512
vn 0.9699 -0.2397 -0.0423
vn 0.9628 -0.2661 -0.0469
vn 0.9624 -0.2675 -0.0472
vn 0.9621 -0.2684 -0.0473
vn 0.9615 -0.2705 -0.0477
vn 0.9617 -0.2701 -0.0476
vn 0.9604 -0.2743 -0.0485
vn 0.9549 -0.2924 -0.0520
vn 0.9552 -0.2914 -0.0508
vn 0.9569 -0.2830 -0.0649
vn 0.9567 -0.2842 -0.0634
vn 0.9565 -0.2854 -0.0611
vn 0.9551 -0.2914 -0.0527
vn 0.9553 -0.2905 -0.0552
vn 0.9580 -0.2814 -0.0544
vn 0.9568 -0.2869 -0.0468
vn 0.9551 -0.2913 -0.0540
vn 0.9551 -0.2913 -0.0539
vn 0.9551 -0.2913 -0.0538
vn 0.9552 -0.2912 -0.0535
vn 0.9552 -0.2918 -0.0497
vn 0.9552 -0.2913 -0.0531
vn 0.9551 -0.2913 -0.0532
vn 0.9583 -0.2807 -0.0532
vn 0.9614 -0.2720 -0.0423
vn 0.9586 -0.2799 -0.0526
vn 0.9700 -0.2384 -0.0470
vn 0.9643 -0.2619 -0.0389
vn 0.9702 -0.2381 -0.0452
vn 0.9655 -0.2575 -0.0395
vn 0.9726 -0.2279 -0.0462
vn 0.9714 -0.2334 -0.0444
vn 0.9741 -0.2227 -0.0400
vn 0.9745 -0.2211 -0.0395
vn 0.9766 -0.2116 -0.0384
vn 0.9743 -0.2207 -0.0457
vn 0.9748 -0.2200 -0.0377
vn 0.9665 -0.2527 -0.0456
vn 0.9666 -0.2528 -0.0419
vn 0.9660 -0.2526 -0.0553
vn 0.9660 -0.2525 -0.0560
vn 0.9659 -0.2524 -0.0582
vn 0.9665 -0.2486 -0.0635
vn 0.9632 -0.2660 -0.0388
vn 0.9618 -0.2711 -0.0370
vn 0.9755 -0.2168 -0.0382
vn 0.9902 -0.1374 -0.0242
vn 0.9996 -0.0282 -0.0050
vn 0.9953 -0.0961 -0.0095
vn 0.9927 -0.1206 -0.0002
vn 0.9932 -0.1167 -0.0033
vn 0.9877 -0.1539 -0.0265
vn 0.9808 -0.1899 -0.0441
vn 0.9786 -0.2031 -0.0327
vn 0.9828 -0.1816 -0.0344
vn 0.9815 -0.1889 -0.0321
vn 0.9843 -0.1736 -0.0314
vn 0.9838 -0.1764 -0.0311
vn 0.9853 -0.1683 -0.0297
vn 1.0000 -0.0062 -0.0011
vn 0.9996 -0.0287 -0.0025
vn 0.9990 -0.0434 -0.0117
vn 0.9967 -0.0798 -0.0114
vn 0.9984 -0.0566 -0.0083
vn 0.9996 -0.0277 -0.0083
vn 0.9998 -0.0188 -0.0033
vn 0.9724 -0.2247 -0.0623
vn 0.9944 -0.0599 -0.0873
vn 0.9807 -0.0885 0.1746
vn 0.9737 -0.0817 0.2126
vn 0.9734 -0.0796 0.2150
vn 0.9687 -0.0689 0.2386
vn 0.9800 -0.0919 0.1764
vn 0.9771 -0.0832 0.1957
vn 0.9738 -0.0813 0.2123
vn 0.9821 -0.0855 0.1681
vn 0.9843 -0.0981 0.1465
vn 0.9850 -0.0844 0.1506
vn 0.9868 -0.0405 0.1570
vn 0.9905 -0.1094 0.0830
vn 0.9917 -0.0939 0.0881
vn 0.9951 -0.0585 0.0795
vn 0.9953 -0.0508 0.0827
vn 0.9939 -0.1095 0.0095
vn 0.9922 -0.1246 0.0034
vn 0.9973 -0.0733 -0.0077
vn 0.9977 -0.0613 -0.0293
vn 0.9996 -0.0008 -0.0289
vn 0.9939 -0.0907 -0.0634
vn 0.9953 0.0377 -0.0895
vn 0.9889 -0.1157 -0.0937
vn 0.9874 -0.1276 -0.0932
vn 0.9907 -0.0363 -0.1312
vn 0.9866 -0.0719 -0.1466
vn 0.9876 -0.0511 -0.1482
vn 0.9881 -0.0429 -0.1476
vn 0.9679 0.0330 -0.2490
vn 0.9675 0.0203 -0.2520
vn 0.9745 0.0085 -0.2242
vn 0.9691 0.0117 -0.2465
vn 0.9712 0.0084 -0.2380
vn 0.9727 0.0003 -0.2320
vn 0.9764 -0.0107 -0.2159
vn 0.9760 -0.0024 -0.2176
vn 0.9798 -0.0218 -0.1989
vn 0.9851 0.0276 -0.1698
vn 0.9818 0.0083 -0.1898
vn 0.9618 -0.0801 0.2616
vn 0.9950 -0.0251 -0.0968
vn 0.9877 -0.1320 -0.0834
vn 0.9898 -0.0960 -0.1049
vn 0.9917 -0.1080 -0.0697
vn 0.9916 -0.0723 -0.1070
vn 0.9954 -0.0658 -0.0700
vn 0.9836 -0.1536 -0.0950
vn 0.9838 -0.1591 -0.0830
vn 0.9839 -0.1568 -0.0858
vn 0.9860 -0.1361 -0.0963
vn 0.9877 -0.1254 -0.0937
vn 0.9825 -0.0259 -0.1843
vn 0.9866 -0.0707 -0.1470
vn 0.9792 -0.1849 -0.0832
vn 0.9782 -0.1921 -0.0786
vn 0.9788 -0.1909 -0.0747
vn 0.9823 -0.1690 -0.0813
vn 0.9842 -0.1543 -0.0864
vn 0.9783 -0.1915 -0.0792
vn 0.9781 -0.1921 -0.0806
vn 0.9774 -0.2034 -0.0580
vn 0.9767 -0.2066 -0.0587
vn 0.9753 -0.2137 -0.0567
vn 0.9735 -0.2248 -0.0420
vn 0.9740 -0.2209 -0.0498
vn 0.9735 -0.2227 -0.0518
vn 0.9740 -0.2196 -0.0547
vn 0.9764 -0.2111 -0.0448
vn 0.9761 -0.2126 -0.0452
vn 0.9745 -0.2191 -0.0484
vn 0.9766 -0.2145 -0.0187
vn 0.9774 -0.2093 -0.0283
vn 0.9750 -0.2197 -0.0334
vn 0.9735 -0.2256 -0.0381
vn 0.9776 -0.2098 -0.0179
vn 0.9807 -0.1949 -0.0156
vn 0.9866 -0.1629 -0.0086
vn 0.9837 -0.1794 -0.0151
vn 0.9791 -0.2018 -0.0249
vn 0.9727 -0.2313 -0.0199
vn 0.9771 -0.2126 -0.0042
vn 0.9768 -0.2139 -0.0047
vn 0.9777 -0.2099 0.0084
vn 0.9780 -0.2083 0.0067
vn 0.9752 -0.2213 -0.0008
vn 0.9757 -0.2189 -0.0047
vn 0.9760 -0.2178 -0.0051
vn 0.9878 -0.1017 0.1180
vn 0.9787 -0.2049 0.0160
vn 0.9777 -0.2098 0.0085
vn 0.9836 -0.1771 0.0334
vn 0.9828 -0.1817 0.0325
vn 0.9807 -0.1942 0.0218
vn 0.9807 -0.1946 0.0211
vn 0.9801 -0.1972 0.0209
vn 0.9883 -0.1437 0.0514
vn 0.9863 -0.1628 0.0258
vn 0.9797 -0.1977 -0.0322
vn 0.9832 -0.1823 0.0068
vn 0.9837 -0.1776 0.0271
vn 0.9937 -0.0865 0.0718
vn 0.9899 -0.1314 -0.0536
vn 0.9816 -0.1485 -0.1204
vn 0.9902 -0.1304 0.0497
vn 0.9890 -0.1384 0.0525
vn 0.9846 -0.0610 0.1637
vn 0.9990 -0.0441 0.0043
vn 0.9947 -0.0745 0.0709
vn 0.9650 -0.0684 0.2530
vn 0.9722 -0.0683 0.2238
vn 0.9652 -0.0588 0.2548
vn 0.9727 -0.0504 0.2263
vn 0.9888 -0.0534 0.1395
vn 0.9851 -0.0329 0.1688
vn 0.9959 -0.0382 0.0815
vn 0.9648 -0.0744 0.2521
vn 0.9629 -0.1378 0.2318
vn 0.9687 0.0197 -0.2476
vn 0.9655 -0.0059 -0.2602
vn 0.9792 -0.0250 -0.2014
vn 0.9745 -0.0230 -0.2233
vn 0.9661 -0.0139 -0.2578
vn 0.9658 -0.0820 -0.2458
vn 0.9655 -0.0566 -0.2541
vn 0.9655 -0.0453 -0.2566
vn 0.9654 -0.1520 -0.2121
vn 0.9653 -0.1414 -0.2196
vn 0.9789 -0.1014 -0.1774
vn 0.9635 -0.1211 -0.2387
vn 0.9682 -0.0784 -0.2376
vn 0.9654 -0.2199 -0.1405
vn 0.9675 -0.2059 -0.1469
vn 0.9788 -0.1620 -0.1256
vn 0.9647 -0.1992 -0.1722
vn 0.9653 -0.2267 -0.1296
vn 0.9787 -0.1836 -0.0921
vn 0.9678 -0.2289 -0.1045
vn 0.9651 -0.2524 -0.0702
vn 0.9649 -0.2529 -0.0703
vn 0.9652 -0.2433 -0.0955
vn 0.9686 -0.2478 -0.0204
vn 0.9612 -0.2746 0.0279
vn 0.9714 -0.2359 0.0276
vn 0.9660 -0.2536 0.0502
vn 0.9624 -0.2635 0.0652
vn 0.9785 -0.1962 0.0631
vn 0.9704 -0.2278 0.0800
vn 0.9610 -0.2508 0.1165
vn 0.9780 -0.1825 0.1012
vn 0.9698 -0.2100 0.1239
vn 0.9574 -0.2235 0.1826
vn 0.9707 -0.1833 0.1553
vn 0.9652 -0.1840 0.1857
vn 0.9710 -0.1485 0.1873
vn 0.9806 -0.1184 0.1562
vn 0.9620 -0.1833 0.2026
vn 0.9959 -0.0244 0.0870
vn 0.9851 -0.0392 0.1677
vn 0.9874 -0.0341 0.1543
vn 0.9657 -0.1068 0.2365
vn 0.9809 -0.0885 0.1733
vn 0.9930 -0.0539 0.1055
vn 0.9982 -0.0377 0.0475
vn 0.9959 -0.0538 0.0729
vn 0.9960 -0.0644 0.0626
vn 0.9932 -0.0890 0.0754
vn 0.9959 -0.0704 0.0560
vn 0.9959 -0.0789 0.0437
vn 0.9958 -0.0804 0.0448
vn 0.9961 -0.0842 0.0271
vn 0.9959 -0.0859 0.0278
vn 0.9959 -0.0890 0.0135
vn 0.9930 -0.1173 0.0137
vn 0.9982 -0.0603 -0.0047
vn 0.9650 -0.2616 -0.0203
vn 0.9652 -0.2573 -0.0461
vn 0.9959 -0.0611 -0.0660
vn 0.9959 -0.0713 -0.0553
vn 0.9959 -0.0717 -0.0556
vn 0.9960 -0.0802 -0.0403
vn 0.9959 -0.0806 -0.0404
vn 0.9959 -0.0859 -0.0268
vn 0.9932 -0.1124 -0.0312
vn 0.9960 -0.0879 -0.0183
vn 0.9959 -0.0905 -0.0039
vn 0.9963 -0.0272 -0.0816
vn 0.9953 -0.0508 -0.0820
vn 0.9980 -0.0311 -0.0543
vn 0.9932 -0.0766 -0.0880
vn 0.9678 -0.1651 -0.1899
vn 0.9660 -0.1702 -0.1947
vn 0.9851 0.0205 -0.1710
vn 0.9979 0.0024 -0.0641
vn 0.9928 -0.0148 -0.1193
vn 0.9959 -0.0144 -0.0888
vn 0.9959 -0.0289 -0.0855
vn 0.9408 0.0719 -0.3312
vn 0.9373 0.0691 -0.3416
vn 0.9314 0.0669 -0.3578
vn 0.9262 0.0660 -0.3711
vn 0.9253 0.0658 -0.3734
vn 0.9969 0.0107 -0.0778
vn 0.9906 0.1361 -0.0163
vn 0.9822 0.0361 -0.1845
vn 0.9795 0.0349 -0.1983
vn 0.9651 0.0457 -0.2580
vn 0.9702 0.0587 -0.2350
vn 0.9302 0.0163 -0.3668
vn 0.9524 0.0907 -0.2911
vn 0.9453 0.0762 -0.3173
vn 0.9951 0.0407 -0.0897
vn 0.9920 0.0284 -0.1229
vn 0.9825 0.0151 -0.1856
vn 0.9871 0.0428 -0.1543
vn 0.9832 0.0369 -0.1788
vn 0.9860 -0.0320 0.1639
vn 0.9826 -0.0286 0.1833
vn 0.9788 -0.0356 0.2015
vn 0.9904 -0.0219 0.1362
vn 0.9943 -0.0048 0.1066
vn 0.9952 0.0434 0.0872
vn 0.9990 0.0017 0.0438
vn 1.0000 -0.0009 0.0065
vn 0.9253 -0.0658 0.3734
vn 0.9304 -0.0606 0.3614
vn 0.9365 -0.0531 0.3466
vn 0.9395 -0.0481 0.3391
vn 0.9418 -0.0439 0.3332
vn 0.9444 -0.0382 0.3265
vn 0.9464 -0.0333 0.3213
vn 0.9516 -0.0176 0.3069
vn 0.9548 0.0004 0.2974
vn 0.9735 -0.0396 0.2252
vn 0.9651 -0.0388 0.2592
vn 0.9303 -0.1072 0.3508
vn 0.4695 0.1533 -0.8695
vn 0.0294 0.1736 -0.9844
vn 0.1251 0.1723 -0.9771
vn 0.1078 0.1712 -0.9793
vn 0.2313 0.1702 -0.9579
vn 0.2143 0.1696 -0.9619
vn 0.2787 0.1668 -0.9458
vn 0.3736 0.1620 -0.9133
vn 0.3332 0.1700 -0.9274
vn 0.4242 0.1574 -0.8918
vn 0.5120 0.1492 -0.8459
vn 0.5308 0.1484 -0.8344
vn 0.6016 0.1376 -0.7868
vn 0.6191 0.1364 -0.7734
vn 0.6774 0.1277 -0.7244
vn 0.6788 0.1276 -0.7232
vn 0.7528 0.1142 -0.6483
vn 0.7540 0.1141 -0.6469
vn 0.8376 0.0949 -0.5380
vn 0.8577 0.0925 -0.5057
vn 0.8916 0.0786 -0.4460
vn 0.8902 -0.0791 0.4487
vn 0.8577 -0.0859 0.5069
vn 0.3240 -0.1640 0.9317
vn 0.4119 -0.1520 0.8984
vn 0.3736 -0.1599 0.9137
vn 0.4631 -0.1539 0.8728
vn 0.5308 -0.1472 0.8346
vn 0.5050 -0.1473 0.8505
vn 0.6191 -0.1390 0.7729
vn 0.5951 -0.1396 0.7915
vn 0.6788 -0.1275 0.7232
vn 0.7053 -0.1249 0.6978
vn 0.7540 -0.1126 0.6472
vn 0.7776 -0.1092 0.6192
vn 0.8359 -0.0953 0.5406
vn 0.0294 -0.1736 0.9844
vn 0.0295 -0.1736 0.9844
vn 0.1078 -0.1726 0.9791
vn 0.1239 -0.1733 0.9771
vn 0.2143 -0.1688 0.9621
vn 0.2301 -0.1690 0.9584
vn 0.2753 -0.1669 0.9467
vn 0.1299 0.5808 0.8036
vn 0.0192 0.8494 0.5274
vn 0.0219 0.9657 0.2587
vn 0.0221 0.9093 0.4156
vn 0.0491 0.9464 0.3194
vn 0.0608 0.9409 0.3331
vn 0.0347 0.9646 0.2613
vn 0.1722 0.8361 0.5209
vn 0.0379 0.9723 0.2305
vn 0.3975 0.6005 0.6938
vn 0.4131 0.6026 0.6829
vn 0.4382 0.5992 0.6701
vn 0.3937 0.6842 0.6139
vn 0.5203 0.5347 0.6658
vn 0.4867 0.6073 0.6280
vn 0.5148 0.6121 0.6002
vn 0.1252 0.9573 0.2607
vn 0.1475 0.9521 0.2678
vn 0.0807 0.9712 0.2242
vn 0.3422 0.8738 0.3455
vn 0.2110 0.9382 0.2743
vn 0.8931 -0.2985 0.3365
vn 0.6649 0.6569 0.3556
vn 0.7218 0.6446 0.2520
vn 0.5941 0.7481 0.2957
vn 0.7185 0.6283 0.2984
vn 0.6718 0.6606 0.3350
vn 0.3446 0.9276 0.1440
vn 0.6721 0.7397 0.0334
vn 0.6672 0.7329 -0.1328
vn 0.6703 0.7364 -0.0917
vn 0.6808 0.7301 -0.0589
vn 0.6771 0.7337 -0.0569
vn 0.6904 0.7234 -0.0048
vn 0.6901 0.7237 -0.0046
vn 0.6958 0.7176 0.0306
vn 0.2094 0.9758 0.0627
vn 0.3203 0.9472 -0.0116
vn 0.0870 0.9893 0.1174
vn 0.1651 0.9843 0.0617
vn 0.3020 0.9500 -0.0789
vn 0.4366 0.8534 -0.2847
vn 0.4178 0.7992 -0.4322
vn 0.4647 0.7531 -0.4658
vn 0.3813 0.8728 -0.3047
vn 0.5223 0.7271 -0.4456
vn 0.4926 0.7844 -0.3768
vn 0.5149 0.7804 -0.3548
vn 0.1098 0.9933 -0.0372
vn 0.1855 0.9538 -0.2362
vn 0.0345 0.9955 0.0877
vn 0.0892 0.9935 -0.0701
vn 0.0500 0.9985 0.0242
vn 0.0423 0.9989 0.0217
vn 0.0899 -0.8895 -0.4479
vn 0.1223 0.8210 -0.5576
vn 0.1003 0.8217 -0.5611
vn 0.0984 0.8116 -0.5758
vn 0.0244 0.9863 -0.1631
vn 0.0290 0.3466 -0.9376
vn 0.0309 0.9929 -0.1148
vn 0.1555 -0.8285 -0.5380
vn 0.3876 0.0602 -0.9199
vn 0.3973 0.7632 -0.5095
vn 0.3569 -0.9326 0.0528
vn 0.8444 -0.1903 0.5007
vn 0.5644 0.5676 0.5994
vn 0.0290 0.0051 0.9996
vn 0.0309 0.8938 0.4475
vn 0.0741 0.2347 0.9692
vn 0.0681 0.4403 0.8953
vn 0.3608 -0.5343 0.7644
vn 0.3207 0.4028 0.8572
vn 0.1921 0.3955 0.8982
vn 0.0899 -0.9891 0.1167
vn 0.1024 0.6696 0.7356
vn 0.0992 0.8472 0.5219
vn 0.3734 0.8768 0.3030
vn 0.7757 0.4821 0.4073
vn 0.7143 0.4612 0.5264
vn 0.7166 -0.6097 0.3389
vn 0.1729 0.9260 0.3355
vn 0.2412 -0.9704 0.0107
vn 0.4360 0.7052 0.5590
vn 0.7791 -0.3011 -0.5499
vn 0.7145 0.6134 -0.3364
vn 0.7757 0.5923 -0.2178
vn 0.0859 0.9702 -0.2266
vn 0.1921 0.6788 -0.7087
vn 0.3212 0.6718 -0.6675
vn 0.3215 -0.3994 -0.8585
vn 0.1406 0.9897 -0.0264
vn 0.4969 -0.0901 -0.8631
vn 0.3976 0.8016 -0.4465
vn 0.0913 0.5797 0.8097
vn 0.0923 0.6483 0.7558
vn 0.0030 -0.9915 0.1302
vn 0.0235 0.7464 0.6651
vn 1.0000 -0.0000 0.0017
vn 0.0285 0.9450 0.3258
vn 0.1387 0.7531 0.6431
vn 0.1803 0.7555 0.6299
vn 0.2019 -0.9212 0.3325
vn 0.2313 0.7323 0.6405
vn 0.0859 0.8342 0.5448
vn 0.1555 -0.9625 0.2222
vn 0.3876 -0.2581 0.8850
vn 0.3973 0.5429 0.7399
vn 0.1403 0.9213 0.3627
vn 0.4973 -0.3768 0.7814
vn 0.4426 0.3356 0.8315
vn 0.1786 0.8589 0.4801
vn 0.1074 0.9208 0.3750
vn 0.0648 0.9781 0.1976
vn 0.3583 0.8756 0.3239
vn 0.8049 0.4058 0.4328
vn 0.4831 0.7727 0.4117
vn 0.4498 -0.8845 0.1240
vn 0.4333 0.7902 0.4335
vn 0.4076 0.7839 0.4683
vn 0.1124 0.9540 0.2779
vn 0.3020 0.8658 0.3990
vn 0.5478 0.8194 0.1690
vn 0.3004 -0.9398 -0.1627
vn 0.8352 0.5251 0.1632
vn 0.9810 0.1619 0.1069
vn 0.9810 0.1887 -0.0451
vn 0.8353 0.5492 0.0264
vn 0.3004 -0.9388 -0.1686
vn 0.5353 0.8356 0.1231
vn 0.1781 0.9725 0.1502
vn 0.1919 0.9625 0.1915
vn 0.3797 0.9075 0.1797
vn 0.6181 0.7531 0.2254
vn 0.6966 0.6852 0.2126
vn 0.6914 0.6795 0.2455
vn 0.8844 0.3457 -0.3137
vn 0.8483 0.4515 -0.2767
vn 0.4927 0.8605 -0.1298
vn 0.4498 -0.7888 -0.4189
vn 0.4333 0.8908 -0.1371
vn 0.3734 0.9275 0.0151
vn 0.3569 -0.8584 -0.3686
vn 0.8444 -0.0076 -0.5357
vn 0.5644 0.7384 -0.3691
vn 0.1736 0.9848 0.0010
vn 0.2412 -0.9082 -0.3419
vn 0.4075 0.8969 -0.1719
vn 0.1126 0.9915 0.0650
vn 0.1256 0.9886 0.0825
vn 0.0920 0.9463 -0.3101
vn 0.1122 0.9597 -0.2576
vn 0.1387 0.9277 -0.3467
vn 0.1803 0.9254 -0.3334
vn 0.2019 -0.7520 -0.6275
vn 0.2302 0.9086 -0.3485
vn 0.4465 0.5860 -0.6761
vn 0.1273 0.9896 -0.0666
vn 0.0487 0.9938 0.1003
vn 0.0749 0.5216 -0.8499
vn 0.0690 0.6944 -0.7163
vn 0.0030 -0.8872 -0.4614
vn 0.0235 0.9289 -0.3697
vn 0.0231 0.9720 -0.2337
vn 0.0014 1.0000 0.0076
vn -0.0000 0.3468 -0.9379
vn -0.0000 0.3467 -0.9380
vn -0.0000 0.5229 -0.8524
vn -0.0000 0.6839 -0.7295
vn -0.0000 0.6961 -0.7180
vn -0.0000 0.9291 -0.3698
vn -0.0000 1.0000 0.0076
vn -0.0000 0.9095 0.4157
vn -0.0000 0.7890 0.6143
vn -0.0000 0.7891 0.6142
vn -0.0000 0.6366 0.7712
vn -0.0000 0.6364 0.7713
vn -0.0000 0.4413 0.8974
vn -0.0000 0.4414 0.8973
vn -0.0000 0.2354 0.9719
vn -0.0000 0.0051 1.0000
vn -0.0000 0.9660 0.2584
vn -0.0000 0.9659 0.2588
vn -0.0000 -0.9916 -0.1293
vn -0.0084 -0.9978 -0.0663
vn -0.0000 -0.9998 -0.0215
vn -0.0000 -0.9926 0.1214
vn -0.0078 -0.9880 0.1540
vn -0.0000 -0.9726 0.2324
vn -0.0000 -0.9443 0.3292
vn -0.0090 -0.9285 0.3713
vn -0.0000 -0.9012 0.4334
vn -0.0000 -0.8777 0.4792
vn -0.0020 -0.8218 0.5697
vn -0.0171 -0.8482 0.5293
vn -0.0005 -0.7892 0.6142
vn -0.0000 -0.7544 0.6564
vn -0.0000 -0.7196 0.6944
vn -0.0092 -0.6734 0.7392
vn -0.0000 -0.6368 0.7710
vn -0.0000 -0.5557 0.8314
vn -0.0083 -0.4909 0.8712
vn -0.0000 -0.2179 0.9760
vn -0.0090 -0.2835 0.9589
vn -0.0000 -0.3264 0.9452
vn -0.0000 -0.4585 0.8887
vn 0.9253 -0.0697 0.3727
vn 0.0285 -0.9008 0.4333
vn 0.0571 -0.9971 0.0512
vn 0.0022 -0.9916 -0.1293
vn 0.0023 -0.9916 -0.1293
vn 0.0109 -0.9914 -0.1302
vn 0.0380 -0.7538 0.6560
vn 0.0363 -0.7886 0.6138
vn 0.0396 -0.7190 0.6938
vn 0.0271 -0.6366 0.7707
vn 0.0483 -0.3260 0.9441
vn 0.0294 -0.2178 0.9756
vn 0.9254 -0.1493 0.3484
vn 0.9344 -0.2395 0.2637
vn 0.9345 -0.2118 0.2860
vn 0.9177 -0.2018 0.3423
vn 0.9295 -0.3346 0.1551
vn 0.9388 -0.2963 0.1758
vn 0.9252 -0.3043 0.2268
vn 0.9276 -0.2896 0.2362
vn 0.7764 -0.6206 -0.1095
vn 0.8794 -0.4746 -0.0392
vn 0.9280 -0.3707 0.0378
vn 0.9221 -0.3652 0.1278
vn 0.9219 -0.3662 0.1264
vn 0.9295 -0.3580 0.0888
vn 0.9293 -0.3622 0.0719
vn 0.0327 -0.8479 0.5291
vn 0.0958 -0.8469 0.5231
vn 0.1240 -0.8555 0.5028
vn 0.1566 -0.8449 0.5116
vn 0.0239 -0.9440 0.3291
vn -0.0283 -0.9366 0.3493
vn 0.0955 -0.9363 0.3380
vn 0.0785 -0.9668 0.2431
vn 0.1529 -0.9630 0.2218
vn 0.1189 -0.9842 0.1309
vn 0.0434 -0.9977 0.0526
vn 0.0258 -0.9989 -0.0403
vn 0.0503 -0.9976 -0.0473
vn 0.1858 -0.9781 0.0941
vn 0.2103 -0.9747 0.0752
vn 0.2187 -0.9739 0.0613
vn 0.2330 -0.9710 0.0539
vn 0.0561 -0.9711 0.2320
vn 0.0202 -0.9683 0.2489
vn 0.0610 -0.9872 0.1475
vn 0.0845 -0.9956 0.0408
vn 0.1233 -0.9921 0.0213
vn 0.0733 -0.9956 -0.0589
vn 0.0940 -0.9928 -0.0748
vn 0.2168 -0.8418 0.4943
vn 0.2414 -0.8499 0.4684
vn 0.2756 -0.8378 0.4714
vn 0.3325 -0.8327 0.4428
vn 0.3865 -0.8267 0.4089
vn 0.4375 -0.8198 0.3695
vn 0.4847 -0.8120 0.3252
vn 0.5278 -0.8033 0.2761
vn 0.5658 -0.7939 0.2228
vn 0.5968 -0.7844 0.1687
vn 0.5981 -0.7899 0.1354
vn 0.6215 -0.7750 0.1150
vn 0.1860 -0.9317 0.3121
vn 0.2501 -0.9268 0.2802
vn 0.2908 -0.9223 0.2546
vn 0.3292 -0.9171 0.2251
vn 0.3647 -0.9112 0.1917
vn 0.3971 -0.9047 0.1548
vn 0.3970 -0.9047 0.1548
vn 0.4257 -0.8976 0.1147
vn 0.4256 -0.8976 0.1147
vn 0.4596 -0.8864 0.0548
vn 0.4892 -0.8717 -0.0288
vn 0.2537 -0.9668 0.0303
vn 0.2592 -0.9657 0.0149
vn 0.2719 -0.9623 0.0047
vn 0.2938 -0.9553 -0.0335
vn 0.3127 -0.9459 -0.0869
vn 0.1115 -0.9892 -0.0948
vn 0.1241 -0.9854 -0.1167
vn 0.1241 -0.9854 -0.1168
vn 0.1321 -0.9814 -0.1393
vn 0.1582 -0.9874 -0.0056
vn 0.1875 -0.9815 -0.0391
vn 0.2088 -0.9750 -0.0761
vn 0.2087 -0.9750 -0.0761
vn 0.2222 -0.9683 -0.1140
vn 0.2056 -0.9589 0.1955
vn 0.2390 -0.9552 0.1745
vn 0.2705 -0.9509 0.1502
vn 0.2997 -0.9461 0.1228
vn 0.3263 -0.9407 0.0924
vn 0.3498 -0.9349 0.0595
vn 0.3779 -0.9258 0.0103
vn 0.4022 -0.9137 -0.0584
vn 0.6411 -0.7652 0.0594
vn 0.6367 -0.7706 0.0267
vn 0.6555 -0.7552 0.0026
vn 0.6678 -0.7404 -0.0770
vn 0.6897 -0.7174 -0.0981
vn 0.1117 -0.8956 0.4306
vn 0.2176 -0.8902 0.4002
vn 0.2927 -0.8846 0.3631
vn 0.3402 -0.8793 0.3332
vn 0.3852 -0.8732 0.2986
vn 0.3851 -0.8732 0.2986
vn 0.4267 -0.8663 0.2595
vn 0.4646 -0.8587 0.2163
vn 0.4980 -0.8504 0.1694
vn 0.4981 -0.8504 0.1694
vn 0.5377 -0.8373 0.0993
vn 0.5723 -0.8201 0.0016
vn 0.5866 -0.8055 -0.0844
vn 0.6180 -0.7812 -0.0882
vn 0.0488 -0.2302 0.9719
vn 0.1431 -0.1881 0.9717
vn 0.1237 -0.2165 0.9684
vn 0.1393 -0.3930 0.9089
vn 0.2299 -0.2132 0.9496
vn 0.2337 -0.2168 0.9478
vn 0.2750 -0.2112 0.9380
vn 0.3237 -0.2085 0.9229
vn 0.4115 -0.2024 0.8886
vn 0.4627 -0.1982 0.8641
vn 0.4962 -0.2028 0.8442
vn 0.5045 -0.1941 0.8413
vn 0.5770 -0.1860 0.7953
vn 0.5949 -0.1610 0.7875
vn 0.6528 -0.1886 0.7337
vn 0.7244 -0.1179 0.6792
vn 0.7046 -0.1673 0.6896
vn 0.7879 -0.1510 0.5970
vn 0.7759 -0.1730 0.6066
vn 0.8454 -0.1106 0.5226
vn 0.8350 -0.1395 0.5322
vn 0.8911 -0.1228 0.4368
vn 0.8891 -0.1276 0.4396
vn 0.9235 -0.1072 0.3682
vn 0.9229 -0.1094 0.3691
vn 0.2278 -0.3900 0.8922
vn 0.3154 -0.3856 0.8671
vn 0.4010 -0.3797 0.8337
vn 0.4837 -0.3724 0.7921
vn 0.5622 -0.3637 0.7427
vn 0.6365 -0.3536 0.6855
vn 0.7052 -0.3422 0.6210
vn 0.7677 -0.3296 0.5495
vn 0.8230 -0.3159 0.4720
vn 0.8683 -0.3021 0.3934
vn 0.9041 -0.2883 0.3153
vn 0.9229 -0.2796 0.2646
vn 0.9273 -0.2651 0.2644
vn 0.0191 -0.4584 0.8885
vn 0.0593 -0.3945 0.9170
vn 0.0190 -0.3060 0.9519
vn 0.1418 -0.3045 0.9419
vn 0.2318 -0.3015 0.9249
vn 0.3210 -0.2970 0.8993
vn 0.4081 -0.2910 0.8653
vn 0.4923 -0.2835 0.8230
vn 0.5722 -0.2746 0.7727
vn 0.5722 -0.2746 0.7728
vn 0.6478 -0.2644 0.7145
vn 0.7177 -0.2528 0.6489
vn 0.7813 -0.2400 0.5761
vn 0.8376 -0.2260 0.4972
vn 0.8837 -0.2120 0.4172
vn 0.9202 -0.1979 0.3377
vn 0.9202 -0.1980 0.3377
vn 0.8973 -0.2066 0.3902
vn 0.9696 -0.1004 0.2230
vn 0.9218 -0.3551 0.1555
vn 0.9070 -0.3646 0.2107
vn 0.8792 -0.3785 0.2893
vn 0.8444 -0.3919 0.3653
vn 0.8004 -0.4053 0.4417
vn 0.7466 -0.4186 0.5171
vn 0.6858 -0.4308 0.5866
vn 0.6189 -0.4419 0.6493
vn 0.6190 -0.4419 0.6493
vn 0.5468 -0.4517 0.7050
vn 0.4704 -0.4602 0.7530
vn 0.4703 -0.4602 0.7530
vn 0.3899 -0.4673 0.7934
vn 0.3067 -0.4731 0.8259
vn 0.2215 -0.4774 0.8503
vn 0.1355 -0.4802 0.8666
vn 0.1355 -0.4803 0.8666
vn 0.0463 -0.4817 0.8751
vn 0.0447 -0.5551 0.8305
vn 0.0554 -0.5663 0.8224
vn 0.1302 -0.5648 0.8149
vn 0.2129 -0.5620 0.7992
vn 0.2948 -0.5579 0.7758
vn 0.3749 -0.5524 0.7445
vn 0.4521 -0.5455 0.7057
vn 0.4522 -0.5455 0.7057
vn 0.5256 -0.5374 0.6595
vn 0.5950 -0.5279 0.6060
vn 0.6592 -0.5173 0.5457
vn 0.7177 -0.5055 0.4789
vn 0.7694 -0.4928 0.4065
vn 0.7694 -0.4927 0.4065
vn 0.8117 -0.4799 0.3330
vn 0.8452 -0.4670 0.2599
vn 0.8719 -0.4536 0.1843
vn 0.8916 -0.4400 0.1071
vn 0.9074 -0.4202 -0.0014
vn 0.9139 -0.4058 -0.0083
vn 0.0431 -0.7211 0.6914
vn 0.1155 -0.7199 0.6844
vn 0.1156 -0.7199 0.6844
vn 0.1889 -0.7174 0.6706
vn 0.1889 -0.7174 0.6705
vn 0.2616 -0.7137 0.6497
vn 0.3326 -0.7088 0.6220
vn 0.4012 -0.7028 0.5875
vn 0.4663 -0.6955 0.5466
vn 0.5279 -0.6871 0.4991
vn 0.5849 -0.6777 0.4456
vn 0.6368 -0.6672 0.3864
vn 0.6827 -0.6559 0.3221
vn 0.7202 -0.6445 0.2569
vn 0.7202 -0.6445 0.2568
vn 0.7499 -0.6331 0.1920
vn 0.7736 -0.6212 0.1250
vn 0.7910 -0.6092 0.0564
vn 0.8054 -0.5914 -0.0397
vn 0.8186 -0.5720 -0.0520
vn 0.0422 -0.6465 0.7617
vn 0.1236 -0.6452 0.7540
vn 0.2020 -0.6426 0.7391
vn 0.2798 -0.6386 0.7169
vn 0.3557 -0.6334 0.6872
vn 0.4290 -0.6269 0.6503
vn 0.4987 -0.6192 0.6066
vn 0.5646 -0.6102 0.5558
vn 0.6255 -0.6001 0.4986
vn 0.6810 -0.5889 0.4352
vn 0.7301 -0.5768 0.3664
vn 0.7702 -0.5646 0.2967
vn 0.8020 -0.5524 0.2274
vn 0.8274 -0.5397 0.1556
vn 0.8460 -0.5268 0.0823
vn 0.8603 -0.5097 -0.0116
vn 0.8718 -0.4896 -0.0165
vn -0.0733 -0.9971 -0.0215
vn 0.0067 -0.9992 -0.0384
vn 0.0257 -0.9989 -0.0403
vn 0.0085 -0.9915 -0.1300
vn 0.0166 -0.9911 -0.1322
vn 0.0250 -0.9903 -0.1366
vn 0.0143 -0.9925 0.1213
vn -0.1958 -0.9661 0.1683
vn 0.0502 -0.9976 -0.0473
vn 0.0241 -0.9904 -0.1362
vn 0.0311 -0.9895 -0.1413
vn 0.0375 -0.9882 -0.1488
vn 0.0305 -0.8773 0.4790
vn 0.0381 -0.8980 0.4383
vn 0.1598 -0.9810 0.1104
vn 0.1706 -0.9804 0.0986
vn 0.0367 -0.9883 -0.1480
vn 0.0410 -0.9870 -0.1552
vn 0.0443 -0.9853 -0.1648
vn 0.0434 -0.9857 -0.1627
vn 0.0532 -0.9755 -0.2136
vn 0.1305 -0.9830 -0.1293
vn 0.1440 -0.9765 -0.1606
vn 0.2282 -0.9618 -0.1513
vn 0.2315 -0.9600 -0.1578
vn 0.3202 -0.9380 -0.1331
vn 0.3243 -0.9357 -0.1390
vn 0.4131 -0.9019 -0.1259
vn 0.4086 -0.9047 -0.1202
vn 0.5036 -0.8559 -0.1180
vn 0.4984 -0.8597 -0.1116
vn 0.5769 -0.8110 -0.0968
vn 0.1062 -0.7875 0.6071
vn 0.1737 -0.7852 0.5943
vn 0.2405 -0.7819 0.5752
vn 0.3058 -0.7774 0.5497
vn 0.3688 -0.7718 0.5180
vn 0.4288 -0.7651 0.4804
vn 0.4287 -0.7651 0.4804
vn 0.4854 -0.7574 0.4367
vn 0.5378 -0.7487 0.3876
vn 0.5377 -0.7487 0.3876
vn 0.5855 -0.7391 0.3331
vn 0.6276 -0.7287 0.2740
vn 0.6276 -0.7287 0.2739
vn 0.6621 -0.7182 0.2140
vn 0.6894 -0.7077 0.1544
vn 0.7112 -0.6968 0.0927
vn 0.7272 -0.6857 0.0297
vn 0.7393 -0.6716 -0.0480
vn 0.7597 -0.6481 -0.0534
vn 0.2784 0.1222 -0.9527
vn 0.5115 0.1046 -0.8529
vn 0.5921 -0.5822 -0.5572
vn 0.6440 -0.4965 -0.5820
vn 0.9293 -0.3113 -0.1985
vn 0.9308 -0.3174 -0.1815
vn 0.9260 -0.3433 -0.1569
vn 0.9170 -0.3712 -0.1458
vn 0.9236 -0.2900 -0.2507
vn 0.9202 -0.0875 -0.3816
vn 0.9420 -0.1051 -0.3187
vn 0.9249 -0.1732 -0.3386
vn 0.9245 -0.1724 -0.3400
vn 0.9268 -0.2033 -0.3158
vn 0.9247 0.0277 -0.3798
vn 0.9236 0.0305 -0.3821
vn 0.9265 -0.0083 -0.3762
vn 0.9268 -0.0201 -0.3749
vn 0.1438 -0.9622 -0.2311
vn 0.0532 -0.9902 -0.1295
vn 0.0439 -0.9823 -0.1821
vn 0.3242 -0.9256 -0.1952
vn 0.2293 -0.9569 -0.1780
vn 0.2227 -0.9493 -0.2219
vn 0.1324 -0.9701 -0.2034
vn 0.1246 -0.9660 -0.2263
vn 0.0657 -0.9204 -0.3854
vn 0.6891 -0.7031 -0.1755
vn 0.6720 -0.7279 -0.1362
vn 0.7584 -0.6219 -0.1951
vn 0.5337 -0.6618 -0.5265
vn 0.9136 -0.3831 -0.1359
vn 0.8615 -0.4852 -0.1500
vn 0.8477 -0.4684 -0.2490
vn 0.7926 -0.5546 -0.2533
vn 0.7758 -0.5424 -0.3223
vn 0.7133 -0.6243 -0.3185
vn 0.6918 -0.6133 -0.3811
vn 0.9477 -0.2101 -0.2404
vn 0.9221 -0.2808 -0.2663
vn 0.9097 -0.2721 -0.3138
vn 0.8745 -0.3647 -0.3198
vn 0.8482 -0.3512 -0.3966
vn 0.8048 -0.4425 -0.3956
vn 0.7730 -0.4300 -0.4665
vn 0.7228 -0.5187 -0.4567
vn 0.6645 -0.6025 -0.4421
vn 0.7525 -0.5304 -0.3904
vn 0.8298 -0.4553 -0.3228
vn 0.8934 -0.3785 -0.2421
vn 0.9221 -0.3073 -0.2351
vn 0.9269 -0.3056 -0.2180
vn 0.8907 0.0342 -0.4534
vn 0.8940 0.0260 -0.4472
vn 0.8869 -0.0576 -0.4584
vn 0.8714 -0.1504 -0.4669
vn 0.8474 -0.2443 -0.4714
vn 0.8146 -0.3380 -0.4713
vn 0.6887 -0.4063 -0.6004
vn 0.7258 -0.3131 -0.6125
vn 0.7550 -0.2184 -0.6182
vn 0.7551 -0.2184 -0.6182
vn 0.7764 -0.1237 -0.6179
vn 0.7902 -0.0305 -0.6121
vn 0.7963 0.0480 -0.6030
vn 0.6764 0.0723 -0.7330
vn 0.6691 0.0844 -0.7383
vn 0.6636 -0.0065 -0.7481
vn 0.6520 -0.1002 -0.7516
vn 0.6340 -0.1955 -0.7482
vn 0.6095 -0.2911 -0.7374
vn 0.5783 -0.3854 -0.7190
vn 0.5784 -0.3854 -0.7190
vn 0.5408 -0.4770 -0.6929
vn 0.4972 -0.5642 -0.6592
vn 0.4482 -0.6456 -0.6183
vn 0.4237 0.1127 -0.8987
vn 0.4237 0.1127 -0.8988
vn 0.4202 0.0216 -0.9072
vn 0.4129 -0.0726 -0.9079
vn 0.4015 -0.1687 -0.9002
vn 0.3860 -0.2653 -0.8835
vn 0.3662 -0.3610 -0.8577
vn 0.3425 -0.4541 -0.8225
vn 0.3148 -0.5432 -0.7784
vn 0.2838 -0.6266 -0.7258
vn 0.2498 -0.7032 -0.6656
vn 0.2135 -0.7718 -0.5990
vn 0.1755 -0.8315 -0.5271
vn 0.0987 -0.8268 -0.5538
vn 0.1201 -0.7660 -0.6315
vn 0.1406 -0.6965 -0.7037
vn 0.1597 -0.6190 -0.7690
vn 0.1771 -0.5347 -0.8263
vn 0.1927 -0.4449 -0.8746
vn 0.2061 -0.3511 -0.9134
vn 0.2172 -0.2549 -0.9423
vn 0.2259 -0.1579 -0.9613
vn 0.2323 -0.0615 -0.9707
vn 0.2364 0.0329 -0.9711
vn 0.2383 0.1171 -0.9641
vn 0.2311 0.1244 -0.9649
vn 0.0294 0.1290 -0.9912
vn 0.0473 0.1171 -0.9920
vn 0.0469 0.0296 -0.9985
vn 0.0377 0.0378 -0.9986
vn 0.0541 -0.0648 -0.9964
vn 0.0461 -0.0568 -0.9973
vn 0.0447 -0.1638 -0.9855
vn 0.0307 -0.1530 -0.9877
vn 0.0547 -0.2606 -0.9639
vn 0.0431 -0.2506 -0.9671
vn 0.0407 -0.3555 -0.9338
vn 0.0273 -0.3465 -0.9376
vn 0.0496 -0.4490 -0.8922
vn 0.0382 -0.4411 -0.8967
vn 0.0350 -0.5359 -0.8435
vn 0.0257 -0.5308 -0.8471
vn 0.0400 -0.6200 -0.7835
vn 0.0317 -0.6158 -0.7872
vn 0.0278 -0.6953 -0.7182
vn 0.0235 -0.6935 -0.7201
vn 0.0279 -0.7650 -0.6435
vn 0.0239 -0.7636 -0.6452
vn 0.0195 -0.8254 -0.5642
vn 0.0167 -0.8247 -0.5653
vn 0.0180 -0.8772 -0.4798
vn 0.0304 -0.8792 -0.4756
vn 0.0216 -0.9205 -0.3901
vn 0.0109 -0.9183 -0.3957
vn 0.0224 -0.9531 -0.3018
vn 0.2314 -0.9550 -0.1857
vn 0.1357 -0.9739 -0.1819
vn 0.0437 -0.9820 -0.1838
vn 0.0412 -0.9806 -0.1914
vn 0.0373 -0.9795 -0.1980
vn 0.4088 -0.8931 -0.1880
vn 0.3212 -0.9282 -0.1877
vn 0.3134 -0.9191 -0.2387
vn 0.2095 -0.9425 -0.2604
vn 0.1124 -0.9622 -0.2479
vn 0.0370 -0.9794 -0.1985
vn 0.4986 -0.8480 -0.1797
vn 0.4123 -0.8901 -0.1942
vn 0.4032 -0.8793 -0.2536
vn 0.2949 -0.9095 -0.2929
vn 0.1890 -0.9361 -0.2967
vn 0.0960 -0.9588 -0.2673
vn 0.0317 -0.9782 -0.2050
vn 0.0249 -0.9773 -0.2103
vn 0.5770 -0.7959 -0.1835
vn 0.5026 -0.8442 -0.1864
vn 0.4904 -0.8298 -0.2662
vn 0.3793 -0.8669 -0.3234
vn 0.2660 -0.9005 -0.3440
vn 0.1614 -0.9303 -0.3293
vn 0.0806 -0.9567 -0.2797
vn 0.0265 -0.9776 -0.2089
vn 0.6181 -0.7650 -0.1811
vn 0.5866 -0.7863 -0.1939
vn 0.5737 -0.7711 -0.2762
vn 0.4613 -0.8148 -0.3511
vn 0.3421 -0.8553 -0.3891
vn 0.2271 -0.8924 -0.3899
vn 0.1356 -0.9268 -0.3502
vn 0.0638 -0.9547 -0.2907
vn 0.0211 -0.9769 -0.2127
vn 0.0130 -0.9763 -0.2159
vn 0.1908 -0.8875 -0.4194
vn 0.2455 -0.8387 -0.4861
vn 0.2922 -0.8449 -0.4481
vn 0.3554 -0.7880 -0.5028
vn 0.4161 -0.8007 -0.4310
vn 0.4868 -0.7370 -0.4690
vn 0.5397 -0.7535 -0.3755
vn 0.5404 -0.6795 -0.4962
vn 0.4157 -0.7221 -0.5529
vn 0.2987 -0.7805 -0.5491
vn 0.2111 -0.8348 -0.5085
vn 0.1641 -0.8845 -0.4368
vn 0.1483 -0.8854 -0.4406
vn 0.1073 -0.9234 -0.3686
vn 0.0391 -0.9529 -0.3007
vn 0.0130 -0.9521 -0.3056
vn 0.0043 -0.9760 -0.2176
vn 0.8181 -0.5528 -0.1587
vn 0.7408 -0.6499 -0.1700
vn 0.7287 -0.6355 -0.2551
vn 0.6569 -0.7099 -0.2541
vn 0.6382 -0.7162 -0.2823
vn 0.2272 -0.8924 -0.3899
vn 0.0129 -0.9763 -0.2160
vn 0.0042 -0.9760 -0.2177
vn 0.8915 -0.4364 -0.1214
vn 0.9088 -0.3982 -0.1246
vn 0.8298 -0.4553 -0.3227
vn 0.7758 -0.5424 -0.3224
vn 0.8709 -0.4630 -0.1645
vn 0.8078 -0.5734 -0.1368
vn 0.6430 -0.6998 -0.3113
vn 0.6236 -0.6898 -0.3677
vn 0.5998 -0.6973 -0.3926
vn 0.5990 -0.6801 -0.4226
vn 0.5689 -0.6708 -0.4758
vn 0.6312 -0.5921 -0.5010
vn 0.6312 -0.5921 -0.5011
vn 0.6865 -0.5073 -0.5209
vn 0.9257 -0.0387 -0.3764
vn 0.9209 -0.0678 -0.3837
vn 0.9201 -0.0705 -0.3853
vn 0.9212 -0.0882 -0.3790
vn 0.9073 -0.1645 -0.3870
vn 0.8823 -0.2581 -0.3936
vn 0.8374 0.0748 -0.5415
vn 0.8495 0.0469 -0.5256
vn 0.8424 -0.0437 -0.5371
vn 0.8277 -0.1367 -0.5443
vn 0.8049 -0.2311 -0.5466
vn 0.7737 -0.3253 -0.5436
vn 0.7342 -0.4179 -0.5351
vn 0.7520 0.0699 -0.6554
vn 0.7373 0.1093 -0.6667
vn 0.7304 -0.0180 -0.6828
vn 0.7177 -0.1115 -0.6874
vn 0.6979 -0.2065 -0.6858
vn 0.6709 -0.3017 -0.6774
vn 0.6366 -0.3955 -0.6621
vn 0.5953 -0.4864 -0.6396
vn 0.5473 -0.5728 -0.6102
vn 0.6010 0.0942 -0.7937
vn 0.5930 0.1094 -0.7977
vn 0.5878 0.0043 -0.8090
vn 0.5775 -0.0896 -0.8114
vn 0.5616 -0.1852 -0.8064
vn 0.5399 -0.2812 -0.7934
vn 0.5123 -0.3760 -0.7721
vn 0.4791 -0.4682 -0.7425
vn 0.4404 -0.5561 -0.7048
vn 0.3970 -0.6383 -0.6595
vn 0.3495 -0.7135 -0.6073
vn 0.4690 0.1087 -0.8765
vn 0.5096 0.1026 -0.8543
vn 0.5054 0.0138 -0.8628
vn 0.4966 -0.0803 -0.8643
vn 0.4829 -0.1762 -0.8578
vn 0.4642 -0.2725 -0.8428
vn 0.4405 -0.3678 -0.8190
vn 0.4119 -0.4605 -0.7863
vn 0.3787 -0.5490 -0.7451
vn 0.3414 -0.6319 -0.6958
vn 0.3005 -0.7079 -0.6393
vn 0.2568 -0.7757 -0.5764
vn 0.1379 -0.8288 -0.5423
vn 0.1678 -0.7685 -0.6175
vn 0.1963 -0.6994 -0.6873
vn 0.2230 -0.6223 -0.7504
vn 0.2474 -0.5383 -0.8056
vn 0.2691 -0.4489 -0.8521
vn 0.2877 -0.3554 -0.8893
vn 0.3032 -0.2594 -0.9169
vn 0.3154 -0.1625 -0.9349
vn 0.3244 -0.0663 -0.9436
vn 0.3301 0.0280 -0.9435
vn 0.3329 0.1192 -0.9354
vn 0.1251 0.1472 -0.9812
vn 0.1427 0.1273 -0.9815
vn 0.1416 0.0361 -0.9893
vn 0.1391 -0.0584 -0.9886
vn 0.1353 -0.1548 -0.9786
vn 0.1300 -0.2520 -0.9590
vn 0.1234 -0.3483 -0.9292
vn 0.1154 -0.4423 -0.8894
vn 0.1061 -0.5323 -0.8399
vn 0.0956 -0.6169 -0.7812
vn 0.0842 -0.6946 -0.7145
vn 0.0719 -0.7644 -0.6407
vn 0.0591 -0.8255 -0.5614
vn 0.0460 -0.8772 -0.4779
vn 0.0767 -0.8783 -0.4720
vn 0.0909 -0.8813 -0.4637
vn 0.1072 -0.8798 -0.4631
vn 0.1364 -0.8819 -0.4512
vn 0.4611 -0.6636 -0.5891
vn 0.4933 -0.6534 -0.5742
vn 0.8823 -0.2580 -0.3936
vn 0.9245 -0.2227 -0.3094
vn 0.9237 -0.2232 -0.3114
vn 0.0143 -0.9997 -0.0215
vn -0.0000 -0.9978 -0.0663
vn 0.0078 -0.9880 0.1540
vn 0.0090 -0.9285 0.3713
vn 0.0005 -0.7892 0.6142
vn 0.0094 -0.8218 0.5697
vn 0.0011 -0.8484 0.5294
vn -0.0000 -0.6735 0.7392
vn 0.0161 -0.6367 0.7709
vn 0.0122 -0.4585 0.8886
vn -0.0000 -0.4909 0.8712
vn 0.0090 -0.2835 0.9589
vn 0.0073 -0.9009 -0.4339
vn 0.0073 -0.7971 -0.6038
vn 0.0073 -0.6617 -0.7498
vn 0.0072 -0.5000 -0.8660
vn 0.0070 -0.3185 -0.9479
vn -0.0000 -0.1243 -0.9922
vn 0.0117 -0.1639 -0.9864
vn 0.0073 0.0747 -0.9972
vn -0.0000 -0.9659 -0.2588
vn 0.0109 -0.9760 -0.2176
vn -0.9491 -0.2700 -0.1622
vn -0.9737 -0.1934 -0.1205
vn -0.9916 -0.0833 -0.0993
vn -0.9722 -0.2253 0.0643
vn -0.9755 -0.2116 0.0603
vn -0.0785 0.1731 -0.9818
vn -0.9441 -0.0398 0.3273
vn -0.9387 -0.0495 0.3411
vn -0.9353 -0.0546 0.3495
vn -0.9304 -0.0606 0.3615
vn -0.9253 -0.0658 0.3734
vn -0.9969 -0.0064 0.0785
vn -0.9924 0.1038 0.0656
vn -0.9953 0.0365 0.0898
vn -0.9941 -0.0050 0.1082
vn -0.9865 -0.0148 0.1630
vn -0.9826 -0.0422 0.1809
vn -0.9906 -0.0210 0.1349
vn -0.9911 -0.0192 0.1314
vn -0.9826 -0.0284 0.1836
vn -0.9791 -0.0354 0.2003
vn -0.9651 -0.0451 0.2581
vn -0.9701 -0.0254 0.2412
vn -0.9302 -0.1097 0.3503
vn -0.9543 -0.0025 0.2987
vn -0.9507 -0.0206 0.3095
vn -0.9824 0.0363 -0.1830
vn -0.9826 0.0365 -0.1819
vn -0.9883 0.0228 -0.1511
vn -0.9915 0.0275 -0.1275
vn -0.9917 0.0279 -0.1255
vn -0.9948 0.0360 -0.0951
vn -0.9952 0.0708 -0.0671
vn -0.9995 0.0057 -0.0315
vn -1.0000 -0.0004 0.0021
vn -0.9253 0.0658 -0.3734
vn -0.9277 0.0662 -0.3675
vn -0.9324 0.0672 -0.3552
vn -0.9376 0.0692 -0.3408
vn -0.9405 0.0716 -0.3320
vn -0.9423 0.0732 -0.3266
vn -0.9461 0.0778 -0.3144
vn -0.9523 0.0906 -0.2913
vn -0.9302 0.0170 -0.3667
vn -0.9689 0.0569 -0.2406
vn -0.9651 0.0499 -0.2572
vn -0.9752 0.0385 -0.2180
vn -0.9795 0.0349 -0.1985
vn -0.0294 0.1783 -0.9835
vn -0.0847 0.1744 -0.9810
vn -0.2143 0.1673 -0.9623
vn -0.1667 0.1738 -0.9706
vn -0.2471 0.1683 -0.9543
vn -0.2903 0.1662 -0.9424
vn -0.3006 0.1654 -0.9393
vn -0.3827 0.1613 -0.9097
vn -0.4016 0.1582 -0.9020
vn -0.4627 0.1539 -0.8730
vn -0.5308 0.1472 -0.8346
vn -0.5020 0.1530 -0.8512
vn -0.6191 0.1333 -0.7739
vn -0.5923 0.1399 -0.7935
vn -0.6788 0.1275 -0.7232
vn -0.6790 0.1275 -0.7230
vn -0.7540 0.1141 -0.6469
vn -0.7542 0.1140 -0.6467
vn -0.8032 0.1034 -0.5867
vn -0.8232 0.0982 -0.5593
vn -0.8526 0.0926 -0.5142
vn -0.8796 0.0815 -0.4687
vn -0.8997 0.0758 -0.4298
vn -0.8997 -0.0758 0.4298
vn -0.8916 -0.0791 0.4459
vn -0.8526 -0.0894 0.5148
vn -0.8376 -0.0956 0.5379
vn -0.8032 -0.1034 0.5867
vn -0.7540 -0.1141 0.6469
vn -0.7528 -0.1145 0.6482
vn -0.6788 -0.1274 0.7232
vn -0.6774 -0.1277 0.7244
vn -0.6191 -0.1364 0.7734
vn -0.6016 -0.1398 0.7865
vn -0.5308 -0.1459 0.8348
vn -0.5120 -0.1492 0.8459
vn -0.4627 -0.1539 0.8730
vn -0.4695 -0.1532 0.8695
vn -0.3827 -0.1612 0.9097
vn -0.4241 -0.1533 0.8925
vn -0.3332 -0.1643 0.9284
vn -0.2903 -0.1661 0.9424
vn -0.0295 -0.1736 0.9844
vn -0.0785 -0.1713 0.9821
vn -0.1251 -0.1733 0.9769
vn -0.2143 -0.1687 0.9621
vn -0.2313 -0.1689 0.9581
vn -0.2787 -0.1668 0.9458
vn -0.9215 -0.1652 -0.3515
vn -0.9658 -0.0296 -0.2577
vn -0.9609 -0.0549 -0.2713
vn -0.9524 -0.0549 -0.2997
vn -0.9578 -0.1523 0.2437
vn -0.9617 -0.1412 0.2350
vn -0.9557 -0.1942 0.2212
vn -0.9541 -0.0397 -0.2968
vn -0.9127 -0.2227 -0.3427
vn -0.9160 -0.2280 -0.3300
vn -0.7818 -0.1393 -0.6078
vn -0.7865 -0.1404 -0.6015
vn -0.1294 0.1651 -0.9777
vn -0.1619 0.1555 -0.9745
vn -0.5048 0.1089 -0.8563
vn -0.4204 0.1113 -0.9005
vn -0.4061 0.0407 -0.9129
vn -0.1213 0.1258 -0.9846
vn -0.1708 0.1189 -0.9781
vn -0.9616 -0.0501 -0.2700
vn -0.8039 0.0247 -0.5943
vn -0.8151 0.0245 -0.5787
vn -0.6401 0.0690 -0.7652
vn -0.6150 -0.0541 -0.7867
vn -0.5135 -0.0210 -0.8578
vn -0.9765 -0.2028 -0.0728
vn -0.9677 -0.2303 0.1027
vn -0.9682 -0.2300 0.0980
vn -0.9345 -0.2511 0.2525
vn -0.8468 -0.2680 0.4595
vn -0.8434 -0.2676 0.4658
vn -0.5552 -0.2625 0.7892
vn -0.5494 -0.2612 0.7937
vn -0.1811 -0.2095 0.9609
vn -0.1808 -0.2094 0.9610
vn -0.9654 -0.1786 -0.1900
vn -0.9632 -0.1770 -0.2024
vn -0.8969 -0.1232 -0.4247
vn -0.9135 -0.1322 -0.3848
vn -0.7957 -0.0735 -0.6012
vn -0.8191 -0.0808 -0.5680
vn -0.6387 -0.0053 -0.7695
vn -0.5432 0.0223 -0.8393
vn -0.4582 0.0556 -0.8871
vn -0.1846 0.1305 -0.9741
vn -0.1812 0.1310 -0.9747
vn -0.9765 -0.2156 -0.0006
vn -0.7706 -0.0627 -0.6342
vn -0.1715 -0.1878 0.9671
vn -0.1532 -0.2180 0.9638
vn -0.1640 -0.2191 0.9618
vn -0.4761 -0.2978 0.8274
vn -0.4776 -0.2985 0.8263
vn -0.9623 -0.1346 0.2365
vn -0.8593 -0.1769 0.4799
vn -0.8062 -0.1728 0.5658
vn -0.1653 -0.1885 0.9681
vn -0.5094 -0.1981 0.8374
vn -0.4972 -0.1954 0.8454
vn -0.7013 -0.1934 0.6862
vn -0.6737 -0.3274 0.6625
vn -0.8209 -0.3547 0.4476
vn -0.7684 -0.3269 0.5502
vn -0.9076 -0.3339 0.2543
vn -0.2056 -0.2041 0.9571
vn -0.8578 -0.2334 0.4579
vn -0.7074 -0.2245 0.6703
vn -0.7455 -0.2373 0.6228
vn -0.5126 -0.2332 0.8264
vn -0.4812 -0.2251 0.8472
vn -0.1680 -0.2094 0.9633
vn -0.1714 -0.1802 0.9686
vn -0.2124 -0.1716 0.9620
vn -0.5223 -0.1845 0.8326
vn -0.4865 -0.1775 0.8555
vn -0.7153 -0.1591 0.6805
vn -0.7541 -0.1630 0.6362
vn -0.9054 -0.1104 0.4100
vn -0.9923 -0.1222 -0.0222
vn -0.9888 -0.1025 -0.1082
vn -0.8579 -0.0618 -0.5101
vn -0.7327 0.0012 -0.6805
vn -0.7046 0.0046 -0.7095
vn -0.4623 0.0769 -0.8834
vn -0.5155 0.0772 -0.8534
vn -0.2111 0.1585 -0.9645
vn -0.9041 0.0346 -0.4259
vn -0.7131 0.0753 -0.6970
vn -0.7410 0.0771 -0.6670
vn -0.5213 0.1204 -0.8448
vn -0.4672 0.1188 -0.8762
vn -0.1526 0.1803 -0.9717
vn -0.1469 0.1310 -0.9804
vn -0.2056 0.1356 -0.9692
vn -0.1737 -0.1844 0.9674
vn -0.1499 -0.2078 0.9666
vn -0.1696 -0.2084 0.9632
vn -0.4799 -0.2704 0.8346
vn -0.4832 -0.2717 0.8323
vn -0.9730 -0.2285 -0.0331
vn -0.9473 -0.2757 0.1630
vn -0.9156 -0.2726 0.2956
vn -0.9586 -0.2085 -0.1939
vn -0.9498 -0.2046 -0.2368
vn -0.9772 -0.0414 -0.2084
vn -0.9970 -0.0772 -0.0064
vn -0.9970 -0.0771 0.0106
vn -0.9379 -0.1348 0.3198
vn -0.8952 -0.1315 0.4258
vn -0.1916 -0.1817 0.9645
vn -0.5866 -0.1909 0.7871
vn -0.4966 -0.1635 0.8524
vn -0.7599 -0.1798 0.6246
vn -0.7423 -0.2869 0.6055
vn -0.7835 -0.2995 0.5445
vn -0.9070 -0.1457 -0.3951
vn -0.9238 -0.1606 -0.3476
vn -0.9193 -0.2410 -0.3112
vn -0.9231 -0.2688 -0.2749
vn -0.9073 -0.3965 -0.1398
vn -0.9095 -0.3663 -0.1964
vn -0.9156 -0.3652 -0.1681
vn -0.9156 -0.4007 0.0331
vn -0.9095 -0.4114 0.0592
vn -0.9073 -0.4204 -0.0042
vn -0.9168 -0.2701 0.2941
vn -0.9167 -0.2693 0.2952
vn -0.9167 -0.2692 0.2953
vn -0.9285 -0.3140 0.1981
vn -0.9122 -0.3157 0.2612
vn -0.9231 -0.3466 0.1664
vn -0.9851 -0.0299 0.1694
vn -0.9960 -0.0883 0.0155
vn -0.9850 0.0400 -0.1676
vn -0.9728 0.0360 -0.2289
vn -0.9652 -0.2529 0.0667
vn -0.9677 -0.1563 0.1980
vn -0.9466 -0.0857 0.3108
vn -0.9732 -0.0867 0.2131
vn -0.9667 -0.1014 0.2349
vn -0.9635 -0.1348 0.2313
vn -0.9777 -0.1000 0.1846
vn -0.9435 -0.1967 0.2665
vn -0.9660 -0.2437 0.0867
vn -0.9469 -0.3001 0.1154
vn -0.9724 -0.2068 0.1080
vn -0.9382 -0.2947 0.1814
vn -0.9727 -0.1885 0.1350
vn -0.9601 -0.2151 0.1786
vn -0.9730 -0.1670 0.1593
vn -0.9641 -0.1869 0.1886
vn -0.9657 -0.1734 0.1933
vn -0.9699 -0.2145 -0.1156
vn -0.9409 -0.3047 -0.1476
vn -0.9738 -0.2131 -0.0789
vn -0.9401 -0.3288 -0.0897
vn -0.9710 -0.2336 -0.0510
vn -0.9643 -0.2619 -0.0400
vn -0.9691 -0.2461 -0.0187
vn -0.9426 -0.3338 -0.0122
vn -0.9733 -0.2289 0.0146
vn -0.9597 -0.1887 -0.2080
vn -0.9725 -0.1657 -0.1634
vn -0.9733 -0.1641 -0.1606
vn -0.9413 -0.2634 -0.2113
vn -0.9737 -0.1359 -0.1827
vn -0.9842 -0.1003 -0.1462
vn -0.9654 -0.1317 -0.2249
vn -0.9655 -0.1085 -0.2368
vn -0.9721 -0.0927 -0.2155
vn -0.9691 -0.0932 -0.2283
vn -0.9598 -0.0942 -0.2644
vn -0.9718 -0.0617 -0.2275
vn -0.9674 -0.0629 -0.2454
vn -0.9660 -0.0319 -0.2565
vn -0.9453 -0.0326 -0.3247
vn -0.9454 0.0262 -0.3248
vn -0.9726 0.0042 -0.2324
vn -0.9983 0.0011 -0.0589
vn -0.9959 0.0055 -0.0900
vn -0.9960 -0.0093 -0.0892
vn -0.9949 -0.0124 -0.1000
vn -0.9960 -0.0155 -0.0882
vn -0.9960 -0.0235 -0.0867
vn -0.9960 -0.0355 -0.0825
vn -0.9961 -0.0350 -0.0806
vn -0.9956 -0.0531 -0.0773
vn -0.9959 -0.0513 -0.0743
vn -0.9960 -0.0623 -0.0645
vn -0.9947 -0.0738 -0.0722
vn -0.9976 -0.0553 -0.0407
vn -0.9696 -0.1971 -0.1450
vn -0.9647 -0.2227 -0.1407
vn -0.9960 -0.0877 -0.0192
vn -0.9960 -0.0842 -0.0312
vn -0.9960 -0.0814 -0.0374
vn -0.9956 -0.0827 -0.0445
vn -0.9960 -0.0788 -0.0431
vn -0.9959 -0.0710 -0.0554
vn -0.9960 -0.0896 0.0057
vn -0.9980 -0.0638 0.0007
vn -0.9950 -0.0993 -0.0075
vn -0.9960 -0.0888 -0.0115
vn -0.9960 -0.0452 0.0776
vn -0.9960 -0.0557 0.0705
vn -0.9960 -0.0616 0.0650
vn -0.9949 -0.0729 0.0695
vn -0.9980 -0.0500 0.0393
vn -0.9963 -0.0702 0.0503
vn -0.9956 -0.0829 0.0428
vn -0.9960 -0.0796 0.0416
vn -0.9959 -0.0857 0.0277
vn -0.9977 -0.0643 0.0229
vn -0.9947 -0.1011 0.0208
vn -0.9715 -0.2324 0.0477
vn -0.9392 -0.3396 0.0506
vn -0.9851 -0.0313 0.1692
vn -0.9982 -0.0183 0.0567
vn -0.9957 -0.0349 0.0857
vn -0.9960 -0.0392 0.0806
vn -0.9851 0.0299 -0.1694
vn -0.9938 0.0193 -0.1096
vn -0.9661 0.0423 -0.2549
vn -0.2351 0.1688 -0.9572
vn -0.9311 0.0769 -0.3565
vn -0.7407 0.0977 -0.6647
vn -0.8064 0.1025 -0.5824
vn -0.5673 0.1431 -0.8110
vn -0.5052 0.1415 -0.8513
vn -0.1619 0.1867 -0.9690
vn -0.9977 0.0118 -0.0668
vn -0.9975 -0.0036 -0.0702
vn -0.9992 0.0068 -0.0388
vn -0.1810 -0.1708 0.9686
vn -0.1097 -0.1875 0.9761
vn -0.2875 -0.1661 0.9433
vn -0.5532 -0.1445 0.8204
vn -0.5087 -0.1625 0.8454
vn -0.6870 -0.1263 0.7156
vn -0.8208 -0.0992 0.5625
vn -0.8578 -0.1009 0.5040
vn -0.9779 -0.0229 0.2078
vn -0.9902 -0.0243 0.1376
vn -0.9976 0.0125 -0.0674
vn -0.9871 0.0183 -0.1588
vn -0.9683 0.0425 -0.2461
vn -0.9144 0.0711 -0.3986
vn -0.8796 0.0904 -0.4670
vn -0.8085 0.0967 -0.5805
vn -0.7521 0.1143 -0.6490
vn -0.6449 0.1326 -0.7527
vn -0.6010 0.1449 -0.7860
vn -0.4605 0.1498 -0.8749
vn -0.2435 0.1823 -0.9526
vn -0.1848 0.1724 -0.9675
vn -0.9988 -0.0086 0.0474
vn -0.9955 -0.0687 0.0648
vn -0.9971 -0.0133 0.0755
vn -0.0256 -0.1736 0.9845
vn -0.1653 -0.1740 0.9708
vn -0.9408 -0.0589 0.3338
vn -0.2787 -0.1550 0.9478
vn -0.5848 -0.1570 0.7958
vn -0.5100 -0.1493 0.8471
vn -0.8083 -0.1116 0.5781
vn -0.9661 -0.0251 0.2569
vn -0.9810 -0.0337 0.1909
vn -0.9790 -0.0462 0.1985
vn -0.9750 -0.0386 0.2189
vn -0.8796 -0.0826 0.4685
vn -0.9059 -0.0657 0.4183
vn -0.7158 -0.1235 0.6873
vn -0.5787 -0.1381 0.8038
vn -0.5226 -0.1483 0.8396
vn -0.3906 -0.1599 0.9066
vn -0.2124 -0.1726 0.9618
vn -0.1792 -0.1708 0.9689
vn -0.9996 -0.0108 0.0273
vn -0.9780 -0.2086 0.0082
vn -0.9706 0.0267 -0.2390
vn -0.9643 0.0432 -0.2614
vn -0.9848 0.0072 -0.1733
vn -0.9706 0.0068 -0.2406
vn -0.9731 0.0018 -0.2303
vn -0.9739 -0.0039 -0.2271
vn -0.9793 -0.0230 -0.2011
vn -0.9818 -0.0256 -0.1884
vn -0.9843 -0.0409 -0.1719
vn -0.9843 -0.0435 -0.1710
vn -0.9852 -0.0262 -0.1691
vn -0.9878 -0.0593 -0.1438
vn -0.9878 -0.0589 -0.1439
vn -0.9898 -0.0074 -0.1420
vn -0.9909 -0.0620 -0.1191
vn -0.9925 -0.0535 -0.1102
vn -0.9927 -0.0529 -0.1087
vn -0.9943 -0.0549 -0.0909
vn -0.9956 0.0140 -0.0928
vn -0.9909 -0.1265 -0.0463
vn -0.9969 -0.0690 -0.0374
vn -0.9973 -0.0728 -0.0111
vn -0.9961 -0.0885 0.0014
vn -0.9993 0.0066 0.0381
vn -0.9934 -0.1116 0.0266
vn -0.9943 -0.1011 0.0339
vn -0.9903 -0.0823 0.1120
vn -0.9889 -0.1366 0.0582
vn -0.9875 -0.1510 0.0444
vn -0.9864 -0.1596 0.0407
vn -0.9952 -0.0438 0.0879
vn -0.9866 -0.1171 0.1135
vn -0.9865 -0.1226 0.1090
vn -0.9878 -0.0936 0.1246
vn -0.9679 -0.0643 0.2428
vn -0.9708 -0.0726 0.2288
vn -0.9706 -0.0727 0.2293
vn -0.9737 -0.0807 0.2132
vn -0.9761 -0.0832 0.2008
vn -0.9757 -0.0804 0.2037
vn -0.9805 -0.0920 0.1736
vn -0.9805 -0.0895 0.1751
vn -0.9825 -0.0881 0.1639
vn -0.9484 0.0205 -0.3164
vn -0.9954 -0.0558 0.0777
vn -0.9958 -0.0853 0.0320
vn -0.9942 -0.0858 0.0644
vn -0.9698 -0.0660 0.2348
vn -0.9695 -0.0651 0.2361
vn -0.9850 -0.0456 0.1666
vn -0.9918 -0.1028 0.0762
vn -0.9917 -0.1260 0.0255
vn -0.9910 -0.1256 0.0466
vn -0.9835 -0.1793 0.0222
vn -0.9859 -0.1611 0.0453
vn -0.9879 -0.1505 0.0383
vn -0.9877 -0.1523 0.0350
vn -0.9897 -0.1319 0.0561
vn -0.9778 -0.2094 0.0091
vn -0.9775 -0.2111 0.0026
vn -0.9797 -0.1995 0.0181
vn -0.9830 -0.1807 0.0322
vn -0.9836 -0.1776 0.0302
vn -0.9834 -0.1797 0.0250
vn -0.9837 -0.1778 0.0261
vn -0.9726 -0.2318 -0.0163
vn -0.9733 -0.2280 -0.0277
vn -0.9737 -0.2268 -0.0234
vn -0.9764 -0.2154 -0.0160
vn -0.9758 -0.2182 -0.0164
vn -0.9751 -0.2210 -0.0166
vn -0.9741 -0.2238 -0.0318
vn -0.9754 -0.2181 -0.0312
vn -0.9725 -0.2295 -0.0405
vn -0.9746 -0.2163 -0.0580
vn -0.9751 -0.2144 -0.0572
vn -0.9779 -0.2020 -0.0536
vn -0.9867 -0.1556 -0.0477
vn -0.9839 -0.1725 -0.0472
vn -0.9753 -0.2164 -0.0450
vn -0.9728 -0.2232 -0.0621
vn -0.9767 -0.2034 -0.0684
vn -0.9754 -0.2093 -0.0697
vn -0.9754 -0.2075 -0.0751
vn -0.9771 -0.1986 -0.0767
vn -0.9780 -0.1917 -0.0829
vn -0.9800 -0.1789 -0.0866
vn -0.9805 -0.1777 -0.0842
vn -0.9808 -0.1742 -0.0874
vn -0.9837 -0.1538 -0.0936
vn -0.9787 -0.0176 -0.2048
vn -0.9798 -0.1965 -0.0376
vn -0.9830 -0.1712 -0.0658
vn -0.9949 -0.0459 -0.0903
vn -0.9938 -0.0568 -0.0952
vn -0.9944 -0.0845 -0.0631
vn -0.9919 -0.0722 -0.1043
vn -0.9910 -0.1033 -0.0851
vn -0.9906 -0.1166 -0.0722
vn -0.9897 -0.1093 -0.0922
vn -0.9880 -0.1177 -0.0995
vn -0.9907 -0.0020 -0.1360
vn -0.9972 -0.0454 -0.0599
vn -0.9670 0.0293 -0.2531
vn -0.9700 0.0152 -0.2425
vn -0.9715 0.0113 -0.2368
vn -0.9709 0.0069 -0.2394
vn -0.9049 0.0739 -0.4192
vn -0.1209 0.1724 -0.9776
vn -0.2111 0.1647 -0.9635
vn -0.9385 0.0496 -0.3417
vn -0.8534 0.0903 -0.5133
vn -0.7139 0.1218 -0.6896
vn -0.7064 0.1238 -0.6969
vn -0.5216 0.1472 -0.8404
vn -0.5062 0.1497 -0.8493
vn -0.3269 0.1643 -0.9307
vn -0.9796 0.0349 -0.1981
vn -0.9776 0.0158 -0.2100
vn -0.9850 0.0300 -0.1701
vn -0.1916 -0.1704 0.9666
vn -0.8966 -0.0774 0.4360
vn -1.0000 -0.0016 0.0089
vn -0.9997 -0.0065 0.0231
vn -0.9552 -0.0534 0.2910
vn -0.8541 -0.1100 0.5083
vn -0.1210 -0.1864 0.9750
vn -0.3108 -0.1637 0.9363
vn -0.5874 -0.1397 0.7972
vn -0.5137 -0.1690 0.8412
vn -0.6974 -0.1242 0.7058
vn 0.8751 0.4765 0.0840
vn 0.9760 0.2144 0.0378
vn 0.9978 -0.0650 -0.0115
vn 0.9388 -0.3393 -0.0598
vn 0.8037 -0.5860 -0.1033
vn 0.6035 -0.7852 -0.1385
vn 0.3544 -0.9209 -0.1624
vn 0.1095 -0.9789 -0.1726
vn 0.0766 -0.9831 -0.1665
vn -0.0330 -0.9843 -0.1736
vn -0.2074 -0.9634 -0.1699
vn -0.4746 -0.8668 -0.1528
vn -0.7033 -0.7000 -0.1234
vn -0.8751 -0.4765 -0.0840
vn -0.9760 -0.2144 -0.0378
vn -0.9978 0.0650 0.0115
vn -0.9388 0.3393 0.0598
vn -0.8037 0.5860 0.1033
vn -0.6035 0.7852 0.1385
vn -0.3544 0.9209 0.1624
vn -0.1095 0.9789 0.1726
vn -0.0766 0.9807 0.1798
vn 0.0330 0.9843 0.1736
vn 0.2074 0.9634 0.1699
vn 0.4746 0.8668 0.1528
vn 0.7033 0.7000 0.1234
vn -0.0000 0.9768 0.2142
vn -0.0002 0.9768 0.2143
vn 0.0001 0.9670 0.2549
vn -0.0000 0.9670 0.2550
vn 0.0143 0.9671 0.2538
vn 0.0030 0.9670 0.2548
vn 0.0014 0.9768 0.2142
vn 0.0396 0.9773 0.2082
vn 0.0325 0.9745 0.2220
vn 0.0379 0.9780 0.2051
vn 0.0252 0.9763 0.2148
vn 0.0297 0.9775 0.2086
vn 0.0176 0.9765 0.2149
vn 0.0218 0.9772 0.2110
vn 0.0107 0.9766 0.2150
vn 0.0144 0.9770 0.2127
vn 0.0048 0.9766 0.2148
vn 0.0071 0.9768 0.2138
vn 0.0018 0.9768 0.2143
vn 0.0036 0.9670 0.2549
vn 0.0464 0.9781 0.2030
vn 0.0527 0.9776 0.2037
vn 0.0499 0.9798 0.1938
vn 0.0821 0.9757 0.2030
vn 0.0946 0.9796 0.1773
vn 0.0930 0.9793 0.1800
vn 0.0915 0.9776 0.1895
vn 0.0915 0.9776 0.1894
vn 0.0853 0.9766 0.1973
vn 0.0816 0.9748 0.2077
vn 0.0721 0.9742 0.2136
vn 0.0732 0.9746 0.2117
vn 0.0719 0.9741 0.2145
vn 0.0635 0.9720 0.2261
vn 0.0533 0.9703 0.2361
vn 0.0414 0.9688 0.2442
vn 0.0311 0.9680 0.2489
vn 0.0279 0.9680 0.2493
vn 0.0243 0.9676 0.2512
vn 0.0965 0.9831 0.1554
vn 0.0954 0.9829 0.1576
vn 0.0951 0.9811 0.1684
vn 0.0953 0.9812 0.1681
vn 0.0946 0.9801 0.1745
vn 0.0913 0.9860 0.1396
vn 0.0910 0.9851 0.1456
vn 0.0939 0.9840 0.1514
vn 0.0685 0.9909 0.1162
vn 0.0701 0.9904 0.1190
vn 0.0807 0.9886 0.1267
vn 0.0806 0.9887 0.1262
vn 0.0864 0.9869 0.1363
vn 0.0428 0.9910 0.1266
vn 0.0419 0.9914 0.1242
vn 0.0341 0.9917 0.1242
vn 0.0304 0.9921 0.1218
vn 0.0240 0.9921 0.1230
vn 0.0198 0.9925 0.1206
vn 0.0145 0.9925 0.1210
vn 0.0099 0.9927 0.1198
vn 0.0075 0.9927 0.1205
vn 0.0026 0.9928 0.1201
vn 0.0019 0.9927 0.1202
vn 0.0523 0.9903 0.1288
vn 0.0681 0.9909 0.1161
vn 0.0575 0.9927 0.1056
vn 0.0449 0.9943 0.0969
vn 0.0309 0.9954 0.0904
vn 0.0160 0.9961 0.0864
vn 0.0042 0.9963 0.0853
vn -0.0000 0.9964 0.0853
vn 0.0002 0.9964 0.0851
vn -0.0001 0.9928 0.1202
vn -0.0000 0.9928 0.1201
vn -0.0000 0.9964 0.0851
vn -0.0001 0.9928 0.1200
vn 0.0001 0.9964 0.0851
vn -0.0846 0.9875 0.1332
vn -0.0042 0.9964 0.0851
vn -0.0020 0.9928 0.1200
vn -0.0026 0.9928 0.1199
vn -0.0098 0.9927 0.1206
vn -0.0187 0.9925 0.1206
vn -0.0145 0.9926 0.1209
vn -0.0075 0.9929 0.1191
vn -0.0444 0.9909 0.1274
vn -0.0395 0.9922 0.1184
vn -0.0420 0.9914 0.1241
vn -0.0286 0.9919 0.1240
vn -0.0288 0.9918 0.1245
vn -0.0198 0.9925 0.1204
vn -0.0732 0.9899 0.1212
vn -0.0686 0.9908 0.1164
vn -0.0685 0.9909 0.1162
vn -0.0809 0.9886 0.1266
vn -0.0838 0.9883 0.1274
vn -0.0777 0.9892 0.1245
vn -0.0884 0.9865 0.1379
vn -0.0913 0.9860 0.1397
vn -0.0913 0.9849 0.1470
vn -0.0963 0.9831 0.1555
vn -0.0957 0.9830 0.1566
vn -0.0949 0.9814 0.1672
vn -0.0955 0.9811 0.1684
vn -0.0946 0.9802 0.1740
vn -0.0161 0.9961 0.0863
vn -0.0161 0.9961 0.0862
vn -0.0310 0.9954 0.0903
vn -0.0449 0.9943 0.0967
vn -0.0450 0.9943 0.0967
vn -0.0576 0.9928 0.1055
vn -0.0533 0.9903 0.1280
vn -0.0946 0.9790 0.1804
vn -0.0934 0.9797 0.1772
vn -0.0883 0.9780 0.1888
vn -0.0942 0.9745 0.2036
vn -0.0915 0.9775 0.1899
vn -0.0789 0.9763 0.2017
vn -0.0801 0.9712 0.2244
vn -0.0817 0.9748 0.2078
vn -0.0529 0.9776 0.2036
vn -0.0464 0.9781 0.2029
vn -0.0396 0.9772 0.2084
vn -0.0404 0.9775 0.2068
vn -0.0323 0.9773 0.2094
vn -0.0314 0.9772 0.2102
vn -0.0253 0.9772 0.2109
vn -0.0229 0.9770 0.2122
vn -0.0178 0.9770 0.2125
vn -0.0150 0.9768 0.2135
vn -0.0110 0.9769 0.2135
vn -0.0076 0.9767 0.2143
vn -0.0051 0.9768 0.2140
vn -0.0020 0.9768 0.2143
vn -0.0012 0.9768 0.2142
vn -0.0496 0.9799 0.1933
vn -0.0728 0.9745 0.2124
vn -0.0720 0.9741 0.2142
vn -0.0637 0.9721 0.2258
vn -0.0536 0.9703 0.2358
vn -0.0418 0.9689 0.2439
vn -0.0288 0.9678 0.2500
vn -0.0150 0.9672 0.2537
vn -0.0039 0.9670 0.2547
vn 0.0003 0.9670 0.2547
vn -0.0001 0.9669 0.2550
vn -0.0000 0.9730 0.2308
vn -0.0025 0.9771 0.2129
vn -0.0001 0.9768 0.2142
vn -0.0000 0.9669 0.2550
vn 0.0003 0.9768 0.2143
vn -0.0000 0.9771 0.2129
vn 0.9509 -0.0333 0.3078
vn 0.0358 0.2466 0.9685
vn 0.0391 -0.0770 0.9963
vn 0.9990 0.0136 0.0423
vn 0.9890 -0.0051 0.1481
vn 0.9854 0.0397 0.1655
vn 0.9744 -0.0184 0.2240
vn 0.8031 0.0179 0.5956
vn 0.8258 -0.0775 0.5586
vn 0.8908 -0.0585 0.4506
vn 0.8747 0.0445 0.4826
vn 0.9160 -0.0492 0.3982
vn 0.5877 -0.1201 0.8001
vn 0.7070 -0.1024 0.6998
vn 0.7790 -0.0884 0.6207
vn 0.1564 -0.1511 0.9761
vn 0.2524 -0.1476 0.9563
vn 0.3074 -0.0646 0.9494
vn 0.3276 -0.1436 0.9338
vn 0.4539 -0.1343 0.8809
vn 0.4206 0.0225 0.9070
vn 0.4971 -0.1302 0.8579
vn 0.9815 0.1778 0.0705
vn 0.9703 0.1574 0.1838
vn 0.9343 0.1314 0.3314
vn 0.8753 0.1066 0.4717
vn 0.7948 0.0838 0.6011
vn 0.6946 0.0635 0.7166
vn 0.6946 0.0635 0.7165
vn 0.5774 0.0461 0.8151
vn 0.4460 0.0321 0.8945
vn 0.3036 0.0218 0.9526
vn 0.0382 0.0621 0.9973
vn 0.0591 0.0143 0.9982
vn 0.1537 0.0156 0.9880
vn 0.8756 0.4685 0.1175
vn 0.8660 0.4498 0.2186
vn 0.8338 0.4266 0.3503
vn 0.7812 0.4045 0.4755
vn 0.7093 0.3841 0.5910
vn 0.6200 0.3660 0.6941
vn 0.5153 0.3505 0.7820
vn 0.3980 0.3380 0.8528
vn 0.0328 0.3955 0.9179
vn 0.0624 0.3230 0.9443
vn 0.1372 0.3232 0.9363
vn 0.1372 0.3233 0.9363
vn 0.2709 0.3288 0.9047
vn 0.6949 0.7029 0.1517
vn 0.6877 0.6879 0.2319
vn 0.6622 0.6695 0.3365
vn 0.6204 0.6520 0.4359
vn 0.5633 0.6358 0.5277
vn 0.4924 0.6214 0.6095
vn 0.4093 0.6090 0.6794
vn 0.0273 0.5870 0.8091
vn 0.1089 0.5874 0.8019
vn 0.2152 0.5919 0.7768
vn 0.3161 0.5991 0.7356
vn 0.4022 0.7735 0.4898
vn 0.3088 0.8323 0.4603
vn 0.4368 0.7935 0.4238
vn 0.3605 0.8361 0.4134
vn 0.4618 0.8125 0.3557
vn 0.4044 0.8417 0.3577
vn 0.4773 0.8307 0.2866
vn 0.4390 0.8489 0.2945
vn 0.4835 0.8479 0.2174
vn 0.4628 0.8573 0.2256
vn 0.4766 0.8629 0.1680
vn 0.4735 0.8640 0.1712
vn 0.3008 0.8143 0.4964
vn 0.2892 0.7882 0.5432
vn 0.0393 -0.1531 0.9874
vn 0.0393 -0.1529 0.9875
vn 0.0155 0.7850 0.6193
vn 0.0187 0.7833 0.6213
vn 0.0643 0.7888 0.6113
vn 0.0758 0.7784 0.6231
vn 0.1293 0.7940 0.5940
vn 0.1508 0.7790 0.6086
vn 0.1909 0.8000 0.5688
vn 0.2227 0.7823 0.5817
vn 0.2368 0.7961 0.5569
vn 0.2659 0.7990 0.5393
vn 0.9507 0.0799 -0.2996
vn 0.0374 0.4675 -0.8832
vn 0.0312 0.7344 -0.6780
vn 0.0228 0.9020 -0.4312
vn 0.0392 0.1998 -0.9791
vn 0.1564 0.1977 -0.9677
vn 0.4510 0.2660 -0.8519
vn 0.4274 0.1832 -0.8853
vn 0.3089 0.1913 -0.9316
vn 0.3253 0.2808 -0.9030
vn 0.2524 0.1943 -0.9479
vn 0.7069 0.1490 -0.6915
vn 0.5876 0.1667 -0.7918
vn 0.4970 0.1769 -0.8495
vn 0.9159 0.0959 -0.3899
vn 0.8868 0.1737 -0.4282
vn 0.8816 0.1081 -0.4594
vn 0.8087 0.1283 -0.5740
vn 0.8146 0.2593 -0.5188
vn 0.7789 0.1351 -0.6124
vn 0.9989 0.0277 -0.0375
vn 0.9989 0.0331 -0.0340
vn 0.9873 0.0534 -0.1494
vn 0.9865 0.0977 -0.1314
vn 0.9743 0.0652 -0.2157
vn 0.0388 0.3287 -0.9436
vn 0.0609 0.3778 -0.9239
vn 0.1529 0.3755 -0.9141
vn 0.3021 0.3693 -0.8789
vn 0.4438 0.3591 -0.8211
vn 0.5745 0.3451 -0.7421
vn 0.6912 0.3278 -0.6440
vn 0.7908 0.3076 -0.5292
vn 0.8709 0.2849 -0.4004
vn 0.9296 0.2603 -0.2608
vn 0.9654 0.2344 -0.1139
vn 0.9769 0.2135 0.0067
vn 0.9811 0.1928 -0.0149
vn 0.0345 0.6215 -0.7827
vn 0.0526 0.6470 -0.7607
vn 0.1351 0.6444 -0.7526
vn 0.2669 0.6389 -0.7215
vn 0.3921 0.6299 -0.6704
vn 0.5077 0.6176 -0.6006
vn 0.6108 0.6023 -0.5140
vn 0.6108 0.6024 -0.5140
vn 0.6988 0.5845 -0.4125
vn 0.7696 0.5644 -0.2987
vn 0.8215 0.5426 -0.1753
vn 0.8531 0.5198 -0.0456
vn 0.8630 0.5011 0.0641
vn 0.8752 0.4821 0.0394
vn 0.0270 0.8350 -0.5496
vn 0.0356 0.8421 -0.5381
vn 0.1061 0.8401 -0.5320
vn 0.2096 0.8358 -0.5075
vn 0.3079 0.8287 -0.4674
vn 0.3986 0.8190 -0.4127
vn 0.4795 0.8070 -0.3446
vn 0.5486 0.7930 -0.2649
vn 0.6042 0.7772 -0.1756
vn 0.6449 0.7602 -0.0788
vn 0.6698 0.7422 0.0232
vn 0.6698 0.7422 0.0231
vn 0.6773 0.7272 0.1112
vn 0.6947 0.7140 0.0874
vn 0.4735 0.8704 0.1349
vn 0.4647 0.8734 0.1454
vn 0.4595 0.8844 0.0820
vn 0.4425 0.8967 0.0121
vn 0.4146 0.9084 -0.0543
vn 0.3764 0.9192 -0.1156
vn 0.3290 0.9288 -0.1703
vn 0.2735 0.9371 -0.2170
vn 0.2112 0.9437 -0.2546
vn 0.1438 0.9486 -0.2821
vn 0.0728 0.9515 -0.2989
vn 0.0179 0.9527 -0.3033
vn 0.0182 0.9529 -0.3029
vn -0.0000 0.9494 -0.3141
vn 0.0070 0.9302 -0.3670
vn 0.0081 0.7012 -0.7129
vn -0.0000 0.7782 -0.6280
vn -0.0000 0.8684 -0.4959
vn -0.0000 0.1786 -0.9839
vn -0.0000 0.1782 -0.9840
vn -0.0000 0.2821 -0.9594
vn 0.0057 0.3344 -0.9424
vn -0.0000 0.4710 -0.8821
vn -0.0000 0.6257 -0.7801
vn -0.0000 0.1741 -0.9847
vn -0.0000 0.1740 -0.9847
vn -0.9744 -0.0184 0.2240
vn -0.8817 -0.0614 0.4677
vn -0.0381 0.0700 0.9968
vn -0.0326 0.4025 0.9148
vn -0.0241 0.6707 0.7413
vn -0.4765 0.8630 0.1680
vn -0.4734 0.8640 0.1713
vn -0.6948 0.7030 0.1517
vn -0.8755 0.4686 0.1176
vn -0.9815 0.1779 0.0705
vn -0.9990 0.0138 0.0423
vn -0.9990 0.0136 0.0423
vn -0.1564 -0.1511 0.9761
vn -0.0393 -0.1530 0.9874
vn -0.0393 -0.1531 0.9874
vn -0.4507 -0.0343 0.8920
vn -0.4275 -0.1365 0.8937
vn -0.3090 -0.1447 0.9400
vn -0.3250 -0.0371 0.9450
vn -0.2524 -0.1475 0.9563
vn -0.8088 -0.0817 0.5823
vn -0.8125 0.0806 0.5773
vn -0.7790 -0.0884 0.6207
vn -0.7070 -0.1024 0.6998
vn -0.5877 -0.1201 0.8001
vn -0.4971 -0.1302 0.8579
vn -0.9160 -0.0491 0.3982
vn -0.9509 -0.0333 0.3079
vn -0.9864 0.0479 0.1570
vn -0.0391 -0.0705 0.9968
vn -0.0605 0.0145 0.9981
vn -0.1537 0.0157 0.9880
vn -0.3036 0.0220 0.9526
vn -0.3036 0.0219 0.9526
vn -0.4460 0.0322 0.8945
vn -0.5774 0.0462 0.8151
vn -0.6946 0.0636 0.7166
vn -0.7947 0.0839 0.6011
vn -0.0357 0.2544 0.9664
vn -0.0622 0.3231 0.9443
vn -0.1371 0.3234 0.9363
vn -0.2709 0.3290 0.9047
vn -0.2709 0.3289 0.9047
vn -0.3980 0.3381 0.8528
vn -0.5153 0.3506 0.7820
vn -0.6199 0.3661 0.6940
vn -0.7093 0.3843 0.5910
vn -0.0282 0.5611 0.8273
vn -0.0458 0.5875 0.8079
vn -0.1089 0.5875 0.8018
vn -0.2151 0.5919 0.7767
vn -0.3161 0.5992 0.7356
vn -0.4092 0.6091 0.6793
vn -0.4923 0.6214 0.6095
vn -0.5633 0.6359 0.5277
vn -0.0186 0.7851 0.6191
vn -0.0156 0.7829 0.6219
vn -0.0733 0.7897 0.6091
vn -0.0669 0.7756 0.6277
vn -0.1426 0.7974 0.5863
vn -0.1380 0.7718 0.6207
vn -0.2060 0.8073 0.5530
vn -0.2092 0.7687 0.6044
vn -0.2619 0.8191 0.5104
vn -0.2796 0.7662 0.5786
vn -0.3088 0.8323 0.4603
vn -0.3480 0.7641 0.5431
vn -0.3475 0.8225 0.4504
vn -0.3980 0.8072 0.4360
vn -0.3923 0.8210 0.4147
vn -0.4102 0.8262 0.3862
vn -0.8864 0.0212 0.4624
vn -0.8753 0.1067 0.4717
vn -0.7811 0.4046 0.4755
vn -0.6203 0.6520 0.4359
vn -0.4370 0.8196 0.3706
vn -0.4212 0.8400 0.3419
vn -0.9343 0.1315 0.3314
vn -0.8338 0.4267 0.3503
vn -0.6621 0.6696 0.3365
vn -0.4640 0.8334 0.3001
vn -0.4471 0.8492 0.2810
vn -0.9875 -0.0068 0.1576
vn -0.9703 0.1575 0.1838
vn -0.8659 0.4499 0.2186
vn -0.6876 0.6880 0.2319
vn -0.4785 0.8484 0.2265
vn -0.4650 0.8584 0.2167
vn -0.9509 0.0740 -0.3007
vn -0.0348 0.6111 -0.7908
vn -0.0388 0.3172 -0.9476
vn -0.0393 0.1941 -0.9802
vn -0.4734 0.8700 0.1377
vn -0.9890 0.0459 -0.1409
vn -0.9854 0.0939 -0.1419
vn -0.9744 0.0593 -0.2168
vn -0.8031 0.2206 -0.5536
vn -0.8258 0.1183 -0.5514
vn -0.8908 0.0992 -0.4434
vn -0.8747 0.2068 -0.4383
vn -0.9160 0.0900 -0.3910
vn -0.5877 0.1608 -0.7930
vn -0.7070 0.1431 -0.6926
vn -0.7790 0.1293 -0.6135
vn -0.1564 0.1919 -0.9689
vn -0.2524 0.1884 -0.9491
vn -0.3074 0.2640 -0.9142
vn -0.3276 0.1844 -0.9267
vn -0.4539 0.1751 -0.8737
vn -0.4206 0.3313 -0.8446
vn -0.4971 0.1711 -0.8507
vn -0.9703 0.2109 -0.1189
vn -0.9343 0.2369 -0.2665
vn -0.8753 0.2616 -0.4067
vn -0.7947 0.2845 -0.5362
vn -0.6946 0.3048 -0.6516
vn -0.5774 0.3222 -0.7502
vn -0.4460 0.3362 -0.8295
vn -0.3036 0.3464 -0.8876
vn -0.0376 0.4533 -0.8906
vn -0.0577 0.3550 -0.9331
vn -0.1537 0.3527 -0.9230
vn -0.8659 0.4976 -0.0515
vn -0.8338 0.5208 -0.1833
vn -0.7811 0.5429 -0.3084
vn -0.7093 0.5632 -0.4239
vn -0.6199 0.5814 -0.5270
vn -0.5153 0.5969 -0.6149
vn -0.3980 0.6094 -0.6857
vn -0.0315 0.7257 -0.6873
vn -0.0468 0.6267 -0.7779
vn -0.1371 0.6241 -0.7692
vn -0.2709 0.6185 -0.7376
vn -0.6876 0.7259 0.0174
vn -0.6621 0.7443 -0.0872
vn -0.6203 0.7618 -0.1866
vn -0.5632 0.7780 -0.2783
vn -0.4923 0.7924 -0.3602
vn -0.4092 0.8048 -0.4300
vn -0.0273 0.8284 -0.5595
vn -0.1089 0.8264 -0.5525
vn -0.2151 0.8219 -0.5274
vn -0.3161 0.8147 -0.4862
vn -0.4021 0.8944 -0.1957
vn -0.3088 0.9396 -0.1478
vn -0.4367 0.8906 -0.1268
vn -0.3604 0.9271 -0.1024
vn -0.4617 0.8852 -0.0563
vn -0.4044 0.9133 -0.0482
vn -0.4772 0.8787 0.0148
vn -0.4389 0.8984 0.0136
vn -0.4835 0.8712 0.0857
vn -0.4627 0.8828 0.0813
vn -0.4758 0.8692 0.1343
vn -0.6948 0.7125 0.0979
vn -0.8755 0.4806 0.0498
vn -0.9815 0.1913 -0.0054
vn -0.9990 0.0273 -0.0351
vn -0.9990 0.0274 -0.0351
vn -0.3007 0.9350 -0.1879
vn -0.2892 0.9265 -0.2408
vn -0.0393 0.1939 -0.9802
vn -0.0154 0.9496 -0.3132
vn -0.0187 0.9486 -0.3159
vn -0.0643 0.9503 -0.3045
vn -0.0758 0.9446 -0.3192
vn -0.1292 0.9493 -0.2866
vn -0.1508 0.9402 -0.3054
vn -0.1908 0.9463 -0.2608
vn -0.2227 0.9341 -0.2790
vn -0.2368 0.9386 -0.2510
vn -0.2658 0.9353 -0.2334
vn -0.0393 0.1735 -0.9840
vn -0.0762 -0.0674 -0.9948
vn -0.1519 0.4026 -0.9027
vn -0.2127 0.0482 -0.9759
vn -0.2525 0.1684 -0.9528
vn -0.2903 0.1665 -0.9423
vn -0.3252 0.2837 -0.9021
vn -0.3716 -0.0797 -0.9250
vn -0.4267 0.2177 -0.8778
vn -0.4627 0.1543 -0.8730
vn -0.4972 0.1510 -0.8544
vn -0.5220 -0.0341 -0.8523
vn -0.5706 0.3725 -0.7318
vn -0.6191 0.1367 -0.7733
vn -0.6788 0.1279 -0.7231
vn -0.6865 0.3553 -0.6344
vn -0.7415 -0.0666 -0.6677
vn -0.7792 0.1092 -0.6172
vn -0.8032 0.1038 -0.5866
vn -0.8244 0.1587 -0.5433
vn -0.8279 -0.1474 -0.5412
vn -0.8753 0.2021 -0.4394
vn -0.8997 0.0761 -0.4297
vn -0.9162 0.0700 -0.3946
vn -0.9243 -0.0574 -0.3774
vn -0.9233 0.2882 -0.2538
vn -0.9633 -0.0148 -0.2681
vn -0.9746 0.0392 -0.2204
vn -0.9827 0.0326 -0.1826
vn -0.9726 0.2045 -0.1104
vn -0.9680 -0.2223 -0.1165
vn -0.9992 0.0068 -0.0387
vn -0.9992 -0.0068 0.0387
vn -0.9680 -0.2488 0.0335
vn -0.9726 0.1545 0.1737
vn -0.9827 -0.0318 0.1827
vn -0.9746 -0.0385 0.2206
vn -0.9633 -0.1057 0.2469
vn -0.9233 0.1841 0.3371
vn -0.9242 -0.1830 0.3351
vn -0.9162 -0.0692 0.3947
vn -0.8997 -0.0754 0.4298
vn -0.8752 0.0397 0.4820
vn -0.8279 -0.3236 0.4581
vn -0.8244 -0.0367 0.5648
vn -0.8032 -0.1031 0.5867
vn -0.7792 -0.1085 0.6173
vn -0.7415 -0.2910 0.6046
vn -0.6865 0.1170 0.7177
vn -0.6788 -0.1271 0.7232
vn -0.6191 -0.1360 0.7735
vn -0.5706 0.0998 0.8151
vn -0.5220 -0.3236 0.7892
vn -0.4972 -0.1503 0.8545
vn -0.4627 -0.1536 0.8731
vn -0.4267 -0.0957 0.8993
vn -0.3716 -0.3913 0.8419
vn -0.3252 -0.0419 0.9447
vn -0.2903 -0.1658 0.9425
vn -0.2525 -0.1677 0.9530
vn -0.2127 -0.2886 0.9335
vn -0.1519 0.0697 0.9859
vn -0.0762 -0.4036 0.9117
vn -0.0393 -0.1731 0.9841
vn -0.0000 -0.9424 -0.3346
vn -0.0000 -0.8237 -0.5670
vn -0.0000 -0.8236 -0.5671
vn -0.0000 -0.6803 -0.7329
vn -0.0000 -0.6804 -0.7328
vn -0.0000 -0.4675 -0.8840
vn -0.0000 -0.2638 -0.9646
vn -0.0000 -0.2636 -0.9646
vn -0.0000 -0.0052 -1.0000
vn -0.0000 -0.0051 -1.0000
vn -0.0010 0.8188 0.5741
vn 0.0014 0.8188 0.5741
vn -0.0277 0.7849 0.6190
vn 0.0334 0.6706 0.7411
vn -0.0282 0.5044 0.8630
vn 0.0147 0.6922 0.7216
vn -0.0043 -0.1036 0.9946
vn -0.0043 0.0893 0.9960
vn -0.0404 0.1597 0.9863
vn -0.0025 0.2725 0.9622
vn -0.0025 0.4747 0.8802
vn -0.0001 -0.1687 0.9857
vn 0.0044 -0.0705 0.9975
vn -0.0089 -0.1125 0.9936
vn 0.0160 -0.1125 0.9935
vn -0.0000 -0.1532 0.9882
vn 0.0044 0.0700 0.9975
vn 0.0421 0.1597 0.9863
vn 0.0027 0.2546 0.9671
vn 0.0034 0.8190 0.5738
vn -0.0011 0.8189 0.5739
vn -0.0011 0.7129 0.7013
vn 0.0022 0.7129 0.7013
vn 0.0022 0.5046 0.8633
vn 0.0637 0.5602 0.8259
vn 0.0027 0.4027 0.9153
vn -0.0620 -0.4666 -0.8823
vn -0.2109 -0.0087 -0.9775
vn -0.1154 -0.7727 -0.6242
vn -0.2856 -0.0123 -0.9583
vn -0.3766 -0.0175 -0.9262
vn -0.3766 -0.0176 -0.9262
vn -0.4553 -0.0245 -0.8900
vn -0.3512 -0.6296 -0.6930
vn -0.5223 -0.0307 -0.8522
vn -0.6092 -0.0416 -0.7920
vn -0.2604 -0.8493 -0.4593
vn -0.6679 -0.0504 -0.7426
vn -0.7419 -0.0633 -0.6675
vn -0.5112 -0.6533 -0.5585
vn -0.7903 -0.0741 -0.6082
vn -0.8390 -0.0862 -0.5373
vn -0.8853 -0.1014 -0.4539
vn -0.4566 -0.8233 -0.3372
vn -0.9163 -0.1133 -0.3841
vn -0.9496 -0.1310 -0.2848
vn -0.4095 -0.8761 -0.2543
vn -0.9669 -0.1442 -0.2107
vn -0.9810 -0.1620 -0.1070
vn -0.9810 -0.1620 -0.1069
vn -0.9810 -0.1888 0.0451
vn -0.9669 -0.2076 0.1487
vn -0.4095 -0.9103 -0.0607
vn -0.9496 -0.2205 0.2229
vn -0.9163 -0.2379 0.3222
vn -0.4566 -0.8890 0.0353
vn -0.8853 -0.2505 0.3918
vn -0.8390 -0.2647 0.4754
vn -0.7903 -0.2777 0.5462
vn -0.5112 -0.8049 0.3014
vn -0.7419 -0.2879 0.6056
vn -0.6679 -0.3014 0.6805
vn -0.2603 -0.9552 0.1411
vn -0.6091 -0.3101 0.7299
vn -0.5223 -0.3204 0.7902
vn -0.3512 -0.8286 0.4359
vn -0.4553 -0.3273 0.8280
vn -0.3766 -0.3332 0.8644
vn -0.3766 -0.3333 0.8644
vn -0.0757 -0.4260 0.9016
vn -0.2856 -0.3395 0.8962
vn -0.1154 -0.9396 0.3223
vn -0.2109 -0.3426 0.9155
vn -0.0776 -0.3457 0.9351
vn -0.0782 -0.2582 0.9629
vn -0.0014 -1.0000 -0.0082
vn -0.0103 -0.9958 0.0908
vn -0.0057 -0.9953 -0.0965
vn -0.0511 -0.9922 -0.1135
vn -0.2137 -0.9769 -0.0052
vn -0.0803 -0.9907 -0.1098
vn -0.2485 -0.9663 0.0673
vn -0.3188 -0.9478 0.0107
vn -0.2077 -0.9761 -0.0637
vn -0.3640 -0.9314 0.0080
vn -0.0856 -0.9864 -0.1403
vn -0.1021 -0.9787 -0.1779
vn -0.3549 -0.9118 -0.2065
vn -0.2411 -0.9488 -0.2040
vn -0.3990 -0.8862 -0.2353
vn -0.0793 -0.9780 -0.1931
vn -0.0815 -0.9681 -0.2369
vn -0.2501 -0.8839 -0.3953
vn -0.1596 -0.9321 -0.3252
vn -0.2631 -0.8599 -0.4375
vn -0.0599 -0.9675 -0.2456
vn -0.0065 -0.9423 -0.3346
vn -0.0051 -0.9631 -0.2689
vn -0.0456 -0.8528 -0.5203
vn -0.0352 -0.9220 -0.3855
vn -0.0643 -0.8647 -0.4981
vn -0.0264 -0.9630 -0.2682
vn -0.0206 -0.7468 -0.6648
vn -0.0386 0.9496 -0.3112
vn -0.0711 -0.2588 -0.9633
vn -0.1120 -0.7139 -0.6913
vn -0.1232 0.9256 -0.3579
vn -0.3012 -0.7487 -0.5906
vn -0.2757 0.9147 -0.2956
vn -0.2789 -0.7240 -0.6309
vn -0.3461 -0.2753 -0.8969
vn -0.1822 0.9437 -0.2762
vn -0.2158 -0.6751 -0.7055
vn -0.1550 -0.7088 -0.6882
vn -0.0659 -0.9174 -0.3926
vn -0.0871 -0.9105 -0.4042
vn -0.0346 -0.9647 -0.2611
vn -0.1651 -0.8454 -0.5080
vn -0.1047 -0.9231 -0.3701
vn -0.1732 -0.8640 -0.4728
vn -0.0535 -0.9658 -0.2536
vn -0.1037 -0.9409 -0.3224
vn -0.1190 -0.9400 -0.3198
vn -0.3474 -0.7397 -0.5763
vn -0.3080 0.9302 -0.1999
vn -0.5876 -0.2999 -0.7515
vn -0.4182 -0.7434 -0.5220
vn -0.4013 0.8960 -0.1900
vn -0.5560 -0.7568 -0.3438
vn -0.4875 0.8716 -0.0514
vn -0.5170 -0.7689 -0.3762
vn -0.7708 -0.3389 -0.5394
vn -0.4035 0.9107 -0.0888
vn -0.5338 -0.6956 -0.4809
vn -0.4586 -0.7353 -0.4990
vn -0.1964 -0.9275 -0.3180
vn -0.2269 -0.9205 -0.3182
vn -0.0803 -0.9713 -0.2239
vn -0.3288 -0.8812 -0.3397
vn -0.2054 -0.9402 -0.2718
vn -0.3472 -0.8812 -0.3208
vn -0.0894 -0.9744 -0.2061
vn -0.2520 -0.9332 -0.2560
vn -0.2956 -0.9223 -0.2492
vn -0.6469 -0.6993 -0.3042
vn -0.4550 0.8892 0.0475
vn -0.8623 -0.4191 -0.2841
vn -0.5693 -0.7956 -0.2073
vn -0.5261 0.8437 0.1067
vn -0.5340 -0.8455 0.0030
vn -0.5131 0.8151 0.2688
vn -0.5596 -0.8282 -0.0317
vn -0.8925 -0.4509 -0.0082
vn -0.4684 0.8626 0.1911
vn -0.5300 -0.8385 -0.1266
vn -0.5407 -0.8244 -0.1674
vn -0.1802 -0.9675 -0.1776
vn -0.1756 -0.9706 -0.1644
vn -0.0835 -0.9822 -0.1684
vn -0.4000 -0.9098 -0.1107
vn -0.2311 -0.9641 -0.1311
vn -0.3312 -0.9380 -0.1021
vn -0.0992 -0.9843 -0.1461
vn -0.1978 -0.9736 -0.1140
vn -0.2030 -0.9744 -0.0966
vn -0.5419 -0.8385 0.0567
vn -0.4353 0.8367 0.3323
vn -0.8334 -0.4851 0.2650
vn -0.4961 -0.8581 0.1322
vn -0.4499 0.7886 0.4190
vn -0.0866 -0.9893 -0.1177
vn -0.2644 -0.9643 0.0118
vn -0.5754 -0.7796 0.2472
vn -0.4660 -0.8558 0.2247
vn -0.4013 0.7770 0.4850
vn -0.4264 -0.8708 0.2447
vn -0.5587 -0.6157 0.5557
vn -0.1443 0.8504 0.5059
vn -0.1232 0.7475 0.6528
vn -0.5260 -0.6843 0.5051
vn -0.3257 -0.8812 0.3427
vn -0.2757 0.7584 0.5906
vn -0.2803 -0.8947 0.3478
vn -0.3420 -0.5854 0.7351
vn -0.3078 -0.7134 0.6295
vn -0.1583 -0.8941 0.4189
vn -0.0442 -0.9964 0.0719
vn -0.0488 -0.9708 0.2348
vn -0.0378 0.7960 0.6041
vn -0.0206 -0.9291 0.3692
vn -0.0772 -0.0051 -0.9970
vn -0.0772 -0.0050 -0.9970
vn -0.0710 -0.2632 -0.9621
vn -0.1877 -0.9822 0.0116
vn -0.2811 -0.9495 0.1395
vn -0.2409 0.8652 0.4397
vn -0.2287 -0.9651 0.1274
vn -0.1524 -0.9871 0.0500
vn -0.0635 -0.9948 -0.0796
vn -0.1287 -0.9893 0.0687
vn -0.1069 -0.9938 0.0315
vn -0.1759 -0.9607 0.2149
vn -0.0344 -0.9955 -0.0879
vn -0.1279 -0.9743 0.1854
vn -0.0721 -0.9943 0.0791
vn -0.0367 -0.9970 -0.0680
vn -0.0364 -0.9986 0.0379
vn -0.1146 -0.9011 0.4182
vn -0.0672 -0.6562 0.7516
vn -0.0591 -0.7781 0.6254
vn -0.0663 -0.3926 -0.9173
vn -0.1956 -0.3961 -0.8971
vn -0.3206 -0.4031 -0.8571
vn -0.3206 -0.4032 -0.8571
vn -0.4378 -0.4135 -0.7983
vn -0.5441 -0.4270 -0.7222
vn -0.5442 -0.4269 -0.7222
vn -0.6371 -0.4430 -0.6307
vn -0.6371 -0.4431 -0.6307
vn -0.7144 -0.4616 -0.5259
vn -0.7144 -0.4615 -0.5259
vn -0.7741 -0.4819 -0.4106
vn -0.8147 -0.5036 -0.2874
vn -0.8353 -0.5261 -0.1595
vn -0.8353 -0.5490 -0.0301
vn -0.8353 -0.5490 -0.0300
vn -0.8147 -0.5715 0.0978
vn -0.7741 -0.5933 0.2210
vn -0.7741 -0.5932 0.2210
vn -0.7144 -0.6136 0.3364
vn -0.7144 -0.6136 0.3363
vn -0.6371 -0.6321 0.4411
vn -0.5442 -0.6482 0.5327
vn -0.4378 -0.6616 0.6088
vn -0.4378 -0.6617 0.6087
vn -0.3206 -0.6720 0.6675
vn -0.1956 -0.6791 0.7075
vn -0.1956 -0.6790 0.7076
vn -0.0663 -0.6826 0.7278
vn -0.0689 -0.6229 0.7792
vn -0.0000 0.8190 0.5738
vn 0.0082 0.7487 0.6629
vn -0.0000 0.6922 0.7217
vn -0.0000 0.4747 0.8802
vn 0.0069 0.4152 0.9097
vn -0.0000 -0.1687 0.9857
vn -0.0000 -0.1691 0.9856
vn -0.0000 -0.1036 0.9946
vn 0.0069 -0.0080 0.9999
vn -0.0000 0.0893 0.9960
vn -0.0000 0.2725 0.9622
vn 0.0591 -0.7781 0.6254
vn 0.0782 -0.2582 0.9629
vn 0.2109 -0.3426 0.9155
vn 0.1154 -0.9396 0.3223
vn 0.2856 -0.3395 0.8962
vn 0.3766 -0.3332 0.8644
vn 0.4553 -0.3273 0.8280
vn 0.3512 -0.8286 0.4359
vn 0.5223 -0.3204 0.7902
vn 0.6091 -0.3101 0.7300
vn 0.2603 -0.9552 0.1411
vn 0.6679 -0.3014 0.6805
vn 0.7419 -0.2878 0.6056
vn 0.5112 -0.8049 0.3014
vn 0.7903 -0.2777 0.5462
vn 0.8390 -0.2647 0.4754
vn 0.8390 -0.2648 0.4753
vn 0.8853 -0.2506 0.3918
vn 0.4566 -0.8890 0.0353
vn 0.9163 -0.2380 0.3222
vn 0.9496 -0.2205 0.2229
vn 0.4095 -0.9103 -0.0607
vn 0.9669 -0.2076 0.1487
vn 0.9810 -0.1888 0.0451
vn 0.9810 -0.1620 -0.1070
vn 0.9810 -0.1620 -0.1069
vn 0.9669 -0.1442 -0.2106
vn 0.4095 -0.8761 -0.2543
vn 0.9496 -0.1310 -0.2849
vn 0.9163 -0.1134 -0.3841
vn 0.4566 -0.8233 -0.3372
vn 0.8853 -0.1014 -0.4539
vn 0.8390 -0.0863 -0.5373
vn 0.8390 -0.0862 -0.5373
vn 0.7902 -0.0742 -0.6083
vn 0.5112 -0.6533 -0.5585
vn 0.7419 -0.0634 -0.6675
vn 0.6679 -0.0504 -0.7425
vn 0.2604 -0.8493 -0.4593
vn 0.6092 -0.0416 -0.7920
vn 0.5223 -0.0308 -0.8522
vn 0.3513 -0.6295 -0.6930
vn 0.4553 -0.0244 -0.8900
vn 0.3766 -0.0175 -0.9262
vn 0.3766 -0.0176 -0.9262
vn 0.2856 -0.0123 -0.9583
vn 0.1154 -0.7727 -0.6242
vn 0.2109 -0.0087 -0.9775
vn 0.0772 -0.0051 -0.9970
vn 0.0215 -0.9476 -0.3186
vn 0.0290 -0.9478 -0.3175
vn 0.0365 -0.9358 -0.3507
vn 0.0367 -0.9527 -0.3018
vn 0.0418 -0.9472 -0.3180
vn 0.0489 -0.9476 -0.3157
vn 0.1759 -0.8292 -0.5305
vn 0.1069 -0.9231 -0.3695
vn 0.1288 -0.9061 -0.4031
vn 0.0662 -0.9602 -0.2713
vn 0.0836 -0.9518 -0.2950
vn 0.0895 -0.9526 -0.2908
vn 0.1147 -0.9537 -0.2779
vn 0.1098 -0.9529 -0.2828
vn 0.2241 -0.8875 -0.4026
vn 0.1224 -0.9582 -0.2584
vn 0.1621 -0.9471 -0.2769
vn 0.0866 -0.9699 -0.2277
vn 0.3189 -0.8869 -0.3342
vn 0.2077 -0.9390 -0.2740
vn 0.3640 -0.8724 -0.3262
vn 0.0856 -0.9749 -0.2055
vn 0.1756 -0.9683 -0.1775
vn 0.0835 -0.9805 -0.1776
vn 0.3280 -0.9228 -0.2022
vn 0.1490 -0.9701 -0.1916
vn 0.1478 -0.9687 -0.1992
vn 0.1495 -0.9769 -0.1525
vn 0.1484 -0.9782 -0.1455
vn 0.3229 -0.9411 -0.1007
vn 0.0793 -0.9850 -0.1530
vn 0.1837 -0.9757 -0.1196
vn 0.1478 -0.9811 -0.1250
vn 0.3472 -0.9378 0.0001
vn 0.2054 -0.9764 -0.0661
vn 0.3287 -0.9443 0.0178
vn 0.0803 -0.9893 -0.1218
vn 0.1084 -0.9924 -0.0590
vn 0.1146 -0.9913 -0.0652
vn 0.1980 -0.9801 0.0130
vn 0.0831 -0.9908 -0.1069
vn 0.1181 -0.9898 -0.0798
vn 0.0886 -0.9947 -0.0518
vn 0.0835 -0.9953 -0.0482
vn 0.0539 -0.9944 -0.0914
vn 0.1732 -0.9736 0.1487
vn 0.1047 -0.9940 0.0321
vn 0.1652 -0.9681 0.1884
vn 0.0346 -0.9958 -0.0845
vn 0.0065 -0.9999 -0.0079
vn 0.0051 -0.9970 -0.0767
vn 0.0346 -0.9919 0.1220
vn 0.0196 -0.9995 -0.0241
vn 0.0279 -0.9993 -0.0254
vn 0.0418 -0.9988 -0.0249
vn 0.1408 -0.9289 0.3426
vn 0.1232 0.7474 0.6528
vn 0.0206 -0.9291 0.3693
vn 0.0414 0.7452 0.6656
vn 0.0611 -0.9317 0.3581
vn 0.1009 -0.9306 0.3519
vn 0.0522 -0.9945 0.0906
vn 0.0267 -0.9968 -0.0757
vn 0.3427 0.7669 0.5426
vn 0.0978 -0.9940 -0.0495
vn 0.3206 -0.9130 0.2524
vn 0.2881 -0.9171 0.2757
vn 0.2757 0.7584 0.5906
vn 0.2787 -0.8963 0.3449
vn 0.3461 -0.5652 0.7489
vn 0.1821 0.7923 0.5823
vn 0.1792 -0.9267 0.3303
vn 0.0598 -0.9981 -0.0117
vn 0.0479 -0.9985 -0.0269
vn 0.4070 -0.8980 0.1672
vn 0.4013 0.7770 0.4850
vn 0.3804 -0.9034 0.1980
vn 0.3519 -0.9083 0.2261
vn 0.2141 -0.9748 0.0633
vn 0.0599 -0.9932 -0.1001
vn 0.1219 -0.9889 -0.0849
vn 0.1443 -0.9866 -0.0763
vn 0.4307 -0.8923 0.1351
vn 0.4035 0.8254 0.3949
vn 0.7709 -0.5026 0.3914
vn 0.5171 -0.8511 0.0906
vn 0.4875 0.8015 0.3464
vn 0.5261 0.8294 0.1882
vn 0.2781 -0.9511 -0.1343
vn 0.5145 -0.8530 -0.0884
vn 0.5082 -0.8599 -0.0492
vn 0.5131 0.8152 0.2688
vn 0.4987 -0.8667 -0.0098
vn 0.4862 -0.8734 0.0279
vn 0.1457 -0.9822 -0.1185
vn 0.0925 -0.9861 -0.1380
vn 0.1489 -0.9657 -0.2128
vn 0.4987 -0.8178 -0.2872
vn 0.5131 0.8579 0.0262
vn 0.1021 -0.9805 -0.1676
vn 0.1801 -0.9699 -0.1640
vn 0.5408 -0.8319 -0.1247
vn 0.5300 -0.8312 -0.1679
vn 0.5261 0.8437 0.1067
vn 0.5145 -0.8317 -0.2087
vn 0.5082 -0.8248 -0.2478
vn 0.2554 -0.9420 -0.2178
vn 0.1002 -0.9748 -0.1994
vn 0.4013 0.8960 -0.1900
vn 0.1184 -0.9573 -0.2638
vn 0.4070 -0.7867 -0.4642
vn 0.4307 -0.7923 -0.4322
vn 0.4500 0.8844 -0.1240
vn 0.4963 -0.7610 -0.4178
vn 0.8335 -0.3648 -0.4149
vn 0.4353 0.8999 -0.0260
vn 0.4862 -0.8112 -0.3249
vn 0.1547 -0.9614 -0.2277
vn 0.1469 -0.9647 -0.2188
vn 0.0832 -0.9676 -0.2385
vn 0.1990 -0.9160 -0.3482
vn 0.3804 -0.7812 -0.4951
vn 0.3519 -0.7762 -0.5232
vn 0.3427 0.9062 -0.2477
vn 0.0511 -0.9712 -0.2327
vn 0.1556 -0.9190 -0.3624
vn 0.3206 -0.7717 -0.5493
vn 0.2880 -0.7675 -0.5727
vn 0.2757 0.9147 -0.2956
vn 0.2804 -0.7217 -0.6329
vn 0.3419 -0.2991 -0.8909
vn 0.1811 0.9448 -0.2732
vn 0.0344 -0.9656 -0.2578
vn 0.0886 -0.9104 -0.4042
vn 0.1792 -0.7579 -0.6273
vn 0.1408 -0.7557 -0.6396
vn 0.1232 0.9256 -0.3578
vn 0.1009 -0.7540 -0.6490
vn 0.0611 -0.7529 -0.6552
vn 0.0364 -0.8830 -0.4679
vn 0.0057 -0.9683 -0.2497
vn 0.0776 -0.3458 0.9351
vn 0.0757 -0.4259 0.9016
vn 0.0689 -0.6228 0.7793
vn 0.0620 -0.4666 -0.8823
vn 0.0414 0.9279 -0.3706
vn 0.0206 -0.7468 -0.6648
vn 0.0103 -0.9047 -0.4259
vn 0.0014 -0.9424 -0.3346
vn 0.0663 -0.6826 0.7278
vn 0.1956 -0.6790 0.7076
vn 0.1956 -0.6791 0.7075
vn 0.3206 -0.6720 0.6675
vn 0.4378 -0.6616 0.6088
vn 0.4378 -0.6617 0.6087
vn 0.5441 -0.6482 0.5327
vn 0.5442 -0.6482 0.5326
vn 0.6371 -0.6321 0.4411
vn 0.6371 -0.6320 0.4412
vn 0.7144 -0.6136 0.3363
vn 0.7144 -0.6136 0.3364
vn 0.7741 -0.5932 0.2210
vn 0.8147 -0.5715 0.0979
vn 0.8148 -0.5715 0.0979
vn 0.8353 -0.5489 -0.0300
vn 0.8353 -0.5490 -0.0300
vn 0.8353 -0.5262 -0.1595
vn 0.8353 -0.5261 -0.1595
vn 0.8148 -0.5035 -0.2874
vn 0.8147 -0.5036 -0.2874
vn 0.7741 -0.4819 -0.4105
vn 0.7741 -0.4819 -0.4106
vn 0.7144 -0.4615 -0.5260
vn 0.7144 -0.4616 -0.5259
vn 0.6371 -0.4430 -0.6307
vn 0.6371 -0.4431 -0.6307
vn 0.5442 -0.4269 -0.7222
vn 0.4378 -0.4135 -0.7983
vn 0.4378 -0.4136 -0.7983
vn 0.3206 -0.4031 -0.8571
vn 0.3206 -0.4032 -0.8571
vn 0.1956 -0.3961 -0.8971
vn 0.0663 -0.3926 -0.9173
vn 0.0710 -0.2632 -0.9621
vn -0.0000 0.8186 0.5743
vn -0.0082 0.7487 0.6629
vn -0.0000 -0.1686 0.9857
vn -0.0000 -0.1095 0.9940
vn -0.0068 -0.0080 0.9999
vn -0.0000 0.0814 0.9967
vn -0.0000 0.2648 0.9643
vn -0.0065 0.4152 0.9097
vn -0.0000 0.4681 0.8837
vn -0.0000 0.6922 0.7218
vn -0.0000 -0.1733 0.9849
vn -0.0000 -0.1738 0.9848
vn -0.0001 -0.1725 0.9850
vn -0.0000 -0.2589 0.9659
vn -0.0000 -0.2591 0.9658
vn -0.0000 -1.0000 -0.0082
vn -0.0000 -1.0000 -0.0079
vn -0.0000 -0.9749 0.2227
vn -0.0000 -0.9030 0.4297
vn -0.0000 -0.7794 0.6265
vn -0.0000 -0.7795 0.6264
vn -0.0000 -0.6244 0.7811
vn -0.0000 -0.4271 0.9042
vn -0.0019 0.9494 -0.3141
vn -0.0000 0.1942 -0.9810
vn 0.0193 0.2899 -0.9569
vn -0.0829 0.1776 -0.9806
vn 0.0001 0.9497 -0.3132
vn 0.0028 0.9477 -0.3191
vn 0.0016 0.8287 -0.5597
vn 0.0029 0.6114 -0.7913
vn 0.0318 0.5758 -0.8170
vn 0.0045 0.4536 -0.8912
vn 0.0045 0.3175 -0.9483
vn -0.0019 0.8684 -0.4959
vn -0.0350 0.8168 -0.5759
vn 0.0169 0.8172 -0.5761
vn 0.0030 0.7261 -0.6876
vn -0.0027 0.7782 -0.6280
vn -0.0027 0.6257 -0.7801
vn -0.0379 0.5756 -0.8168
vn -0.0044 0.4710 -0.8821
vn -0.0044 0.2821 -0.9594
vn -0.0000 0.2835 -0.9590
vn -0.0056 0.3344 -0.9424
vn -0.0000 0.4726 -0.8813
vn -0.0081 0.7012 -0.7129
vn -0.0000 0.9302 -0.3670
vn -0.0098 0.9494 -0.3138
vn -0.0000 0.8685 -0.4957
vn -0.0110 0.2835 -0.9589
vn 0.0017 0.1999 -0.9798
vn 0.0013 0.9495 -0.3138
vn -0.0002 0.9500 -0.3123
vn -0.0001 0.8685 -0.4957
vn 0.0111 0.8353 -0.5498
vn -0.0055 0.7782 -0.6280
vn -0.0001 0.7348 -0.6783
vn -0.0001 0.6257 -0.7801
vn 0.0013 0.6219 -0.7831
vn -0.0007 0.4726 -0.8813
vn -0.0001 0.4678 -0.8838
vn -0.0000 0.3289 -0.9443
vn -0.0024 0.9496 -0.3135
vn -0.4324 0.8135 -0.3890
vn -0.0031 0.9530 -0.3029
vn -0.0153 0.4680 0.8836
vn 0.0133 0.5871 0.8094
vn -0.0109 0.6921 0.7217
vn 0.0008 0.8186 0.5743
vn -0.0023 0.7851 0.6193
vn -0.0027 0.7851 0.6194
vn -0.0021 0.7852 0.6192
vn -0.0004 0.7858 0.6184
vn 0.0013 0.7870 0.6170
vn 0.0186 0.7988 0.6014
vn 0.0014 0.8183 0.5748
vn 0.0017 0.8182 0.5750
vn 0.0012 -0.1530 0.9882
vn -0.0040 -0.1095 0.9940
vn -0.0000 -0.0771 0.9970
vn -0.0053 0.0622 0.9981
vn 0.0034 0.2648 0.9643
vn -0.0001 0.2467 0.9691
vn -0.0001 0.3957 0.9184
vn 0.0393 -0.1735 0.9840
vn 0.0762 -0.4036 0.9117
vn 0.1519 0.0697 0.9859
vn 0.2127 -0.2886 0.9335
vn 0.2525 -0.1677 0.9530
vn 0.2903 -0.1658 0.9425
vn 0.3251 -0.0419 0.9447
vn 0.3716 -0.3913 0.8419
vn 0.4267 -0.0957 0.8993
vn 0.4627 -0.1536 0.8731
vn 0.4972 -0.1503 0.8545
vn 0.5220 -0.3236 0.7892
vn 0.5706 0.0998 0.8151
vn 0.6191 -0.1360 0.7734
vn 0.6788 -0.1271 0.7232
vn 0.6865 0.1170 0.7177
vn 0.7415 -0.2910 0.6046
vn 0.7792 -0.1085 0.6173
vn 0.8032 -0.1031 0.5867
vn 0.8244 -0.0367 0.5648
vn 0.8279 -0.3236 0.4581
vn 0.8752 0.0397 0.4820
vn 0.8997 -0.0754 0.4299
vn 0.9162 -0.0692 0.3947
vn 0.9242 -0.1830 0.3351
vn 0.9233 0.1841 0.3371
vn 0.9633 -0.1057 0.2469
vn 0.9746 -0.0385 0.2205
vn 0.9827 -0.0318 0.1827
vn 0.9726 0.1545 0.1737
vn 0.9680 -0.2488 0.0335
vn 0.9992 -0.0065 0.0387
vn 0.9992 0.0072 -0.0386
vn 0.9680 -0.2223 -0.1166
vn 0.9726 0.2045 -0.1104
vn 0.9827 0.0326 -0.1826
vn 0.9746 0.0392 -0.2204
vn 0.9633 -0.0149 -0.2681
vn 0.9233 0.2883 -0.2538
vn 0.9242 -0.0574 -0.3775
vn 0.9162 0.0699 -0.3946
vn 0.8998 0.0761 -0.4297
vn 0.8752 0.2022 -0.4394
vn 0.8279 -0.1474 -0.5412
vn 0.8244 0.1587 -0.5433
vn 0.8032 0.1038 -0.5866
vn 0.7792 0.1092 -0.6172
vn 0.7415 -0.0666 -0.6677
vn 0.6865 0.3554 -0.6344
vn 0.6788 0.1279 -0.7231
vn 0.6191 0.1367 -0.7733
vn 0.5706 0.3726 -0.7318
vn 0.5220 -0.0341 -0.8523
vn 0.4972 0.1510 -0.8544
vn 0.4627 0.1543 -0.8730
vn 0.4267 0.2177 -0.8778
vn 0.3716 -0.0797 -0.9250
vn 0.3252 0.2837 -0.9021
vn 0.2903 0.1665 -0.9423
vn 0.2525 0.1684 -0.9528
vn 0.2127 0.0481 -0.9759
vn 0.1519 0.4027 -0.9027
vn 0.0762 -0.0674 -0.9948
vn 0.0393 0.1739 -0.9840
vn 0.2635 0.9485 0.1760
vn 0.3437 0.9228 0.1741
vn 0.2694 0.9459 0.1807
vn 0.2678 0.9417 0.2037
vn 0.2597 0.9351 0.2411
vn 0.2463 0.9288 0.2771
vn 0.2277 0.9228 0.3107
vn 0.2044 0.9174 0.3414
vn 0.1515 0.9094 0.3873
vn 0.1397 0.9133 0.3826
vn 0.1349 0.9077 0.3973
vn 0.1116 0.9054 0.4097
vn 0.0751 0.9030 0.4230
vn 0.0370 0.9016 0.4309
vn 0.0095 0.9457 0.3250
vn 0.0800 0.9522 0.2948
vn 0.0649 0.9453 0.3196
vn 0.0645 0.9480 0.3116
vn 0.0453 0.9466 0.3192
vn 0.0446 0.9452 0.3233
vn 0.0273 0.9470 0.3202
vn 0.0224 0.9434 0.3308
vn 0.0048 0.9485 0.3167
vn 0.0088 0.9014 0.4328
vn 0.0089 0.9015 0.4328
vn 0.1183 0.9484 0.2942
vn 0.0908 0.9523 0.2914
vn 0.0861 0.9441 0.3182
vn 0.1769 0.9126 0.3685
vn 0.0980 0.9541 0.2832
vn 0.1220 0.9536 0.2753
vn 0.1198 0.9552 0.2705
vn 0.1318 0.9580 0.2546
vn 0.1346 0.9567 0.2582
vn 0.1383 0.9625 0.2334
vn 0.1488 0.9586 0.2429
vn 0.1440 0.9647 0.2206
vn 0.1573 0.9636 0.2161
vn 0.1476 0.9680 0.2028
vn 0.1621 0.9676 0.1934
vn 0.1518 0.9709 0.1850
vn 0.1576 0.9716 0.1766
vn 0.1560 0.9724 0.1737
vn 0.3437 0.9270 0.1501
vn 0.2635 0.9517 0.1574
vn 0.2691 0.9508 0.1532
vn 0.2669 0.9555 0.1256
vn 0.2570 0.9627 0.0850
vn 0.2407 0.9695 0.0464
vn 0.2408 0.9695 0.0464
vn 0.2186 0.9758 0.0108
vn 0.1911 0.9814 -0.0210
vn 0.1588 0.9861 -0.0481
vn 0.1227 0.9900 -0.0699
vn 0.0835 0.9928 -0.0859
vn 0.0423 0.9945 -0.0956
vn 0.0106 0.9951 -0.0981
vn 0.0103 0.9951 -0.0986
vn 0.0062 0.9998 0.0172
vn 0.0246 0.9995 0.0187
vn 0.0486 0.9985 0.0243
vn 0.0713 0.9969 0.0336
vn 0.0923 0.9946 0.0463
vn 0.1111 0.9919 0.0621
vn 0.1560 0.9738 0.1655
vn 0.1566 0.9738 0.1650
vn 0.1552 0.9768 0.1473
vn 0.1494 0.9810 0.1237
vn 0.1400 0.9850 0.1012
vn 0.1271 0.9886 0.0805
vn 0.1151 0.9911 0.0667
vn 0.1196 0.9919 0.0435
vn 0.0808 0.9729 0.2168
vn 0.0061 0.9589 0.2837
vn 0.0636 0.9562 0.2856
vn 0.1203 0.9774 0.1740
vn 0.1068 0.9775 0.1820
vn 0.0888 0.9691 0.2300
vn 0.1025 0.9596 0.2622
vn 0.0823 0.9671 0.2407
vn 0.0909 0.9579 0.2722
vn 0.0750 0.9652 0.2507
vn 0.0573 0.9610 0.2704
vn 0.0481 0.9568 0.2869
vn 0.0450 0.9603 0.2753
vn 0.0352 0.9555 0.2930
vn 0.0335 0.9589 0.2819
vn 0.0207 0.9558 0.2933
vn 0.0205 0.9586 0.2839
vn 0.0068 0.9551 0.2961
vn 0.0073 0.9568 0.2907
vn 0.0047 0.9555 0.2950
vn 0.0176 0.9612 0.2752
vn 0.0175 0.9622 0.2717
vn 0.0341 0.9566 0.2893
vn 0.0337 0.9592 0.2807
vn 0.0439 0.9598 0.2772
vn 0.0452 0.9582 0.2826
vn 0.0528 0.9623 0.2668
vn 0.0494 0.9649 0.2578
vn 0.0845 0.9653 0.2469
vn 0.0754 0.9622 0.2617
vn 0.0585 0.9696 0.2374
vn 0.0724 0.9593 0.2728
vn 0.0773 0.9570 0.2795
vn 0.0661 0.9634 0.2597
vn 0.0967 0.9688 0.2283
vn 0.1082 0.9703 0.2165
vn 0.0907 0.9743 0.2060
vn 0.1198 0.9712 0.2062
vn 0.0958 0.9773 0.1887
vn 0.1065 0.9756 0.1919
vn 0.1148 0.9773 0.1779
vn 0.1193 0.9766 0.1789
vn 0.1420 0.9734 0.1796
vn 0.1097 0.9755 0.1908
vn 0.1311 0.9710 0.1998
vn 0.1066 0.9734 0.2027
vn 0.1250 0.9687 0.2146
vn 0.1020 0.9715 0.2141
vn 0.1214 0.9655 0.2305
vn 0.0974 0.9694 0.2255
vn 0.1189 0.9597 0.2548
vn 0.1024 0.9644 0.2438
vn 0.0746 0.9691 0.2351
vn 0.0017 0.9015 0.4327
vn 0.0009 0.9013 0.4332
vn 0.0006 0.9000 0.4358
vn -0.0005 0.9008 0.4343
vn -0.0022 0.9013 0.4331
vn -0.0030 0.9016 0.4326
vn -0.0024 0.9015 0.4328
vn -0.0000 0.9589 0.2837
vn -0.0003 0.9578 0.2874
vn -0.0000 0.9568 0.2907
vn -0.0000 0.9455 0.3257
vn -0.0002 0.9457 0.3250
vn -0.0000 0.9009 0.4340
vn 0.0015 0.8994 0.4371
vn -0.0000 0.9455 0.3256
vn -0.0000 0.9456 0.3253
vn -0.0000 0.9011 0.4336
vn -0.0000 0.9013 0.4332
vn 0.0034 0.9011 0.4336
vn 0.0003 0.9584 0.2856
vn 0.0005 0.9577 0.2878
vn 0.0004 0.9574 0.2888
vn 0.0004 0.9456 0.3253
vn 0.0039 0.9492 0.3146
vn 0.0002 0.9361 0.3517
vn 0.0002 0.9012 0.4333
vn 0.0015 0.8994 0.4372
vn -0.0010 0.9011 0.4335
vn -0.0000 0.9995 0.0300
vn 0.0007 0.9998 0.0176
vn -0.0000 0.9999 -0.0101
vn -0.0000 0.9951 -0.0988
vn -0.0000 0.9952 -0.0983
vn -0.0000 0.9998 0.0179
vn -0.0000 0.9998 0.0176
vn -0.0035 0.9951 -0.0986
vn -0.0002 0.9949 -0.1008
vn 0.0013 0.9951 -0.0985
vn 0.0014 0.9952 -0.0983
vn -0.0026 0.9951 -0.0989
vn -0.0002 0.9949 -0.1009
vn -0.0000 0.9999 0.0172
vn -0.0002 0.9998 0.0179
vn -0.0002 0.9985 0.0539
vn -0.0004 0.9984 0.0559
vn -0.0000 0.9982 0.0596
vn 0.0001 0.9951 -0.0988
vn -0.0000 0.9951 -0.0985
vn 0.0002 0.9999 -0.0101
vn -0.0036 0.9995 0.0300
vn 0.0001 0.9982 0.0594
vn 0.0004 0.9984 0.0561
vn 0.0002 0.9985 0.0542
vn 0.0002 0.9998 0.0177
vn 0.0565 0.9958 0.0717
vn 0.0645 0.9968 0.0472
vn 0.0422 0.9965 0.0720
vn 0.0440 0.9983 0.0385
vn 0.0836 0.9916 0.0989
vn 0.0883 0.9918 0.0920
vn 0.0802 0.9932 0.0840
vn 0.0741 0.9928 0.0937
vn 0.1022 0.9861 0.1310
vn 0.1266 0.9860 0.1084
vn 0.1023 0.9879 0.1168
vn 0.1203 0.9788 0.1659
vn 0.1098 0.9796 0.1684
vn 0.1356 0.9794 0.1495
vn 0.1245 0.9804 0.1528
vn 0.0180 0.9970 0.0756
vn 0.0182 0.9976 0.0667
vn 0.0057 0.9985 0.0538
vn 0.0063 0.9982 0.0596
vn 0.0495 0.9948 0.0889
vn 0.0540 0.9956 0.0762
vn 0.0417 0.9973 0.0610
vn 0.0331 0.9950 0.0941
vn 0.0344 0.9979 0.0544
vn 0.0322 0.9976 0.0620
vn 0.0208 0.9985 0.0508
vn 0.0211 0.9989 0.0409
vn 0.0062 0.9981 0.0617
vn 0.0047 0.9985 0.0539
vn 0.0746 0.9910 0.1111
vn 0.0857 0.9916 0.0970
vn 0.0742 0.9936 0.0856
vn 0.0600 0.9925 0.1068
vn 0.0726 0.9948 0.0715
vn 0.0804 0.9949 0.0603
vn 0.0739 0.9947 0.0721
vn 0.0907 0.9860 0.1399
vn 0.1090 0.9858 0.1281
vn 0.0959 0.9884 0.1177
vn 0.0821 0.9883 0.1282
vn 0.1024 0.9896 0.1008
vn 0.1017 0.9896 0.1013
vn 0.1097 0.9896 0.0935
vn 0.1148 0.9792 0.1672
vn 0.1195 0.9789 0.1659
vn 0.1063 0.9824 0.1535
vn 0.0964 0.9829 0.1568
vn 0.1197 0.9831 0.1384
vn 0.1122 0.9837 0.1407
vn 0.1354 0.9824 0.1285
vn -0.0000 0.9578 0.2874
vn -0.0000 0.9578 0.2875
vn -0.0000 0.9577 0.2878
vn -0.1200 0.9770 0.1765
vn -0.0188 0.9518 0.3061
vn -0.1067 0.9706 0.2159
vn -0.1260 0.9654 0.2282
vn -0.0977 0.9693 0.2257
vn -0.1182 0.9619 0.2464
vn -0.1119 0.9775 0.1786
vn -0.1362 0.9722 0.1906
vn -0.1147 0.9748 0.1915
vn -0.0063 0.9583 0.2856
vn -0.0062 0.9592 0.2827
vn -0.0046 0.9574 0.2888
vn -0.0057 0.9567 0.2910
vn -0.0182 0.9602 0.2786
vn -0.0194 0.9582 0.2854
vn -0.0355 0.9554 0.2931
vn -0.0495 0.9652 0.2567
vn -0.0540 0.9616 0.2689
vn -0.0417 0.9580 0.2837
vn -0.0331 0.9672 0.2519
vn -0.0746 0.9692 0.2345
vn -0.0857 0.9650 0.2480
vn -0.0742 0.9629 0.2594
vn -0.0600 0.9691 0.2391
vn -0.0726 0.9592 0.2731
vn -0.0907 0.9744 0.2058
vn -0.1090 0.9701 0.2168
vn -0.0959 0.9691 0.2274
vn -0.0821 0.9726 0.2175
vn -0.1024 0.9644 0.2438
vn -0.0922 0.9671 0.2369
vn -0.1031 0.9593 0.2627
vn -0.0916 0.9638 0.2504
vn -0.0806 0.9619 0.2612
vn -0.0877 0.9583 0.2718
vn -0.0654 0.9625 0.2633
vn -0.0757 0.9545 0.2883
vn -0.0540 0.9617 0.2688
vn -0.0571 0.9535 0.2961
vn -0.0441 0.9597 0.2776
vn -0.0357 0.9550 0.2946
vn -0.0344 0.9564 0.2902
vn -0.0180 0.9627 0.2699
vn -0.1148 0.9773 0.1778
vn -0.1195 0.9766 0.1789
vn -0.1063 0.9757 0.1917
vn -0.0964 0.9773 0.1888
vn -0.1197 0.9712 0.2062
vn -0.1226 0.9706 0.2069
vn -0.1240 0.9703 0.2075
vn -0.0055 0.9492 0.3146
vn -0.3435 0.9229 0.1741
vn -0.0088 0.9012 0.4333
vn -0.0371 0.9014 0.4314
vn -0.0752 0.9028 0.4234
vn -0.1118 0.9051 0.4101
vn -0.1460 0.9084 0.3918
vn -0.1773 0.9124 0.3689
vn -0.2048 0.9172 0.3417
vn -0.2239 0.9217 0.3166
vn -0.2185 0.9268 0.3055
vn -0.2635 0.9486 0.1755
vn -0.2699 0.9458 0.1806
vn -0.2683 0.9415 0.2037
vn -0.2602 0.9349 0.2412
vn -0.2467 0.9286 0.2772
vn -0.2341 0.9247 0.3003
vn -0.1562 0.9718 0.1768
vn -0.1561 0.9718 0.1767
vn -0.1550 0.9689 0.1926
vn -0.1504 0.9651 0.2143
vn -0.1426 0.9615 0.2351
vn -0.1318 0.9580 0.2546
vn -0.1183 0.9549 0.2724
vn -0.1024 0.9521 0.2881
vn -0.0844 0.9498 0.3013
vn -0.0646 0.9479 0.3119
vn -0.0435 0.9466 0.3196
vn -0.0214 0.9457 0.3242
vn -0.0125 0.9457 0.3248
vn -0.0060 0.9361 0.3517
vn -0.2635 0.9515 0.1590
vn -0.3435 0.9268 0.1520
vn -0.2694 0.9507 0.1538
vn -0.2678 0.9546 0.1307
vn -0.2597 0.9612 0.0932
vn -0.2462 0.9675 0.0573
vn -0.2277 0.9735 0.0237
vn -0.2044 0.9789 -0.0070
vn -0.1514 0.9871 -0.0529
vn -0.1396 0.9891 -0.0471
vn -0.1349 0.9889 -0.0629
vn -0.1116 0.9909 -0.0753
vn -0.0751 0.9932 -0.0886
vn -0.0751 0.9932 -0.0885
vn -0.0370 0.9946 -0.0965
vn -0.0096 0.9998 0.0177
vn -0.0800 0.9956 0.0486
vn -0.0649 0.9976 0.0229
vn -0.0645 0.9974 0.0314
vn -0.0453 0.9987 0.0238
vn -0.0446 0.9988 0.0194
vn -0.0273 0.9994 0.0230
vn -0.0224 0.9997 0.0118
vn -0.0048 0.9996 0.0268
vn -0.0088 0.9951 -0.0983
vn -0.0087 0.9951 -0.0985
vn -0.1183 0.9918 0.0479
vn -0.0908 0.9945 0.0519
vn -0.0862 0.9960 0.0238
vn -0.1769 0.9836 -0.0341
vn -0.0980 0.9934 0.0602
vn -0.1220 0.9902 0.0674
vn -0.1198 0.9901 0.0725
vn -0.1318 0.9873 0.0884
vn -0.1346 0.9873 0.0845
vn -0.1384 0.9843 0.1099
vn -0.1489 0.9838 0.0995
vn -0.1440 0.9819 0.1226
vn -0.1573 0.9794 0.1265
vn -0.1476 0.9790 0.1405
vn -0.1621 0.9754 0.1492
vn -0.1518 0.9757 0.1582
vn -0.1576 0.9734 0.1664
vn -0.1562 0.9731 0.1692
vn -0.0821 0.9883 0.1282
vn -0.0636 0.9962 0.0588
vn -0.1200 0.9780 0.1706
vn -0.1068 0.9808 0.1632
vn -0.0888 0.9893 0.1153
vn -0.1024 0.9914 0.0819
vn -0.0823 0.9911 0.1046
vn -0.0908 0.9933 0.0719
vn -0.0750 0.9927 0.0945
vn -0.0573 0.9956 0.0746
vn -0.0481 0.9972 0.0577
vn -0.0450 0.9966 0.0697
vn -0.0074 0.9985 0.0542
vn -0.0069 0.9988 0.0486
vn -0.0063 0.9982 0.0594
vn -0.0057 0.9985 0.0538
vn -0.0205 0.9979 0.0610
vn -0.0207 0.9985 0.0514
vn -0.0182 0.9976 0.0667
vn -0.0180 0.9970 0.0756
vn -0.0335 0.9974 0.0630
vn -0.0352 0.9981 0.0515
vn -0.0344 0.9979 0.0544
vn -0.0331 0.9950 0.0941
vn -0.0417 0.9973 0.0610
vn -0.0540 0.9956 0.0762
vn -0.0495 0.9948 0.0889
vn -0.0857 0.9916 0.0970
vn -0.0742 0.9936 0.0856
vn -0.0600 0.9925 0.1068
vn -0.0726 0.9948 0.0715
vn -0.0772 0.9949 0.0648
vn -0.0661 0.9941 0.0854
vn -0.0959 0.9884 0.1177
vn -0.1090 0.9858 0.1281
vn -0.0907 0.9860 0.1399
vn -0.1197 0.9831 0.1384
vn -0.0964 0.9829 0.1568
vn -0.1063 0.9824 0.1535
vn -0.1148 0.9792 0.1672
vn -0.1195 0.9789 0.1659
vn -0.1418 0.9762 0.1642
vn -0.1097 0.9819 0.1543
vn -0.1310 0.9808 0.1444
vn -0.1066 0.9841 0.1424
vn -0.1249 0.9837 0.1296
vn -0.1020 0.9861 0.1311
vn -0.1212 0.9861 0.1137
vn -0.0974 0.9880 0.1196
vn -0.1187 0.9889 0.0889
vn -0.1024 0.9896 0.1008
vn -0.0746 0.9910 0.1111
vn -0.0000 0.9984 0.0561
vn -0.0000 0.9984 0.0560
vn -0.0000 0.9984 0.0559
vn -0.7659 0.6427 -0.0191
vn -0.7606 0.6458 -0.0665
vn -0.7629 0.6373 -0.1085
vn -0.7235 0.6481 -0.2376
vn -0.7074 0.6583 -0.2575
vn -0.6766 0.6349 -0.3729
vn -0.5851 0.6536 -0.4800
vn -0.5767 0.6582 -0.4839
vn -0.5381 0.6484 -0.5386
vn -0.4894 0.6335 -0.5993
vn -0.3748 0.6619 -0.6492
vn -0.3595 0.6494 -0.6701
vn -0.2262 0.6344 -0.7392
vn -0.1294 0.6666 -0.7341
vn -0.0766 0.6409 -0.7638
vn -0.0357 0.6424 0.7656
vn -0.1322 0.6484 0.7497
vn -0.3541 0.6466 0.6757
vn -0.2545 0.6391 0.7258
vn -0.1287 0.6492 0.7496
vn -0.7643 0.6413 0.0669
vn -0.7642 0.6415 0.0662
vn -0.7486 0.6422 0.1650
vn -0.7428 0.6355 0.2107
vn -0.7024 0.6501 0.2899
vn -0.6995 0.6485 0.3003
vn -0.7025 0.6501 0.2895
vn -0.7006 0.6491 0.2964
vn -0.6764 0.6380 0.3681
vn -0.6467 0.6430 0.4102
vn -0.6017 0.6408 0.4769
vn -0.5619 0.6490 0.5129
vn -0.5459 0.6459 0.5337
vn -0.4715 0.6359 0.6110
vn -0.4867 0.6403 0.5943
vn -0.3742 0.6426 0.6687
vn -0.0000 0.6428 0.7660
vn 0.7659 0.6427 -0.0191
vn 0.0767 0.6409 -0.7638
vn 0.1295 0.6665 -0.7342
vn 0.2260 0.6342 -0.7394
vn 0.3521 0.6486 -0.6749
vn 0.5575 0.6537 -0.5118
vn 0.5385 0.6486 -0.5378
vn 0.4742 0.6281 -0.6169
vn 0.4875 0.6375 -0.5966
vn 0.3608 0.6444 -0.6742
vn 0.7606 0.6458 -0.0665
vn 0.7629 0.6374 -0.1081
vn 0.7466 0.6438 -0.1676
vn 0.7312 0.6376 -0.2424
vn 0.6992 0.6527 -0.2918
vn 0.6765 0.6352 -0.3727
vn 0.6454 0.6433 -0.4119
vn 0.6310 0.6426 -0.4347
vn 0.5878 0.6412 -0.4933
vn 0.7651 0.6420 0.0497
vn 0.7611 0.6452 0.0666
vn 0.4689 0.6389 0.6098
vn 0.5268 0.6440 0.5547
vn 0.5617 0.6471 0.5156
vn 0.5796 0.6425 0.5012
vn 0.6466 0.6415 0.4127
vn 0.6602 0.6385 0.3956
vn 0.7034 0.6474 0.2935
vn 0.7055 0.6465 0.2902
vn 0.7520 0.6372 0.1688
vn 0.7437 0.6416 0.1879
vn 0.7574 0.6427 0.1153
vn 0.4688 0.6389 0.6099
vn 0.3535 0.6450 0.6775
vn 0.3479 0.6434 0.6819
vn 0.2175 0.6394 0.7374
vn 0.1317 0.6515 0.7471
vn 0.0732 0.6411 0.7640
vn -0.0000 0.6428 -0.7660
vn -0.0000 0.6428 -0.7661
vn -0.0000 1.0000 -0.0000
vn -0.0001 0.8080 -0.5892
vn -0.0001 0.9982 0.0594
vn 0.0012 0.9999 0.0165
vn -0.0008 0.9779 -0.2091
vn 0.0006 0.9615 -0.2748
vn -0.0007 0.8919 -0.4522
vn 0.0040 0.7845 -0.6201
vn -0.0000 0.7422 -0.6702
vn -0.0038 0.7362 -0.6767
vn -0.0091 0.9988 -0.0476
vn -0.0046 0.9992 0.0392
vn -0.0011 0.9982 0.0594
vn -0.0296 0.9972 0.0686
vn -0.0219 0.9998 -0.0040
vn -0.0013 0.7422 -0.6701
vn -0.0041 0.7927 -0.6096
vn -0.0075 0.8919 -0.4522
vn -0.0073 0.8887 -0.4584
vn -0.0117 0.9778 -0.2091
vn -0.0120 0.9798 -0.1997
vn -0.0123 0.9846 -0.1746
vn -0.0133 0.9882 -0.1527
vn -0.0000 0.8079 -0.5893
vn -0.0000 0.9999 0.0165
vn -0.0000 0.8080 -0.5892
vn -0.0000 0.9615 -0.2748
vn -0.0000 0.9999 0.0170
vn 0.4398 0.7332 -0.5186
vn 0.4352 0.7399 -0.5129
vn 0.3207 0.8853 -0.3368
vn 0.3159 0.8892 -0.3309
vn 0.1755 0.9763 -0.1264
vn 0.1716 0.9776 -0.1218
vn 0.0195 0.9957 0.0904
vn 0.0174 0.9955 0.0927
vn 0.3254 0.7368 -0.5927
vn 0.3232 0.7407 -0.5890
vn 0.2349 0.8885 -0.3941
vn 0.2326 0.8909 -0.3901
vn 0.1249 0.9789 -0.1617
vn 0.1229 0.9797 -0.1583
vn 0.0069 0.9968 0.0801
vn 0.0057 0.9966 0.0820
vn 0.1997 0.7378 -0.6448
vn 0.1987 0.7404 -0.6422
vn 0.1396 0.8903 -0.4335
vn 0.1388 0.8913 -0.4316
vn 0.0678 0.9803 -0.1853
vn 0.0673 0.9806 -0.1841
vn -0.0079 0.9973 0.0732
vn -0.0083 0.9972 0.0742
vn 0.0647 0.7365 -0.6733
vn 0.0644 0.7376 -0.6722
vn 0.0376 0.8889 -0.4566
vn 0.0371 0.8901 -0.4542
vn 0.0068 0.9800 -0.1991
vn 0.0065 0.9802 -0.1977
vn -0.0239 0.9974 0.0687
vn -0.0242 0.9973 0.0699
vn 0.5209 0.8187 -0.2415
vn 0.5781 0.8031 -0.1444
vn 0.5629 0.8147 -0.1390
vn 0.6004 0.7989 -0.0360
vn 0.5868 0.8090 -0.0333
vn 0.2174 0.9726 -0.0820
vn 0.3923 0.8809 -0.2646
vn 0.4886 0.7360 -0.4685
vn 0.5363 0.7260 -0.4306
vn 0.4712 0.8003 -0.3709
vn 0.4960 0.8160 -0.2969
vn 0.5341 0.8081 -0.2485
vn 0.1600 0.9808 0.1118
vn 0.1644 0.9803 0.1097
vn 0.1531 0.9851 0.0787
vn 0.1638 0.9839 0.0712
vn 0.1382 0.9893 0.0473
vn 0.1462 0.9885 0.0393
vn 0.1163 0.9932 0.0030
vn 0.0291 0.9943 0.1029
vn -0.0033 0.8079 -0.5893
vn -0.0000 0.7377 -0.6751
vn -0.0020 0.9977 0.0679
vn 0.0014 0.9615 -0.2748
vn -0.0016 0.9801 -0.1987
vn 0.0004 0.8902 -0.4556
vn 0.1641 0.9774 0.1334
vn 0.1234 0.9793 0.1607
vn 0.1327 0.9651 0.2257
vn 0.1665 0.9662 0.1967
vn 0.1366 0.9724 0.1889
vn 0.2018 0.9685 0.1460
vn 0.0834 0.9671 0.2403
vn 0.1214 0.9596 0.2537
vn 0.1308 0.9656 0.2248
vn 0.0575 0.9648 0.2566
vn 0.0903 0.9575 0.2739
vn 0.0992 0.9598 0.2624
vn 0.0223 0.9648 0.2621
vn 0.0626 0.9541 0.2928
vn 0.0744 0.9562 0.2830
vn -0.0254 0.9488 0.3148
vn -0.0170 0.9572 0.2891
vn 0.0461 0.7718 0.6342
vn 0.0467 0.7663 0.6408
vn 0.1559 0.7753 0.6120
vn 0.1597 0.7657 0.6230
vn -0.0032 0.9439 0.3304
vn 0.0152 0.9566 0.2909
vn 0.0212 0.9503 0.3106
vn 0.0511 0.9541 0.2950
vn 0.2594 0.7807 0.5685
vn 0.2860 0.7390 0.6100
vn 0.3256 0.8021 0.5006
vn 0.4160 0.7227 0.5520
vn 0.4012 0.7788 0.4823
vn 0.4399 0.7904 0.4264
vn 0.5284 0.7002 0.4801
vn 0.4561 0.8197 0.3466
vn 0.6340 0.6880 0.3532
vn 0.5099 0.8153 0.2744
vn 0.6773 0.7044 0.2126
vn 0.5886 0.7838 0.1980
vn 0.6003 0.7990 0.0351
vn 0.6865 0.7241 0.0660
vn 0.6646 0.7434 0.0751
vn 0.5909 0.7943 0.1412
vn 0.0012 0.7377 -0.6751
vn 0.0013 0.9977 0.0679
vn 0.0044 0.9987 0.0513
vn 0.0130 0.9873 -0.1583
vn 0.0216 0.9997 -0.0078
vn 0.0295 0.9972 0.0688
vn 0.0038 0.7362 -0.6767
vn 0.0040 0.7892 -0.6142
vn 0.0075 0.8887 -0.4584
vn 0.0075 0.8901 -0.4556
vn 0.0120 0.9798 -0.1997
vn 0.0120 0.9800 -0.1987
vn 0.0124 0.9851 -0.1715
vn 0.0090 0.9993 -0.0354
vn -0.0221 0.9489 0.3147
vn -0.0208 0.9434 0.3310
vn -0.0144 0.9489 0.3152
vn -0.0112 0.9490 0.3151
vn -0.0016 0.9486 0.3165
vn -0.0074 0.7708 0.6371
vn -0.0070 0.7114 0.7027
vn -0.0110 0.8282 0.5604
vn -0.0012 0.7115 0.7026
vn -0.0012 0.7117 0.7025
vn -0.0035 0.8283 0.5602
vn -0.0035 0.8281 0.5605
vn -0.0063 0.9354 0.3534
vn -0.0055 0.9407 0.3393
vn -0.0291 0.9943 0.1029
vn -0.4884 0.7361 -0.4686
vn -0.5216 0.7294 -0.4427
vn -0.4622 0.8202 -0.3370
vn -0.5324 0.8085 -0.2508
vn -0.5226 0.8184 -0.2389
vn -0.5765 0.8037 -0.1474
vn -0.5640 0.8144 -0.1364
vn -0.5993 0.7996 -0.0394
vn -0.5839 0.8113 -0.0296
vn -0.2010 0.9748 -0.0964
vn -0.3924 0.8809 -0.2646
vn -0.1236 0.9923 0.0118
vn -0.1474 0.9882 0.0408
vn -0.1434 0.9887 0.0428
vn -0.1579 0.9845 0.0762
vn -0.1528 0.9852 0.0777
vn -0.1649 0.9801 0.1109
vn -0.1556 0.9814 0.1122
vn -0.0644 0.7376 -0.6722
vn -0.0645 0.7365 -0.6733
vn -0.0373 0.8901 -0.4542
vn -0.0373 0.8889 -0.4566
vn -0.0066 0.9803 -0.1976
vn -0.0067 0.9800 -0.1991
vn 0.0241 0.9973 0.0699
vn 0.0241 0.9973 0.0690
vn -0.1991 0.7404 -0.6420
vn -0.1996 0.7378 -0.6448
vn -0.1391 0.8914 -0.4314
vn -0.1395 0.8903 -0.4335
vn -0.0675 0.9806 -0.1840
vn -0.0678 0.9803 -0.1853
vn 0.0082 0.9972 0.0743
vn 0.0080 0.9973 0.0732
vn -0.3240 0.7407 -0.5886
vn -0.3253 0.7368 -0.5927
vn -0.2332 0.8909 -0.3897
vn -0.2348 0.8886 -0.3941
vn -0.1233 0.9797 -0.1580
vn -0.1247 0.9789 -0.1617
vn -0.0059 0.9966 0.0822
vn -0.0067 0.9968 0.0801
vn -0.4360 0.7399 -0.5123
vn -0.4392 0.7333 -0.5190
vn -0.3166 0.8892 -0.3304
vn -0.3202 0.8853 -0.3371
vn -0.1721 0.9776 -0.1214
vn -0.1751 0.9764 -0.1267
vn -0.0177 0.9955 0.0929
vn -0.0193 0.9957 0.0903
vn -0.0001 0.7714 0.6363
vn -0.0000 0.9489 0.3156
vn -0.0000 0.9486 0.3165
vn -0.0001 0.8281 0.5605
vn 0.0001 0.7703 0.6377
vn 0.0029 0.7373 0.6756
vn 0.0001 0.7117 0.7025
vn -0.5968 0.8016 0.0362
vn -0.5413 0.7917 0.2832
vn -0.5424 0.7930 0.2773
vn -0.5706 0.7431 0.3495
vn -0.5124 0.7934 0.3288
vn -0.4596 0.7812 0.4224
vn -0.5244 0.7143 0.4635
vn -0.4105 0.7856 0.4630
vn -0.3686 0.7725 0.5171
vn -0.4001 0.7442 0.5349
vn -0.2398 0.8040 0.5441
vn -0.3599 0.6654 0.6540
vn -0.1559 0.8166 0.5557
vn -0.2080 0.6640 0.7183
vn -0.0715 0.8189 0.5695
vn -0.0758 0.6304 0.7725
vn -0.0163 0.7736 0.6334
vn -0.1665 0.9739 0.1546
vn -0.1362 0.9724 0.1894
vn -0.1426 0.9715 0.1894
vn -0.1374 0.9679 0.2103
vn -0.1097 0.9697 0.2181
vn -0.7119 0.6979 0.0791
vn -0.1594 0.9783 0.1323
vn -0.1368 0.9787 0.1528
vn -0.5827 0.8079 0.0879
vn -0.5791 0.7867 0.2139
vn -0.5564 0.8021 0.2169
vn -0.5403 0.7909 0.2872
vn -0.1386 0.9627 0.2326
vn -0.0963 0.9639 0.2484
vn -0.1035 0.9623 0.2516
vn -0.0824 0.9570 0.2782
vn -0.0775 0.9584 0.2747
vn -0.0522 0.9539 0.2957
vn -0.0490 0.9552 0.2920
vn -0.0198 0.9515 0.3069
vn -0.0184 0.9524 0.3043
vn 0.0128 0.9498 0.3125
vn 0.0132 0.9503 0.3110
vn -0.0000 0.9487 0.3162
vn -0.0000 0.7732 0.6341
vn -0.0000 0.7714 0.6363
vn 0.0014 0.9485 0.3167
vn 0.0185 0.9485 0.3164
vn 0.0265 0.9499 0.3116
vn 0.0197 0.9342 0.3562
vn 0.0075 0.7729 0.6345
vn 0.0144 0.8271 0.5619
vn 0.0038 0.7111 0.7031
vn 0.0055 0.9403 0.3402
vn 0.0012 0.7111 0.7031
vn 0.0012 0.7111 0.7030
vn 0.0035 0.8272 0.5619
vn 0.0035 0.8273 0.5617
vn 0.0063 0.9351 0.3542
vn 0.0112 0.9486 0.3162
vn -0.0000 0.9485 0.3167
vn -0.0000 0.8272 0.5620
vn -0.0019 0.7732 0.6341
vn -0.0000 0.7111 0.7031
vn 0.2588 -0.0000 -0.9659
vn 0.7071 -0.0000 -0.7071
vn 0.9659 -0.0000 -0.2588
vn 0.9659 -0.0000 0.2588
vn 0.7071 -0.0000 0.7071
vn 0.2588 -0.0000 0.9659
vn -0.1675 -0.0000 0.9859
vn -0.5509 -0.0000 0.8346
vn -0.8806 -0.0000 0.4739
vn -0.8806 -0.0000 -0.4739
vn -0.5509 -0.0000 -0.8346
vn -0.1675 -0.0000 -0.9859
vn 0.1098 0.9756 -0.1902
vn 0.0381 0.9756 -0.2163
vn 0.2064 0.9756 -0.0751
vn 0.1682 0.9756 -0.1412
vn 0.2064 0.9756 0.0751
vn 0.2196 0.9756 -0.0000
vn 0.0381 0.9756 0.2163
vn 0.1098 0.9756 0.1902
vn 0.1067 0.7888 -0.6053
vn 0.2831 0.7908 -0.5427
vn 0.2412 0.8760 -0.4177
vn 0.3712 0.7931 -0.4829
vn 0.3672 0.8776 -0.3081
vn 0.4509 0.7909 -0.4139
vn 0.6079 0.7922 -0.0532
vn 0.5944 0.7930 -0.1334
vn 0.4479 0.8791 -0.1630
vn 0.5647 0.7909 -0.2356
vn 0.5135 0.7931 -0.3277
vn 0.6146 0.7888 -0.0000
vn 0.3466 0.9375 0.0303
vn 0.4708 0.7888 0.3951
vn 0.1682 0.9756 0.1412
vn 0.3288 0.8949 0.3018
vn 0.5135 0.7931 0.3277
vn 0.5776 0.7888 0.2102
vn 0.4073 0.8973 0.1700
vn 0.5944 0.7930 0.1334
vn 0.1067 0.7888 0.6053
vn 0.3073 0.7888 0.5323
vn 0.2088 0.8923 0.4002
vn 0.3712 0.7931 0.4829
vn -0.0000 0.7934 0.6088
vn -0.0000 0.9763 0.2164
vn -0.0000 0.7934 -0.6088
vn -0.0000 0.9763 -0.2164
vn -0.0381 0.9756 -0.2163
vn -0.1098 0.9756 -0.1902
vn -0.1682 0.9756 -0.1412
vn -0.2064 0.9756 -0.0751
vn -0.2196 0.9756 -0.0000
vn -0.2064 0.9756 0.0751
vn -0.1682 0.9756 0.1412
vn -0.1098 0.9756 0.1902
vn -0.0381 0.9756 0.2163
vn -0.1067 0.7888 0.6053
vn -0.2841 0.7907 0.5423
vn -0.2428 0.8742 0.4205
vn -0.3721 0.7931 0.4822
vn -0.4522 0.7907 0.4127
vn -0.3710 0.8749 0.3113
vn -0.5144 0.7931 0.3262
vn -0.5658 0.7908 0.2335
vn -0.4539 0.8756 0.1652
vn -0.5948 0.7931 0.1311
vn -0.1067 0.7888 -0.6053
vn -0.3073 0.7888 -0.5323
vn -0.4708 0.7888 -0.3951
vn -0.5775 0.7888 -0.2102
vn -0.5776 0.7888 -0.2102
vn -0.6146 0.7888 -0.0000
vn -0.3466 0.9375 -0.0303
vn -0.6079 0.7922 0.0532
vn 0.9921 0.0217 -0.1233
vn 1.0000 -0.0003 0.0018
vn 0.9995 -0.0068 0.0311
vn 0.9995 0.0068 -0.0311
vn 1.0000 0.0003 -0.0018
vn -0.0901 0.9863 -0.1384
vn -0.3155 0.9461 -0.0735
vn 0.0615 0.9914 -0.1156
vn -0.0001 0.9999 -0.0115
vn -0.0472 0.9874 -0.1512
vn -0.0322 0.9872 -0.1560
vn 0.2032 0.9515 -0.2310
vn -0.0276 0.9781 -0.2064
vn -0.0031 0.9776 -0.2103
vn -0.0013 0.9490 -0.3152
vn -0.0000 0.9504 -0.3110
vn -0.0000 0.9598 -0.2806
vn -0.0259 0.9781 -0.2066
vn -0.0000 0.9822 -0.1879
vn -0.0601 0.8527 -0.5189
vn -0.0028 0.9476 -0.3195
vn -0.0053 0.9458 -0.3247
vn -0.0099 0.9432 -0.3321
vn -0.2512 0.8605 -0.4432
vn 0.2228 0.8661 -0.4476
vn -0.0296 0.9334 -0.3577
vn -0.0295 0.8452 -0.5337
vn -0.0151 0.8402 -0.5421
vn 0.0703 0.7996 -0.5964
vn -0.0000 0.8097 -0.5868
vn 0.0001 0.8097 -0.5868
vn -0.0156 0.8119 -0.5836
vn -0.0335 0.8138 -0.5802
vn 0.3502 0.5917 -0.7261
vn 0.2248 0.6268 -0.7461
vn -0.0000 0.7317 -0.6816
vn -0.0000 0.2645 -0.9644
vn -0.0779 0.2666 -0.9606
vn 0.0484 0.4125 -0.9097
vn -0.0002 0.4181 -0.9084
vn 0.0003 0.5054 -0.8629
vn -0.0001 0.7751 0.6318
vn -0.1180 0.9551 0.2716
vn -0.1734 0.9417 0.2882
vn -0.0859 0.9622 0.2583
vn -0.0414 0.9697 0.2409
vn -0.0000 0.9857 0.1685
vn -0.0582 0.9833 0.1724
vn -0.0000 0.9650 0.2621
vn -0.0110 0.9847 0.1736
vn -0.0105 0.9848 0.1736
vn -0.0291 0.9844 0.1733
vn 0.0935 0.9795 0.1782
vn -0.0108 0.9927 0.1201
vn -0.0299 0.9934 0.1106
vn -0.0535 0.9935 0.1000
vn -0.0806 0.9928 0.0889
vn -0.0919 0.9922 0.0842
vn -0.0684 0.9951 0.0714
vn -0.0002 0.9995 0.0329
vn -0.0000 0.8587 0.5125
vn -0.1059 0.8306 0.5467
vn -0.0662 0.8356 0.5453
vn -0.0000 0.8008 0.5989
vn -0.0531 0.8367 0.5450
vn -0.0141 0.8408 0.5412
vn -0.0375 0.8387 0.5433
vn 0.0001 0.7770 0.6296
vn -0.0039 0.8403 0.5421
vn 0.1978 0.8094 0.5530
vn -0.0119 0.8714 0.4904
vn -0.0310 0.8742 0.4846
vn -0.0463 0.8760 0.4800
vn -0.0655 0.8778 0.4746
vn -0.1047 0.8799 0.4635
vn -0.1184 0.8802 0.4596
vn -0.0890 0.8911 0.4451
vn 0.0745 0.9296 0.3611
vn 0.0001 0.5512 0.8344
vn -0.0000 0.5512 0.8344
vn -0.0121 0.5531 0.8331
vn 0.0760 0.5389 0.8389
vn -0.0086 0.6000 0.8000
vn -0.0130 0.6028 0.7978
vn -0.0194 0.6065 0.7949
vn -0.0273 0.6102 0.7917
vn -0.0369 0.6147 0.7879
vn -0.0936 0.6363 0.7658
vn 0.0660 0.6968 0.7142
vn -0.0206 0.7478 0.6636
vn -0.0047 0.7606 0.6492
vn -0.0005 0.7726 0.6349
vn -0.0000 -0.0757 0.9971
vn -0.0804 -0.0810 0.9935
vn 0.0482 0.0763 0.9959
vn -0.0002 0.0669 0.9978
vn 0.0004 0.1703 0.9854
vn 0.3978 0.2835 0.8726
vn 0.1776 0.3307 0.9269
vn -0.0000 0.4448 0.8956
vn -0.8577 -0.0893 0.5064
vn -0.5798 -0.1415 0.8024
vn -0.5797 -0.1415 0.8024
vn -0.2047 -0.1700 0.9640
vn -0.0000 -0.8097 0.5868
vn -0.0384 -0.9919 0.1211
vn -0.1538 -0.9861 0.0635
vn 0.0492 -0.9943 0.0948
vn -0.0002 -0.9999 0.0115
vn -0.0220 -0.9912 0.1304
vn -0.0154 -0.9908 0.1344
vn 0.0648 -0.9801 0.1875
vn -0.0136 -0.9869 0.1605
vn 0.1739 -0.9564 0.2345
vn -0.0030 -0.9777 0.2102
vn -0.0012 -0.9490 0.3152
vn -0.0000 -0.9504 0.3110
vn -0.0000 -0.9598 0.2806
vn -0.0259 -0.9781 0.2066
vn -0.0000 -0.9822 0.1879
vn -0.0028 -0.9476 0.3195
vn -0.0053 -0.9458 0.3247
vn -0.0046 -0.9462 0.3235
vn -0.0014 -0.9432 0.3322
vn 0.0027 -0.9362 0.3514
vn 0.0495 -0.9097 0.4122
vn 0.0038 -0.9024 0.4309
vn -0.0001 -0.8652 0.5014
vn 0.0002 -0.8630 0.5052
vn 0.0011 -0.8597 0.5108
vn -0.0109 -0.8407 0.5414
vn -0.0278 -0.8455 0.5332
vn -0.0144 -0.8407 0.5413
vn 0.0404 -0.8148 0.5784
vn -0.0183 -0.8305 0.5567
vn 0.1065 -0.7918 0.6014
vn 0.2200 -0.6162 0.7562
vn 0.4386 -0.5533 0.7082
vn 0.2272 -0.6443 0.7303
vn -0.0157 -0.8114 0.5843
vn -0.0013 -0.8095 0.5872
vn 0.0001 -0.7638 0.6455
vn 0.0161 -0.7064 0.7076
vn -0.0000 -0.2645 0.9644
vn 0.0177 -0.2638 0.9644
vn -0.0127 -0.4129 0.9107
vn 0.0299 -0.4090 0.9121
vn -0.0079 -0.4812 0.8766
vn 0.0656 -0.9780 -0.1982
vn -0.0000 -0.9857 -0.1685
vn -0.0583 -0.9833 -0.1724
vn -0.0957 -0.9807 -0.1704
vn -0.0000 -0.9650 -0.2621
vn -0.0110 -0.9847 -0.1736
vn -0.0104 -0.9848 -0.1736
vn -0.0296 -0.9844 -0.1733
vn -0.1518 -0.9743 -0.1666
vn -0.0249 -0.9841 -0.1757
vn 0.1086 -0.9780 -0.1782
vn -0.0300 -0.9929 -0.1152
vn -0.0413 -0.9930 -0.1104
vn -0.0586 -0.9929 -0.1031
vn -0.0887 -0.9918 -0.0915
vn -0.0984 -0.9913 -0.0878
vn -0.0681 -0.9951 -0.0713
vn -0.0002 -0.9995 -0.0329
vn -0.0194 -0.8566 -0.5156
vn 0.0006 -0.7849 -0.6197
vn -0.0049 -0.7787 -0.6274
vn -0.0000 -0.8587 -0.5125
vn -0.0656 -0.8357 -0.5453
vn 0.0804 -0.8426 -0.5325
vn -0.0133 -0.7861 -0.6179
vn 0.0292 -0.8117 -0.5833
vn 0.0126 -0.8020 -0.5972
vn -0.0000 -0.8008 -0.5989
vn -0.0531 -0.8367 -0.5450
vn -0.0140 -0.8408 -0.5412
vn -0.0373 -0.8387 -0.5432
vn -0.0520 -0.8586 -0.5100
vn -0.0803 -0.8594 -0.5050
vn -0.0447 -0.8586 -0.5108
vn -0.0053 -0.8962 -0.4436
vn -0.0037 -0.8982 -0.4396
vn 0.0144 -0.9174 -0.3976
vn 0.0741 -0.9296 -0.3611
vn -0.0845 -0.9507 -0.2983
vn -0.0636 -0.9556 -0.2879
vn -0.0341 -0.9623 -0.2698
vn -0.0000 -0.5512 -0.8344
vn -0.0124 -0.5531 -0.8330
vn 0.1083 -0.5327 -0.8394
vn -0.0136 -0.5916 -0.8061
vn -0.0213 -0.5946 -0.8037
vn 0.0085 -0.5834 -0.8121
vn -0.0014 -0.6173 -0.7867
vn -0.0047 -0.7606 -0.6492
vn -0.0005 -0.7725 -0.6350
vn -0.0001 -0.7751 -0.6319
vn -0.1026 -0.6745 -0.7312
vn 0.1562 -0.7350 -0.6598
vn 0.0290 -0.6680 -0.7436
vn -0.0023 -0.6197 -0.7849
vn -0.0037 -0.6222 -0.7829
vn -0.0053 -0.6248 -0.7808
vn 0.0100 -0.6495 -0.7603
vn 0.0563 -0.0668 -0.9962
vn -0.0000 0.0757 -0.9971
vn -0.0804 0.0810 -0.9935
vn 0.0140 -0.0345 -0.9993
vn 0.1076 -0.0783 -0.9911
vn 0.0346 -0.3877 -0.9211
vn -0.0000 -0.4782 -0.8783
vn 0.0026 -0.4673 -0.8841
vn 0.2989 -0.3168 -0.9002
vn 0.3594 -0.2980 -0.8843
vn 0.4145 -0.2812 -0.8655
vn 0.0002 -0.1913 -0.9815
vn -0.0000 -0.1091 -0.9940
vn -0.8575 -0.0696 0.5098
vn -0.8682 -0.0696 0.4912
vn -0.9083 -0.0402 0.4164
vn -0.8581 -0.0203 0.5131
vn -0.9036 -0.0198 0.4279
vn -0.9063 0.0033 0.4226
vn -0.9150 -0.0034 0.4035
vn -0.9225 0.0409 0.3839
vn -0.9312 0.0288 0.3635
vn -0.9412 0.0783 0.3287
vn -0.9403 0.0801 0.3307
vn -0.9693 0.0795 0.2328
vn -0.9517 0.1336 0.2763
vn -0.9848 0.0846 0.1518
vn -0.9506 0.2261 0.2127
vn -0.9947 0.0774 0.0671
vn -0.9180 0.3729 0.1350
vn -0.9853 0.1666 0.0384
vn -0.9841 0.1764 -0.0183
vn -0.9645 0.2638 -0.0071
vn -0.9875 0.1239 -0.0979
vn -0.9321 0.3391 -0.1273
vn -0.9710 0.1850 -0.1517
vn -0.9646 0.1745 -0.1975
vn -0.9597 0.1947 -0.2024
vn -0.9483 0.1644 -0.2713
vn -0.9413 0.1867 -0.2813
vn -0.9310 0.1508 -0.3325
vn -0.9127 0.1919 -0.3607
vn -0.9211 0.1276 -0.3678
vn -0.8665 0.2025 -0.4562
vn -0.9043 0.1321 -0.4060
vn -0.9017 0.1149 -0.4169
vn -0.8953 0.1221 -0.4285
vn -0.5788 0.1986 -0.7909
vn -0.2039 0.2557 -0.9450
vn -0.1698 0.5902 -0.7892
vn -0.1548 0.4846 -0.8609
vn -0.5385 0.3356 -0.7729
vn -0.1595 0.4008 -0.9022
vn -0.1492 0.2622 -0.9534
vn -0.1869 0.8401 -0.5092
vn -0.1651 0.7670 -0.6201
vn -0.5661 0.5614 -0.6036
vn -0.1732 0.7016 -0.6912
vn -0.1500 0.5950 -0.7896
vn -0.1971 0.9708 -0.1369
vn -0.1810 0.9433 -0.2781
vn -0.6117 0.7211 -0.3253
vn -0.1874 0.9089 -0.3725
vn -0.1639 0.8461 -0.5071
vn -0.4323 0.8993 0.0667
vn -0.1920 0.9811 -0.0224
vn -0.1838 0.9736 -0.1354
vn -0.1919 0.9791 0.0680
vn -0.1920 0.9433 0.2709
vn -0.1967 0.9424 0.2706
vn -0.1838 0.8683 0.4608
vn -0.1637 0.6209 0.7666
vn -0.1857 0.7189 0.6699
vn -0.6109 0.5669 0.5526
vn -0.1794 0.7844 0.5938
vn -0.1971 0.8657 0.4601
vn -0.4537 0.2272 -0.8617
vn -0.4632 0.3617 -0.8091
vn -0.4592 0.3632 -0.8107
vn -0.4774 0.4886 -0.7303
vn -0.4717 0.4915 -0.7321
vn -0.4960 0.6031 -0.6247
vn -0.4894 0.6069 -0.6262
vn -0.5168 0.7005 -0.4921
vn -0.5105 0.7047 -0.4928
vn -0.5372 0.7750 -0.3328
vn -0.5318 0.7787 -0.3329
vn -0.5534 0.8191 -0.1510
vn -0.5498 0.8216 -0.1507
vn -0.5620 0.8259 0.0446
vn -0.5607 0.8268 0.0448
vn -0.5607 0.7922 0.2408
vn -0.5620 0.7914 0.2405
vn -0.5497 0.7204 0.4228
vn -0.5534 0.7182 0.4218
vn -0.5317 0.6177 0.5794
vn -0.5372 0.6147 0.5775
vn -0.5104 0.4934 0.7043
vn -0.5169 0.4903 0.7017
vn -0.4894 0.3559 0.7961
vn -0.4960 0.3534 0.7932
vn -0.4717 0.2112 0.8561
vn -0.4774 0.2097 0.8533
vn -0.1538 0.1520 0.9763
vn -0.1700 0.2854 0.9432
vn -0.1498 0.2883 0.9457
vn -0.1716 0.4137 0.8941
vn -0.5732 0.3176 0.7554
vn -0.1633 0.5000 0.8505
vn -0.1871 0.6161 0.7651
vn -0.4592 0.0639 0.8860
vn -0.4632 0.0634 0.8840
vn -0.5503 0.0490 0.8336
vn -0.1587 0.0590 0.9856
vn -0.2039 -0.0808 0.9757
vn -0.1487 -0.0826 0.9854
vn -0.5786 -0.0778 0.8119
vn -0.4528 -0.0889 0.8872
vn -0.7177 -0.0752 0.6923
vn -0.7235 0.0144 0.6901
vn -0.7276 0.0138 0.6859
vn -0.7392 0.1082 0.6647
vn -0.7450 0.1057 0.6587
vn -0.7615 0.2025 0.6158
vn -0.7678 0.1982 0.6093
vn -0.7873 0.2944 0.5417
vn -0.7933 0.2888 0.5359
vn -0.8133 0.3794 0.4411
vn -0.8181 0.3738 0.4370
vn -0.8347 0.4514 0.3153
vn -0.8379 0.4471 0.3131
vn -0.8474 0.5032 0.1693
vn -0.8486 0.5015 0.1687
vn -0.8485 0.5290 0.0129
vn -0.8475 0.5307 0.0131
vn -0.8378 0.5272 -0.1416
vn -0.8347 0.5321 -0.1416
vn -0.8180 0.5006 -0.2832
vn -0.8133 0.5076 -0.2844
vn -0.7932 0.4544 -0.4053
vn -0.7874 0.4622 -0.4079
vn -0.7677 0.3943 -0.5051
vn -0.7615 0.4012 -0.5090
vn -0.7449 0.3244 -0.5830
vn -0.7393 0.3293 -0.5874
vn -0.7275 0.2473 -0.6399
vn -0.7235 0.2498 -0.6435
vn -0.7176 0.1661 -0.6763
vn -0.8929 0.0885 -0.4415
vn -0.8575 0.1109 -0.5024
vn -0.2039 -0.2556 0.9450
vn -0.8575 0.0700 -0.5097
vn -0.8621 0.0700 -0.5019
vn -0.9103 0.0407 -0.4120
vn -0.8677 0.0232 -0.4966
vn -0.9034 0.0191 -0.4284
vn -0.9060 -0.0036 -0.4232
vn -0.9147 0.0032 -0.4042
vn -0.9222 -0.0413 -0.3845
vn -0.9309 -0.0292 -0.3640
vn -0.9409 -0.0789 -0.3293
vn -0.9401 -0.0806 -0.3313
vn -0.9691 -0.0801 -0.2333
vn -0.9482 -0.1430 -0.2837
vn -0.9855 -0.0793 -0.1501
vn -0.9463 -0.2382 -0.2184
vn -0.9952 -0.0722 -0.0663
vn -0.9135 -0.3827 -0.1377
vn -0.9851 -0.1675 -0.0390
vn -0.9840 -0.1773 0.0183
vn -0.9638 -0.2667 0.0067
vn -0.9873 -0.1251 0.0981
vn -0.9328 -0.3371 0.1271
vn -0.9708 -0.1858 0.1520
vn -0.9644 -0.1754 0.1978
vn -0.9595 -0.1956 0.2027
vn -0.9481 -0.1652 0.2717
vn -0.9411 -0.1874 0.2816
vn -0.9307 -0.1514 0.3330
vn -0.9124 -0.1926 0.3612
vn -0.9207 -0.1283 0.3685
vn -0.8664 -0.2027 0.4564
vn -0.9040 -0.1326 0.4065
vn -0.9013 -0.1153 0.4175
vn -0.8950 -0.1224 0.4290
vn -0.5512 -0.3308 0.7660
vn -0.0617 -0.4018 0.9136
vn -0.2966 -0.2426 0.9237
vn -0.5591 -0.4485 0.6973
vn 0.1465 -0.5751 0.8049
vn -0.3484 -0.4202 0.8379
vn -0.1835 -0.8108 0.5557
vn -0.1638 -0.7846 0.5980
vn -0.2856 -0.7231 0.6289
vn -0.5264 -0.5909 0.6113
vn -0.5774 -0.5541 0.5997
vn 0.2184 -0.7113 0.6681
vn -0.4204 -0.5297 0.7367
vn 0.1059 -0.9040 0.4143
vn -0.5961 -0.6467 0.4759
vn -0.5320 -0.6857 0.4967
vn -0.5048 -0.7007 0.5042
vn -0.6158 -0.7178 0.3248
vn -0.5375 -0.7713 0.3408
vn -0.3485 -0.8588 0.3756
vn -0.1880 -0.9819 0.0222
vn -0.1816 -0.9769 0.1124
vn -0.5321 -0.8332 0.1505
vn -0.1930 -0.9581 0.2116
vn -0.1623 -0.9476 0.2751
vn -0.4421 -0.8943 -0.0698
vn -0.1067 -0.9917 -0.0717
vn -0.2062 -0.9586 -0.1965
vn -0.5348 -0.8088 -0.2445
vn -0.1077 -0.9483 -0.2985
vn -0.2201 -0.8881 -0.4035
vn -0.5998 -0.6868 -0.4106
vn 0.1983 -0.8551 -0.4791
vn -0.6134 -0.5650 -0.5518
vn -0.6156 -0.5636 -0.5508
vn -0.4334 -0.6868 -0.5834
vn -0.3504 -0.7317 -0.5846
vn -0.1175 -0.5625 -0.8184
vn -0.3745 -0.5312 -0.7600
vn -0.5880 -0.4491 -0.6727
vn -0.5965 -0.4447 -0.6682
vn -0.4583 -0.5347 -0.7100
vn 0.1207 -0.7351 -0.6671
vn -0.2792 -0.4605 -0.8426
vn -0.5770 -0.3158 -0.7533
vn -0.4960 -0.3432 -0.7977
vn -0.4417 -0.2039 -0.8737
vn -0.5606 -0.1825 -0.8078
vn 0.2841 -0.4063 -0.8684
vn -0.4187 -0.3636 -0.8322
vn -0.1535 -0.0227 -0.9879
vn -0.2442 -0.0487 -0.9685
vn -0.4889 -0.0510 -0.8708
vn -0.5541 -0.0483 -0.8310
vn 0.1191 -0.2030 -0.9719
vn -0.3156 -0.2171 -0.9237
vn -0.2039 0.0808 -0.9757
vn -0.1457 0.0827 -0.9859
vn -0.5786 0.0776 -0.8119
vn -0.8575 -0.1109 0.5024
vn -0.8925 -0.0887 0.4422
vn -0.7158 -0.1667 0.6782
vn -0.7217 -0.2509 0.6452
vn -0.7255 -0.2484 0.6418
vn -0.7374 -0.3309 0.5889
vn -0.7430 -0.3260 0.5846
vn -0.7597 -0.4031 0.5103
vn -0.7657 -0.3964 0.5065
vn -0.7855 -0.4645 0.4089
vn -0.7913 -0.4569 0.4063
vn -0.8114 -0.5103 0.2850
vn -0.8161 -0.5034 0.2839
vn -0.8329 -0.5350 0.1418
vn -0.8359 -0.5302 0.1418
vn -0.8456 -0.5337 -0.0134
vn -0.8467 -0.5320 -0.0131
vn -0.8467 -0.5044 -0.1695
vn -0.8456 -0.5061 -0.1700
vn -0.8359 -0.4499 -0.3143
vn -0.8328 -0.4541 -0.3165
vn -0.8162 -0.3762 -0.4386
vn -0.8114 -0.3817 -0.4426
vn -0.7914 -0.2907 -0.5378
vn -0.7854 -0.2963 -0.5435
vn -0.7658 -0.1997 -0.6113
vn -0.7595 -0.2039 -0.6177
vn -0.7430 -0.1067 -0.6608
vn -0.7373 -0.1091 -0.6667
vn -0.7256 -0.0142 -0.6880
vn -0.7216 -0.0149 -0.6921
vn -0.7157 0.0753 -0.6943
vn -0.4481 0.0891 -0.8895
vn -0.4586 -0.0641 -0.8863
vn -0.4544 -0.0646 -0.8885
vn -0.4727 -0.2111 -0.8556
vn -0.4667 -0.2127 -0.8584
vn -0.4912 -0.3555 -0.7952
vn -0.4843 -0.3580 -0.7983
vn -0.5119 -0.4929 -0.7035
vn -0.5051 -0.4961 -0.7062
vn -0.5320 -0.6178 -0.5790
vn -0.5263 -0.6209 -0.5809
vn -0.5481 -0.7215 -0.4230
vn -0.5442 -0.7238 -0.4241
vn -0.5566 -0.7950 -0.2413
vn -0.5552 -0.7959 -0.2416
vn -0.5552 -0.8305 -0.0453
vn -0.5565 -0.8296 -0.0451
vn -0.5442 -0.8253 0.1507
vn -0.5481 -0.8227 0.1509
vn -0.5264 -0.7822 0.3332
vn -0.5320 -0.7784 0.3332
vn -0.5052 -0.7079 0.4936
vn -0.5119 -0.7036 0.4929
vn -0.4844 -0.6097 0.6274
vn -0.4910 -0.6058 0.6260
vn -0.4668 -0.4937 0.7338
vn -0.4726 -0.4908 0.7319
vn -0.4544 -0.3647 0.8127
vn -0.4585 -0.3633 0.8110
vn -0.4488 -0.2281 0.8640
vn -0.5788 -0.1986 0.7909
vn -0.8577 0.0893 -0.5064
vn -0.5798 0.1415 -0.8024
vn -0.2047 0.1700 -0.9640
vn -0.9683 0.0417 -0.2461
vn -0.9783 0.0360 -0.2041
vn -0.9604 0.0445 -0.2752
vn -0.9570 0.0452 -0.2867
vn -0.9555 0.0455 -0.2915
vn -0.9542 0.0541 -0.2941
vn -0.9585 0.0452 -0.2815
vn -0.9664 0.0446 -0.2530
vn -0.9761 0.0604 -0.2086
vn -0.9479 0.0560 -0.3135
vn -0.9473 0.0537 -0.3157
vn -0.9615 0.0552 -0.2691
vn -0.9754 0.0670 -0.2101
vn -0.9851 0.0865 -0.1484
vn -0.9991 0.0095 -0.0407
vn -1.0000 0.0063 -0.0050
vn -0.9928 0.0156 -0.1191
vn -0.9880 0.0267 -0.1519
vn -0.9875 0.0274 -0.1550
vn -0.9949 0.0175 -0.0997
vn -0.9995 -0.0052 0.0296
vn -0.9995 0.0052 -0.0296
vn -0.9961 0.0128 -0.0876
vn -0.9961 -0.0128 0.0876
vn -0.9927 -0.0156 0.1192
vn -1.0000 -0.0063 0.0048
vn -0.9992 -0.0095 0.0401
vn -0.9949 -0.0174 0.0990
vn -0.9880 -0.0269 0.1520
vn -0.9876 -0.0273 0.1548
vn -0.9783 -0.0360 0.2041
vn -0.9683 -0.0417 0.2461
vn -0.9604 -0.0445 0.2752
vn -0.9570 -0.0452 0.2865
vn -0.9555 -0.0455 0.2915
vn -0.9585 -0.0452 0.2815
vn -0.9664 -0.0446 0.2530
vn -0.9702 -0.0503 0.2371
vn -0.9778 -0.0683 0.1979
vn -0.9817 -0.0836 0.1712
vn -0.9867 -0.1174 0.1129
vn -0.9813 -0.0914 0.1691
vn 0.9921 -0.0217 0.1233
vn -0.9921 0.0217 -0.1233
vn -1.0000 -0.0003 0.0018
vn -0.9995 -0.0042 0.0315
vn -0.9995 0.0042 -0.0316
vn -1.0000 0.0003 -0.0018
vn 0.0900 0.8794 0.4674
vn 0.3156 0.8639 0.3926
vn -0.0615 0.8921 0.4477
vn 0.0002 0.9357 0.3528
vn 0.0475 0.8763 0.4794
vn 0.0323 0.8743 0.4844
vn -0.2032 0.8151 0.5425
vn 0.0277 0.8486 0.5284
vn 0.0029 0.8467 0.5321
vn 0.0012 0.7840 0.6207
vn -0.0000 0.7867 0.6173
vn -0.0000 0.8060 0.5920
vn 0.0259 0.8484 0.5287
vn 0.0601 0.6238 0.7793
vn 0.0028 0.7812 0.6243
vn 0.0053 0.7777 0.6286
vn 0.0100 0.7727 0.6347
vn 0.2512 0.6571 0.7108
vn -0.2228 0.6608 0.7168
vn 0.0296 0.7547 0.6554
vn 0.0295 0.6116 0.7906
vn 0.0152 0.6042 0.7967
vn -0.0704 0.5474 0.8339
vn -0.0000 0.5602 0.8284
vn -0.0001 0.5602 0.8284
vn 0.0155 0.5633 0.8261
vn 0.0343 0.5661 0.8236
vn -0.3502 0.3076 0.8847
vn -0.2248 0.3338 0.9154
vn -0.0000 0.4544 0.8908
vn -0.0000 -0.0813 0.9967
vn 0.0779 -0.0780 0.9939
vn -0.0483 0.0765 0.9959
vn 0.0002 0.0822 0.9966
vn -0.0003 0.1798 0.9837
vn 0.0001 0.9445 -0.3286
vn 0.1180 0.9904 0.0714
vn 0.1734 0.9835 0.0513
vn 0.0859 0.9926 0.0863
vn 0.0414 0.9936 0.1053
vn -0.0000 0.9839 0.1788
vn 0.0582 0.9830 0.1742
vn -0.0000 0.9965 0.0837
vn 0.0110 0.9847 0.1736
vn 0.0106 0.9847 0.1737
vn 0.0292 0.9843 0.1738
vn -0.0935 0.9814 0.1676
vn 0.0107 0.9739 0.2266
vn 0.0299 0.9714 0.2358
vn 0.0537 0.9678 0.2459
vn 0.0802 0.9634 0.2558
vn 0.0919 0.9612 0.2602
vn 0.0683 0.9595 0.2733
vn 0.0002 0.9504 0.3109
vn 0.1062 0.9675 -0.2294
vn 0.0661 0.9718 -0.2265
vn -0.0000 0.9574 -0.2889
vn 0.0531 0.9727 -0.2260
vn 0.0142 0.9752 -0.2209
vn 0.0376 0.9739 -0.2237
vn -0.0000 0.9454 -0.3259
vn 0.0039 0.9750 -0.2220
vn -0.1978 0.9497 -0.2428
vn 0.0120 0.9866 -0.1628
vn 0.0308 0.9872 -0.1564
vn 0.0464 0.9874 -0.1515
vn 0.0848 0.9865 -0.1400
vn 0.1184 0.9843 -0.1308
vn 0.0881 0.9896 -0.1138
vn -0.0745 0.9970 -0.0214
vn -0.0001 0.8033 -0.5956
vn -0.0000 0.8033 -0.5955
vn 0.0118 0.8045 -0.5938
vn -0.0760 0.7933 -0.6040
vn 0.0087 0.8375 -0.5464
vn 0.0131 0.8393 -0.5436
vn 0.0194 0.8418 -0.5394
vn 0.0277 0.8442 -0.5353
vn 0.0368 0.8471 -0.5301
vn 0.0936 0.8598 -0.5020
vn -0.0660 0.8991 -0.4328
vn 0.0206 0.9297 -0.3678
vn 0.0047 0.9368 -0.3499
vn 0.0005 0.9431 -0.3324
vn -0.0000 0.2699 -0.9629
vn 0.0804 0.2637 -0.9613
vn -0.0482 0.4124 -0.9097
vn 0.0002 0.4041 -0.9147
vn -0.0004 0.4971 -0.8677
vn -0.3978 0.5649 -0.7230
vn -0.1775 0.6278 -0.7579
vn -0.0000 0.7243 -0.6895
vn 0.8576 0.0893 -0.5065
vn 0.8578 0.0893 -0.5062
vn 0.5798 0.1415 -0.8024
vn 0.2047 0.1700 -0.9640
vn -0.0000 -0.5602 -0.8284
vn 0.0384 -0.8907 -0.4530
vn 0.1538 -0.9049 -0.3969
vn -0.0492 -0.9019 -0.4292
vn 0.0001 -0.9357 -0.3528
vn 0.0222 -0.8869 -0.4613
vn 0.0154 -0.8851 -0.4652
vn -0.0648 -0.8569 -0.5114
vn 0.0136 -0.8725 -0.4884
vn -0.1739 -0.8186 -0.5475
vn 0.0003 -0.8464 -0.5326
vn 0.0012 -0.7840 -0.6208
vn -0.0000 -0.7867 -0.6173
vn -0.0000 -0.7867 -0.6174
vn -0.0000 -0.8060 -0.5920
vn 0.0259 -0.8485 -0.5286
vn 0.0028 -0.7812 -0.6243
vn 0.0053 -0.7778 -0.6286
vn 0.0046 -0.7785 -0.6276
vn 0.0015 -0.7727 -0.6348
vn -0.0027 -0.7596 -0.6504
vn -0.0494 -0.7139 -0.6985
vn -0.0038 -0.7006 -0.7135
vn -0.0000 -0.6415 -0.7671
vn -0.0001 -0.6382 -0.7699
vn -0.0011 -0.6331 -0.7740
vn 0.0109 -0.6048 -0.7963
vn 0.0280 -0.6122 -0.7902
vn 0.0143 -0.6047 -0.7963
vn -0.0403 -0.5678 -0.8222
vn 0.0184 -0.5903 -0.8070
vn -0.1065 -0.5384 -0.8359
vn -0.2200 -0.3204 -0.9214
vn -0.4386 -0.2777 -0.8547
vn -0.2272 -0.3556 -0.9066
vn 0.0158 -0.5626 -0.8266
vn 0.0012 -0.5598 -0.8286
vn -0.0001 -0.4969 -0.8678
vn -0.0161 -0.4218 -0.9066
vn -0.0000 0.0813 -0.9967
vn -0.0177 0.0820 -0.9965
vn 0.0126 -0.0766 -0.9970
vn -0.0299 -0.0724 -0.9969
vn 0.0079 -0.1524 -0.9883
vn 0.0264 -0.9963 -0.0814
vn 0.0180 -0.9960 -0.0874
vn -0.0544 -0.9875 -0.1483
vn 0.0105 -0.9847 -0.1737
vn -0.0000 -0.9839 -0.1788
vn 0.0110 -0.9847 -0.1736
vn -0.0000 -0.9965 -0.0837
vn 0.0326 -0.9721 -0.2325
vn -0.1006 -0.9801 -0.1709
vn 0.0244 -0.9846 -0.1731
vn 0.0575 -0.9830 -0.1743
vn 0.0290 -0.9844 -0.1738
vn 0.0590 -0.9683 -0.2428
vn 0.0901 -0.9632 -0.2533
vn 0.0984 -0.9615 -0.2566
vn 0.0683 -0.9595 -0.2734
vn 0.0001 -0.9504 -0.3110
vn 0.1055 -0.9676 0.2294
vn 0.0664 -0.9717 0.2266
vn -0.0000 -0.9574 0.2889
vn 0.0531 -0.9727 0.2260
vn 0.0140 -0.9752 0.2208
vn 0.0374 -0.9739 0.2237
vn -0.2293 -0.9435 0.2392
vn 0.0194 -0.9813 0.1916
vn -0.0001 -0.9454 0.3258
vn 0.0038 -0.9751 0.2219
vn -0.3384 -0.9068 0.2516
vn -0.2653 -0.9325 0.2450
vn 0.0527 -0.9812 0.1855
vn 0.0807 -0.9802 0.1806
vn 0.0447 -0.9815 0.1863
vn 0.0054 -0.9939 0.1104
vn 0.0030 -0.9945 0.1051
vn -0.0144 -0.9981 0.0599
vn -0.0741 -0.9970 0.0214
vn 0.0845 -0.9954 -0.0449
vn 0.0636 -0.9964 -0.0563
vn 0.0377 -0.9966 -0.0732
vn -0.0000 -0.8033 0.5956
vn 0.0122 -0.8046 0.5937
vn -0.1080 -0.7876 0.6066
vn 0.0136 -0.8315 0.5554
vn 0.0211 -0.8337 0.5518
vn -0.0085 -0.8260 0.5636
vn 0.0014 -0.8492 0.5281
vn 0.0047 -0.9368 0.3499
vn 0.0005 -0.9431 0.3324
vn 0.0001 -0.9445 0.3286
vn 0.1026 -0.8838 0.4564
vn -0.1563 -0.9163 0.3686
vn -0.0290 -0.8820 0.4703
vn 0.0024 -0.8507 0.5256
vn 0.0037 -0.8524 0.5229
vn 0.0053 -0.8541 0.5200
vn -0.0100 -0.8704 0.4923
vn -0.0563 -0.4035 0.9132
vn -0.0000 -0.2699 0.9629
vn 0.0804 -0.2637 0.9613
vn -0.0140 -0.3742 0.9272
vn -0.1076 -0.4126 0.9045
vn -0.0346 -0.6793 0.7330
vn -0.0000 -0.7497 0.6618
vn -0.0026 -0.7416 0.6709
vn -0.2989 -0.6056 0.7375
vn -0.3595 -0.5824 0.7291
vn -0.4145 -0.5603 0.7171
vn -0.0002 -0.5154 0.8569
vn -0.0000 -0.4425 0.8968
vn 0.8575 0.1090 -0.5027
vn 0.8682 0.1026 -0.4855
vn 0.9082 0.1047 -0.4052
vn 0.8581 0.1565 -0.4891
vn 0.9036 0.1277 -0.4090
vn 0.9063 0.1477 -0.3959
vn 0.9149 0.1348 -0.3804
vn 0.9225 0.1697 -0.3468
vn 0.9312 0.1513 -0.3316
vn 0.9412 0.1860 -0.2821
vn 0.9403 0.1883 -0.2834
vn 0.9693 0.1542 -0.1916
vn 0.9518 0.2200 -0.2139
vn 0.9848 0.1314 -0.1137
vn 0.9506 0.2852 -0.1225
vn 0.9947 0.0957 -0.0366
vn 0.9180 0.3965 0.0006
vn 0.9853 0.1697 0.0209
vn 0.9841 0.1595 0.0776
vn 0.9645 0.2455 0.0969
vn 0.9875 0.0829 0.1344
vn 0.9321 0.2751 0.2357
vn 0.9710 0.1219 0.2058
vn 0.9646 0.0965 0.2453
vn 0.9597 0.1137 0.2568
vn 0.9483 0.0617 0.3112
vn 0.9413 0.0792 0.3282
vn 0.9310 0.0280 0.3638
vn 0.9127 0.0570 0.4047
vn 0.9211 -0.0059 0.3892
vn 0.8664 0.0343 0.4981
vn 0.9043 -0.0147 0.4267
vn 0.9016 -0.0346 0.4312
vn 0.8952 -0.0318 0.4445
vn 0.5788 -0.0839 0.8111
vn 0.2039 -0.0830 0.9755
vn 0.1698 0.2846 0.9435
vn 0.1548 0.1609 0.9748
vn 0.5386 0.0510 0.8410
vn 0.1595 0.0680 0.9849
vn 0.1492 -0.0797 0.9856
vn 0.1869 0.6153 0.7658
vn 0.1651 0.5087 0.8450
vn 0.5661 0.3211 0.7592
vn 0.1732 0.4229 0.8895
vn 0.1500 0.2891 0.9455
vn 0.1971 0.8654 0.4607
vn 0.1810 0.7914 0.5839
vn 0.6117 0.5664 0.5523
vn 0.1874 0.7267 0.6609
vn 0.1639 0.6217 0.7659
vn 0.4323 0.8678 0.2449
vn 0.1919 0.9143 0.3567
vn 0.1838 0.8685 0.4603
vn 0.1920 0.9433 0.2709
vn 0.1920 0.9790 0.0680
vn 0.1967 0.9781 0.0680
vn 0.1838 0.9735 -0.1360
vn 0.1638 0.8456 -0.5080
vn 0.1857 0.9047 -0.3836
vn 0.6109 0.7218 -0.3254
vn 0.1794 0.9402 -0.2896
vn 0.1971 0.9709 -0.1363
vn 0.4536 -0.0812 0.8875
vn 0.4632 0.0632 0.8840
vn 0.4592 0.0640 0.8860
vn 0.4773 0.2094 0.8534
vn 0.4718 0.2114 0.8560
vn 0.4959 0.3530 0.7934
vn 0.4894 0.3562 0.7960
vn 0.5169 0.4900 0.7020
vn 0.5105 0.4936 0.7041
vn 0.5372 0.6145 0.5778
vn 0.5318 0.6179 0.5791
vn 0.5534 0.7181 0.4220
vn 0.5497 0.7205 0.4227
vn 0.5620 0.7914 0.2405
vn 0.5607 0.7923 0.2407
vn 0.5607 0.8268 0.0447
vn 0.5620 0.8259 0.0447
vn 0.5498 0.8216 -0.1509
vn 0.5535 0.8191 -0.1508
vn 0.5317 0.7786 -0.3331
vn 0.5372 0.7752 -0.3325
vn 0.5104 0.7045 -0.4931
vn 0.5170 0.7007 -0.4917
vn 0.4894 0.6067 -0.6264
vn 0.4960 0.6033 -0.6245
vn 0.4716 0.4912 -0.7323
vn 0.4774 0.4889 -0.7301
vn 0.1537 0.4768 -0.8655
vn 0.1700 0.5908 -0.7887
vn 0.1497 0.5944 -0.7901
vn 0.1715 0.6945 -0.6987
vn 0.5732 0.5568 -0.6011
vn 0.1633 0.7607 -0.6282
vn 0.1871 0.8406 -0.5083
vn 0.4592 0.3630 -0.8108
vn 0.4632 0.3619 -0.8090
vn 0.5502 0.3311 -0.7665
vn 0.1587 0.3926 -0.9059
vn 0.2039 0.2578 -0.9444
vn 0.1487 0.2594 -0.9543
vn 0.5785 0.2045 -0.7896
vn 0.4529 0.2199 -0.8640
vn 0.7177 0.1661 -0.6762
vn 0.7236 0.2496 -0.6435
vn 0.7276 0.2475 -0.6398
vn 0.7392 0.3290 -0.5876
vn 0.7450 0.3246 -0.5828
vn 0.7615 0.4009 -0.5094
vn 0.7677 0.3946 -0.5049
vn 0.7873 0.4619 -0.4084
vn 0.7933 0.4547 -0.4049
vn 0.8133 0.5074 -0.2848
vn 0.8181 0.5008 -0.2828
vn 0.8347 0.5321 -0.1419
vn 0.8379 0.5273 -0.1413
vn 0.8474 0.5307 0.0130
vn 0.8486 0.5289 0.0130
vn 0.8486 0.5014 0.1688
vn 0.8475 0.5031 0.1692
vn 0.8379 0.4470 0.3134
vn 0.8347 0.4516 0.3151
vn 0.8180 0.3735 0.4374
vn 0.8134 0.3797 0.4407
vn 0.7933 0.2884 0.5362
vn 0.7874 0.2947 0.5414
vn 0.7677 0.1978 0.6095
vn 0.7615 0.2029 0.6156
vn 0.7449 0.1054 0.6588
vn 0.7393 0.1085 0.6646
vn 0.7276 0.0135 0.6859
vn 0.7236 0.0147 0.6900
vn 0.7177 -0.0752 0.6923
vn 0.8929 -0.0679 0.4452
vn 0.8575 -0.0676 0.5100
vn 0.2039 0.0831 -0.9755
vn 0.8574 -0.1086 0.5030
vn 0.8619 -0.1059 0.4958
vn 0.9102 -0.1027 0.4011
vn 0.8676 -0.1480 0.4747
vn 0.9034 -0.1286 0.4091
vn 0.9060 -0.1482 0.3964
vn 0.9146 -0.1353 0.3811
vn 0.9222 -0.1703 0.3472
vn 0.9309 -0.1520 0.3322
vn 0.9409 -0.1868 0.2825
vn 0.9401 -0.1891 0.2838
vn 0.9691 -0.1551 0.1918
vn 0.9482 -0.2314 0.2177
vn 0.9855 -0.1259 0.1139
vn 0.9464 -0.2985 0.1237
vn 0.9952 -0.0905 0.0376
vn 0.9135 -0.4067 -0.0015
vn 0.9851 -0.1707 -0.0207
vn 0.9840 -0.1604 -0.0778
vn 0.9638 -0.2483 -0.0975
vn 0.9873 -0.0840 -0.1349
vn 0.9328 -0.2733 -0.2348
vn 0.9708 -0.1226 -0.2063
vn 0.9644 -0.0971 -0.2459
vn 0.9595 -0.1144 -0.2573
vn 0.9481 -0.0622 -0.3118
vn 0.9410 -0.0798 -0.3288
vn 0.9306 -0.0284 -0.3649
vn 0.9125 -0.0574 -0.4051
vn 0.9208 0.0055 -0.3899
vn 0.8663 -0.0343 -0.4983
vn 0.9040 0.0144 -0.4274
vn 0.9013 0.0345 -0.4319
vn 0.8950 0.0317 -0.4450
vn 0.5512 -0.0488 -0.8329
vn 0.0616 -0.0651 -0.9960
vn 0.2966 0.0880 -0.9509
vn 0.5591 -0.1830 -0.8087
vn -0.1465 -0.2651 -0.9530
vn 0.3483 -0.1083 -0.9311
vn 0.1836 -0.5719 -0.7995
vn 0.1637 -0.5328 -0.8303
vn 0.2853 -0.4644 -0.8384
vn 0.5268 -0.3460 -0.7764
vn 0.5774 -0.3155 -0.7530
vn -0.2184 -0.4400 -0.8710
vn 0.4206 -0.2457 -0.8733
vn -0.1059 -0.7077 -0.6985
vn 0.5960 -0.4449 -0.6684
vn 0.5309 -0.4750 -0.7018
vn 0.5029 -0.4861 -0.7147
vn 0.6158 -0.5635 -0.5507
vn 0.5375 -0.6082 -0.5841
vn 0.3483 -0.6784 -0.6469
vn 0.1880 -0.9151 -0.3568
vn 0.1817 -0.8796 -0.4397
vn 0.5321 -0.7315 -0.4264
vn 0.1930 -0.8279 -0.5266
vn 0.1622 -0.7963 -0.5827
vn 0.4422 -0.8642 -0.2402
vn 0.1066 -0.9564 -0.2718
vn 0.2062 -0.9680 -0.1432
vn 0.5348 -0.8437 -0.0469
vn 0.1079 -0.9932 -0.0438
vn 0.2203 -0.9725 0.0754
vn 0.5998 -0.7858 0.1509
vn -0.1984 -0.9673 0.1578
vn 0.6134 -0.7197 0.3253
vn 0.6157 -0.7179 0.3248
vn 0.4334 -0.8450 0.3133
vn 0.3484 -0.8880 0.3002
vn 0.1175 -0.8085 0.5767
vn 0.3746 -0.7592 0.5323
vn 0.5873 -0.6524 0.4791
vn 0.5965 -0.6463 0.4758
vn 0.4583 -0.7453 0.4842
vn -0.1208 -0.9189 0.3755
vn 0.2792 -0.7208 0.6344
vn 0.5770 -0.5544 0.5998
vn 0.4960 -0.5951 0.6323
vn 0.4416 -0.4904 0.7513
vn 0.5606 -0.4477 0.6966
vn -0.2842 -0.6788 0.6770
vn 0.4189 -0.6263 0.6575
vn 0.1535 -0.3593 0.9205
vn 0.2442 -0.3771 0.8934
vn 0.4888 -0.3457 0.8009
vn 0.5542 -0.3297 0.7644
vn -0.1191 -0.5231 0.8439
vn 0.3158 -0.5201 0.7936
vn 0.2039 -0.2578 0.9444
vn 0.1457 -0.2595 0.9547
vn 0.5786 -0.2048 0.7895
vn 0.8575 0.0676 -0.5101
vn 0.8925 0.0679 -0.4459
vn 0.7159 0.0753 -0.6942
vn 0.7218 -0.0151 -0.6920
vn 0.7255 -0.0140 -0.6881
vn 0.7373 -0.1095 -0.6666
vn 0.7430 -0.1064 -0.6608
vn 0.7596 -0.2043 -0.6174
vn 0.7657 -0.1993 -0.6115
vn 0.7855 -0.2966 -0.5431
vn 0.7913 -0.2904 -0.5380
vn 0.8115 -0.3820 -0.4422
vn 0.8161 -0.3760 -0.4389
vn 0.8329 -0.4542 -0.3163
vn 0.8359 -0.4497 -0.3146
vn 0.8456 -0.5061 -0.1699
vn 0.8466 -0.5044 -0.1696
vn 0.8466 -0.5320 -0.0133
vn 0.8456 -0.5336 -0.0133
vn 0.8360 -0.5302 0.1415
vn 0.8328 -0.5350 0.1421
vn 0.8161 -0.5036 0.2835
vn 0.8114 -0.5101 0.2854
vn 0.7914 -0.4571 0.4058
vn 0.7854 -0.4643 0.4094
vn 0.7659 -0.3967 0.5061
vn 0.7595 -0.4029 0.5107
vn 0.7431 -0.3263 0.5843
vn 0.7373 -0.3305 0.5892
vn 0.7257 -0.2486 0.6416
vn 0.7216 -0.2507 0.6453
vn 0.7157 -0.1668 0.6782
vn 0.4481 -0.2205 0.8663
vn 0.4585 -0.3634 0.8110
vn 0.4544 -0.3646 0.8128
vn 0.4727 -0.4911 0.7317
vn 0.4668 -0.4935 0.7339
vn 0.4912 -0.6059 0.6258
vn 0.4842 -0.6095 0.6277
vn 0.5120 -0.7039 0.4924
vn 0.5051 -0.7077 0.4940
vn 0.5320 -0.7786 0.3328
vn 0.5263 -0.7821 0.3336
vn 0.5481 -0.8227 0.1507
vn 0.5442 -0.8253 0.1509
vn 0.5566 -0.8296 -0.0452
vn 0.5552 -0.8305 -0.0452
vn 0.5552 -0.7959 -0.2415
vn 0.5565 -0.7950 -0.2414
vn 0.5443 -0.7240 -0.4238
vn 0.5481 -0.7215 -0.4232
vn 0.5264 -0.6211 -0.5807
vn 0.5321 -0.6175 -0.5793
vn 0.5053 -0.4964 -0.7059
vn 0.5118 -0.4926 -0.7038
vn 0.4844 -0.3584 -0.7981
vn 0.4911 -0.3552 -0.7954
vn 0.4668 -0.2130 -0.8583
vn 0.4726 -0.2108 -0.8557
vn 0.4544 -0.0648 -0.8884
vn 0.4586 -0.0640 -0.8864
vn 0.4489 0.0812 -0.8899
vn 0.5788 0.0839 -0.8112
vn 0.8576 -0.0893 0.5064
vn 0.8577 -0.0893 0.5063
vn 0.5798 -0.1415 0.8024
vn 0.2047 -0.1700 0.9640
vn 0.9683 -0.0450 0.2455
vn 0.9783 -0.0359 0.2041
vn 0.9603 -0.0523 0.2739
vn 0.9570 -0.0555 0.2847
vn 0.9555 -0.0569 0.2895
vn 0.9543 -0.0498 0.2948
vn 0.9585 -0.0538 0.2800
vn 0.9664 -0.0446 0.2530
vn 0.9761 -0.0146 0.2166
vn 0.9479 -0.0546 0.3137
vn 0.9474 -0.0575 0.3150
vn 0.9615 -0.0402 0.2718
vn 0.9754 -0.0089 0.2203
vn 0.9851 0.0306 0.1690
vn 0.9991 -0.0050 0.0415
vn 1.0000 0.0042 0.0069
vn 0.9927 -0.0261 0.1174
vn 0.9880 -0.0268 0.1519
vn 0.9875 -0.0272 0.1551
vn 0.9949 -0.0177 0.0996
vn 0.9995 0.0052 -0.0296
vn 0.9995 -0.0052 0.0296
vn 0.9961 -0.0179 0.0867
vn 0.9961 0.0179 -0.0867
vn 0.9928 0.0261 -0.1173
vn 1.0000 -0.0043 -0.0066
vn 0.9992 0.0048 -0.0409
vn 0.9949 0.0175 -0.0989
vn 0.9880 0.0267 -0.1520
vn 0.9876 0.0273 -0.1548
vn 0.9783 0.0359 -0.2041
vn 0.9683 0.0450 -0.2455
vn 0.9604 0.0523 -0.2738
vn 0.9570 0.0555 -0.2847
vn 0.9555 0.0569 -0.2895
vn 0.9585 0.0538 -0.2800
vn 0.9664 0.0446 -0.2530
vn 0.9702 0.0339 -0.2400
vn 0.9778 0.0035 -0.2093
vn 0.9817 -0.0200 -0.1895
vn 0.9867 -0.0717 -0.1462
vn 0.9813 -0.0280 -0.1902
vn -0.9921 -0.0217 0.1233
vn -0.9921 -0.0217 0.1232
vn -0.0000 -0.6429 0.7659
vn -0.0000 -0.6427 0.7661
vn -0.0000 -0.6431 0.7658
vn -0.0000 -0.6423 0.7665
vn -0.0000 -0.6428 0.7660
vn -0.0000 -0.6428 0.7661
vn -0.0000 -0.6429 0.7660
vn -0.0242 -0.9706 -0.2396
vn -0.0168 -0.9762 -0.2161
vn -0.0150 -0.9749 -0.2221
vn -0.0096 -0.9756 -0.2193
vn -0.0099 -0.9753 -0.2205
vn -0.0032 -0.9752 -0.2213
vn -0.0031 -0.9753 -0.2208
vn 0.0239 -0.9752 -0.2201
vn 0.0168 -0.9747 -0.2228
vn 0.0161 -0.9729 -0.2305
vn 0.0098 -0.9764 -0.2158
vn 0.0055 -0.9729 -0.2312
vn 0.0031 -0.9753 -0.2209
vn -0.0001 -0.9752 -0.2214
vn -0.0000 -0.9753 -0.2209
vn -0.0001 -0.9754 -0.2205
vn 0.0001 -0.9753 -0.2208
vn -0.0000 -0.9751 -0.2216
vn 0.0004 -0.9769 -0.2139
vn -0.0002 -0.9754 -0.2204
vn -0.0000 -0.9754 -0.2205
vn -0.0000 -0.9754 -0.2204
vn -0.0000 -0.9752 -0.2214
vt 0.585658 0.267776
vt 0.202875 0.474347
vt 0.172252 0.432268
vt 0.164597 0.481998
vt 0.225842 0.443744
vt 0.088040 0.504950
s 0
usemtl Material.002
f 1/1/1 2/1/1 3/1/1
f 3/1/1 2/1/1 4/1/1
f 3/1/1 4/1/1 5/1/1
f 5/1/1 4/1/1 6/1/1
f 5/1/1 6/1/1 7/1/1
f 8/1/1 9/1/1 10/1/1
f 11/1/1 12/1/1 13/1/1
f 14/1/1 15/1/1 16/1/1
f 11/1/1 13/1/1 17/1/1
f 17/1/1 13/1/1 18/1/1
f 17/1/1 18/1/1 19/1/1
f 19/1/1 18/1/1 20/1/1
f 19/1/1 20/1/1 21/1/1
f 22/1/1 23/1/1 24/1/1
f 16/1/1 15/1/1 25/1/1
f 8/1/1 10/1/1 26/1/1
f 27/1/2 28/1/2 29/1/2
f 15/1/3 30/1/3 25/1/3
f 25/1/2 30/1/2 31/1/2
f 25/1/1 31/1/1 32/1/1
f 31/1/4 33/1/4 32/1/4
f 32/1/5 33/1/5 34/1/5
f 32/1/1 34/1/1 35/1/1
f 35/1/6 34/1/6 36/1/6
f 37/1/1 38/1/1 39/1/1
f 39/1/7 40/1/7 37/1/7
f 37/1/1 40/1/1 41/1/1
f 37/1/1 41/1/1 23/1/1
f 23/1/8 41/1/8 42/1/8
f 23/1/9 42/1/9 24/1/9
f 43/1/1 44/1/1 22/1/1
f 45/1/10 46/1/10 38/1/10
f 38/1/11 46/1/11 47/1/11
f 38/1/12 47/1/12 39/1/12
f 24/1/1 48/1/1 22/1/1
f 22/1/13 48/1/13 49/1/13
f 22/1/1 49/1/1 43/1/1
f 43/1/8 49/1/8 50/1/8
f 43/1/1 50/1/1 51/1/1
f 52/1/6 27/1/6 53/1/6
f 53/1/1 27/1/1 29/1/1
f 53/1/6 29/1/6 54/1/6
f 54/1/1 29/1/1 55/1/1
f 54/1/14 55/1/14 56/1/14
f 57/1/1 58/1/1 16/1/1
f 16/1/1 58/1/1 59/1/1
f 16/1/6 59/1/6 60/1/6
f 28/1/15 61/1/15 29/1/15
f 29/1/16 61/1/16 62/1/16
f 29/1/1 62/1/1 57/1/1
f 57/1/1 62/1/1 63/1/1
f 57/1/1 63/1/1 58/1/1
f 60/1/1 64/1/1 16/1/1
f 16/1/17 64/1/17 65/1/17
f 16/1/18 65/1/18 14/1/18
f 36/1/19 66/1/19 35/1/19
f 35/1/20 66/1/20 67/1/20
f 35/1/1 67/1/1 68/1/1
f 68/1/1 67/1/1 69/1/1
f 68/1/1 69/1/1 70/1/1
f 70/1/1 69/1/1 26/1/1
f 70/1/1 26/1/1 71/1/1
f 71/1/1 26/1/1 10/1/1
f 72/1/1 73/1/1 74/1/1
f 74/1/8 73/1/8 75/1/8
f 76/1/1 77/1/1 60/1/1
f 60/1/4 77/1/4 78/1/4
f 60/1/1 78/1/1 64/1/1
f 45/1/1 38/1/1 79/1/1
f 79/1/1 38/1/1 80/1/1
f 79/1/1 80/1/1 81/1/1
f 81/1/1 80/1/1 82/1/1
f 81/1/1 82/1/1 83/1/1
f 83/1/1 82/1/1 84/1/1
f 83/1/1 84/1/1 85/1/1
f 72/1/1 74/1/1 50/1/1
f 50/1/1 74/1/1 86/1/1
f 50/1/1 86/1/1 51/1/1
f 87/1/1 88/1/1 89/1/1
f 89/1/13 88/1/13 90/1/13
f 91/1/1 92/1/1 93/1/1
f 44/1/21 94/1/21 22/1/21
f 22/1/22 94/1/22 95/1/22
f 22/1/1 95/1/1 96/1/1
f 96/1/1 95/1/1 97/1/1
f 96/1/1 97/1/1 55/1/1
f 55/1/1 97/1/1 98/1/1
f 55/1/23 98/1/23 56/1/23
f 93/1/1 99/1/1 91/1/1
f 91/1/1 99/1/1 100/1/1
f 91/1/6 100/1/6 52/1/6
f 52/1/1 100/1/1 101/1/1
f 52/1/6 101/1/6 27/1/6
f 21/1/24 20/1/24 60/1/24
f 60/1/1 20/1/1 102/1/1
f 60/1/1 102/1/1 76/1/1
f 75/1/1 88/1/1 74/1/1
f 74/1/1 88/1/1 87/1/1
f 74/1/1 87/1/1 103/1/1
f 103/1/1 87/1/1 104/1/1
f 103/1/1 104/1/1 105/1/1
f 105/1/1 104/1/1 106/1/1
f 107/1/1 108/1/1 109/1/1
f 109/1/1 108/1/1 110/1/1
f 109/1/1 110/1/1 111/1/1
f 111/1/1 110/1/1 112/1/1
f 111/1/1 112/1/1 113/1/1
f 114/1/25 115/1/25 116/1/25
f 114/1/26 116/1/26 117/1/26
f 117/1/27 116/1/27 118/1/27
f 117/1/28 118/1/28 119/1/28
f 120/1/29 121/1/29 122/1/29
f 120/1/30 122/1/30 123/1/30
f 123/1/31 122/1/31 124/1/31
f 123/1/32 124/1/32 125/1/32
f 126/1/33 127/1/33 128/1/33
f 128/1/34 127/1/34 129/1/34
f 128/1/35 129/1/35 130/1/35
f 130/1/36 129/1/36 131/1/36
f 132/1/37 133/1/37 134/1/37
f 134/1/38 133/1/38 135/1/38
f 134/1/39 135/1/39 136/1/39
f 134/1/40 137/1/40 132/1/40
f 132/1/41 137/1/41 138/1/41
f 132/1/42 138/1/42 139/1/42
f 139/1/43 138/1/43 140/1/43
f 139/1/44 140/1/44 141/1/44
f 141/1/45 140/1/45 142/1/45
f 141/1/46 142/1/46 143/1/46
f 143/1/47 142/1/47 144/1/47
f 143/1/48 144/1/48 145/1/48
f 145/1/49 144/1/49 146/1/49
f 145/1/50 146/1/50 147/1/50
f 147/1/51 146/1/51 148/1/51
f 149/1/52 150/1/52 151/1/52
f 149/1/53 151/1/53 146/1/53
f 146/1/54 151/1/54 152/1/54
f 146/1/55 152/1/55 148/1/55
f 153/1/56 151/1/56 150/1/56
f 153/1/57 150/1/57 154/1/57
f 150/1/58 155/1/58 154/1/58
f 154/1/59 155/1/59 156/1/59
f 154/1/60 156/1/60 157/1/60
f 156/1/61 158/1/61 157/1/61
f 157/1/62 158/1/62 159/1/62
f 157/1/63 159/1/63 160/1/63
f 160/1/64 159/1/64 161/1/64
f 160/1/65 161/1/65 162/1/65
f 163/1/66 164/1/66 165/1/66
f 165/1/67 164/1/67 166/1/67
f 165/1/68 166/1/68 167/1/68
f 167/1/69 166/1/69 168/1/69
f 167/1/70 168/1/70 169/1/70
f 169/1/71 168/1/71 115/1/71
f 169/1/72 115/1/72 114/1/72
f 170/1/73 171/1/73 172/1/73
f 173/1/74 119/1/74 174/1/74
f 174/1/75 119/1/75 118/1/75
f 174/1/76 118/1/76 175/1/76
f 175/1/77 118/1/77 170/1/77
f 175/1/78 170/1/78 176/1/78
f 176/1/79 170/1/79 172/1/79
f 177/1/80 178/1/80 179/1/80
f 179/1/81 178/1/81 180/1/81
f 179/1/82 180/1/82 171/1/82
f 171/1/83 180/1/83 181/1/83
f 171/1/84 181/1/84 172/1/84
f 182/1/85 183/1/85 184/1/85
f 184/1/86 183/1/86 185/1/86
f 184/1/87 185/1/87 186/1/87
f 186/1/88 185/1/88 187/1/88
f 186/1/89 187/1/89 188/1/89
f 188/1/90 187/1/90 189/1/90
f 188/1/91 189/1/91 190/1/91
f 190/1/92 189/1/92 191/1/92
f 191/1/93 189/1/93 121/1/93
f 191/1/94 121/1/94 120/1/94
f 192/1/95 193/1/95 124/1/95
f 124/1/96 193/1/96 194/1/96
f 124/1/97 194/1/97 125/1/97
f 195/1/98 196/1/98 197/1/98
f 197/1/99 196/1/99 193/1/99
f 197/1/100 193/1/100 198/1/100
f 198/1/101 193/1/101 192/1/101
f 199/1/102 200/1/102 195/1/102
f 195/1/103 200/1/103 201/1/103
f 195/1/104 201/1/104 196/1/104
f 202/1/105 203/1/105 204/1/105
f 204/1/106 203/1/106 205/1/106
f 204/1/107 205/1/107 206/1/107
f 207/1/108 208/1/108 209/1/108
f 209/1/109 208/1/109 202/1/109
f 209/1/110 202/1/110 210/1/110
f 210/1/111 202/1/111 204/1/111
f 126/1/112 211/1/112 127/1/112
f 127/1/113 211/1/113 212/1/113
f 127/1/114 212/1/114 207/1/114
f 207/1/115 212/1/115 213/1/115
f 207/1/116 213/1/116 208/1/116
f 214/1/117 215/1/117 216/1/117
f 130/1/118 131/1/118 214/1/118
f 214/1/119 131/1/119 217/1/119
f 214/1/120 217/1/120 215/1/120
f 218/1/121 219/1/121 220/1/121
f 220/1/122 219/1/122 221/1/122
f 220/1/123 221/1/123 216/1/123
f 216/1/124 221/1/124 222/1/124
f 216/1/125 222/1/125 214/1/125
f 136/1/126 135/1/126 223/1/126
f 223/1/127 224/1/127 136/1/127
f 136/1/126 224/1/126 105/1/126
f 136/1/126 105/1/126 106/1/126
f 2/1/128 1/1/128 162/1/128
f 162/1/129 1/1/129 225/1/129
f 162/1/129 225/1/129 160/1/129
f 165/1/126 226/1/126 163/1/126
f 163/1/127 226/1/127 108/1/127
f 163/1/127 108/1/127 107/1/127
f 177/1/129 12/1/129 11/1/129
f 11/1/129 227/1/129 177/1/129
f 177/1/129 227/1/129 228/1/129
f 177/1/128 228/1/128 178/1/128
f 229/1/130 230/1/130 231/1/130
f 231/1/130 230/1/130 232/1/130
f 231/1/130 232/1/130 233/1/130
f 233/1/130 232/1/130 234/1/130
f 233/1/130 234/1/130 235/1/130
f 236/1/130 237/1/130 238/1/130
f 239/1/130 240/1/130 241/1/130
f 239/1/130 241/1/130 242/1/130
f 242/1/130 241/1/130 243/1/130
f 242/1/130 243/1/130 244/1/130
f 244/1/130 243/1/130 245/1/130
f 244/1/131 245/1/131 246/1/131
f 247/1/130 248/1/130 249/1/130
f 236/1/130 238/1/130 250/1/130
f 251/1/132 252/1/132 253/1/132
f 254/1/133 255/1/133 256/1/133
f 256/1/134 255/1/134 257/1/134
f 256/1/130 257/1/130 258/1/130
f 258/1/135 257/1/135 259/1/135
f 258/1/136 259/1/136 260/1/136
f 260/1/130 259/1/130 261/1/130
f 260/1/130 261/1/130 251/1/130
f 251/1/136 261/1/136 262/1/136
f 251/1/137 262/1/137 252/1/137
f 263/1/138 264/1/138 265/1/138
f 265/1/139 264/1/139 266/1/139
f 265/1/130 266/1/130 267/1/130
f 266/1/140 268/1/140 267/1/140
f 267/1/130 268/1/130 269/1/130
f 267/1/130 269/1/130 248/1/130
f 248/1/141 269/1/141 270/1/141
f 248/1/142 270/1/142 249/1/142
f 271/1/143 272/1/143 273/1/143
f 273/1/130 272/1/130 247/1/130
f 274/1/130 275/1/130 276/1/130
f 277/1/144 278/1/144 279/1/144
f 238/1/130 280/1/130 250/1/130
f 250/1/130 280/1/130 281/1/130
f 250/1/130 281/1/130 282/1/130
f 283/1/130 284/1/130 285/1/130
f 285/1/130 284/1/130 286/1/130
f 285/1/130 286/1/130 287/1/130
f 287/1/130 286/1/130 288/1/130
f 287/1/130 288/1/130 289/1/130
f 271/1/136 290/1/136 272/1/136
f 272/1/130 290/1/130 291/1/130
f 272/1/130 291/1/130 275/1/130
f 275/1/130 291/1/130 292/1/130
f 275/1/130 292/1/130 276/1/130
f 293/1/130 274/1/130 294/1/130
f 253/1/145 295/1/145 251/1/145
f 251/1/146 295/1/146 296/1/146
f 251/1/130 296/1/130 297/1/130
f 297/1/130 296/1/130 282/1/130
f 297/1/130 282/1/130 298/1/130
f 298/1/130 282/1/130 281/1/130
f 283/1/130 285/1/130 299/1/130
f 299/1/130 285/1/130 300/1/130
f 299/1/130 300/1/130 265/1/130
f 265/1/130 300/1/130 301/1/130
f 265/1/147 301/1/147 263/1/147
f 302/1/148 303/1/148 304/1/148
f 304/1/149 303/1/149 305/1/149
f 304/1/150 305/1/150 306/1/150
f 307/1/151 308/1/151 309/1/151
f 309/1/144 308/1/144 310/1/144
f 309/1/152 310/1/152 278/1/152
f 278/1/130 310/1/130 254/1/130
f 278/1/130 254/1/130 279/1/130
f 279/1/130 254/1/130 256/1/130
f 249/1/153 311/1/153 247/1/153
f 247/1/154 311/1/154 312/1/154
f 247/1/130 312/1/130 273/1/130
f 273/1/130 312/1/130 313/1/130
f 273/1/130 313/1/130 314/1/130
f 314/1/155 313/1/155 302/1/155
f 314/1/156 302/1/156 315/1/156
f 315/1/157 302/1/157 304/1/157
f 276/1/158 316/1/158 274/1/158
f 274/1/159 316/1/159 317/1/159
f 274/1/160 317/1/160 294/1/160
f 294/1/161 317/1/161 318/1/161
f 294/1/162 318/1/162 319/1/162
f 319/1/163 318/1/163 320/1/163
f 246/1/164 245/1/164 309/1/164
f 309/1/130 245/1/130 321/1/130
f 309/1/130 321/1/130 307/1/130
f 322/1/130 323/1/130 324/1/130
f 324/1/130 323/1/130 325/1/130
f 324/1/130 325/1/130 326/1/130
f 326/1/130 325/1/130 304/1/130
f 326/1/130 304/1/130 327/1/130
f 327/1/130 304/1/130 306/1/130
f 327/1/130 306/1/130 328/1/130
f 294/1/165 329/1/165 293/1/165
f 293/1/166 329/1/166 330/1/166
f 293/1/130 330/1/130 331/1/130
f 331/1/130 330/1/130 332/1/130
f 331/1/130 332/1/130 279/1/130
f 279/1/130 332/1/130 333/1/130
f 279/1/167 333/1/167 277/1/167
f 334/1/130 335/1/130 336/1/130
f 336/1/130 337/1/130 334/1/130
f 334/1/168 337/1/168 338/1/168
f 334/1/169 338/1/169 318/1/169
f 318/1/170 338/1/170 339/1/170
f 318/1/171 339/1/171 320/1/171
f 340/1/130 341/1/130 342/1/130
f 342/1/130 341/1/130 343/1/130
f 342/1/130 343/1/130 344/1/130
f 344/1/130 343/1/130 345/1/130
f 344/1/130 345/1/130 346/1/130
f 347/1/126 240/1/126 239/1/126
f 239/1/126 348/1/126 347/1/126
f 347/1/126 348/1/126 349/1/126
f 347/1/126 349/1/126 350/1/126
f 351/1/129 352/1/129 353/1/129
f 353/1/129 352/1/129 341/1/129
f 353/1/129 341/1/129 340/1/129
f 230/1/126 229/1/126 354/1/126
f 354/1/126 229/1/126 355/1/126
f 354/1/126 355/1/126 356/1/126
f 357/1/172 358/1/172 359/1/172
f 359/1/173 358/1/173 360/1/173
f 359/1/174 360/1/174 361/1/174
f 359/1/175 362/1/175 357/1/175
f 357/1/176 362/1/176 363/1/176
f 357/1/177 363/1/177 364/1/177
f 364/1/178 363/1/178 365/1/178
f 364/1/179 365/1/179 366/1/179
f 366/1/180 365/1/180 367/1/180
f 366/1/181 367/1/181 368/1/181
f 368/1/182 367/1/182 369/1/182
f 368/1/183 369/1/183 370/1/183
f 370/1/184 369/1/184 371/1/184
f 370/1/185 371/1/185 372/1/185
f 372/1/186 371/1/186 373/1/186
f 361/1/128 360/1/128 374/1/128
f 374/1/129 375/1/129 361/1/129
f 361/1/129 375/1/129 323/1/129
f 361/1/129 323/1/129 322/1/129
f 376/1/187 377/1/187 378/1/187
f 378/1/188 377/1/188 379/1/188
f 378/1/189 379/1/189 380/1/189
f 380/1/190 379/1/190 381/1/190
f 380/1/191 381/1/191 382/1/191
f 382/1/192 381/1/192 383/1/192
f 382/1/193 383/1/193 384/1/193
f 384/1/194 383/1/194 385/1/194
f 385/1/195 383/1/195 386/1/195
f 385/1/196 386/1/196 387/1/196
f 387/1/197 386/1/197 388/1/197
f 387/1/198 388/1/198 389/1/198
f 389/1/199 388/1/199 390/1/199
f 389/1/200 390/1/200 391/1/200
f 391/1/201 390/1/201 392/1/201
f 392/1/202 390/1/202 393/1/202
f 392/1/203 393/1/203 394/1/203
f 394/1/204 393/1/204 395/1/204
f 394/1/205 395/1/205 396/1/205
f 396/1/206 395/1/206 397/1/206
f 395/1/207 398/1/207 397/1/207
f 397/1/208 398/1/208 399/1/208
f 397/1/209 399/1/209 400/1/209
f 401/1/210 402/1/210 399/1/210
f 399/1/211 402/1/211 403/1/211
f 399/1/212 403/1/212 400/1/212
f 404/1/213 405/1/213 406/1/213
f 406/1/214 405/1/214 407/1/214
f 408/1/215 409/1/215 410/1/215
f 410/1/216 409/1/216 407/1/216
f 410/1/217 407/1/217 411/1/217
f 411/1/218 407/1/218 405/1/218
f 412/1/219 413/1/219 414/1/219
f 414/1/220 413/1/220 415/1/220
f 414/1/221 415/1/221 408/1/221
f 408/1/222 415/1/222 416/1/222
f 408/1/223 416/1/223 409/1/223
f 412/1/224 414/1/224 417/1/224
f 417/1/225 414/1/225 418/1/225
f 417/1/226 418/1/226 419/1/226
f 420/1/227 417/1/227 419/1/227
f 419/1/228 421/1/228 420/1/228
f 420/1/229 421/1/229 422/1/229
f 420/1/230 422/1/230 423/1/230
f 423/1/231 422/1/231 424/1/231
f 422/1/232 425/1/232 424/1/232
f 424/1/233 425/1/233 426/1/233
f 424/1/234 426/1/234 427/1/234
f 427/1/235 426/1/235 428/1/235
f 429/1/236 430/1/236 428/1/236
f 428/1/237 430/1/237 431/1/237
f 428/1/238 431/1/238 427/1/238
f 432/1/239 433/1/239 434/1/239
f 432/1/240 434/1/240 371/1/240
f 371/1/241 434/1/241 435/1/241
f 371/1/242 435/1/242 373/1/242
f 436/1/243 434/1/243 433/1/243
f 436/1/244 433/1/244 437/1/244
f 433/1/245 438/1/245 437/1/245
f 437/1/246 438/1/246 439/1/246
f 437/1/247 439/1/247 440/1/247
f 439/1/248 441/1/248 440/1/248
f 440/1/249 441/1/249 442/1/249
f 440/1/250 442/1/250 356/1/250
f 356/1/251 442/1/251 443/1/251
f 356/1/252 443/1/252 354/1/252
f 353/1/253 444/1/253 351/1/253
f 351/1/254 444/1/254 445/1/254
f 351/1/255 445/1/255 446/1/255
f 446/1/256 445/1/256 447/1/256
f 446/1/257 447/1/257 448/1/257
f 448/1/258 447/1/258 449/1/258
f 449/1/259 447/1/259 450/1/259
f 449/1/260 450/1/260 451/1/260
f 451/1/261 450/1/261 452/1/261
f 451/1/262 452/1/262 453/1/262
f 453/1/263 452/1/263 454/1/263
f 453/1/264 454/1/264 455/1/264
f 456/1/265 457/1/265 458/1/265
f 459/1/266 455/1/266 460/1/266
f 460/1/267 455/1/267 454/1/267
f 460/1/268 454/1/268 461/1/268
f 461/1/269 454/1/269 456/1/269
f 461/1/270 456/1/270 462/1/270
f 462/1/271 456/1/271 458/1/271
f 347/1/272 350/1/272 463/1/272
f 463/1/273 350/1/273 464/1/273
f 463/1/274 464/1/274 457/1/274
f 457/1/275 464/1/275 465/1/275
f 457/1/276 465/1/276 458/1/276
f 449/1/277 451/1/277 466/1/277
f 467/1/278 468/1/278 453/1/278
f 453/1/279 468/1/279 469/1/279
f 453/1/280 469/1/280 451/1/280
f 451/1/281 469/1/281 470/1/281
f 451/1/282 470/1/282 466/1/282
f 350/1/283 349/1/283 471/1/283
f 471/1/284 349/1/284 348/1/284
f 471/1/284 348/1/284 472/1/284
f 472/1/285 348/1/285 239/1/285
f 472/1/285 239/1/285 242/1/285
f 453/1/286 455/1/286 467/1/286
f 467/1/287 455/1/287 459/1/287
f 467/1/288 459/1/288 473/1/288
f 473/1/289 459/1/289 460/1/289
f 473/1/290 460/1/290 461/1/290
f 380/1/291 382/1/291 462/1/291
f 380/1/292 462/1/292 378/1/292
f 462/1/293 458/1/293 378/1/293
f 378/1/294 458/1/294 465/1/294
f 378/1/295 465/1/295 471/1/295
f 471/1/296 465/1/296 464/1/296
f 471/1/297 464/1/297 350/1/297
f 474/1/298 387/1/298 475/1/298
f 475/1/299 387/1/299 476/1/299
f 474/1/300 477/1/300 387/1/300
f 387/1/301 477/1/301 478/1/301
f 387/1/302 478/1/302 385/1/302
f 385/1/303 478/1/303 479/1/303
f 385/1/304 479/1/304 384/1/304
f 384/1/305 479/1/305 473/1/305
f 384/1/306 473/1/306 382/1/306
f 382/1/307 473/1/307 461/1/307
f 382/1/308 461/1/308 462/1/308
f 394/1/309 480/1/309 392/1/309
f 392/1/310 480/1/310 481/1/310
f 392/1/311 481/1/311 391/1/311
f 391/1/312 481/1/312 476/1/312
f 391/1/313 476/1/313 389/1/313
f 389/1/314 476/1/314 387/1/314
f 407/1/315 409/1/315 397/1/315
f 397/1/316 409/1/316 396/1/316
f 397/1/317 400/1/317 407/1/317
f 407/1/318 400/1/318 403/1/318
f 407/1/319 403/1/319 406/1/319
f 406/1/320 403/1/320 402/1/320
f 406/1/321 402/1/321 482/1/321
f 416/1/322 480/1/322 409/1/322
f 409/1/323 480/1/323 394/1/323
f 409/1/324 394/1/324 396/1/324
f 483/1/325 484/1/325 420/1/325
f 420/1/326 484/1/326 417/1/326
f 484/1/327 485/1/327 417/1/327
f 417/1/328 485/1/328 486/1/328
f 417/1/329 486/1/329 412/1/329
f 412/1/330 486/1/330 487/1/330
f 416/1/331 415/1/331 480/1/331
f 480/1/332 415/1/332 413/1/332
f 480/1/333 413/1/333 488/1/333
f 488/1/334 413/1/334 412/1/334
f 488/1/335 412/1/335 489/1/335
f 489/1/336 412/1/336 487/1/336
f 360/1/337 358/1/337 490/1/337
f 490/1/338 358/1/338 357/1/338
f 490/1/339 357/1/339 430/1/339
f 430/1/340 357/1/340 364/1/340
f 430/1/341 364/1/341 431/1/341
f 431/1/342 364/1/342 366/1/342
f 420/1/343 423/1/343 368/1/343
f 368/1/344 423/1/344 424/1/344
f 368/1/345 424/1/345 366/1/345
f 366/1/346 424/1/346 427/1/346
f 366/1/347 427/1/347 431/1/347
f 420/1/348 368/1/348 483/1/348
f 483/1/349 368/1/349 370/1/349
f 483/1/350 370/1/350 491/1/350
f 491/1/351 370/1/351 372/1/351
f 491/1/352 372/1/352 492/1/352
f 492/1/353 372/1/353 373/1/353
f 492/1/354 373/1/354 493/1/354
f 493/1/355 373/1/355 435/1/355
f 493/1/356 435/1/356 494/1/356
f 495/1/357 496/1/357 352/1/357
f 496/1/358 497/1/358 352/1/358
f 352/1/359 497/1/359 498/1/359
f 352/1/360 498/1/360 499/1/360
f 352/1/361 351/1/361 495/1/361
f 495/1/362 351/1/362 446/1/362
f 495/1/363 446/1/363 466/1/363
f 466/1/364 446/1/364 448/1/364
f 466/1/365 448/1/365 449/1/365
f 343/1/366 341/1/366 500/1/366
f 500/1/367 341/1/367 352/1/367
f 500/1/368 352/1/368 501/1/368
f 501/1/369 352/1/369 499/1/369
f 434/1/370 502/1/370 435/1/370
f 435/1/371 502/1/371 503/1/371
f 435/1/372 503/1/372 494/1/372
f 434/1/373 436/1/373 502/1/373
f 502/1/374 436/1/374 437/1/374
f 502/1/375 437/1/375 504/1/375
f 355/1/376 505/1/376 506/1/376
f 437/1/377 440/1/377 504/1/377
f 504/1/378 440/1/378 356/1/378
f 504/1/379 356/1/379 507/1/379
f 507/1/380 356/1/380 355/1/380
f 507/1/381 355/1/381 508/1/381
f 508/1/382 355/1/382 506/1/382
f 505/1/383 355/1/383 509/1/383
f 509/1/384 355/1/384 229/1/384
f 509/1/385 229/1/385 231/1/385
f 360/1/283 490/1/283 374/1/283
f 374/1/284 490/1/284 510/1/284
f 374/1/284 510/1/284 375/1/284
f 375/1/285 510/1/285 325/1/285
f 375/1/285 325/1/285 323/1/285
f 402/1/321 511/1/321 482/1/321
f 482/1/284 511/1/284 512/1/284
f 482/1/284 512/1/284 513/1/284
f 513/1/285 512/1/285 336/1/285
f 513/1/285 336/1/285 335/1/285
f 321/1/127 514/1/127 515/1/127
f 515/1/126 516/1/126 321/1/126
f 321/1/127 516/1/127 517/1/127
f 321/1/126 517/1/126 307/1/126
f 282/1/129 296/1/129 518/1/129
f 518/1/128 519/1/128 282/1/128
f 282/1/128 519/1/128 520/1/128
f 282/1/129 520/1/129 521/1/129
f 300/1/126 522/1/126 523/1/126
f 523/1/127 524/1/127 300/1/127
f 300/1/126 524/1/126 525/1/126
f 300/1/126 525/1/126 301/1/126
f 526/1/386 527/1/386 528/1/386
f 529/1/387 530/1/387 531/1/387
f 528/1/388 532/1/388 526/1/388
f 526/1/389 532/1/389 533/1/389
f 526/1/390 533/1/390 534/1/390
f 534/1/391 533/1/391 529/1/391
f 534/1/392 529/1/392 535/1/392
f 535/1/393 529/1/393 531/1/393
f 328/1/129 306/1/129 536/1/129
f 536/1/128 537/1/128 328/1/128
f 328/1/129 537/1/129 531/1/129
f 328/1/128 531/1/128 530/1/128
f 538/1/126 304/1/126 325/1/126
f 490/1/126 430/1/126 429/1/126
f 538/1/127 539/1/127 540/1/127
f 490/1/126 429/1/126 510/1/126
f 540/1/126 541/1/126 538/1/126
f 538/1/126 541/1/126 542/1/126
f 538/1/126 542/1/126 304/1/126
f 510/1/126 429/1/126 325/1/126
f 325/1/126 429/1/126 543/1/126
f 325/1/126 543/1/126 538/1/126
f 544/1/394 545/1/394 546/1/394
f 546/1/395 545/1/395 547/1/395
f 406/1/129 482/1/129 404/1/129
f 404/1/129 482/1/129 513/1/129
f 404/1/129 513/1/129 548/1/129
f 548/1/129 513/1/129 335/1/129
f 548/1/129 335/1/129 545/1/129
f 545/1/129 335/1/129 334/1/129
f 545/1/129 334/1/129 547/1/129
f 511/1/126 402/1/126 401/1/126
f 549/1/126 550/1/126 551/1/126
f 336/1/126 552/1/126 549/1/126
f 551/1/127 553/1/127 549/1/127
f 549/1/126 553/1/126 337/1/126
f 549/1/126 337/1/126 336/1/126
f 552/1/126 336/1/126 401/1/126
f 401/1/126 336/1/126 512/1/126
f 401/1/126 512/1/126 511/1/126
f 554/1/129 244/1/129 555/1/129
f 244/1/129 554/1/129 242/1/129
f 376/1/129 378/1/129 471/1/129
f 555/1/129 556/1/129 554/1/129
f 554/1/128 556/1/128 557/1/128
f 554/1/129 557/1/129 558/1/129
f 471/1/129 472/1/129 376/1/129
f 376/1/129 472/1/129 242/1/129
f 376/1/129 242/1/129 559/1/129
f 559/1/129 242/1/129 554/1/129
f 518/1/396 296/1/396 560/1/396
f 560/1/397 296/1/397 295/1/397
f 560/1/398 295/1/398 561/1/398
f 561/1/399 295/1/399 253/1/399
f 561/1/400 253/1/400 562/1/400
f 562/1/401 253/1/401 563/1/401
f 563/1/402 253/1/402 252/1/402
f 563/1/403 252/1/403 262/1/403
f 268/1/404 266/1/404 564/1/404
f 564/1/405 266/1/405 264/1/405
f 564/1/406 264/1/406 565/1/406
f 566/1/407 565/1/407 567/1/407
f 567/1/408 565/1/408 264/1/408
f 567/1/409 264/1/409 568/1/409
f 568/1/410 264/1/410 263/1/410
f 568/1/411 263/1/411 569/1/411
f 569/1/412 263/1/412 301/1/412
f 569/1/413 301/1/413 525/1/413
f 302/1/414 313/1/414 570/1/414
f 302/1/415 570/1/415 303/1/415
f 570/1/416 571/1/416 303/1/416
f 303/1/417 571/1/417 572/1/417
f 303/1/418 572/1/418 305/1/418
f 305/1/419 572/1/419 536/1/419
f 305/1/420 536/1/420 306/1/420
f 570/1/421 313/1/421 573/1/421
f 573/1/422 313/1/422 312/1/422
f 270/1/423 574/1/423 249/1/423
f 249/1/424 574/1/424 573/1/424
f 249/1/425 573/1/425 311/1/425
f 311/1/426 573/1/426 312/1/426
f 575/1/427 576/1/427 290/1/427
f 290/1/428 271/1/428 575/1/428
f 575/1/429 271/1/429 273/1/429
f 575/1/430 273/1/430 577/1/430
f 577/1/431 273/1/431 314/1/431
f 577/1/432 314/1/432 578/1/432
f 578/1/433 314/1/433 315/1/433
f 578/1/434 315/1/434 542/1/434
f 542/1/435 315/1/435 304/1/435
f 292/1/436 579/1/436 276/1/436
f 276/1/437 579/1/437 580/1/437
f 276/1/438 580/1/438 316/1/438
f 316/1/439 580/1/439 581/1/439
f 316/1/440 581/1/440 582/1/440
f 316/1/441 582/1/441 583/1/441
f 316/1/442 583/1/442 317/1/442
f 317/1/443 583/1/443 584/1/443
f 317/1/444 584/1/444 318/1/444
f 318/1/445 584/1/445 547/1/445
f 318/1/446 547/1/446 334/1/446
f 337/1/447 553/1/447 338/1/447
f 338/1/448 553/1/448 585/1/448
f 338/1/449 585/1/449 339/1/449
f 339/1/450 585/1/450 586/1/450
f 587/1/451 330/1/451 588/1/451
f 588/1/452 330/1/452 329/1/452
f 588/1/453 329/1/453 589/1/453
f 589/1/454 329/1/454 294/1/454
f 589/1/455 294/1/455 590/1/455
f 590/1/456 294/1/456 319/1/456
f 590/1/457 319/1/457 586/1/457
f 586/1/458 319/1/458 320/1/458
f 586/1/459 320/1/459 339/1/459
f 591/1/460 278/1/460 592/1/460
f 592/1/461 278/1/461 277/1/461
f 592/1/462 277/1/462 333/1/462
f 278/1/463 591/1/463 593/1/463
f 278/1/464 593/1/464 309/1/464
f 309/1/465 593/1/465 594/1/465
f 309/1/466 594/1/466 246/1/466
f 246/1/467 594/1/467 555/1/467
f 246/1/468 555/1/468 244/1/468
f 595/1/469 596/1/469 259/1/469
f 308/1/470 307/1/470 517/1/470
f 597/1/471 310/1/471 598/1/471
f 598/1/472 310/1/472 308/1/472
f 598/1/473 308/1/473 599/1/473
f 599/1/474 308/1/474 517/1/474
f 259/1/475 257/1/475 595/1/475
f 595/1/476 257/1/476 255/1/476
f 595/1/477 255/1/477 597/1/477
f 597/1/478 255/1/478 254/1/478
f 597/1/479 254/1/479 310/1/479
f 574/1/480 600/1/480 573/1/480
f 600/1/481 574/1/481 527/1/481
f 601/1/482 537/1/482 536/1/482
f 535/1/483 531/1/483 537/1/483
f 537/1/484 601/1/484 535/1/484
f 535/1/485 601/1/485 602/1/485
f 535/1/486 602/1/486 534/1/486
f 602/1/487 603/1/487 534/1/487
f 534/1/488 603/1/488 604/1/488
f 534/1/489 604/1/489 526/1/489
f 536/1/490 572/1/490 601/1/490
f 601/1/491 572/1/491 571/1/491
f 601/1/492 571/1/492 602/1/492
f 602/1/493 571/1/493 570/1/493
f 602/1/494 570/1/494 603/1/494
f 603/1/495 570/1/495 573/1/495
f 603/1/496 573/1/496 604/1/496
f 604/1/497 573/1/497 600/1/497
f 604/1/498 600/1/498 526/1/498
f 526/1/499 600/1/499 527/1/499
f 605/1/500 606/1/500 607/1/500
f 608/1/501 609/1/501 610/1/501
f 611/1/502 612/1/502 613/1/502
f 614/1/503 615/1/503 616/1/503
f 617/1/504 618/1/504 619/1/504
f 619/1/505 618/1/505 620/1/505
f 619/1/506 620/1/506 621/1/506
f 622/1/507 623/1/507 624/1/507
f 624/1/508 623/1/508 625/1/508
f 624/1/509 625/1/509 626/1/509
f 627/1/510 628/1/510 629/1/510
f 629/1/511 628/1/511 630/1/511
f 629/1/512 630/1/512 624/1/512
f 624/1/513 630/1/513 631/1/513
f 624/1/514 631/1/514 622/1/514
f 632/1/515 633/1/515 634/1/515
f 634/1/516 633/1/516 635/1/516
f 634/1/517 635/1/517 636/1/517
f 636/1/518 635/1/518 637/1/518
f 638/1/519 639/1/519 640/1/519
f 616/1/520 615/1/520 641/1/520
f 639/1/521 638/1/521 642/1/521
f 642/1/522 638/1/522 643/1/522
f 642/1/523 643/1/523 644/1/523
f 615/1/524 639/1/524 641/1/524
f 641/1/521 639/1/521 642/1/521
f 641/1/525 642/1/525 645/1/525
f 645/1/523 642/1/523 644/1/523
f 645/1/526 644/1/526 646/1/526
f 647/1/527 648/1/527 649/1/527
f 649/1/528 648/1/528 650/1/528
f 649/1/528 650/1/528 651/1/528
f 652/1/529 647/1/529 653/1/529
f 653/1/530 647/1/530 649/1/530
f 653/1/530 649/1/530 654/1/530
f 654/1/531 649/1/531 651/1/531
f 654/1/531 651/1/531 655/1/531
f 656/1/532 657/1/532 658/1/532
f 658/1/532 657/1/532 659/1/532
f 658/1/533 659/1/533 660/1/533
f 660/1/534 659/1/534 661/1/534
f 660/1/535 661/1/535 662/1/535
f 662/1/535 661/1/535 663/1/535
f 662/1/536 663/1/536 664/1/536
f 665/1/537 614/1/537 666/1/537
f 666/1/503 614/1/503 616/1/503
f 666/1/538 616/1/538 667/1/538
f 667/1/539 616/1/539 641/1/539
f 667/1/540 641/1/540 652/1/540
f 652/1/525 641/1/525 645/1/525
f 652/1/529 645/1/529 647/1/529
f 647/1/526 645/1/526 646/1/526
f 647/1/527 646/1/527 648/1/527
f 668/1/541 669/1/541 670/1/541
f 670/1/542 669/1/542 671/1/542
f 670/1/543 671/1/543 672/1/543
f 672/1/544 671/1/544 673/1/544
f 672/1/545 673/1/545 674/1/545
f 674/1/546 673/1/546 675/1/546
f 674/1/547 675/1/547 676/1/547
f 676/1/548 675/1/548 677/1/548
f 676/1/549 677/1/549 678/1/549
f 678/1/550 677/1/550 679/1/550
f 678/1/551 679/1/551 680/1/551
f 681/1/552 682/1/552 683/1/552
f 683/1/553 682/1/553 684/1/553
f 683/1/554 684/1/554 685/1/554
f 685/1/555 684/1/555 686/1/555
f 685/1/556 686/1/556 687/1/556
f 687/1/557 686/1/557 688/1/557
f 687/1/558 688/1/558 689/1/558
f 689/1/559 688/1/559 690/1/559
f 689/1/560 690/1/560 691/1/560
f 691/1/561 690/1/561 692/1/561
f 691/1/562 692/1/562 693/1/562
f 693/1/563 692/1/563 694/1/563
f 693/1/564 694/1/564 695/1/564
f 609/1/565 696/1/565 610/1/565
f 610/1/565 696/1/565 697/1/565
f 610/1/566 697/1/566 698/1/566
f 698/1/566 697/1/566 699/1/566
f 698/1/567 699/1/567 700/1/567
f 700/1/567 699/1/567 701/1/567
f 700/1/568 701/1/568 702/1/568
f 702/1/568 701/1/568 703/1/568
f 702/1/569 703/1/569 704/1/569
f 704/1/569 703/1/569 705/1/569
f 704/1/570 705/1/570 706/1/570
f 707/1/571 708/1/571 709/1/571
f 709/1/572 708/1/572 710/1/572
f 709/1/573 710/1/573 711/1/573
f 711/1/573 710/1/573 712/1/573
f 711/1/574 712/1/574 713/1/574
f 713/1/574 712/1/574 714/1/574
f 713/1/575 714/1/575 715/1/575
f 715/1/575 714/1/575 716/1/575
f 715/1/576 716/1/576 717/1/576
f 717/1/576 716/1/576 718/1/576
f 717/1/577 718/1/577 719/1/577
f 719/1/577 718/1/577 720/1/577
f 719/1/578 720/1/578 721/1/578
f 721/1/578 720/1/578 722/1/578
f 721/1/579 722/1/579 723/1/579
f 724/1/580 725/1/580 726/1/580
f 726/1/581 725/1/581 727/1/581
f 726/1/582 727/1/582 728/1/582
f 728/1/582 727/1/582 729/1/582
f 728/1/583 729/1/583 730/1/583
f 730/1/583 729/1/583 731/1/583
f 730/1/584 731/1/584 732/1/584
f 732/1/584 731/1/584 733/1/584
f 732/1/585 733/1/585 734/1/585
f 734/1/585 733/1/585 735/1/585
f 734/1/586 735/1/586 736/1/586
f 736/1/586 735/1/586 737/1/586
f 736/1/587 737/1/587 738/1/587
f 738/1/587 737/1/587 739/1/587
f 738/1/588 739/1/588 740/1/588
f 740/1/588 739/1/588 741/1/588
f 740/1/589 741/1/589 742/1/589
f 742/1/589 741/1/589 743/1/589
f 742/1/590 743/1/590 744/1/590
f 745/1/591 746/1/591 747/1/591
f 747/1/592 746/1/592 748/1/592
f 747/1/593 748/1/593 749/1/593
f 749/1/593 748/1/593 750/1/593
f 749/1/594 750/1/594 751/1/594
f 751/1/594 750/1/594 752/1/594
f 751/1/595 752/1/595 753/1/595
f 753/1/595 752/1/595 754/1/595
f 753/1/596 754/1/596 755/1/596
f 755/1/596 754/1/596 756/1/596
f 755/1/597 756/1/597 757/1/597
f 757/1/597 756/1/597 758/1/597
f 757/1/598 758/1/598 759/1/598
f 759/1/598 758/1/598 760/1/598
f 759/1/599 760/1/599 761/1/599
f 761/1/599 760/1/599 762/1/599
f 761/1/600 762/1/600 763/1/600
f 763/1/600 762/1/600 764/1/600
f 763/1/601 764/1/601 765/1/601
f 765/1/601 764/1/601 766/1/601
f 765/1/602 766/1/602 767/1/602
f 767/1/602 766/1/602 768/1/602
f 767/1/603 768/1/603 769/1/603
f 770/1/604 771/1/604 772/1/604
f 772/1/604 771/1/604 773/1/604
f 772/1/605 773/1/605 774/1/605
f 774/1/605 773/1/605 775/1/605
f 774/1/606 775/1/606 776/1/606
f 776/1/606 775/1/606 777/1/606
f 776/1/607 777/1/607 778/1/607
f 778/1/608 777/1/608 779/1/608
f 778/1/609 779/1/609 780/1/609
f 780/1/609 779/1/609 781/1/609
f 780/1/610 781/1/610 782/1/610
f 782/1/611 781/1/611 783/1/611
f 782/1/612 783/1/612 784/1/612
f 784/1/612 783/1/612 785/1/612
f 784/1/613 785/1/613 786/1/613
f 786/1/613 785/1/613 787/1/613
f 786/1/614 787/1/614 788/1/614
f 788/1/614 787/1/614 789/1/614
f 788/1/615 789/1/615 790/1/615
f 790/1/615 789/1/615 791/1/615
f 790/1/616 791/1/616 792/1/616
f 792/1/616 791/1/616 617/1/616
f 792/1/617 617/1/617 793/1/617
f 793/1/618 617/1/618 619/1/618
f 794/1/619 795/1/619 796/1/619
f 796/1/619 795/1/619 797/1/619
f 796/1/620 797/1/620 798/1/620
f 798/1/620 797/1/620 799/1/620
f 798/1/621 799/1/621 800/1/621
f 800/1/621 799/1/621 801/1/621
f 800/1/622 801/1/622 802/1/622
f 802/1/622 801/1/622 803/1/622
f 802/1/623 803/1/623 804/1/623
f 804/1/623 803/1/623 805/1/623
f 804/1/624 805/1/624 806/1/624
f 806/1/624 805/1/624 807/1/624
f 806/1/625 807/1/625 808/1/625
f 808/1/625 807/1/625 809/1/625
f 808/1/626 809/1/626 810/1/626
f 810/1/626 809/1/626 635/1/626
f 810/1/627 635/1/627 629/1/627
f 629/1/627 635/1/627 633/1/627
f 629/1/628 633/1/628 627/1/628
f 627/1/629 633/1/629 632/1/629
f 811/1/630 606/1/630 812/1/630
f 812/1/631 606/1/631 605/1/631
f 812/1/632 605/1/632 813/1/632
f 640/1/633 813/1/633 638/1/633
f 638/1/634 813/1/634 605/1/634
f 638/1/522 605/1/522 643/1/522
f 643/1/635 605/1/635 607/1/635
f 643/1/636 607/1/636 644/1/636
f 644/1/637 607/1/637 814/1/637
f 644/1/638 814/1/638 646/1/638
f 646/1/639 814/1/639 815/1/639
f 646/1/640 815/1/640 648/1/640
f 648/1/641 815/1/641 816/1/641
f 648/1/642 816/1/642 650/1/642
f 816/1/643 817/1/643 650/1/643
f 650/1/644 817/1/644 818/1/644
f 650/1/645 818/1/645 651/1/645
f 651/1/646 818/1/646 819/1/646
f 651/1/647 819/1/647 655/1/647
f 655/1/648 819/1/648 820/1/648
f 655/1/649 820/1/649 821/1/649
f 821/1/650 820/1/650 822/1/650
f 821/1/651 822/1/651 823/1/651
f 823/1/652 822/1/652 824/1/652
f 823/1/653 824/1/653 681/1/653
f 681/1/654 824/1/654 825/1/654
f 681/1/655 825/1/655 682/1/655
f 826/1/656 640/1/656 656/1/656
f 656/1/657 640/1/657 639/1/657
f 656/1/658 639/1/658 657/1/658
f 657/1/659 639/1/659 615/1/659
f 657/1/660 615/1/660 659/1/660
f 659/1/660 615/1/660 614/1/660
f 659/1/661 614/1/661 661/1/661
f 661/1/661 614/1/661 665/1/661
f 661/1/662 665/1/662 663/1/662
f 669/1/542 664/1/542 671/1/542
f 671/1/536 664/1/536 663/1/536
f 671/1/544 663/1/544 673/1/544
f 673/1/662 663/1/662 665/1/662
f 673/1/546 665/1/546 675/1/546
f 675/1/537 665/1/537 666/1/537
f 675/1/548 666/1/548 677/1/548
f 677/1/538 666/1/538 667/1/538
f 677/1/550 667/1/550 679/1/550
f 679/1/663 667/1/663 652/1/663
f 679/1/664 652/1/664 680/1/664
f 680/1/665 652/1/665 653/1/665
f 826/1/666 656/1/666 827/1/666
f 827/1/667 656/1/667 658/1/667
f 827/1/668 658/1/668 828/1/668
f 828/1/669 658/1/669 660/1/669
f 828/1/670 660/1/670 829/1/670
f 829/1/671 660/1/671 662/1/671
f 829/1/672 662/1/672 830/1/672
f 830/1/673 662/1/673 664/1/673
f 830/1/674 664/1/674 831/1/674
f 831/1/675 664/1/675 669/1/675
f 831/1/676 669/1/676 832/1/676
f 832/1/677 669/1/677 668/1/677
f 832/1/678 668/1/678 833/1/678
f 695/1/679 637/1/679 693/1/679
f 693/1/680 637/1/680 635/1/680
f 693/1/681 635/1/681 691/1/681
f 691/1/681 635/1/681 809/1/681
f 691/1/682 809/1/682 689/1/682
f 689/1/682 809/1/682 807/1/682
f 689/1/683 807/1/683 687/1/683
f 687/1/683 807/1/683 805/1/683
f 687/1/684 805/1/684 685/1/684
f 685/1/684 805/1/684 803/1/684
f 685/1/685 803/1/685 683/1/685
f 683/1/685 803/1/685 801/1/685
f 683/1/686 801/1/686 681/1/686
f 681/1/686 801/1/686 799/1/686
f 681/1/687 799/1/687 823/1/687
f 823/1/687 799/1/687 797/1/687
f 823/1/688 797/1/688 821/1/688
f 821/1/689 797/1/689 795/1/689
f 821/1/690 795/1/690 655/1/690
f 655/1/691 795/1/691 794/1/691
f 655/1/692 794/1/692 654/1/692
f 696/1/693 611/1/693 697/1/693
f 697/1/694 611/1/694 613/1/694
f 697/1/695 613/1/695 699/1/695
f 699/1/696 613/1/696 834/1/696
f 699/1/697 834/1/697 701/1/697
f 701/1/698 834/1/698 835/1/698
f 701/1/699 835/1/699 703/1/699
f 703/1/700 835/1/700 836/1/700
f 703/1/701 836/1/701 705/1/701
f 708/1/702 608/1/702 710/1/702
f 710/1/703 608/1/703 610/1/703
f 710/1/704 610/1/704 712/1/704
f 712/1/704 610/1/704 698/1/704
f 712/1/705 698/1/705 714/1/705
f 714/1/705 698/1/705 700/1/705
f 714/1/706 700/1/706 716/1/706
f 716/1/706 700/1/706 702/1/706
f 716/1/707 702/1/707 718/1/707
f 718/1/707 702/1/707 704/1/707
f 718/1/708 704/1/708 720/1/708
f 720/1/708 704/1/708 706/1/708
f 720/1/709 706/1/709 722/1/709
f 725/1/710 707/1/710 727/1/710
f 727/1/711 707/1/711 709/1/711
f 727/1/712 709/1/712 729/1/712
f 729/1/712 709/1/712 711/1/712
f 729/1/713 711/1/713 731/1/713
f 731/1/713 711/1/713 713/1/713
f 731/1/714 713/1/714 733/1/714
f 733/1/714 713/1/714 715/1/714
f 733/1/715 715/1/715 735/1/715
f 735/1/715 715/1/715 717/1/715
f 735/1/716 717/1/716 737/1/716
f 737/1/716 717/1/716 719/1/716
f 737/1/717 719/1/717 739/1/717
f 739/1/717 719/1/717 721/1/717
f 739/1/718 721/1/718 741/1/718
f 741/1/718 721/1/718 723/1/718
f 741/1/719 723/1/719 743/1/719
f 746/1/720 724/1/720 748/1/720
f 748/1/721 724/1/721 726/1/721
f 748/1/722 726/1/722 750/1/722
f 750/1/722 726/1/722 728/1/722
f 750/1/723 728/1/723 752/1/723
f 752/1/723 728/1/723 730/1/723
f 752/1/724 730/1/724 754/1/724
f 754/1/724 730/1/724 732/1/724
f 754/1/725 732/1/725 756/1/725
f 756/1/726 732/1/726 734/1/726
f 756/1/727 734/1/727 758/1/727
f 758/1/727 734/1/727 736/1/727
f 758/1/728 736/1/728 760/1/728
f 760/1/728 736/1/728 738/1/728
f 760/1/729 738/1/729 762/1/729
f 762/1/729 738/1/729 740/1/729
f 762/1/730 740/1/730 764/1/730
f 764/1/730 740/1/730 742/1/730
f 764/1/731 742/1/731 766/1/731
f 766/1/731 742/1/731 744/1/731
f 766/1/732 744/1/732 768/1/732
f 769/1/733 770/1/733 767/1/733
f 767/1/733 770/1/733 772/1/733
f 767/1/734 772/1/734 765/1/734
f 765/1/734 772/1/734 774/1/734
f 765/1/735 774/1/735 763/1/735
f 763/1/735 774/1/735 776/1/735
f 763/1/736 776/1/736 761/1/736
f 761/1/736 776/1/736 778/1/736
f 761/1/737 778/1/737 759/1/737
f 759/1/737 778/1/737 780/1/737
f 759/1/738 780/1/738 757/1/738
f 757/1/738 780/1/738 782/1/738
f 757/1/739 782/1/739 755/1/739
f 755/1/739 782/1/739 784/1/739
f 755/1/740 784/1/740 753/1/740
f 753/1/740 784/1/740 786/1/740
f 753/1/741 786/1/741 751/1/741
f 751/1/742 786/1/742 788/1/742
f 751/1/743 788/1/743 749/1/743
f 749/1/743 788/1/743 790/1/743
f 749/1/744 790/1/744 747/1/744
f 747/1/744 790/1/744 792/1/744
f 747/1/745 792/1/745 745/1/745
f 745/1/746 792/1/746 793/1/746
f 836/1/747 833/1/747 705/1/747
f 705/1/748 833/1/748 668/1/748
f 705/1/570 668/1/570 706/1/570
f 706/1/749 668/1/749 670/1/749
f 706/1/709 670/1/709 722/1/709
f 722/1/543 670/1/543 672/1/543
f 722/1/579 672/1/579 723/1/579
f 723/1/750 672/1/750 674/1/750
f 723/1/719 674/1/719 743/1/719
f 743/1/547 674/1/547 676/1/547
f 743/1/590 676/1/590 744/1/590
f 744/1/549 676/1/549 678/1/549
f 744/1/751 678/1/751 768/1/751
f 768/1/551 678/1/551 680/1/551
f 768/1/603 680/1/603 769/1/603
f 769/1/752 680/1/752 653/1/752
f 769/1/753 653/1/753 770/1/753
f 770/1/754 653/1/754 654/1/754
f 770/1/755 654/1/755 771/1/755
f 771/1/756 654/1/756 794/1/756
f 771/1/757 794/1/757 773/1/757
f 773/1/757 794/1/757 796/1/757
f 773/1/758 796/1/758 775/1/758
f 775/1/758 796/1/758 798/1/758
f 775/1/759 798/1/759 777/1/759
f 777/1/760 798/1/760 800/1/760
f 777/1/761 800/1/761 779/1/761
f 779/1/762 800/1/762 802/1/762
f 779/1/763 802/1/763 781/1/763
f 781/1/763 802/1/763 804/1/763
f 781/1/764 804/1/764 783/1/764
f 783/1/765 804/1/765 806/1/765
f 783/1/766 806/1/766 785/1/766
f 785/1/766 806/1/766 808/1/766
f 785/1/767 808/1/767 787/1/767
f 787/1/767 808/1/767 810/1/767
f 787/1/768 810/1/768 789/1/768
f 789/1/768 810/1/768 629/1/768
f 789/1/769 629/1/769 791/1/769
f 791/1/769 629/1/769 624/1/769
f 791/1/770 624/1/770 617/1/770
f 617/1/770 624/1/770 626/1/770
f 617/1/771 626/1/771 618/1/771
f 618/1/772 626/1/772 625/1/772
f 837/1/773 838/1/773 839/1/773
f 840/1/774 841/1/774 842/1/774
f 843/1/775 844/1/775 845/1/775
f 846/1/776 847/1/776 848/1/776
f 849/1/777 850/1/777 851/1/777
f 852/1/778 853/1/778 854/1/778
f 854/1/779 853/1/779 855/1/779
f 856/1/780 857/1/780 858/1/780
f 858/1/781 857/1/781 859/1/781
f 858/1/782 859/1/782 860/1/782
f 860/1/783 859/1/783 861/1/783
f 860/1/784 861/1/784 862/1/784
f 863/1/785 864/1/785 865/1/785
f 865/1/786 864/1/786 866/1/786
f 684/1/787 867/1/787 686/1/787
f 686/1/788 867/1/788 868/1/788
f 686/1/789 868/1/789 688/1/789
f 869/1/790 870/1/790 871/1/790
f 871/1/791 870/1/791 872/1/791
f 871/1/792 872/1/792 873/1/792
f 845/1/793 844/1/793 874/1/793
f 824/1/794 822/1/794 875/1/794
f 875/1/795 822/1/795 876/1/795
f 875/1/796 876/1/796 877/1/796
f 877/1/797 876/1/797 878/1/797
f 877/1/798 878/1/798 879/1/798
f 879/1/799 878/1/799 880/1/799
f 879/1/800 880/1/800 881/1/800
f 882/1/801 883/1/801 884/1/801
f 884/1/802 883/1/802 885/1/802
f 884/1/803 885/1/803 886/1/803
f 886/1/804 885/1/804 887/1/804
f 886/1/805 887/1/805 888/1/805
f 888/1/806 887/1/806 889/1/806
f 888/1/807 889/1/807 890/1/807
f 891/1/808 892/1/808 893/1/808
f 893/1/809 892/1/809 894/1/809
f 893/1/810 894/1/810 895/1/810
f 895/1/810 894/1/810 896/1/810
f 895/1/811 896/1/811 897/1/811
f 898/1/812 851/1/812 899/1/812
f 899/1/813 851/1/813 850/1/813
f 899/1/814 850/1/814 900/1/814
f 900/1/815 850/1/815 901/1/815
f 900/1/816 901/1/816 902/1/816
f 902/1/817 901/1/817 903/1/817
f 902/1/818 903/1/818 891/1/818
f 891/1/819 903/1/819 904/1/819
f 891/1/820 904/1/820 892/1/820
f 694/1/821 692/1/821 905/1/821
f 905/1/822 692/1/822 906/1/822
f 905/1/823 906/1/823 907/1/823
f 907/1/824 906/1/824 908/1/824
f 907/1/825 908/1/825 909/1/825
f 909/1/826 908/1/826 910/1/826
f 909/1/827 910/1/827 911/1/827
f 912/1/828 863/1/828 913/1/828
f 913/1/829 863/1/829 865/1/829
f 913/1/830 865/1/830 914/1/830
f 914/1/830 865/1/830 915/1/830
f 914/1/831 915/1/831 916/1/831
f 916/1/831 915/1/831 917/1/831
f 916/1/832 917/1/832 918/1/832
f 918/1/832 917/1/832 919/1/832
f 918/1/833 919/1/833 920/1/833
f 921/1/834 922/1/834 923/1/834
f 923/1/835 922/1/835 924/1/835
f 923/1/836 924/1/836 925/1/836
f 925/1/837 924/1/837 926/1/837
f 925/1/838 926/1/838 927/1/838
f 927/1/839 926/1/839 928/1/839
f 927/1/840 928/1/840 929/1/840
f 929/1/841 928/1/841 930/1/841
f 931/1/842 930/1/842 932/1/842
f 932/1/841 930/1/841 928/1/841
f 932/1/843 928/1/843 933/1/843
f 933/1/839 928/1/839 926/1/839
f 933/1/844 926/1/844 934/1/844
f 934/1/837 926/1/837 924/1/837
f 934/1/845 924/1/845 854/1/845
f 854/1/846 924/1/846 922/1/846
f 854/1/847 922/1/847 852/1/847
f 866/1/848 935/1/848 865/1/848
f 865/1/849 935/1/849 856/1/849
f 865/1/850 856/1/850 915/1/850
f 915/1/851 856/1/851 858/1/851
f 915/1/852 858/1/852 917/1/852
f 917/1/852 858/1/852 860/1/852
f 917/1/853 860/1/853 919/1/853
f 848/1/854 847/1/854 936/1/854
f 936/1/854 847/1/854 937/1/854
f 936/1/855 937/1/855 938/1/855
f 938/1/855 937/1/855 939/1/855
f 938/1/856 939/1/856 940/1/856
f 940/1/856 939/1/856 941/1/856
f 940/1/857 941/1/857 942/1/857
f 942/1/857 941/1/857 943/1/857
f 942/1/858 943/1/858 944/1/858
f 944/1/858 943/1/858 945/1/858
f 944/1/859 945/1/859 946/1/859
f 946/1/860 912/1/860 944/1/860
f 944/1/861 912/1/861 913/1/861
f 944/1/862 913/1/862 942/1/862
f 942/1/862 913/1/862 914/1/862
f 942/1/863 914/1/863 940/1/863
f 940/1/863 914/1/863 916/1/863
f 940/1/864 916/1/864 938/1/864
f 938/1/864 916/1/864 918/1/864
f 938/1/865 918/1/865 936/1/865
f 936/1/865 918/1/865 920/1/865
f 936/1/866 920/1/866 848/1/866
f 947/1/867 948/1/867 949/1/867
f 949/1/868 948/1/868 950/1/868
f 949/1/869 950/1/869 951/1/869
f 951/1/869 950/1/869 952/1/869
f 951/1/870 952/1/870 953/1/870
f 953/1/870 952/1/870 954/1/870
f 953/1/871 954/1/871 955/1/871
f 955/1/871 954/1/871 956/1/871
f 955/1/872 956/1/872 957/1/872
f 957/1/872 956/1/872 958/1/872
f 957/1/873 958/1/873 959/1/873
f 959/1/874 958/1/874 960/1/874
f 959/1/875 960/1/875 961/1/875
f 961/1/875 960/1/875 962/1/875
f 961/1/876 962/1/876 963/1/876
f 963/1/876 962/1/876 964/1/876
f 963/1/877 964/1/877 965/1/877
f 966/1/878 967/1/878 968/1/878
f 968/1/878 967/1/878 969/1/878
f 968/1/879 969/1/879 970/1/879
f 970/1/879 969/1/879 971/1/879
f 970/1/880 971/1/880 972/1/880
f 972/1/880 971/1/880 973/1/880
f 972/1/881 973/1/881 974/1/881
f 974/1/881 973/1/881 975/1/881
f 974/1/882 975/1/882 976/1/882
f 976/1/882 975/1/882 977/1/882
f 976/1/883 977/1/883 978/1/883
f 978/1/883 977/1/883 979/1/883
f 978/1/884 979/1/884 980/1/884
f 980/1/885 979/1/885 981/1/885
f 980/1/886 981/1/886 982/1/886
f 982/1/886 981/1/886 983/1/886
f 982/1/887 983/1/887 984/1/887
f 984/1/887 983/1/887 985/1/887
f 984/1/888 985/1/888 986/1/888
f 986/1/888 985/1/888 987/1/888
f 986/1/889 987/1/889 988/1/889
f 988/1/889 987/1/889 989/1/889
f 988/1/890 989/1/890 990/1/890
f 991/1/891 992/1/891 993/1/891
f 993/1/891 992/1/891 994/1/891
f 993/1/892 994/1/892 995/1/892
f 995/1/892 994/1/892 996/1/892
f 995/1/893 996/1/893 997/1/893
f 997/1/893 996/1/893 998/1/893
f 997/1/894 998/1/894 999/1/894
f 999/1/894 998/1/894 1000/1/894
f 999/1/895 1000/1/895 1001/1/895
f 1001/1/895 1000/1/895 1002/1/895
f 1001/1/896 1002/1/896 1003/1/896
f 1003/1/896 1002/1/896 1004/1/896
f 1003/1/897 1004/1/897 1005/1/897
f 1005/1/897 1004/1/897 1006/1/897
f 1005/1/898 1006/1/898 1007/1/898
f 1007/1/898 1006/1/898 1008/1/898
f 1007/1/899 1008/1/899 1009/1/899
f 1009/1/899 1008/1/899 1010/1/899
f 1009/1/900 1010/1/900 1011/1/900
f 1011/1/900 1010/1/900 1012/1/900
f 1011/1/901 1012/1/901 839/1/901
f 839/1/901 1012/1/901 1013/1/901
f 839/1/902 1013/1/902 837/1/902
f 837/1/903 1013/1/903 1014/1/903
f 1015/1/904 1016/1/904 1017/1/904
f 1017/1/905 1016/1/905 1018/1/905
f 1017/1/906 1018/1/906 1019/1/906
f 1018/1/907 1020/1/907 1019/1/907
f 1019/1/908 1020/1/908 1021/1/908
f 1019/1/909 1021/1/909 1022/1/909
f 1022/1/910 1021/1/910 1023/1/910
f 1022/1/911 1023/1/911 1024/1/911
f 1024/1/912 1023/1/912 1025/1/912
f 1024/1/913 1025/1/913 1026/1/913
f 1026/1/914 1025/1/914 1027/1/914
f 1026/1/915 1027/1/915 1028/1/915
f 1028/1/916 1027/1/916 897/1/916
f 1028/1/917 897/1/917 1029/1/917
f 1029/1/811 897/1/811 896/1/811
f 817/1/918 872/1/918 818/1/918
f 818/1/919 872/1/919 870/1/919
f 818/1/920 870/1/920 819/1/920
f 819/1/921 870/1/921 869/1/921
f 819/1/922 869/1/922 820/1/922
f 822/1/923 820/1/923 876/1/923
f 876/1/924 820/1/924 869/1/924
f 876/1/797 869/1/797 878/1/797
f 878/1/790 869/1/790 871/1/790
f 878/1/799 871/1/799 880/1/799
f 880/1/925 871/1/925 873/1/925
f 880/1/926 873/1/926 881/1/926
f 881/1/927 873/1/927 1030/1/927
f 825/1/928 824/1/928 1031/1/928
f 1031/1/929 824/1/929 875/1/929
f 1031/1/930 875/1/930 1032/1/930
f 1032/1/796 875/1/796 877/1/796
f 1032/1/931 877/1/931 1033/1/931
f 1033/1/798 877/1/798 879/1/798
f 1033/1/932 879/1/932 1034/1/932
f 1034/1/800 879/1/800 881/1/800
f 1034/1/933 881/1/933 1035/1/933
f 1035/1/934 881/1/934 1030/1/934
f 1035/1/935 1030/1/935 1036/1/935
f 682/1/936 825/1/936 1037/1/936
f 1037/1/937 825/1/937 1031/1/937
f 1037/1/938 1031/1/938 1038/1/938
f 1038/1/930 1031/1/930 1032/1/930
f 1038/1/939 1032/1/939 1039/1/939
f 1039/1/940 1032/1/940 1033/1/940
f 1039/1/941 1033/1/941 1040/1/941
f 1040/1/932 1033/1/932 1034/1/932
f 1040/1/942 1034/1/942 1041/1/942
f 1041/1/933 1034/1/933 1035/1/933
f 1041/1/943 1035/1/943 1042/1/943
f 1042/1/935 1035/1/935 1036/1/935
f 1042/1/944 1036/1/944 1043/1/944
f 684/1/945 682/1/945 867/1/945
f 867/1/946 682/1/946 1037/1/946
f 867/1/947 1037/1/947 1044/1/947
f 1044/1/938 1037/1/938 1038/1/938
f 1044/1/948 1038/1/948 1045/1/948
f 1045/1/949 1038/1/949 1039/1/949
f 1045/1/950 1039/1/950 1046/1/950
f 1046/1/941 1039/1/941 1040/1/941
f 1046/1/951 1040/1/951 1047/1/951
f 1047/1/942 1040/1/942 1041/1/942
f 1047/1/952 1041/1/952 1048/1/952
f 1048/1/943 1041/1/943 1042/1/943
f 1048/1/953 1042/1/953 1049/1/953
f 1049/1/954 1042/1/954 1043/1/954
f 1049/1/955 1043/1/955 1050/1/955
f 844/1/956 889/1/956 874/1/956
f 874/1/806 889/1/806 887/1/806
f 874/1/957 887/1/957 1051/1/957
f 1051/1/804 887/1/804 885/1/804
f 1051/1/958 885/1/958 1052/1/958
f 1052/1/802 885/1/802 883/1/802
f 1052/1/959 883/1/959 1053/1/959
f 1053/1/960 883/1/960 882/1/960
f 1053/1/961 882/1/961 898/1/961
f 898/1/962 882/1/962 1054/1/962
f 898/1/812 1054/1/812 851/1/812
f 851/1/963 1054/1/963 1055/1/963
f 851/1/964 1055/1/964 849/1/964
f 849/1/965 1055/1/965 1056/1/965
f 690/1/966 688/1/966 1057/1/966
f 1057/1/967 688/1/967 868/1/967
f 1057/1/968 868/1/968 1058/1/968
f 1058/1/969 868/1/969 867/1/969
f 1058/1/970 867/1/970 890/1/970
f 890/1/947 867/1/947 1044/1/947
f 890/1/807 1044/1/807 888/1/807
f 888/1/948 1044/1/948 1045/1/948
f 888/1/805 1045/1/805 886/1/805
f 886/1/950 1045/1/950 1046/1/950
f 886/1/803 1046/1/803 884/1/803
f 884/1/951 1046/1/951 1047/1/951
f 884/1/801 1047/1/801 882/1/801
f 882/1/952 1047/1/952 1048/1/952
f 882/1/962 1048/1/962 1054/1/962
f 1054/1/953 1048/1/953 1049/1/953
f 1054/1/963 1049/1/963 1055/1/963
f 1055/1/971 1049/1/971 1050/1/971
f 1055/1/972 1050/1/972 1056/1/972
f 855/1/973 694/1/973 854/1/973
f 854/1/974 694/1/974 905/1/974
f 854/1/845 905/1/845 934/1/845
f 934/1/823 905/1/823 907/1/823
f 934/1/844 907/1/844 933/1/844
f 933/1/825 907/1/825 909/1/825
f 933/1/843 909/1/843 932/1/843
f 932/1/827 909/1/827 911/1/827
f 932/1/842 911/1/842 931/1/842
f 692/1/975 690/1/975 906/1/975
f 906/1/976 690/1/976 1057/1/976
f 906/1/824 1057/1/824 908/1/824
f 908/1/968 1057/1/968 1058/1/968
f 908/1/826 1058/1/826 910/1/826
f 910/1/977 1058/1/977 890/1/977
f 910/1/978 890/1/978 911/1/978
f 911/1/979 890/1/979 889/1/979
f 911/1/980 889/1/980 931/1/980
f 931/1/981 889/1/981 844/1/981
f 931/1/982 844/1/982 930/1/982
f 930/1/982 844/1/982 843/1/982
f 930/1/983 843/1/983 929/1/983
f 948/1/984 946/1/984 950/1/984
f 950/1/985 946/1/985 945/1/985
f 950/1/986 945/1/986 952/1/986
f 952/1/986 945/1/986 943/1/986
f 952/1/987 943/1/987 954/1/987
f 954/1/987 943/1/987 941/1/987
f 954/1/988 941/1/988 956/1/988
f 956/1/988 941/1/988 939/1/988
f 956/1/989 939/1/989 958/1/989
f 958/1/989 939/1/989 937/1/989
f 958/1/990 937/1/990 960/1/990
f 960/1/990 937/1/990 847/1/990
f 960/1/991 847/1/991 962/1/991
f 962/1/991 847/1/991 846/1/991
f 962/1/992 846/1/992 964/1/992
f 841/1/993 947/1/993 842/1/993
f 842/1/994 947/1/994 949/1/994
f 842/1/995 949/1/995 1059/1/995
f 1059/1/995 949/1/995 951/1/995
f 1059/1/996 951/1/996 1060/1/996
f 1060/1/996 951/1/996 953/1/996
f 1060/1/997 953/1/997 1061/1/997
f 1061/1/997 953/1/997 955/1/997
f 1061/1/998 955/1/998 1062/1/998
f 1062/1/998 955/1/998 957/1/998
f 1062/1/999 957/1/999 1063/1/999
f 1063/1/999 957/1/999 959/1/999
f 1063/1/1000 959/1/1000 1064/1/1000
f 1064/1/1000 959/1/1000 961/1/1000
f 1064/1/1001 961/1/1001 1065/1/1001
f 1065/1/1001 961/1/1001 963/1/1001
f 1065/1/1002 963/1/1002 1066/1/1002
f 1066/1/1002 963/1/1002 965/1/1002
f 1066/1/1003 965/1/1003 1067/1/1003
f 967/1/1004 840/1/1004 969/1/1004
f 969/1/1005 840/1/1005 842/1/1005
f 969/1/1006 842/1/1006 971/1/1006
f 971/1/1006 842/1/1006 1059/1/1006
f 971/1/1007 1059/1/1007 973/1/1007
f 973/1/1007 1059/1/1007 1060/1/1007
f 973/1/1008 1060/1/1008 975/1/1008
f 975/1/1008 1060/1/1008 1061/1/1008
f 975/1/1009 1061/1/1009 977/1/1009
f 977/1/1009 1061/1/1009 1062/1/1009
f 977/1/1010 1062/1/1010 979/1/1010
f 979/1/1010 1062/1/1010 1063/1/1010
f 979/1/1011 1063/1/1011 981/1/1011
f 981/1/1011 1063/1/1011 1064/1/1011
f 981/1/1012 1064/1/1012 983/1/1012
f 983/1/1012 1064/1/1012 1065/1/1012
f 983/1/1013 1065/1/1013 985/1/1013
f 985/1/1013 1065/1/1013 1066/1/1013
f 985/1/1014 1066/1/1014 987/1/1014
f 987/1/1014 1066/1/1014 1067/1/1014
f 987/1/1015 1067/1/1015 989/1/1015
f 990/1/1016 991/1/1016 988/1/1016
f 988/1/1016 991/1/1016 993/1/1016
f 988/1/1017 993/1/1017 986/1/1017
f 986/1/1018 993/1/1018 995/1/1018
f 986/1/1019 995/1/1019 984/1/1019
f 984/1/1019 995/1/1019 997/1/1019
f 984/1/1020 997/1/1020 982/1/1020
f 982/1/1020 997/1/1020 999/1/1020
f 982/1/1021 999/1/1021 980/1/1021
f 980/1/1021 999/1/1021 1001/1/1021
f 980/1/1022 1001/1/1022 978/1/1022
f 978/1/1022 1001/1/1022 1003/1/1022
f 978/1/1023 1003/1/1023 976/1/1023
f 976/1/1023 1003/1/1023 1005/1/1023
f 976/1/1024 1005/1/1024 974/1/1024
f 974/1/1024 1005/1/1024 1007/1/1024
f 974/1/1025 1007/1/1025 972/1/1025
f 972/1/1025 1007/1/1025 1009/1/1025
f 972/1/1026 1009/1/1026 970/1/1026
f 970/1/1026 1009/1/1026 1011/1/1026
f 970/1/1027 1011/1/1027 968/1/1027
f 968/1/1027 1011/1/1027 839/1/1027
f 968/1/1028 839/1/1028 966/1/1028
f 966/1/1028 839/1/1028 838/1/1028
f 1016/1/1029 1014/1/1029 1018/1/1029
f 1018/1/1030 1014/1/1030 1013/1/1030
f 1018/1/1031 1013/1/1031 1020/1/1031
f 1020/1/1031 1013/1/1031 1012/1/1031
f 1020/1/1032 1012/1/1032 1021/1/1032
f 1021/1/1032 1012/1/1032 1010/1/1032
f 1021/1/1033 1010/1/1033 1023/1/1033
f 1023/1/1033 1010/1/1033 1008/1/1033
f 1023/1/1034 1008/1/1034 1025/1/1034
f 1025/1/1034 1008/1/1034 1006/1/1034
f 1025/1/1035 1006/1/1035 1027/1/1035
f 1027/1/1035 1006/1/1035 1004/1/1035
f 1027/1/1036 1004/1/1036 897/1/1036
f 897/1/1036 1004/1/1036 1002/1/1036
f 897/1/1037 1002/1/1037 895/1/1037
f 895/1/1037 1002/1/1037 1000/1/1037
f 895/1/1038 1000/1/1038 893/1/1038
f 893/1/1038 1000/1/1038 998/1/1038
f 893/1/1039 998/1/1039 891/1/1039
f 891/1/1039 998/1/1039 996/1/1039
f 891/1/1040 996/1/1040 902/1/1040
f 902/1/1040 996/1/1040 994/1/1040
f 902/1/1041 994/1/1041 900/1/1041
f 900/1/1041 994/1/1041 992/1/1041
f 900/1/1042 992/1/1042 899/1/1042
f 899/1/1043 992/1/1043 991/1/1043
f 899/1/1044 991/1/1044 898/1/1044
f 898/1/1045 991/1/1045 990/1/1045
f 898/1/1046 990/1/1046 1053/1/1046
f 1053/1/890 990/1/890 989/1/890
f 1053/1/959 989/1/959 1052/1/959
f 1052/1/1015 989/1/1015 1067/1/1015
f 1052/1/958 1067/1/958 1051/1/958
f 1051/1/1003 1067/1/1003 965/1/1003
f 1051/1/957 965/1/957 874/1/957
f 874/1/1047 965/1/1047 964/1/1047
f 874/1/1048 964/1/1048 845/1/1048
f 845/1/992 964/1/992 846/1/992
f 845/1/775 846/1/775 843/1/775
f 843/1/776 846/1/776 848/1/776
f 843/1/983 848/1/983 929/1/983
f 929/1/866 848/1/866 920/1/866
f 929/1/840 920/1/840 927/1/840
f 927/1/833 920/1/833 919/1/833
f 927/1/838 919/1/838 925/1/838
f 925/1/853 919/1/853 860/1/853
f 925/1/836 860/1/836 923/1/836
f 923/1/1049 860/1/1049 862/1/1049
f 923/1/1050 862/1/1050 921/1/1050
f 1043/1/1051 1036/1/1051 815/1/1051
f 815/1/1052 1036/1/1052 1030/1/1052
f 815/1/1053 1030/1/1053 816/1/1053
f 1056/1/1052 814/1/1052 607/1/1052
f 814/1/1051 1056/1/1051 815/1/1051
f 815/1/1052 1056/1/1052 1050/1/1052
f 815/1/1051 1050/1/1051 1043/1/1051
f 1068/1/1052 1069/1/1052 811/1/1052
f 811/1/1052 1069/1/1052 1056/1/1052
f 811/1/1052 1056/1/1052 606/1/1052
f 606/1/1052 1056/1/1052 607/1/1052
f 873/1/1054 872/1/1054 1030/1/1054
f 1030/1/1055 872/1/1055 817/1/1055
f 1030/1/1052 817/1/1052 816/1/1052
f 1069/1/1052 1068/1/1052 1070/1/1052
f 1070/1/1052 1068/1/1052 1071/1/1052
f 1070/1/1051 1071/1/1051 1072/1/1051
f 1073/1/1056 1074/1/1056 1075/1/1056
f 1075/1/1057 1074/1/1057 1076/1/1057
f 1077/1/1058 1075/1/1058 1078/1/1058
f 1078/1/1059 1075/1/1059 1076/1/1059
f 1078/1/1057 1076/1/1057 1079/1/1057
f 1079/1/1057 1076/1/1057 1072/1/1057
f 1079/1/1060 1072/1/1060 1080/1/1060
f 1080/1/1051 1072/1/1051 1071/1/1051
f 1081/1/1061 1082/1/1061 1083/1/1061
f 1083/1/1062 1082/1/1062 1084/1/1062
f 1083/1/1063 1084/1/1063 1085/1/1063
f 1085/1/1064 1084/1/1064 1086/1/1064
f 1086/1/1065 1084/1/1065 1087/1/1065
f 1086/1/1066 1087/1/1066 1088/1/1066
f 1088/1/1067 1087/1/1067 1089/1/1067
f 1089/1/1068 1087/1/1068 1090/1/1068
f 1089/1/1069 1090/1/1069 1091/1/1069
f 1091/1/1070 1090/1/1070 1092/1/1070
f 1092/1/1071 1090/1/1071 1093/1/1071
f 1092/1/1072 1093/1/1072 1094/1/1072
f 1094/1/1073 1093/1/1073 1095/1/1073
f 1095/1/1074 1093/1/1074 1096/1/1074
f 1095/1/1075 1096/1/1075 1097/1/1075
f 1097/1/1076 1096/1/1076 1098/1/1076
f 1098/1/1077 1096/1/1077 1099/1/1077
f 1098/1/1078 1099/1/1078 1100/1/1078
f 1100/1/1079 1099/1/1079 1101/1/1079
f 1101/1/1080 1099/1/1080 1102/1/1080
f 1101/1/1081 1102/1/1081 1103/1/1081
f 1071/1/1082 1068/1/1082 1104/1/1082
f 1104/1/1083 1068/1/1083 1082/1/1083
f 1104/1/1084 1082/1/1084 1081/1/1084
f 1105/1/1085 1106/1/1085 1107/1/1085
f 1108/1/1086 1109/1/1086 1110/1/1086
f 1111/1/1087 1112/1/1087 1113/1/1087
f 1114/1/1088 1115/1/1088 1116/1/1088
f 1117/1/1089 1118/1/1089 1119/1/1089
f 1120/1/1090 1121/1/1090 1122/1/1090
f 1123/1/1091 1124/1/1091 1125/1/1091
f 1126/1/1092 1127/1/1092 1128/1/1092
f 1128/1/1093 1127/1/1093 1129/1/1093
f 1130/1/1094 1131/1/1094 1132/1/1094
f 1132/1/1095 1131/1/1095 1133/1/1095
f 1132/1/1096 1133/1/1096 1134/1/1096
f 1134/1/1097 1133/1/1097 1135/1/1097
f 1134/1/1098 1135/1/1098 1136/1/1098
f 1137/1/1099 1138/1/1099 1139/1/1099
f 1139/1/1100 1138/1/1100 1140/1/1100
f 1139/1/1101 1140/1/1101 1141/1/1101
f 1141/1/1102 1140/1/1102 1142/1/1102
f 1141/1/1103 1142/1/1103 1143/1/1103
f 1144/1/1104 1145/1/1104 1146/1/1104
f 1146/1/1105 1145/1/1105 1147/1/1105
f 1146/1/1106 1147/1/1106 1148/1/1106
f 1148/1/1107 1147/1/1107 1149/1/1107
f 1148/1/1108 1149/1/1108 1150/1/1108
f 1150/1/1109 1151/1/1109 1152/1/1109
f 1150/1/1110 1152/1/1110 1153/1/1110
f 1153/1/1111 1152/1/1111 1154/1/1111
f 1153/1/1112 1154/1/1112 1155/1/1112
f 1155/1/1113 1154/1/1113 1156/1/1113
f 1155/1/1114 1156/1/1114 1157/1/1114
f 1157/1/1115 1158/1/1115 1159/1/1115
f 1157/1/1116 1159/1/1116 1160/1/1116
f 1160/1/1117 1159/1/1117 1161/1/1117
f 1160/1/1118 1161/1/1118 1162/1/1118
f 1162/1/1119 1161/1/1119 1163/1/1119
f 1162/1/1120 1163/1/1120 1164/1/1120
f 1165/1/1121 1164/1/1121 1166/1/1121
f 1166/1/1122 1167/1/1122 1165/1/1122
f 1165/1/1123 1167/1/1123 1168/1/1123
f 1165/1/1124 1168/1/1124 1169/1/1124
f 1169/1/1125 1168/1/1125 1170/1/1125
f 1169/1/1126 1170/1/1126 1171/1/1126
f 1172/1/1127 1173/1/1127 1174/1/1127
f 1174/1/1128 1173/1/1128 1175/1/1128
f 1174/1/1129 1175/1/1129 1176/1/1129
f 1176/1/1130 1175/1/1130 1177/1/1130
f 1178/1/1131 1179/1/1131 1177/1/1131
f 1177/1/1132 1179/1/1132 1180/1/1132
f 1177/1/1133 1180/1/1133 1176/1/1133
f 1181/1/1134 1182/1/1134 1178/1/1134
f 1178/1/1135 1182/1/1135 1183/1/1135
f 1178/1/1136 1183/1/1136 1179/1/1136
f 1107/1/1137 1184/1/1137 1185/1/1137
f 1185/1/1138 1184/1/1138 1186/1/1138
f 1185/1/1139 1186/1/1139 1181/1/1139
f 1181/1/1140 1186/1/1140 1187/1/1140
f 1181/1/1141 1187/1/1141 1182/1/1141
f 1188/1/1142 1189/1/1142 1106/1/1142
f 1106/1/1143 1189/1/1143 1190/1/1143
f 1106/1/1144 1190/1/1144 1107/1/1144
f 1107/1/1145 1190/1/1145 1191/1/1145
f 1107/1/1146 1191/1/1146 1184/1/1146
f 1112/1/1147 1114/1/1147 1113/1/1147
f 1113/1/1148 1114/1/1148 1116/1/1148
f 1113/1/1149 1116/1/1149 1192/1/1149
f 1192/1/1150 1116/1/1150 1193/1/1150
f 1121/1/1151 1123/1/1151 1122/1/1151
f 1122/1/1152 1123/1/1152 1125/1/1152
f 1122/1/1153 1125/1/1153 1194/1/1153
f 1194/1/1153 1125/1/1153 1195/1/1153
f 1172/1/1154 1196/1/1154 1173/1/1154
f 1173/1/1154 1196/1/1154 1197/1/1154
f 1173/1/1155 1197/1/1155 1198/1/1155
f 1105/1/1156 1107/1/1156 1199/1/1156
f 1199/1/1157 1107/1/1157 1185/1/1157
f 1199/1/1157 1185/1/1157 1200/1/1157
f 1200/1/1158 1185/1/1158 1181/1/1158
f 1200/1/1158 1181/1/1158 1201/1/1158
f 1201/1/1159 1181/1/1159 1178/1/1159
f 1201/1/1160 1178/1/1160 1202/1/1160
f 1202/1/1161 1178/1/1161 1177/1/1161
f 1202/1/1161 1177/1/1161 1203/1/1161
f 1203/1/1162 1177/1/1162 1175/1/1162
f 1203/1/1163 1175/1/1163 1204/1/1163
f 1204/1/1164 1175/1/1164 1173/1/1164
f 1204/1/1165 1173/1/1165 1205/1/1165
f 1205/1/1166 1173/1/1166 1198/1/1166
f 1205/1/1167 1198/1/1167 1206/1/1167
f 1129/1/1168 1207/1/1168 1128/1/1168
f 1128/1/1169 1207/1/1169 1208/1/1169
f 1128/1/1170 1208/1/1170 1126/1/1170
f 1126/1/1171 1208/1/1171 1209/1/1171
f 1210/1/1172 1211/1/1172 1212/1/1172
f 1212/1/1173 1211/1/1173 1213/1/1173
f 1212/1/1174 1213/1/1174 1207/1/1174
f 1207/1/1174 1213/1/1174 1214/1/1174
f 1207/1/1175 1214/1/1175 1208/1/1175
f 1208/1/1176 1214/1/1176 1215/1/1176
f 1208/1/1177 1215/1/1177 1209/1/1177
f 1209/1/1178 1215/1/1178 1216/1/1178
f 1217/1/1179 1218/1/1179 1219/1/1179
f 1219/1/1180 1218/1/1180 1220/1/1180
f 1109/1/1181 1221/1/1181 1110/1/1181
f 1110/1/1182 1221/1/1182 1222/1/1182
f 1110/1/1183 1222/1/1183 1218/1/1183
f 1218/1/1184 1222/1/1184 1223/1/1184
f 1218/1/1185 1223/1/1185 1220/1/1185
f 1220/1/1186 1223/1/1186 1224/1/1186
f 1221/1/1187 1111/1/1187 1222/1/1187
f 1222/1/1188 1111/1/1188 1113/1/1188
f 1222/1/1189 1113/1/1189 1223/1/1189
f 1223/1/1190 1113/1/1190 1192/1/1190
f 1223/1/1191 1192/1/1191 1224/1/1191
f 1224/1/1192 1192/1/1192 1225/1/1192
f 1211/1/1193 1108/1/1193 1213/1/1193
f 1213/1/1194 1108/1/1194 1110/1/1194
f 1213/1/1195 1110/1/1195 1214/1/1195
f 1214/1/1196 1110/1/1196 1218/1/1196
f 1214/1/1197 1218/1/1197 1215/1/1197
f 1215/1/1198 1218/1/1198 1217/1/1198
f 1215/1/1199 1217/1/1199 1216/1/1199
f 1216/1/1200 1217/1/1200 1219/1/1200
f 1216/1/1201 1219/1/1201 1226/1/1201
f 1226/1/1202 1219/1/1202 1220/1/1202
f 1226/1/1203 1220/1/1203 1227/1/1203
f 1227/1/1204 1220/1/1204 1224/1/1204
f 1227/1/1205 1224/1/1205 1130/1/1205
f 1130/1/1206 1224/1/1206 1225/1/1206
f 1130/1/1207 1225/1/1207 1131/1/1207
f 1131/1/1208 1225/1/1208 1192/1/1208
f 1131/1/1209 1192/1/1209 1133/1/1209
f 1133/1/1210 1192/1/1210 1193/1/1210
f 1133/1/1211 1193/1/1211 1135/1/1211
f 1228/1/1212 1229/1/1212 1230/1/1212
f 1230/1/1213 1229/1/1213 1231/1/1213
f 1118/1/1214 1232/1/1214 1119/1/1214
f 1119/1/1215 1232/1/1215 1233/1/1215
f 1119/1/1216 1233/1/1216 1229/1/1216
f 1229/1/1217 1233/1/1217 1234/1/1217
f 1229/1/1218 1234/1/1218 1231/1/1218
f 1231/1/1219 1234/1/1219 1235/1/1219
f 1232/1/1220 1120/1/1220 1233/1/1220
f 1233/1/1221 1120/1/1221 1122/1/1221
f 1233/1/1222 1122/1/1222 1234/1/1222
f 1234/1/1222 1122/1/1222 1194/1/1222
f 1234/1/1223 1194/1/1223 1235/1/1223
f 1235/1/1224 1194/1/1224 1236/1/1224
f 1115/1/1225 1117/1/1225 1116/1/1225
f 1116/1/1226 1117/1/1226 1119/1/1226
f 1116/1/1227 1119/1/1227 1193/1/1227
f 1193/1/1228 1119/1/1228 1229/1/1228
f 1193/1/1229 1229/1/1229 1135/1/1229
f 1135/1/1230 1229/1/1230 1228/1/1230
f 1135/1/1231 1228/1/1231 1136/1/1231
f 1136/1/1232 1228/1/1232 1230/1/1232
f 1136/1/1233 1230/1/1233 1237/1/1233
f 1237/1/1234 1230/1/1234 1231/1/1234
f 1237/1/1235 1231/1/1235 1238/1/1235
f 1238/1/1236 1231/1/1236 1235/1/1236
f 1238/1/1237 1235/1/1237 1137/1/1237
f 1137/1/1238 1235/1/1238 1236/1/1238
f 1137/1/1239 1236/1/1239 1138/1/1239
f 1138/1/1240 1236/1/1240 1194/1/1240
f 1138/1/1241 1194/1/1241 1140/1/1241
f 1140/1/1242 1194/1/1242 1195/1/1242
f 1140/1/1243 1195/1/1243 1142/1/1243
f 1239/1/1244 1240/1/1244 1241/1/1244
f 1241/1/1245 1240/1/1245 1242/1/1245
f 1243/1/1246 1244/1/1246 1245/1/1246
f 1245/1/1247 1244/1/1247 1246/1/1247
f 1245/1/1248 1246/1/1248 1240/1/1248
f 1240/1/1249 1246/1/1249 1247/1/1249
f 1240/1/1250 1247/1/1250 1242/1/1250
f 1242/1/1251 1247/1/1251 1248/1/1251
f 1244/1/1252 1188/1/1252 1246/1/1252
f 1246/1/1253 1188/1/1253 1106/1/1253
f 1246/1/1254 1106/1/1254 1247/1/1254
f 1247/1/1254 1106/1/1254 1105/1/1254
f 1247/1/1255 1105/1/1255 1248/1/1255
f 1248/1/1256 1105/1/1256 1249/1/1256
f 1124/1/1257 1243/1/1257 1125/1/1257
f 1125/1/1257 1243/1/1257 1245/1/1257
f 1125/1/1258 1245/1/1258 1195/1/1258
f 1195/1/1259 1245/1/1259 1240/1/1259
f 1195/1/1260 1240/1/1260 1142/1/1260
f 1142/1/1261 1240/1/1261 1239/1/1261
f 1142/1/1262 1239/1/1262 1143/1/1262
f 1143/1/1263 1239/1/1263 1241/1/1263
f 1143/1/1264 1241/1/1264 1250/1/1264
f 1250/1/1265 1241/1/1265 1242/1/1265
f 1250/1/1266 1242/1/1266 1251/1/1266
f 1251/1/1267 1242/1/1267 1248/1/1267
f 1251/1/1268 1248/1/1268 1144/1/1268
f 1144/1/1269 1248/1/1269 1249/1/1269
f 1144/1/1270 1249/1/1270 1145/1/1270
f 1145/1/1271 1249/1/1271 1105/1/1271
f 1145/1/1272 1105/1/1272 1147/1/1272
f 1147/1/1273 1105/1/1273 1199/1/1273
f 1147/1/1274 1199/1/1274 1149/1/1274
f 1149/1/1275 1199/1/1275 1200/1/1275
f 1150/1/1276 1149/1/1276 1151/1/1276
f 1151/1/1277 1149/1/1277 1200/1/1277
f 1151/1/1278 1200/1/1278 1152/1/1278
f 1152/1/1279 1200/1/1279 1201/1/1279
f 1152/1/1280 1201/1/1280 1154/1/1280
f 1154/1/1281 1201/1/1281 1202/1/1281
f 1154/1/1282 1202/1/1282 1156/1/1282
f 1157/1/1283 1156/1/1283 1158/1/1283
f 1158/1/1284 1156/1/1284 1202/1/1284
f 1158/1/1285 1202/1/1285 1159/1/1285
f 1159/1/1286 1202/1/1286 1203/1/1286
f 1159/1/1287 1203/1/1287 1161/1/1287
f 1161/1/1288 1203/1/1288 1204/1/1288
f 1161/1/1289 1204/1/1289 1163/1/1289
f 1206/1/130 1252/1/130 1253/1/130
f 1164/1/1290 1163/1/1290 1166/1/1290
f 1166/1/1291 1163/1/1291 1204/1/1291
f 1166/1/1292 1204/1/1292 1167/1/1292
f 1167/1/1293 1204/1/1293 1205/1/1293
f 1167/1/1294 1205/1/1294 1168/1/1294
f 1168/1/1295 1205/1/1295 1206/1/1295
f 1168/1/1296 1206/1/1296 1170/1/1296
f 1170/1/1297 1206/1/1297 1253/1/1297
f 1170/1/1298 1253/1/1298 1171/1/1298
f 1171/1/1299 1253/1/1299 1254/1/1299
f 1171/1/1300 1254/1/1300 1255/1/1300
f 110/1/1301 1256/1/1301 112/1/1301
f 112/1/1301 1256/1/1301 1257/1/1301
f 112/1/1301 1257/1/1301 113/1/1301
f 113/1/1301 1257/1/1301 1258/1/1301
f 113/1/1301 1258/1/1301 1259/1/1301
f 1259/1/1301 1258/1/1301 1260/1/1301
f 1260/1/1301 1258/1/1301 1261/1/1301
f 1260/1/1301 1261/1/1301 1262/1/1301
f 1262/1/1301 1261/1/1301 1263/1/1301
f 1262/1/1301 1263/1/1301 9/1/1301
f 9/1/1301 1263/1/1301 1264/1/1301
f 9/1/1301 1264/1/1301 10/1/1301
f 1265/1/1302 1266/1/1302 3/1/1302
f 84/1/1302 1267/1/1302 85/1/1302
f 85/1/1302 1267/1/1302 1268/1/1302
f 3/1/1302 5/1/1302 1265/1/1302
f 1265/1/1302 5/1/1302 7/1/1302
f 1265/1/1302 7/1/1302 1269/1/1302
f 1269/1/1302 7/1/1302 1270/1/1302
f 1269/1/1302 1270/1/1302 1271/1/1302
f 1271/1/1303 1270/1/1303 1272/1/1303
f 1271/1/1302 1272/1/1302 1268/1/1302
f 1268/1/1302 1272/1/1302 1273/1/1302
f 1268/1/1302 1273/1/1302 85/1/1302
f 74/1/1304 1274/1/1304 86/1/1304
f 86/1/1305 1274/1/1305 1275/1/1305
f 86/1/1306 1275/1/1306 51/1/1306
f 51/1/1307 1275/1/1307 1276/1/1307
f 51/1/1308 1276/1/1308 43/1/1308
f 43/1/1309 1276/1/1309 1277/1/1309
f 43/1/1310 1277/1/1310 44/1/1310
f 44/1/1311 1277/1/1311 94/1/1311
f 94/1/1312 1277/1/1312 1278/1/1312
f 94/1/1313 1278/1/1313 95/1/1313
f 1279/1/1314 1280/1/1314 91/1/1314
f 91/1/1315 52/1/1315 1279/1/1315
f 1279/1/1316 52/1/1316 53/1/1316
f 1279/1/1317 53/1/1317 1281/1/1317
f 98/1/1318 1282/1/1318 56/1/1318
f 56/1/1319 1282/1/1319 1283/1/1319
f 56/1/1320 1283/1/1320 54/1/1320
f 54/1/1321 1283/1/1321 1284/1/1321
f 54/1/1322 1284/1/1322 53/1/1322
f 53/1/1323 1284/1/1323 1285/1/1323
f 53/1/1324 1285/1/1324 1281/1/1324
f 99/1/1325 1286/1/1325 100/1/1325
f 100/1/1326 1286/1/1326 1287/1/1326
f 100/1/1327 1287/1/1327 101/1/1327
f 101/1/1328 1287/1/1328 1288/1/1328
f 101/1/1329 1288/1/1329 27/1/1329
f 27/1/1330 1288/1/1330 1289/1/1330
f 27/1/1331 1289/1/1331 28/1/1331
f 28/1/1332 1289/1/1332 1290/1/1332
f 28/1/1333 1290/1/1333 61/1/1333
f 1290/1/1334 1291/1/1334 61/1/1334
f 61/1/1335 1291/1/1335 1292/1/1335
f 61/1/1336 1292/1/1336 62/1/1336
f 1293/1/1337 1294/1/1337 19/1/1337
f 59/1/1338 58/1/1338 1295/1/1338
f 19/1/1339 21/1/1339 1293/1/1339
f 1293/1/1340 21/1/1340 60/1/1340
f 1293/1/1341 60/1/1341 1296/1/1341
f 1296/1/1342 60/1/1342 59/1/1342
f 1296/1/1343 59/1/1343 1297/1/1343
f 1297/1/1344 59/1/1344 1295/1/1344
f 77/1/1345 76/1/1345 1298/1/1345
f 1298/1/1346 1299/1/1346 77/1/1346
f 77/1/1347 1299/1/1347 1300/1/1347
f 77/1/1348 1300/1/1348 78/1/1348
f 78/1/1349 1300/1/1349 1301/1/1349
f 78/1/1350 1301/1/1350 64/1/1350
f 64/1/1351 1301/1/1351 65/1/1351
f 65/1/1352 1301/1/1352 1302/1/1352
f 65/1/1353 1302/1/1353 14/1/1353
f 14/1/1354 1302/1/1354 15/1/1354
f 15/1/1355 1302/1/1355 1303/1/1355
f 15/1/1356 1303/1/1356 30/1/1356
f 1304/1/1357 67/1/1357 1305/1/1357
f 1305/1/1358 67/1/1358 66/1/1358
f 1305/1/1359 66/1/1359 1306/1/1359
f 1306/1/1360 66/1/1360 36/1/1360
f 1306/1/1361 36/1/1361 1307/1/1361
f 1307/1/1362 36/1/1362 1308/1/1362
f 1308/1/1363 36/1/1363 34/1/1363
f 1308/1/1364 34/1/1364 33/1/1364
f 40/1/1365 39/1/1365 1309/1/1365
f 1309/1/1366 39/1/1366 47/1/1366
f 1309/1/1367 47/1/1367 1310/1/1367
f 1311/1/1368 1310/1/1368 1312/1/1368
f 1312/1/1369 1310/1/1369 47/1/1369
f 1312/1/1370 47/1/1370 1313/1/1370
f 1313/1/1371 47/1/1371 46/1/1371
f 1313/1/1372 46/1/1372 1314/1/1372
f 1314/1/1373 46/1/1373 45/1/1373
f 1314/1/1374 45/1/1374 1315/1/1374
f 1316/1/1375 1276/1/1375 1317/1/1375
f 1317/1/1376 1276/1/1376 1275/1/1376
f 1317/1/1377 1275/1/1377 1318/1/1377
f 1318/1/1378 1275/1/1378 1274/1/1378
f 1318/1/1379 1274/1/1379 1319/1/1379
f 1320/1/1380 1278/1/1380 1316/1/1380
f 1316/1/1381 1278/1/1381 1277/1/1381
f 1316/1/1382 1277/1/1382 1276/1/1382
f 1320/1/1383 1316/1/1383 1321/1/1383
f 1321/1/1384 1316/1/1384 1317/1/1384
f 1321/1/1385 1317/1/1385 1322/1/1385
f 1322/1/1386 1317/1/1386 1318/1/1386
f 1322/1/1387 1318/1/1387 1323/1/1387
f 1323/1/1388 1318/1/1388 1319/1/1388
f 1323/1/1389 1319/1/1389 1324/1/1389
f 1325/1/1390 1280/1/1390 1279/1/1390
f 1283/1/1391 1326/1/1391 1284/1/1391
f 1284/1/1392 1326/1/1392 1327/1/1392
f 1284/1/1393 1327/1/1393 1285/1/1393
f 1285/1/1394 1327/1/1394 1328/1/1394
f 1285/1/1395 1328/1/1395 1281/1/1395
f 1281/1/1396 1328/1/1396 1329/1/1396
f 1281/1/1397 1329/1/1397 1279/1/1397
f 1279/1/1398 1329/1/1398 1330/1/1398
f 1279/1/1399 1330/1/1399 1325/1/1399
f 1325/1/1400 1330/1/1400 1331/1/1400
f 1326/1/1401 1283/1/1401 1282/1/1401
f 1291/1/1402 1332/1/1402 1292/1/1402
f 1332/1/1403 1291/1/1403 1290/1/1403
f 1332/1/1404 1290/1/1404 1333/1/1404
f 1333/1/1405 1290/1/1405 1289/1/1405
f 1333/1/1406 1289/1/1406 1334/1/1406
f 1289/1/1407 1288/1/1407 1334/1/1407
f 1334/1/1408 1288/1/1408 1287/1/1408
f 1334/1/1409 1287/1/1409 1335/1/1409
f 1335/1/1410 1287/1/1410 1286/1/1410
f 1335/1/1411 1286/1/1411 1336/1/1411
f 1337/1/1412 1295/1/1412 1338/1/1412
f 1295/1/1413 1337/1/1413 1297/1/1413
f 1297/1/1414 1337/1/1414 1339/1/1414
f 1297/1/1415 1339/1/1415 1296/1/1415
f 1340/1/1416 1341/1/1416 1342/1/1416
f 1342/1/1417 1343/1/1417 1340/1/1417
f 1340/1/1418 1343/1/1418 1344/1/1418
f 1340/1/1419 1344/1/1419 1345/1/1419
f 1338/1/1420 1346/1/1420 1337/1/1420
f 1337/1/1421 1346/1/1421 1345/1/1421
f 1337/1/1422 1345/1/1422 1339/1/1422
f 1339/1/1423 1345/1/1423 1344/1/1423
f 1339/1/1424 1344/1/1424 1296/1/1424
f 1296/1/1425 1344/1/1425 1343/1/1425
f 1296/1/1426 1343/1/1426 1293/1/1426
f 1293/1/1427 1343/1/1427 1342/1/1427
f 1293/1/1428 1342/1/1428 1294/1/1428
f 1299/1/1429 1298/1/1429 1347/1/1429
f 1348/1/1430 1302/1/1430 1349/1/1430
f 1349/1/1431 1302/1/1431 1301/1/1431
f 1349/1/1432 1301/1/1432 1350/1/1432
f 1350/1/1433 1301/1/1433 1300/1/1433
f 1350/1/1434 1300/1/1434 1351/1/1434
f 1351/1/1435 1300/1/1435 1299/1/1435
f 1351/1/1436 1299/1/1436 1352/1/1436
f 1352/1/1437 1299/1/1437 1347/1/1437
f 1303/1/1438 1302/1/1438 1353/1/1438
f 1353/1/1439 1302/1/1439 1348/1/1439
f 1353/1/1440 1348/1/1440 1354/1/1440
f 1354/1/1441 1348/1/1441 1349/1/1441
f 1354/1/1442 1349/1/1442 1355/1/1442
f 1355/1/1443 1349/1/1443 1350/1/1443
f 1355/1/1444 1350/1/1444 1356/1/1444
f 1356/1/1445 1350/1/1445 1351/1/1445
f 1356/1/1446 1351/1/1446 1357/1/1446
f 1357/1/1447 1351/1/1447 1352/1/1447
f 1357/1/1448 1352/1/1448 1358/1/1448
f 1358/1/1449 1352/1/1449 1347/1/1449
f 1358/1/1450 1347/1/1450 1359/1/1450
f 1308/1/1451 1360/1/1451 1361/1/1451
f 1308/1/1452 1361/1/1452 1307/1/1452
f 1307/1/1453 1361/1/1453 1362/1/1453
f 1307/1/1454 1362/1/1454 1306/1/1454
f 1306/1/1455 1362/1/1455 1363/1/1455
f 1306/1/1456 1363/1/1456 1305/1/1456
f 1364/1/1457 1365/1/1457 1366/1/1457
f 1360/1/1458 1367/1/1458 1361/1/1458
f 1361/1/1459 1367/1/1459 1368/1/1459
f 1361/1/1460 1368/1/1460 1362/1/1460
f 1362/1/1461 1368/1/1461 1364/1/1461
f 1362/1/1462 1364/1/1462 1363/1/1462
f 1363/1/1463 1364/1/1463 1366/1/1463
f 1363/1/1464 1366/1/1464 1305/1/1464
f 1305/1/1465 1366/1/1465 1304/1/1465
f 1369/1/1466 1360/1/1466 1370/1/1466
f 1370/1/1467 1360/1/1467 1354/1/1467
f 1370/1/1468 1354/1/1468 1371/1/1468
f 1372/1/1469 1338/1/1469 1373/1/1469
f 1373/1/1470 1338/1/1470 1332/1/1470
f 1373/1/1471 1332/1/1471 1374/1/1471
f 1375/1/1472 1326/1/1472 1376/1/1472
f 1376/1/1473 1326/1/1473 1320/1/1473
f 1376/1/1474 1320/1/1474 1377/1/1474
f 1378/1/1475 1379/1/1475 1380/1/1475
f 1381/1/1476 1382/1/1476 1383/1/1476
f 1380/1/1477 1384/1/1477 1378/1/1477
f 1378/1/1478 1384/1/1478 1385/1/1478
f 1378/1/1479 1385/1/1479 1386/1/1479
f 1386/1/1480 1385/1/1480 1381/1/1480
f 1386/1/1481 1381/1/1481 1387/1/1481
f 1387/1/1482 1381/1/1482 1383/1/1482
f 1311/1/1483 1388/1/1483 1389/1/1483
f 1389/1/1484 1388/1/1484 1379/1/1484
f 1389/1/1485 1379/1/1485 1390/1/1485
f 1391/1/1486 1392/1/1486 1393/1/1486
f 1393/1/1487 1392/1/1487 1387/1/1487
f 1393/1/1488 1387/1/1488 1383/1/1488
f 1392/1/1489 1394/1/1489 1387/1/1489
f 1387/1/1490 1394/1/1490 1395/1/1490
f 1387/1/1491 1395/1/1491 1386/1/1491
f 1386/1/1492 1395/1/1492 1396/1/1492
f 1386/1/1493 1396/1/1493 1378/1/1493
f 1378/1/1494 1396/1/1494 1397/1/1494
f 1378/1/1495 1397/1/1495 1379/1/1495
f 1391/1/1496 1398/1/1496 1392/1/1496
f 1392/1/1497 1398/1/1497 1399/1/1497
f 1392/1/1498 1399/1/1498 1394/1/1498
f 1394/1/1499 1399/1/1499 1400/1/1499
f 1394/1/1500 1400/1/1500 1395/1/1500
f 1395/1/1501 1400/1/1501 1401/1/1501
f 1395/1/1502 1401/1/1502 1396/1/1502
f 1396/1/1503 1401/1/1503 1402/1/1503
f 1396/1/1504 1402/1/1504 1397/1/1504
f 1397/1/1505 1402/1/1505 1390/1/1505
f 1397/1/1506 1390/1/1506 1379/1/1506
f 1380/1/1507 1379/1/1507 1403/1/1507
f 1403/1/1508 1379/1/1508 1388/1/1508
f 1403/1/1509 1388/1/1509 1404/1/1509
f 1405/1/1510 1404/1/1510 1388/1/1510
f 1388/1/1511 1406/1/1511 1405/1/1511
f 1405/1/1512 1406/1/1512 1407/1/1512
f 1405/1/1513 1407/1/1513 1408/1/1513
f 1408/1/1514 1407/1/1514 1409/1/1514
f 1408/1/1515 1409/1/1515 1410/1/1515
f 1410/1/1516 1409/1/1516 1411/1/1516
f 1410/1/1517 1411/1/1517 1412/1/1517
f 1367/1/1518 1360/1/1518 1369/1/1518
f 1413/1/1519 1365/1/1519 1414/1/1519
f 1414/1/1520 1365/1/1520 1364/1/1520
f 1369/1/1521 1415/1/1521 1367/1/1521
f 1367/1/1522 1415/1/1522 1416/1/1522
f 1367/1/1523 1416/1/1523 1368/1/1523
f 1368/1/1524 1416/1/1524 1417/1/1524
f 1368/1/1525 1417/1/1525 1364/1/1525
f 1364/1/1526 1417/1/1526 1418/1/1526
f 1364/1/1527 1418/1/1527 1414/1/1527
f 1419/1/1528 1303/1/1528 1353/1/1528
f 1354/1/1529 1360/1/1529 1353/1/1529
f 1353/1/1530 1360/1/1530 1308/1/1530
f 1353/1/1531 1308/1/1531 1419/1/1531
f 1358/1/1532 1359/1/1532 1420/1/1532
f 1420/1/1533 1421/1/1533 1358/1/1533
f 1358/1/1534 1421/1/1534 1422/1/1534
f 1358/1/1535 1422/1/1535 1357/1/1535
f 1371/1/1536 1354/1/1536 1423/1/1536
f 1423/1/1537 1354/1/1537 1355/1/1537
f 1423/1/1538 1355/1/1538 1424/1/1538
f 1424/1/1539 1355/1/1539 1356/1/1539
f 1424/1/1540 1356/1/1540 1425/1/1540
f 1425/1/1541 1356/1/1541 1357/1/1541
f 1425/1/1542 1357/1/1542 1426/1/1542
f 1426/1/1543 1357/1/1543 1422/1/1543
f 1372/1/1544 1427/1/1544 1338/1/1544
f 1338/1/1545 1427/1/1545 1346/1/1545
f 1428/1/1546 1429/1/1546 1341/1/1546
f 1427/1/1547 1430/1/1547 1346/1/1547
f 1346/1/1548 1430/1/1548 1431/1/1548
f 1346/1/1549 1431/1/1549 1345/1/1549
f 1345/1/1550 1431/1/1550 1428/1/1550
f 1345/1/1551 1428/1/1551 1340/1/1551
f 1340/1/1552 1428/1/1552 1341/1/1552
f 1338/1/1553 1295/1/1553 1332/1/1553
f 1332/1/1554 1295/1/1554 1292/1/1554
f 1335/1/1555 1432/1/1555 1433/1/1555
f 1336/1/1556 1434/1/1556 1335/1/1556
f 1335/1/1557 1434/1/1557 1435/1/1557
f 1335/1/1558 1435/1/1558 1432/1/1558
f 1436/1/1559 1333/1/1559 1433/1/1559
f 1433/1/1560 1333/1/1560 1334/1/1560
f 1433/1/1561 1334/1/1561 1335/1/1561
f 1436/1/1562 1437/1/1562 1333/1/1562
f 1333/1/1563 1437/1/1563 1374/1/1563
f 1333/1/1564 1374/1/1564 1332/1/1564
f 1326/1/1565 1375/1/1565 1438/1/1565
f 1326/1/1566 1438/1/1566 1327/1/1566
f 1438/1/1567 1439/1/1567 1327/1/1567
f 1327/1/1568 1439/1/1568 1440/1/1568
f 1327/1/1569 1440/1/1569 1328/1/1569
f 1328/1/1570 1440/1/1570 1441/1/1570
f 1328/1/1571 1441/1/1571 1329/1/1571
f 1442/1/1572 1331/1/1572 1441/1/1572
f 1441/1/1573 1331/1/1573 1330/1/1573
f 1441/1/1574 1330/1/1574 1329/1/1574
f 1326/1/1575 1282/1/1575 1320/1/1575
f 1320/1/1576 1282/1/1576 1278/1/1576
f 1324/1/1577 1443/1/1577 1444/1/1577
f 1324/1/1578 1444/1/1578 1323/1/1578
f 1445/1/1579 1377/1/1579 1320/1/1579
f 1444/1/1580 1446/1/1580 1323/1/1580
f 1323/1/1581 1446/1/1581 1447/1/1581
f 1323/1/1582 1447/1/1582 1322/1/1582
f 1322/1/1583 1447/1/1583 1445/1/1583
f 1322/1/1584 1445/1/1584 1321/1/1584
f 1321/1/1585 1445/1/1585 1320/1/1585
f 1314/1/1586 1315/1/1586 1448/1/1586
f 1311/1/1587 1312/1/1587 1449/1/1587
f 1449/1/1588 1312/1/1588 1313/1/1588
f 1449/1/1589 1313/1/1589 1450/1/1589
f 1450/1/1590 1313/1/1590 1314/1/1590
f 1450/1/1591 1314/1/1591 1451/1/1591
f 1451/1/1592 1314/1/1592 1448/1/1592
f 1451/1/1593 1448/1/1593 1411/1/1593
f 1411/1/1594 1409/1/1594 1451/1/1594
f 1451/1/1595 1409/1/1595 1407/1/1595
f 1451/1/1596 1407/1/1596 1450/1/1596
f 1450/1/1597 1407/1/1597 1406/1/1597
f 1450/1/1598 1406/1/1598 1449/1/1598
f 1449/1/1599 1406/1/1599 1388/1/1599
f 1449/1/1600 1388/1/1600 1311/1/1600
f 90/1/126 88/1/126 1391/1/126
f 1391/1/127 1393/1/127 90/1/127
f 90/1/126 1393/1/126 1383/1/126
f 90/1/127 1383/1/127 1382/1/127
f 1391/1/1601 88/1/1601 1398/1/1601
f 1398/1/1602 88/1/1602 75/1/1602
f 1398/1/1603 75/1/1603 1399/1/1603
f 75/1/1604 73/1/1604 1399/1/1604
f 1399/1/1605 73/1/1605 72/1/1605
f 1399/1/1606 72/1/1606 1400/1/1606
f 1400/1/1607 72/1/1607 1401/1/1607
f 72/1/1608 50/1/1608 1401/1/1608
f 1401/1/1609 50/1/1609 49/1/1609
f 1401/1/1610 49/1/1610 1402/1/1610
f 1402/1/1611 49/1/1611 48/1/1611
f 48/1/1612 24/1/1612 1402/1/1612
f 1402/1/1613 24/1/1613 42/1/1613
f 1402/1/1614 42/1/1614 1390/1/1614
f 40/1/1615 1309/1/1615 1389/1/1615
f 1389/1/1616 1309/1/1616 1310/1/1616
f 1389/1/1617 1310/1/1617 1311/1/1617
f 1390/1/1618 42/1/1618 1389/1/1618
f 1389/1/1619 42/1/1619 41/1/1619
f 1389/1/1620 41/1/1620 40/1/1620
f 79/1/129 1412/1/129 1411/1/129
f 1411/1/128 1448/1/128 79/1/128
f 79/1/129 1448/1/129 1315/1/129
f 79/1/129 1315/1/129 45/1/129
f 69/1/126 67/1/126 1304/1/126
f 1304/1/127 1366/1/127 69/1/127
f 69/1/127 1366/1/127 1365/1/127
f 69/1/126 1365/1/126 1413/1/126
f 1308/1/1621 33/1/1621 1419/1/1621
f 1419/1/1622 33/1/1622 31/1/1622
f 1419/1/1623 31/1/1623 1303/1/1623
f 1303/1/1624 31/1/1624 30/1/1624
f 102/1/128 1420/1/128 1359/1/128
f 1359/1/128 1347/1/128 102/1/128
f 102/1/129 1347/1/129 1298/1/129
f 102/1/129 1298/1/129 76/1/129
f 182/1/127 184/1/127 1452/1/127
f 17/1/127 19/1/127 1453/1/127
f 1453/1/126 19/1/126 1294/1/126
f 1452/1/126 1454/1/126 182/1/126
f 182/1/126 1454/1/126 17/1/126
f 182/1/126 17/1/126 1455/1/126
f 1455/1/126 17/1/126 1453/1/126
f 1294/1/127 1342/1/127 1453/1/127
f 1453/1/126 1342/1/126 1341/1/126
f 1453/1/127 1341/1/127 1429/1/127
f 62/1/1625 1292/1/1625 63/1/1625
f 63/1/1626 1292/1/1626 1295/1/1626
f 63/1/1627 1295/1/1627 58/1/1627
f 1456/1/128 200/1/128 199/1/128
f 93/1/129 1457/1/129 1458/1/129
f 1458/1/129 1434/1/129 1336/1/129
f 1457/1/129 93/1/129 199/1/129
f 199/1/128 93/1/128 1459/1/128
f 199/1/129 1459/1/129 1456/1/129
f 1336/1/129 1286/1/129 1458/1/129
f 1458/1/129 1286/1/129 99/1/129
f 1458/1/129 99/1/129 93/1/129
f 1280/1/126 1325/1/126 1460/1/126
f 1460/1/127 1325/1/127 1331/1/127
f 1460/1/126 1331/1/126 1442/1/126
f 205/1/127 1461/1/127 206/1/127
f 206/1/126 1461/1/126 1462/1/126
f 206/1/126 1462/1/126 1463/1/126
f 1463/1/127 1462/1/127 92/1/127
f 1463/1/126 92/1/126 1460/1/126
f 1460/1/127 92/1/127 91/1/127
f 1460/1/126 91/1/126 1280/1/126
f 95/1/1628 1278/1/1628 97/1/1628
f 97/1/1629 1278/1/1629 1282/1/1629
f 97/1/1630 1282/1/1630 98/1/1630
f 1464/1/128 219/1/128 218/1/128
f 1464/1/129 218/1/129 1465/1/129
f 1466/1/129 74/1/129 103/1/129
f 1466/1/129 1443/1/129 1324/1/129
f 1465/1/129 218/1/129 103/1/129
f 103/1/129 218/1/129 1467/1/129
f 103/1/129 1467/1/129 1466/1/129
f 1324/1/129 1319/1/129 1466/1/129
f 1466/1/128 1319/1/128 1274/1/128
f 1466/1/129 1274/1/129 74/1/129
f 1468/1/1631 152/1/1631 151/1/1631
f 1468/1/1632 151/1/1632 1469/1/1632
f 151/1/1633 153/1/1633 1469/1/1633
f 1469/1/1634 153/1/1634 154/1/1634
f 1469/1/1635 154/1/1635 1470/1/1635
f 154/1/1636 157/1/1636 1470/1/1636
f 1470/1/1637 157/1/1637 160/1/1637
f 1470/1/1638 160/1/1638 1471/1/1638
f 1471/1/1639 160/1/1639 225/1/1639
f 1471/1/1640 225/1/1640 1472/1/1640
f 1472/1/1641 225/1/1641 1473/1/1641
f 1474/1/1642 1475/1/1642 117/1/1642
f 117/1/1643 1475/1/1643 1476/1/1643
f 117/1/1644 1476/1/1644 114/1/1644
f 1474/1/1645 117/1/1645 1477/1/1645
f 1477/1/1646 117/1/1646 119/1/1646
f 1477/1/1647 119/1/1647 1478/1/1647
f 175/1/1648 1479/1/1648 174/1/1648
f 174/1/1649 1479/1/1649 1480/1/1649
f 174/1/1650 1480/1/1650 173/1/1650
f 173/1/1651 1480/1/1651 1481/1/1651
f 173/1/1652 1481/1/1652 119/1/1652
f 119/1/1653 1481/1/1653 1482/1/1653
f 119/1/1654 1482/1/1654 1478/1/1654
f 184/1/1655 186/1/1655 176/1/1655
f 176/1/1656 186/1/1656 188/1/1656
f 176/1/1657 188/1/1657 190/1/1657
f 176/1/1658 172/1/1658 184/1/1658
f 184/1/1659 172/1/1659 181/1/1659
f 184/1/1660 181/1/1660 1452/1/1660
f 1452/1/1661 181/1/1661 180/1/1661
f 1452/1/1662 180/1/1662 178/1/1662
f 120/1/1663 1483/1/1663 191/1/1663
f 191/1/1664 1483/1/1664 1479/1/1664
f 191/1/1665 1479/1/1665 190/1/1665
f 190/1/1666 1479/1/1666 175/1/1666
f 190/1/1667 175/1/1667 176/1/1667
f 1484/1/1668 1485/1/1668 125/1/1668
f 125/1/1669 1485/1/1669 1486/1/1669
f 125/1/1670 1486/1/1670 123/1/1670
f 123/1/1671 1486/1/1671 1487/1/1671
f 123/1/1672 1487/1/1672 120/1/1672
f 120/1/1673 1487/1/1673 1488/1/1673
f 120/1/1674 1488/1/1674 1483/1/1674
f 1489/1/1675 1490/1/1675 194/1/1675
f 194/1/1676 1490/1/1676 1491/1/1676
f 194/1/1677 1491/1/1677 125/1/1677
f 125/1/1678 1491/1/1678 1492/1/1678
f 125/1/1679 1492/1/1679 1484/1/1679
f 1489/1/1680 194/1/1680 1493/1/1680
f 1493/1/1681 194/1/1681 193/1/1681
f 1493/1/1682 193/1/1682 1494/1/1682
f 1461/1/1683 205/1/1683 200/1/1683
f 200/1/1684 205/1/1684 203/1/1684
f 200/1/1685 203/1/1685 201/1/1685
f 201/1/1686 203/1/1686 202/1/1686
f 201/1/1687 202/1/1687 196/1/1687
f 196/1/1688 202/1/1688 208/1/1688
f 196/1/1689 208/1/1689 193/1/1689
f 1494/1/1690 193/1/1690 1495/1/1690
f 1495/1/1691 193/1/1691 208/1/1691
f 1495/1/1692 208/1/1692 213/1/1692
f 213/1/1693 212/1/1693 1495/1/1693
f 1495/1/1694 212/1/1694 211/1/1694
f 1495/1/1695 211/1/1695 1496/1/1695
f 1496/1/1696 211/1/1696 126/1/1696
f 130/1/1697 1497/1/1697 1498/1/1697
f 130/1/1698 1498/1/1698 128/1/1698
f 128/1/1699 1498/1/1699 1499/1/1699
f 128/1/1700 1499/1/1700 1500/1/1700
f 1500/1/1701 1501/1/1701 128/1/1701
f 128/1/1702 1501/1/1702 1502/1/1702
f 128/1/1703 1502/1/1703 126/1/1703
f 126/1/1704 1502/1/1704 1503/1/1704
f 126/1/1705 1503/1/1705 1496/1/1705
f 1497/1/1706 130/1/1706 1504/1/1706
f 1504/1/1707 130/1/1707 214/1/1707
f 1504/1/1708 214/1/1708 1505/1/1708
f 143/1/1709 222/1/1709 141/1/1709
f 141/1/1710 222/1/1710 221/1/1710
f 141/1/1711 221/1/1711 139/1/1711
f 139/1/1712 221/1/1712 219/1/1712
f 139/1/1713 219/1/1713 132/1/1713
f 132/1/1714 219/1/1714 1464/1/1714
f 132/1/1715 1464/1/1715 133/1/1715
f 133/1/1716 1464/1/1716 135/1/1716
f 1468/1/1717 1506/1/1717 152/1/1717
f 152/1/1718 1506/1/1718 1507/1/1718
f 152/1/1719 1507/1/1719 148/1/1719
f 148/1/1720 1507/1/1720 1508/1/1720
f 148/1/1721 1508/1/1721 147/1/1721
f 147/1/1722 1508/1/1722 1509/1/1722
f 147/1/1723 1509/1/1723 145/1/1723
f 145/1/1724 1509/1/1724 1505/1/1724
f 145/1/1725 1505/1/1725 143/1/1725
f 143/1/1726 1505/1/1726 214/1/1726
f 143/1/1727 214/1/1727 222/1/1727
f 135/1/1728 1464/1/1728 223/1/1728
f 223/1/1729 1464/1/1729 1465/1/1729
f 223/1/1729 1465/1/1729 224/1/1729
f 224/1/1730 1465/1/1730 103/1/1730
f 224/1/1730 103/1/1730 105/1/1730
f 200/1/1683 1456/1/1683 1461/1/1683
f 1461/1/1729 1456/1/1729 1459/1/1729
f 1461/1/1729 1459/1/1729 1462/1/1729
f 1462/1/1730 1459/1/1730 93/1/1730
f 1462/1/1730 93/1/1730 92/1/1730
f 178/1/1728 228/1/1728 1452/1/1728
f 1452/1/1729 228/1/1729 227/1/1729
f 1452/1/1729 227/1/1729 1454/1/1729
f 1454/1/1730 227/1/1730 11/1/1730
f 1454/1/1730 11/1/1730 17/1/1730
f 1510/1/1731 1511/1/1731 226/1/1731
f 1510/1/1732 226/1/1732 1512/1/1732
f 1512/1/1733 226/1/1733 165/1/1733
f 1512/1/1734 165/1/1734 1513/1/1734
f 114/1/1735 1476/1/1735 169/1/1735
f 169/1/1736 1476/1/1736 1514/1/1736
f 169/1/1737 1514/1/1737 167/1/1737
f 167/1/1738 1514/1/1738 1515/1/1738
f 167/1/1739 1515/1/1739 165/1/1739
f 165/1/1740 1515/1/1740 1516/1/1740
f 165/1/1741 1516/1/1741 1513/1/1741
f 110/1/1742 108/1/1742 1517/1/1742
f 1517/1/1743 108/1/1743 226/1/1743
f 1517/1/1744 226/1/1744 1518/1/1744
f 1518/1/1745 226/1/1745 1511/1/1745
f 1473/1/1746 225/1/1746 1519/1/1746
f 1519/1/1747 225/1/1747 1/1/1747
f 1519/1/1748 1/1/1748 3/1/1748
f 1498/1/1749 1497/1/1749 1520/1/1749
f 1473/1/1750 1521/1/1750 1522/1/1750
f 1523/1/1751 1524/1/1751 1525/1/1751
f 1526/1/1752 1527/1/1752 1528/1/1752
f 1528/1/1753 1527/1/1753 1529/1/1753
f 1528/1/1754 1529/1/1754 1530/1/1754
f 1525/1/1755 1524/1/1755 1528/1/1755
f 1528/1/1756 1524/1/1756 1531/1/1756
f 1528/1/1757 1531/1/1757 1526/1/1757
f 1523/1/1758 1525/1/1758 1532/1/1758
f 1532/1/1759 1525/1/1759 1533/1/1759
f 1532/1/1760 1533/1/1760 1534/1/1760
f 1534/1/1761 1535/1/1761 1536/1/1761
f 1536/1/1762 1535/1/1762 1537/1/1762
f 1536/1/1763 1537/1/1763 1538/1/1763
f 1538/1/1764 1537/1/1764 1539/1/1764
f 1538/1/1765 1539/1/1765 1540/1/1765
f 1540/1/1766 1539/1/1766 1541/1/1766
f 1541/1/1767 1539/1/1767 1542/1/1767
f 1541/1/1768 1542/1/1768 1543/1/1768
f 1543/1/1769 1542/1/1769 1544/1/1769
f 1543/1/1770 1544/1/1770 1545/1/1770
f 1545/1/1771 1544/1/1771 1520/1/1771
f 1545/1/1772 1520/1/1772 1546/1/1772
f 1546/1/1773 1520/1/1773 1547/1/1773
f 1547/1/1774 1520/1/1774 1548/1/1774
f 1547/1/1775 1548/1/1775 1549/1/1775
f 1550/1/1776 1551/1/1776 1548/1/1776
f 1548/1/1777 1551/1/1777 1552/1/1777
f 1548/1/1778 1552/1/1778 1549/1/1778
f 1553/1/1779 1554/1/1779 1521/1/1779
f 1521/1/1780 1554/1/1780 1555/1/1780
f 1521/1/1781 1555/1/1781 1522/1/1781
f 1522/1/1782 1555/1/1782 1556/1/1782
f 1522/1/1783 1556/1/1783 1557/1/1783
f 1557/1/1784 1556/1/1784 1558/1/1784
f 1557/1/1785 1558/1/1785 1559/1/1785
f 1559/1/1786 1558/1/1786 1560/1/1786
f 1559/1/1787 1560/1/1787 1561/1/1787
f 1266/1/1788 1553/1/1788 3/1/1788
f 3/1/1789 1553/1/1789 1521/1/1789
f 3/1/1790 1521/1/1790 1519/1/1790
f 1519/1/1791 1521/1/1791 1473/1/1791
f 1559/1/1792 1470/1/1792 1557/1/1792
f 1557/1/1793 1470/1/1793 1471/1/1793
f 1557/1/1794 1471/1/1794 1522/1/1794
f 1522/1/1795 1471/1/1795 1472/1/1795
f 1522/1/1796 1472/1/1796 1473/1/1796
f 1507/1/1797 1506/1/1797 1561/1/1797
f 1561/1/1798 1506/1/1798 1468/1/1798
f 1561/1/1799 1468/1/1799 1559/1/1799
f 1559/1/1800 1468/1/1800 1469/1/1800
f 1559/1/1801 1469/1/1801 1470/1/1801
f 1560/1/1802 1550/1/1802 1561/1/1802
f 1561/1/1803 1550/1/1803 1548/1/1803
f 1561/1/1804 1548/1/1804 1507/1/1804
f 1507/1/1805 1548/1/1805 1508/1/1805
f 1497/1/1806 1504/1/1806 1520/1/1806
f 1520/1/1807 1504/1/1807 1505/1/1807
f 1520/1/1808 1505/1/1808 1548/1/1808
f 1548/1/1809 1505/1/1809 1509/1/1809
f 1548/1/1810 1509/1/1810 1508/1/1810
f 1498/1/1811 1520/1/1811 1499/1/1811
f 1499/1/1812 1520/1/1812 1544/1/1812
f 1499/1/1813 1544/1/1813 1500/1/1813
f 1542/1/1814 1494/1/1814 1495/1/1814
f 1503/1/1815 1502/1/1815 1544/1/1815
f 1544/1/1816 1502/1/1816 1501/1/1816
f 1544/1/1817 1501/1/1817 1500/1/1817
f 1542/1/1818 1495/1/1818 1544/1/1818
f 1544/1/1819 1495/1/1819 1496/1/1819
f 1544/1/1820 1496/1/1820 1503/1/1820
f 1539/1/1821 1486/1/1821 1485/1/1821
f 1490/1/1822 1489/1/1822 1542/1/1822
f 1542/1/1823 1489/1/1823 1493/1/1823
f 1542/1/1824 1493/1/1824 1494/1/1824
f 1485/1/1825 1484/1/1825 1539/1/1825
f 1539/1/1826 1484/1/1826 1492/1/1826
f 1539/1/1827 1492/1/1827 1542/1/1827
f 1542/1/1828 1492/1/1828 1491/1/1828
f 1542/1/1829 1491/1/1829 1490/1/1829
f 1486/1/1830 1539/1/1830 1487/1/1830
f 1487/1/1831 1539/1/1831 1537/1/1831
f 1487/1/1832 1537/1/1832 1488/1/1832
f 1481/1/1833 1480/1/1833 1535/1/1833
f 1535/1/1834 1480/1/1834 1479/1/1834
f 1535/1/1835 1479/1/1835 1537/1/1835
f 1537/1/1836 1479/1/1836 1483/1/1836
f 1537/1/1837 1483/1/1837 1488/1/1837
f 1534/1/1838 1533/1/1838 1535/1/1838
f 1535/1/1839 1533/1/1839 1482/1/1839
f 1535/1/1840 1482/1/1840 1481/1/1840
f 1475/1/1841 1474/1/1841 1525/1/1841
f 1525/1/1842 1474/1/1842 1477/1/1842
f 1525/1/1843 1477/1/1843 1533/1/1843
f 1533/1/1844 1477/1/1844 1478/1/1844
f 1533/1/1845 1478/1/1845 1482/1/1845
f 1516/1/1846 1515/1/1846 1528/1/1846
f 1528/1/1847 1515/1/1847 1514/1/1847
f 1528/1/1848 1514/1/1848 1525/1/1848
f 1525/1/1849 1514/1/1849 1476/1/1849
f 1525/1/1850 1476/1/1850 1475/1/1850
f 1511/1/1851 1510/1/1851 1530/1/1851
f 1530/1/1852 1510/1/1852 1512/1/1852
f 1530/1/1853 1512/1/1853 1528/1/1853
f 1528/1/1854 1512/1/1854 1513/1/1854
f 1528/1/1855 1513/1/1855 1516/1/1855
f 1562/1/1856 1517/1/1856 1530/1/1856
f 1530/1/1857 1517/1/1857 1518/1/1857
f 1530/1/1858 1518/1/1858 1511/1/1858
f 1529/1/1859 1563/1/1859 1530/1/1859
f 1530/1/1860 1563/1/1860 1564/1/1860
f 1530/1/1861 1564/1/1861 1562/1/1861
f 1562/1/1862 1564/1/1862 1256/1/1862
f 1562/1/1863 1256/1/1863 1517/1/1863
f 1517/1/1864 1256/1/1864 110/1/1864
f 70/1/1865 71/1/1865 1565/1/1865
f 1566/1/1866 1567/1/1866 1565/1/1866
f 1568/1/1867 1569/1/1867 1570/1/1867
f 1267/1/1868 1571/1/1868 1572/1/1868
f 1572/1/1869 1571/1/1869 1573/1/1869
f 1574/1/1870 1575/1/1870 1571/1/1870
f 1571/1/1871 1575/1/1871 1576/1/1871
f 1571/1/1872 1576/1/1872 1573/1/1872
f 1577/1/1873 1578/1/1873 1574/1/1873
f 1574/1/1874 1578/1/1874 1579/1/1874
f 1574/1/1875 1579/1/1875 1575/1/1875
f 1580/1/1876 1581/1/1876 1582/1/1876
f 1582/1/1877 1581/1/1877 1583/1/1877
f 1582/1/1878 1583/1/1878 1577/1/1878
f 1577/1/1879 1583/1/1879 1584/1/1879
f 1577/1/1880 1584/1/1880 1578/1/1880
f 1585/1/1881 1586/1/1881 1587/1/1881
f 1587/1/1882 1586/1/1882 1588/1/1882
f 1587/1/1883 1588/1/1883 1589/1/1883
f 1589/1/1884 1588/1/1884 1590/1/1884
f 1585/1/1885 1587/1/1885 1591/1/1885
f 1591/1/1886 1587/1/1886 1592/1/1886
f 1591/1/1887 1592/1/1887 1593/1/1887
f 1594/1/1888 1595/1/1888 1592/1/1888
f 1592/1/1889 1595/1/1889 1596/1/1889
f 1592/1/1890 1596/1/1890 1593/1/1890
f 1597/1/1891 1598/1/1891 1599/1/1891
f 1598/1/1892 1597/1/1892 1600/1/1892
f 1600/1/1893 1597/1/1893 1601/1/1893
f 1600/1/1894 1601/1/1894 1602/1/1894
f 1602/1/1895 1601/1/1895 1603/1/1895
f 1603/1/1896 1601/1/1896 1604/1/1896
f 1603/1/1897 1604/1/1897 1605/1/1897
f 1605/1/1898 1604/1/1898 1606/1/1898
f 1606/1/1899 1604/1/1899 1607/1/1899
f 1606/1/1900 1607/1/1900 1608/1/1900
f 1608/1/1901 1607/1/1901 1609/1/1901
f 1609/1/1902 1607/1/1902 1610/1/1902
f 1609/1/1903 1610/1/1903 1611/1/1903
f 1570/1/1904 1569/1/1904 1610/1/1904
f 1610/1/1905 1569/1/1905 1612/1/1905
f 1610/1/1906 1612/1/1906 1611/1/1906
f 71/1/1907 10/1/1907 1565/1/1907
f 1565/1/1908 10/1/1908 1264/1/1908
f 1565/1/1909 1264/1/1909 1566/1/1909
f 1567/1/1910 1568/1/1910 1565/1/1910
f 1565/1/1911 1568/1/1911 1570/1/1911
f 1565/1/1912 1570/1/1912 70/1/1912
f 70/1/1913 1570/1/1913 1610/1/1913
f 70/1/1914 1610/1/1914 68/1/1914
f 68/1/1915 1610/1/1915 35/1/1915
f 35/1/1916 1610/1/1916 1607/1/1916
f 35/1/1917 1607/1/1917 32/1/1917
f 32/1/1918 1607/1/1918 1604/1/1918
f 32/1/1919 1604/1/1919 25/1/1919
f 25/1/1920 1604/1/1920 1601/1/1920
f 25/1/1921 1601/1/1921 16/1/1921
f 16/1/1922 1601/1/1922 57/1/1922
f 57/1/1923 1601/1/1923 1597/1/1923
f 57/1/1924 1597/1/1924 1594/1/1924
f 1594/1/1925 1597/1/1925 1599/1/1925
f 1594/1/1926 1599/1/1926 1595/1/1926
f 37/1/1927 23/1/1927 1589/1/1927
f 1589/1/1928 23/1/1928 22/1/1928
f 1589/1/1929 22/1/1929 1587/1/1929
f 1587/1/1930 22/1/1930 96/1/1930
f 1587/1/1931 96/1/1931 1592/1/1931
f 1592/1/1932 96/1/1932 55/1/1932
f 1592/1/1933 55/1/1933 1594/1/1933
f 1594/1/1934 55/1/1934 29/1/1934
f 1594/1/1935 29/1/1935 57/1/1935
f 1574/1/1936 38/1/1936 1577/1/1936
f 1577/1/1937 38/1/1937 37/1/1937
f 1577/1/1938 37/1/1938 1582/1/1938
f 1582/1/1939 37/1/1939 1589/1/1939
f 1582/1/1940 1589/1/1940 1580/1/1940
f 1580/1/1941 1589/1/1941 1590/1/1941
f 1267/1/1942 84/1/1942 1571/1/1942
f 1571/1/1943 84/1/1943 82/1/1943
f 1571/1/1944 82/1/1944 1574/1/1944
f 1574/1/1945 82/1/1945 80/1/1945
f 1574/1/1946 80/1/1946 38/1/1946
f 1556/1/1947 1555/1/1947 1613/1/1947
f 1613/1/1948 1555/1/1948 1554/1/1948
f 1613/1/1949 1554/1/1949 1553/1/1949
f 1553/1/1950 1266/1/1950 1613/1/1950
f 1613/1/1951 1266/1/1951 1265/1/1951
f 1613/1/1951 1265/1/1951 1269/1/1951
f 1267/1/1951 1614/1/1951 1268/1/1951
f 1268/1/1951 1614/1/1951 1271/1/1951
f 1615/1/1952 1543/1/1952 1616/1/1952
f 1616/1/1953 1543/1/1953 1545/1/1953
f 1552/1/1954 1551/1/1954 1617/1/1954
f 1617/1/1955 1551/1/1955 1550/1/1955
f 1617/1/1956 1550/1/1956 1618/1/1956
f 1618/1/1957 1550/1/1957 1560/1/1957
f 1618/1/1958 1560/1/1958 1613/1/1958
f 1613/1/1959 1560/1/1959 1558/1/1959
f 1613/1/1960 1558/1/1960 1556/1/1960
f 1545/1/1961 1546/1/1961 1616/1/1961
f 1616/1/1962 1546/1/1962 1547/1/1962
f 1616/1/1963 1547/1/1963 1617/1/1963
f 1617/1/1964 1547/1/1964 1549/1/1964
f 1617/1/1965 1549/1/1965 1552/1/1965
f 1536/1/1966 1619/1/1966 1534/1/1966
f 1534/1/1967 1619/1/1967 1620/1/1967
f 1534/1/1968 1620/1/1968 1532/1/1968
f 1536/1/1969 1538/1/1969 1619/1/1969
f 1619/1/1970 1538/1/1970 1540/1/1970
f 1619/1/1971 1540/1/1971 1615/1/1971
f 1615/1/1972 1540/1/1972 1541/1/1972
f 1615/1/1973 1541/1/1973 1543/1/1973
f 1258/1/1974 1257/1/1974 1621/1/1974
f 1264/1/1974 1263/1/1974 1622/1/1974
f 1622/1/1974 1263/1/1974 1261/1/1974
f 1257/1/1974 1256/1/1974 1621/1/1974
f 1621/1/1975 1256/1/1975 1564/1/1975
f 1621/1/1976 1564/1/1976 1563/1/1976
f 1563/1/1977 1529/1/1977 1621/1/1977
f 1621/1/1978 1529/1/1978 1527/1/1978
f 1621/1/1979 1527/1/1979 1526/1/1979
f 1526/1/1980 1531/1/1980 1621/1/1980
f 1621/1/1981 1531/1/1981 1524/1/1981
f 1621/1/1982 1524/1/1982 1523/1/1982
f 1532/1/1983 1620/1/1983 1523/1/1983
f 1523/1/1984 1620/1/1984 1623/1/1984
f 1523/1/1985 1623/1/1985 1621/1/1985
f 1624/1/1986 1625/1/1986 1626/1/1986
f 1103/1/1987 1627/1/1987 1628/1/1987
f 1628/1/1987 1627/1/1987 1629/1/1987
f 1628/1/1988 1629/1/1988 1630/1/1988
f 1630/1/1989 1629/1/1989 1631/1/1989
f 1630/1/1990 1631/1/1990 1632/1/1990
f 1632/1/1991 1631/1/1991 1633/1/1991
f 1632/1/1992 1633/1/1992 1634/1/1992
f 1634/1/1993 1633/1/1993 1624/1/1993
f 1634/1/1994 1624/1/1994 1635/1/1994
f 1635/1/1995 1624/1/1995 1626/1/1995
f 1625/1/1996 1624/1/1996 1636/1/1996
f 1636/1/1997 1624/1/1997 1637/1/1997
f 1636/1/1998 1637/1/1998 1638/1/1998
f 1638/1/1999 1637/1/1999 1639/1/1999
f 1638/1/2000 1639/1/2000 1640/1/2000
f 1640/1/2001 1639/1/2001 1641/1/2001
f 1640/1/2002 1641/1/2002 1642/1/2002
f 1642/1/2003 1641/1/2003 1643/1/2003
f 1642/1/2004 1643/1/2004 1644/1/2004
f 1644/1/2005 1643/1/2005 1613/1/2005
f 1644/1/2006 1613/1/2006 1614/1/2006
f 1614/1/1951 1613/1/1951 1269/1/1951
f 1614/1/1951 1269/1/1951 1271/1/1951
f 1261/1/1974 1258/1/1974 1622/1/1974
f 1622/1/1974 1258/1/1974 1621/1/1974
f 1622/1/2007 1621/1/2007 1645/1/2007
f 1645/1/2008 1621/1/2008 1646/1/2008
f 1647/1/2009 1648/1/2009 1649/1/2009
f 1649/1/2010 1648/1/2010 1650/1/2010
f 1649/1/2011 1650/1/2011 1651/1/2011
f 1651/1/2012 1650/1/2012 1652/1/2012
f 1651/1/2013 1652/1/2013 1653/1/2013
f 1653/1/2014 1652/1/2014 1654/1/2014
f 1653/1/2015 1654/1/2015 1655/1/2015
f 1655/1/2016 1654/1/2016 1656/1/2016
f 1655/1/2017 1656/1/2017 1657/1/2017
f 1657/1/2018 1656/1/2018 1658/1/2018
f 1657/1/2019 1658/1/2019 1646/1/2019
f 1646/1/2020 1658/1/2020 1659/1/2020
f 1646/1/2021 1659/1/2021 1645/1/2021
f 1660/1/2022 1661/1/2022 1662/1/2022
f 1662/1/2023 1661/1/2023 1663/1/2023
f 1662/1/2024 1663/1/2024 1664/1/2024
f 1664/1/2025 1663/1/2025 1665/1/2025
f 1664/1/2026 1665/1/2026 1649/1/2026
f 1649/1/2027 1665/1/2027 1666/1/2027
f 1649/1/2028 1666/1/2028 1647/1/2028
f 1667/1/2029 1668/1/2029 1664/1/2029
f 1669/1/2030 1670/1/2030 1671/1/2030
f 1671/1/2031 1670/1/2031 1672/1/2031
f 1671/1/2032 1672/1/2032 1673/1/2032
f 1674/1/2033 1675/1/2033 1676/1/2033
f 1676/1/2034 1675/1/2034 1677/1/2034
f 1676/1/2035 1677/1/2035 1678/1/2035
f 1678/1/2036 1677/1/2036 1679/1/2036
f 1680/1/2037 1681/1/2037 1682/1/2037
f 1682/1/2038 1681/1/2038 1653/1/2038
f 1682/1/2039 1653/1/2039 1683/1/2039
f 1683/1/2040 1653/1/2040 1655/1/2040
f 1683/1/2041 1655/1/2041 1684/1/2041
f 1684/1/2042 1655/1/2042 1657/1/2042
f 1684/1/2043 1657/1/2043 1685/1/2043
f 1685/1/2044 1657/1/2044 1686/1/2044
f 1687/1/2045 1688/1/2045 1689/1/2045
f 1689/1/2046 1688/1/2046 1690/1/2046
f 1689/1/2047 1690/1/2047 1691/1/2047
f 1691/1/2048 1690/1/2048 1692/1/2048
f 1691/1/2049 1692/1/2049 1693/1/2049
f 1694/1/2050 1623/1/2050 1695/1/2050
f 1695/1/2051 1623/1/2051 1696/1/2051
f 1697/1/2052 1620/1/2052 1619/1/2052
f 1620/1/2053 1697/1/2053 1623/1/2053
f 1623/1/2054 1697/1/2054 1698/1/2054
f 1623/1/2055 1698/1/2055 1696/1/2055
f 1699/1/2056 1700/1/2056 1701/1/2056
f 1701/1/2057 1700/1/2057 1616/1/2057
f 1702/1/2058 1703/1/2058 1618/1/2058
f 1618/1/2059 1703/1/2059 1704/1/2059
f 1618/1/2060 1704/1/2060 1617/1/2060
f 1617/1/2061 1704/1/2061 1705/1/2061
f 1617/1/2062 1705/1/2062 1616/1/2062
f 1616/1/2063 1705/1/2063 1706/1/2063
f 1616/1/2064 1706/1/2064 1701/1/2064
f 1702/1/2065 1707/1/2065 1708/1/2065
f 1708/1/2066 1707/1/2066 1709/1/2066
f 1708/1/2067 1709/1/2067 1710/1/2067
f 1710/1/2068 1709/1/2068 1711/1/2068
f 1712/1/2069 1713/1/2069 1714/1/2069
f 1714/1/2070 1713/1/2070 1641/1/2070
f 1637/1/2071 1715/1/2071 1716/1/2071
f 1637/1/2072 1716/1/2072 1639/1/2072
f 1639/1/2073 1716/1/2073 1717/1/2073
f 1639/1/2074 1717/1/2074 1641/1/2074
f 1641/1/2075 1717/1/2075 1718/1/2075
f 1641/1/2076 1718/1/2076 1714/1/2076
f 1719/1/2077 1720/1/2077 1721/1/2077
f 1721/1/2078 1720/1/2078 1722/1/2078
f 1721/1/2079 1722/1/2079 1723/1/2079
f 1723/1/2080 1722/1/2080 1724/1/2080
f 1723/1/2081 1724/1/2081 1725/1/2081
f 1725/1/2082 1724/1/2082 1726/1/2082
f 1727/1/2083 1631/1/2083 1728/1/2083
f 1728/1/2084 1631/1/2084 1729/1/2084
f 1729/1/2085 1631/1/2085 1730/1/2085
f 1730/1/2086 1631/1/2086 1731/1/2086
f 1730/1/2087 1731/1/2087 1732/1/2087
f 1627/1/2088 1733/1/2088 1629/1/2088
f 1629/1/2089 1733/1/2089 1631/1/2089
f 1633/1/2090 1734/1/2090 1624/1/2090
f 1624/1/2091 1734/1/2091 1735/1/2091
f 1624/1/2092 1735/1/2092 1637/1/2092
f 1621/1/2093 1736/1/2093 1646/1/2093
f 1646/1/2094 1736/1/2094 1737/1/2094
f 1646/1/2095 1737/1/2095 1657/1/2095
f 1660/1/2096 1662/1/2096 1738/1/2096
f 1738/1/2097 1662/1/2097 1664/1/2097
f 1738/1/2098 1664/1/2098 1739/1/2098
f 1739/1/2099 1664/1/2099 1740/1/2099
f 1741/1/2100 1742/1/2100 1743/1/2100
f 1743/1/2101 1742/1/2101 1744/1/2101
f 1743/1/2102 1744/1/2102 1664/1/2102
f 1664/1/2103 1744/1/2103 1745/1/2103
f 1664/1/2104 1745/1/2104 1667/1/2104
f 1667/1/2105 1745/1/2105 1674/1/2105
f 1621/1/2106 1623/1/2106 1736/1/2106
f 1736/1/2107 1623/1/2107 1694/1/2107
f 1736/1/2108 1694/1/2108 1737/1/2108
f 1737/1/2109 1694/1/2109 1746/1/2109
f 1737/1/2110 1746/1/2110 1657/1/2110
f 1657/1/2111 1746/1/2111 1747/1/2111
f 1657/1/2112 1747/1/2112 1686/1/2112
f 1748/1/2113 1749/1/2113 1750/1/2113
f 1750/1/2114 1749/1/2114 1751/1/2114
f 1750/1/2115 1751/1/2115 1618/1/2115
f 1633/1/2116 1631/1/2116 1734/1/2116
f 1734/1/2117 1631/1/2117 1727/1/2117
f 1734/1/2118 1727/1/2118 1735/1/2118
f 1735/1/2119 1727/1/2119 1752/1/2119
f 1735/1/2120 1752/1/2120 1637/1/2120
f 1637/1/2121 1752/1/2121 1753/1/2121
f 1637/1/2122 1753/1/2122 1715/1/2122
f 1668/1/2123 1669/1/2123 1664/1/2123
f 1664/1/2124 1669/1/2124 1671/1/2124
f 1664/1/2125 1671/1/2125 1740/1/2125
f 1740/1/2126 1671/1/2126 1673/1/2126
f 1740/1/2127 1673/1/2127 1754/1/2127
f 1674/1/2128 1745/1/2128 1675/1/2128
f 1675/1/2129 1745/1/2129 1744/1/2129
f 1675/1/2130 1744/1/2130 1677/1/2130
f 1677/1/2131 1744/1/2131 1742/1/2131
f 1677/1/2132 1742/1/2132 1679/1/2132
f 1664/1/2133 1649/1/2133 1743/1/2133
f 1743/1/2134 1649/1/2134 1651/1/2134
f 1743/1/2135 1651/1/2135 1741/1/2135
f 1741/1/2136 1651/1/2136 1653/1/2136
f 1741/1/2137 1653/1/2137 1742/1/2137
f 1742/1/2138 1653/1/2138 1681/1/2138
f 1742/1/2139 1681/1/2139 1679/1/2139
f 1679/1/2140 1681/1/2140 1680/1/2140
f 1679/1/2141 1680/1/2141 1678/1/2141
f 1696/1/2142 1693/1/2142 1695/1/2142
f 1695/1/2143 1693/1/2143 1692/1/2143
f 1695/1/2144 1692/1/2144 1694/1/2144
f 1694/1/2145 1692/1/2145 1690/1/2145
f 1694/1/2146 1690/1/2146 1746/1/2146
f 1746/1/2147 1690/1/2147 1688/1/2147
f 1746/1/2148 1688/1/2148 1747/1/2148
f 1747/1/2149 1688/1/2149 1687/1/2149
f 1747/1/2150 1687/1/2150 1686/1/2150
f 1755/1/2151 1756/1/2151 1757/1/2151
f 1757/1/2152 1756/1/2152 1619/1/2152
f 1757/1/2153 1619/1/2153 1758/1/2153
f 1619/1/2154 1615/1/2154 1758/1/2154
f 1758/1/2155 1615/1/2155 1616/1/2155
f 1758/1/2156 1616/1/2156 1757/1/2156
f 1757/1/2157 1616/1/2157 1700/1/2157
f 1757/1/2158 1700/1/2158 1755/1/2158
f 1755/1/2159 1700/1/2159 1699/1/2159
f 1755/1/2160 1699/1/2160 1756/1/2160
f 1756/1/2161 1699/1/2161 1759/1/2161
f 1756/1/2162 1759/1/2162 1619/1/2162
f 1619/1/2163 1759/1/2163 1760/1/2163
f 1619/1/2164 1760/1/2164 1697/1/2164
f 1702/1/2165 1618/1/2165 1707/1/2165
f 1707/1/2166 1618/1/2166 1751/1/2166
f 1707/1/2167 1751/1/2167 1709/1/2167
f 1709/1/2168 1751/1/2168 1749/1/2168
f 1709/1/2169 1749/1/2169 1711/1/2169
f 1618/1/2170 1613/1/2170 1750/1/2170
f 1750/1/2171 1613/1/2171 1643/1/2171
f 1750/1/2172 1643/1/2172 1748/1/2172
f 1748/1/2173 1643/1/2173 1641/1/2173
f 1748/1/2174 1641/1/2174 1749/1/2174
f 1749/1/2175 1641/1/2175 1713/1/2175
f 1749/1/2176 1713/1/2176 1711/1/2176
f 1711/1/2177 1713/1/2177 1712/1/2177
f 1711/1/2178 1712/1/2178 1710/1/2178
f 1729/1/2179 1726/1/2179 1728/1/2179
f 1728/1/2180 1726/1/2180 1724/1/2180
f 1728/1/2181 1724/1/2181 1727/1/2181
f 1727/1/2182 1724/1/2182 1722/1/2182
f 1727/1/2183 1722/1/2183 1752/1/2183
f 1752/1/2184 1722/1/2184 1720/1/2184
f 1752/1/2185 1720/1/2185 1753/1/2185
f 1753/1/2186 1720/1/2186 1719/1/2186
f 1753/1/2187 1719/1/2187 1715/1/2187
f 1733/1/2188 1761/1/2188 1631/1/2188
f 1631/1/2189 1761/1/2189 1762/1/2189
f 1631/1/2190 1762/1/2190 1731/1/2190
f 1731/1/2191 1762/1/2191 1763/1/2191
f 1731/1/2192 1763/1/2192 1732/1/2192
f 1732/1/2193 1763/1/2193 1764/1/2193
f 1627/1/2194 1210/1/2194 1733/1/2194
f 1733/1/2195 1210/1/2195 1212/1/2195
f 1733/1/2196 1212/1/2196 1761/1/2196
f 1761/1/2197 1212/1/2197 1207/1/2197
f 1761/1/2198 1207/1/2198 1762/1/2198
f 1762/1/2199 1207/1/2199 1129/1/2199
f 1762/1/2199 1129/1/2199 1763/1/2199
f 1763/1/2200 1129/1/2200 1127/1/2200
f 1763/1/2200 1127/1/2200 1764/1/2200
f 1672/1/2201 1254/1/2201 1673/1/2201
f 1673/1/2201 1254/1/2201 1253/1/2201
f 1673/1/2202 1253/1/2202 1754/1/2202
f 1754/1/2203 1253/1/2203 1252/1/2203
f 1754/1/2204 1252/1/2204 1740/1/2204
f 1740/1/2205 1252/1/2205 1206/1/2205
f 1740/1/2206 1206/1/2206 1739/1/2206
f 1739/1/2207 1206/1/2207 1198/1/2207
f 1739/1/2208 1198/1/2208 1738/1/2208
f 1738/1/2208 1198/1/2208 1197/1/2208
f 1738/1/2209 1197/1/2209 1660/1/2209
f 1660/1/2209 1197/1/2209 1196/1/2209
f 1254/1/2210 1672/1/2210 1255/1/2210
f 1255/1/2211 1672/1/2211 1670/1/2211
f 1661/1/126 1660/1/126 1765/1/126
f 1765/1/126 1660/1/126 1196/1/126
f 1765/1/126 1196/1/126 1015/1/126
f 1766/1/129 1767/1/129 1103/1/129
f 1768/1/129 1769/1/129 612/1/129
f 612/1/129 1769/1/129 1770/1/129
f 612/1/129 1770/1/129 1102/1/129
f 1770/1/129 1771/1/129 1102/1/129
f 1102/1/129 1771/1/129 1772/1/129
f 1102/1/129 1772/1/129 1103/1/129
f 1103/1/129 1772/1/129 1773/1/129
f 1103/1/129 1773/1/129 1766/1/129
f 1767/1/129 1774/1/129 1103/1/129
f 1103/1/129 1774/1/129 1775/1/129
f 1103/1/129 1775/1/129 1627/1/129
f 1776/1/129 1210/1/129 1777/1/129
f 1777/1/129 1210/1/129 1778/1/129
f 1775/1/129 1779/1/129 1627/1/129
f 1627/1/129 1779/1/129 1780/1/129
f 1627/1/129 1780/1/129 1781/1/129
f 1781/1/129 1782/1/129 1627/1/129
f 1627/1/129 1782/1/129 1783/1/129
f 1627/1/129 1783/1/129 1210/1/129
f 1210/1/129 1783/1/129 1784/1/129
f 1210/1/129 1784/1/129 1778/1/129
f 1776/1/129 1785/1/129 1210/1/129
f 1210/1/129 1785/1/129 1786/1/129
f 1210/1/129 1786/1/129 612/1/129
f 612/1/129 1786/1/129 1787/1/129
f 612/1/129 1787/1/129 1768/1/129
f 1069/1/2212 1070/1/2212 1788/1/2212
f 1069/1/2213 1788/1/2213 1789/1/2213
f 1788/1/2214 1790/1/2214 1789/1/2214
f 1789/1/2215 1790/1/2215 1791/1/2215
f 1789/1/2216 1791/1/2216 1792/1/2216
f 1791/1/2217 1793/1/2217 1792/1/2217
f 1792/1/2218 1793/1/2218 1794/1/2218
f 1792/1/2219 1794/1/2219 1795/1/2219
f 1794/1/2220 1796/1/2220 1795/1/2220
f 1795/1/2221 1796/1/2221 1797/1/2221
f 1795/1/2222 1797/1/2222 1798/1/2222
f 1798/1/2223 1797/1/2223 1799/1/2223
f 1798/1/2224 1799/1/2224 1800/1/2224
f 1800/1/2225 1801/1/2225 1798/1/2225
f 1798/1/2226 1801/1/2226 1802/1/2226
f 1798/1/2227 1802/1/2227 1803/1/2227
f 1802/1/2228 1804/1/2228 1803/1/2228
f 1803/1/2229 1804/1/2229 1805/1/2229
f 1803/1/2230 1805/1/2230 1806/1/2230
f 1661/1/2231 1765/1/2231 1807/1/2231
f 1807/1/2232 1765/1/2232 1806/1/2232
f 1807/1/2233 1806/1/2233 1808/1/2233
f 1808/1/2234 1806/1/2234 1805/1/2234
f 1566/1/2235 1264/1/2235 1622/1/2235
f 1796/1/2236 1794/1/2236 1809/1/2236
f 1790/1/2237 1810/1/2237 1811/1/2237
f 1788/1/2238 1070/1/2238 1812/1/2238
f 1812/1/2239 1070/1/2239 1072/1/2239
f 1812/1/2240 1072/1/2240 1076/1/2240
f 1801/1/2241 1800/1/2241 1813/1/2241
f 1813/1/2242 1800/1/2242 1799/1/2242
f 1814/1/2243 1802/1/2243 1801/1/2243
f 1815/1/2244 1804/1/2244 1802/1/2244
f 1816/1/2245 1807/1/2245 1808/1/2245
f 1663/1/2246 1661/1/2246 1807/1/2246
f 1817/1/2247 1818/1/2247 1567/1/2247
f 1611/1/2248 1612/1/2248 1819/1/2248
f 1819/1/2249 1612/1/2249 1569/1/2249
f 1819/1/2250 1569/1/2250 1568/1/2250
f 1605/1/2251 1606/1/2251 1820/1/2251
f 1820/1/2252 1606/1/2252 1608/1/2252
f 1820/1/2253 1608/1/2253 1821/1/2253
f 1821/1/2254 1608/1/2254 1609/1/2254
f 1595/1/2255 1599/1/2255 1822/1/2255
f 1822/1/2256 1599/1/2256 1598/1/2256
f 1822/1/2257 1598/1/2257 1600/1/2257
f 1605/1/2258 1823/1/2258 1603/1/2258
f 1603/1/2259 1823/1/2259 1822/1/2259
f 1603/1/2260 1822/1/2260 1602/1/2260
f 1602/1/2261 1822/1/2261 1600/1/2261
f 1799/1/2262 1797/1/2262 1824/1/2262
f 1824/1/2262 1797/1/2262 1825/1/2262
f 1824/1/2263 1825/1/2263 1826/1/2263
f 1826/1/2264 1825/1/2264 1827/1/2264
f 1826/1/2265 1827/1/2265 1828/1/2265
f 1794/1/2266 1793/1/2266 1809/1/2266
f 1809/1/2267 1793/1/2267 1829/1/2267
f 1809/1/2268 1829/1/2268 1830/1/2268
f 1830/1/2269 1829/1/2269 1831/1/2269
f 1830/1/2270 1831/1/2270 1832/1/2270
f 1832/1/2271 1831/1/2271 1833/1/2271
f 1811/1/2272 1810/1/2272 1834/1/2272
f 1834/1/2273 1810/1/2273 1835/1/2273
f 1834/1/2274 1835/1/2274 1836/1/2274
f 1837/1/2275 1838/1/2275 1839/1/2275
f 1838/1/2276 1837/1/2276 1840/1/2276
f 1840/1/2277 1837/1/2277 1841/1/2277
f 1840/1/2278 1841/1/2278 1842/1/2278
f 1793/1/2279 1791/1/2279 1829/1/2279
f 1829/1/2280 1791/1/2280 1843/1/2280
f 1829/1/2269 1843/1/2269 1831/1/2269
f 1831/1/2281 1843/1/2281 1844/1/2281
f 1831/1/2271 1844/1/2271 1833/1/2271
f 1833/1/2282 1844/1/2282 1845/1/2282
f 1833/1/2283 1845/1/2283 1846/1/2283
f 1846/1/2284 1845/1/2284 1847/1/2284
f 1846/1/2285 1847/1/2285 1848/1/2285
f 1828/1/2286 1827/1/2286 1849/1/2286
f 1849/1/2287 1827/1/2287 1850/1/2287
f 1849/1/2288 1850/1/2288 1851/1/2288
f 1851/1/2289 1850/1/2289 1852/1/2289
f 1851/1/2289 1852/1/2289 1853/1/2289
f 1853/1/2290 1852/1/2290 1854/1/2290
f 1853/1/2290 1854/1/2290 1855/1/2290
f 1855/1/2291 1854/1/2291 1856/1/2291
f 1855/1/2291 1856/1/2291 1857/1/2291
f 1857/1/2292 1856/1/2292 1858/1/2292
f 1857/1/2292 1858/1/2292 1859/1/2292
f 1859/1/2293 1858/1/2293 1860/1/2293
f 1859/1/2293 1860/1/2293 1861/1/2293
f 1861/1/2294 1860/1/2294 1862/1/2294
f 1861/1/2294 1862/1/2294 1863/1/2294
f 1863/1/2295 1862/1/2295 1864/1/2295
f 1864/1/2296 1862/1/2296 1865/1/2296
f 1864/1/2297 1865/1/2297 1866/1/2297
f 1867/1/2298 1868/1/2298 1869/1/2298
f 1869/1/2299 1868/1/2299 1870/1/2299
f 1869/1/2299 1870/1/2299 1871/1/2299
f 1871/1/2300 1870/1/2300 1872/1/2300
f 1871/1/2300 1872/1/2300 1873/1/2300
f 1873/1/2301 1872/1/2301 1874/1/2301
f 1873/1/2301 1874/1/2301 1875/1/2301
f 1875/1/2302 1874/1/2302 1876/1/2302
f 1875/1/2302 1876/1/2302 1877/1/2302
f 1877/1/2303 1876/1/2303 1878/1/2303
f 1877/1/2304 1878/1/2304 1879/1/2304
f 1879/1/2305 1878/1/2305 1880/1/2305
f 1879/1/2306 1880/1/2306 1881/1/2306
f 1881/1/2307 1880/1/2307 1882/1/2307
f 1881/1/2307 1882/1/2307 1883/1/2307
f 1883/1/2308 1882/1/2308 1884/1/2308
f 1883/1/2308 1884/1/2308 1885/1/2308
f 1842/1/2309 1841/1/2309 1886/1/2309
f 1886/1/2310 1841/1/2310 1887/1/2310
f 1886/1/2311 1887/1/2311 1888/1/2311
f 1888/1/2312 1887/1/2312 1889/1/2312
f 1888/1/2312 1889/1/2312 1890/1/2312
f 1890/1/2313 1889/1/2313 1891/1/2313
f 1890/1/2313 1891/1/2313 1892/1/2313
f 1893/1/2314 1894/1/2314 1895/1/2314
f 1895/1/2315 1894/1/2315 1896/1/2315
f 1895/1/2316 1896/1/2316 1897/1/2316
f 1897/1/2317 1896/1/2317 1898/1/2317
f 1897/1/2317 1898/1/2317 1899/1/2317
f 1837/1/2318 1893/1/2318 1841/1/2318
f 1841/1/2319 1893/1/2319 1895/1/2319
f 1841/1/2319 1895/1/2319 1887/1/2319
f 1887/1/2320 1895/1/2320 1897/1/2320
f 1887/1/2321 1897/1/2321 1889/1/2321
f 1889/1/2322 1897/1/2322 1899/1/2322
f 1889/1/2322 1899/1/2322 1891/1/2322
f 1868/1/2323 1839/1/2323 1870/1/2323
f 1870/1/2324 1839/1/2324 1838/1/2324
f 1870/1/2324 1838/1/2324 1872/1/2324
f 1872/1/2325 1838/1/2325 1840/1/2325
f 1872/1/2325 1840/1/2325 1874/1/2325
f 1874/1/2326 1840/1/2326 1842/1/2326
f 1874/1/2326 1842/1/2326 1876/1/2326
f 1876/1/2327 1842/1/2327 1886/1/2327
f 1876/1/2327 1886/1/2327 1878/1/2327
f 1878/1/2328 1886/1/2328 1888/1/2328
f 1878/1/2328 1888/1/2328 1880/1/2328
f 1880/1/2329 1888/1/2329 1890/1/2329
f 1880/1/2329 1890/1/2329 1882/1/2329
f 1882/1/2330 1890/1/2330 1892/1/2330
f 1882/1/2330 1892/1/2330 1884/1/2330
f 1866/1/2331 1865/1/2331 1900/1/2331
f 1900/1/2332 1865/1/2332 1901/1/2332
f 1900/1/2333 1901/1/2333 1902/1/2333
f 1902/1/2334 1901/1/2334 1903/1/2334
f 1902/1/2335 1903/1/2335 1904/1/2335
f 1825/1/2336 1867/1/2336 1827/1/2336
f 1827/1/2337 1867/1/2337 1869/1/2337
f 1827/1/2337 1869/1/2337 1850/1/2337
f 1850/1/2338 1869/1/2338 1871/1/2338
f 1850/1/2338 1871/1/2338 1852/1/2338
f 1852/1/2339 1871/1/2339 1873/1/2339
f 1852/1/2339 1873/1/2339 1854/1/2339
f 1854/1/2340 1873/1/2340 1875/1/2340
f 1854/1/2341 1875/1/2341 1856/1/2341
f 1856/1/2342 1875/1/2342 1877/1/2342
f 1856/1/2342 1877/1/2342 1858/1/2342
f 1858/1/2343 1877/1/2343 1879/1/2343
f 1858/1/2343 1879/1/2343 1860/1/2343
f 1860/1/2344 1879/1/2344 1881/1/2344
f 1860/1/2345 1881/1/2345 1862/1/2345
f 1862/1/2346 1881/1/2346 1883/1/2346
f 1862/1/2346 1883/1/2346 1865/1/2346
f 1865/1/2347 1883/1/2347 1885/1/2347
f 1865/1/2347 1885/1/2347 1901/1/2347
f 1901/1/2348 1885/1/2348 1905/1/2348
f 1901/1/2349 1905/1/2349 1903/1/2349
f 1807/1/2350 1816/1/2350 1663/1/2350
f 1663/1/2351 1816/1/2351 1906/1/2351
f 1663/1/2352 1906/1/2352 1665/1/2352
f 1907/1/2353 1908/1/2353 1909/1/2353
f 1665/1/2354 1906/1/2354 1666/1/2354
f 1666/1/2355 1906/1/2355 1910/1/2355
f 1666/1/2356 1910/1/2356 1647/1/2356
f 1647/1/2357 1910/1/2357 1911/1/2357
f 1647/1/2357 1911/1/2357 1648/1/2357
f 1648/1/2358 1911/1/2358 1912/1/2358
f 1648/1/2358 1912/1/2358 1650/1/2358
f 1650/1/2359 1912/1/2359 1652/1/2359
f 1652/1/2360 1912/1/2360 1913/1/2360
f 1652/1/2361 1913/1/2361 1654/1/2361
f 1654/1/2362 1913/1/2362 1914/1/2362
f 1654/1/2363 1914/1/2363 1656/1/2363
f 1914/1/2364 1915/1/2364 1656/1/2364
f 1656/1/2365 1915/1/2365 1916/1/2365
f 1656/1/2366 1916/1/2366 1658/1/2366
f 1658/1/2367 1916/1/2367 1917/1/2367
f 1658/1/2368 1917/1/2368 1659/1/2368
f 1659/1/2369 1917/1/2369 1918/1/2369
f 1659/1/2370 1918/1/2370 1645/1/2370
f 1645/1/2371 1918/1/2371 1817/1/2371
f 1645/1/2372 1817/1/2372 1622/1/2372
f 1622/1/2373 1817/1/2373 1567/1/2373
f 1622/1/2374 1567/1/2374 1566/1/2374
f 1907/1/2353 1909/1/2353 1919/1/2353
f 1919/1/2375 1909/1/2375 1920/1/2375
f 1919/1/2375 1920/1/2375 1921/1/2375
f 1921/1/2376 1920/1/2376 1922/1/2376
f 1921/1/2376 1922/1/2376 1923/1/2376
f 1923/1/2377 1922/1/2377 1924/1/2377
f 1923/1/2377 1924/1/2377 1925/1/2377
f 1925/1/2378 1924/1/2378 1926/1/2378
f 1925/1/2378 1926/1/2378 1927/1/2378
f 1927/1/2379 1926/1/2379 1928/1/2379
f 1927/1/2379 1928/1/2379 1929/1/2379
f 1929/1/2380 1928/1/2380 1930/1/2380
f 1929/1/2380 1930/1/2380 1931/1/2380
f 1931/1/2381 1930/1/2381 1932/1/2381
f 1931/1/2381 1932/1/2381 1933/1/2381
f 1933/1/2382 1932/1/2382 1934/1/2382
f 1933/1/2382 1934/1/2382 1935/1/2382
f 1935/1/2383 1934/1/2383 1936/1/2383
f 1935/1/2383 1936/1/2383 1937/1/2383
f 1937/1/2384 1936/1/2384 1938/1/2384
f 1937/1/2384 1938/1/2384 1939/1/2384
f 1939/1/2385 1938/1/2385 1821/1/2385
f 1939/1/2385 1821/1/2385 1819/1/2385
f 1819/1/2386 1821/1/2386 1609/1/2386
f 1819/1/2387 1609/1/2387 1611/1/2387
f 1805/1/2388 1908/1/2388 1808/1/2388
f 1808/1/2389 1908/1/2389 1907/1/2389
f 1808/1/2390 1907/1/2390 1816/1/2390
f 1816/1/2391 1907/1/2391 1919/1/2391
f 1816/1/2391 1919/1/2391 1906/1/2391
f 1906/1/2392 1919/1/2392 1921/1/2392
f 1906/1/2392 1921/1/2392 1910/1/2392
f 1910/1/2393 1921/1/2393 1923/1/2393
f 1910/1/2393 1923/1/2393 1911/1/2393
f 1911/1/2394 1923/1/2394 1925/1/2394
f 1911/1/2394 1925/1/2394 1912/1/2394
f 1912/1/2395 1925/1/2395 1927/1/2395
f 1912/1/2395 1927/1/2395 1913/1/2395
f 1913/1/2396 1927/1/2396 1929/1/2396
f 1913/1/2397 1929/1/2397 1914/1/2397
f 1914/1/2398 1929/1/2398 1931/1/2398
f 1914/1/2398 1931/1/2398 1915/1/2398
f 1915/1/2399 1931/1/2399 1933/1/2399
f 1915/1/2399 1933/1/2399 1916/1/2399
f 1916/1/2400 1933/1/2400 1935/1/2400
f 1916/1/2400 1935/1/2400 1917/1/2400
f 1917/1/2401 1935/1/2401 1937/1/2401
f 1917/1/2401 1937/1/2401 1918/1/2401
f 1918/1/2402 1937/1/2402 1939/1/2402
f 1918/1/2402 1939/1/2402 1817/1/2402
f 1817/1/2403 1939/1/2403 1819/1/2403
f 1817/1/2404 1819/1/2404 1818/1/2404
f 1818/1/2405 1819/1/2405 1568/1/2405
f 1818/1/2406 1568/1/2406 1567/1/2406
f 1605/1/2407 1820/1/2407 1823/1/2407
f 1823/1/2408 1820/1/2408 1821/1/2408
f 1823/1/2408 1821/1/2408 1940/1/2408
f 1940/1/2409 1821/1/2409 1938/1/2409
f 1940/1/2409 1938/1/2409 1941/1/2409
f 1941/1/2410 1938/1/2410 1936/1/2410
f 1941/1/2410 1936/1/2410 1942/1/2410
f 1942/1/2411 1936/1/2411 1934/1/2411
f 1942/1/2411 1934/1/2411 1943/1/2411
f 1943/1/2412 1934/1/2412 1932/1/2412
f 1943/1/2412 1932/1/2412 1944/1/2412
f 1944/1/2413 1932/1/2413 1930/1/2413
f 1944/1/2413 1930/1/2413 1945/1/2413
f 1945/1/2414 1930/1/2414 1928/1/2414
f 1945/1/2415 1928/1/2415 1946/1/2415
f 1946/1/2416 1928/1/2416 1926/1/2416
f 1946/1/2416 1926/1/2416 1947/1/2416
f 1947/1/2417 1926/1/2417 1924/1/2417
f 1947/1/2418 1924/1/2418 1948/1/2418
f 1948/1/2419 1924/1/2419 1922/1/2419
f 1948/1/2419 1922/1/2419 1949/1/2419
f 1949/1/2420 1922/1/2420 1920/1/2420
f 1949/1/2420 1920/1/2420 1950/1/2420
f 1950/1/2421 1920/1/2421 1909/1/2421
f 1950/1/2421 1909/1/2421 1951/1/2421
f 1951/1/2422 1909/1/2422 1908/1/2422
f 1951/1/2423 1908/1/2423 1952/1/2423
f 1952/1/2424 1908/1/2424 1805/1/2424
f 1952/1/2425 1805/1/2425 1804/1/2425
f 1804/1/2426 1815/1/2426 1952/1/2426
f 1952/1/2427 1815/1/2427 1953/1/2427
f 1952/1/2427 1953/1/2427 1951/1/2427
f 1951/1/2428 1953/1/2428 1954/1/2428
f 1951/1/2428 1954/1/2428 1950/1/2428
f 1950/1/2429 1954/1/2429 1955/1/2429
f 1950/1/2429 1955/1/2429 1949/1/2429
f 1949/1/2430 1955/1/2430 1956/1/2430
f 1949/1/2430 1956/1/2430 1948/1/2430
f 1948/1/2431 1956/1/2431 1957/1/2431
f 1948/1/2432 1957/1/2432 1947/1/2432
f 1947/1/2433 1957/1/2433 1958/1/2433
f 1947/1/2433 1958/1/2433 1946/1/2433
f 1946/1/2434 1958/1/2434 1959/1/2434
f 1946/1/2434 1959/1/2434 1945/1/2434
f 1945/1/2435 1959/1/2435 1960/1/2435
f 1945/1/2435 1960/1/2435 1944/1/2435
f 1944/1/2436 1960/1/2436 1961/1/2436
f 1944/1/2436 1961/1/2436 1943/1/2436
f 1943/1/2437 1961/1/2437 1962/1/2437
f 1943/1/2438 1962/1/2438 1942/1/2438
f 1942/1/2439 1962/1/2439 1963/1/2439
f 1942/1/2439 1963/1/2439 1941/1/2439
f 1941/1/2440 1963/1/2440 1964/1/2440
f 1941/1/2440 1964/1/2440 1940/1/2440
f 1940/1/2441 1964/1/2441 1965/1/2441
f 1940/1/2441 1965/1/2441 1823/1/2441
f 1823/1/2442 1965/1/2442 1966/1/2442
f 1823/1/2442 1966/1/2442 1822/1/2442
f 1822/1/2443 1966/1/2443 1967/1/2443
f 1822/1/2444 1967/1/2444 1595/1/2444
f 1801/1/2445 1813/1/2445 1814/1/2445
f 1814/1/2446 1813/1/2446 1968/1/2446
f 1814/1/2447 1968/1/2447 1969/1/2447
f 1969/1/2448 1968/1/2448 1970/1/2448
f 1969/1/2449 1970/1/2449 1971/1/2449
f 1971/1/2450 1970/1/2450 1972/1/2450
f 1971/1/2450 1972/1/2450 1973/1/2450
f 1973/1/2451 1972/1/2451 1974/1/2451
f 1973/1/2451 1974/1/2451 1975/1/2451
f 1975/1/2452 1974/1/2452 1976/1/2452
f 1975/1/2452 1976/1/2452 1977/1/2452
f 1977/1/2453 1976/1/2453 1978/1/2453
f 1977/1/2453 1978/1/2453 1979/1/2453
f 1979/1/2454 1978/1/2454 1980/1/2454
f 1979/1/2454 1980/1/2454 1981/1/2454
f 1981/1/2455 1980/1/2455 1982/1/2455
f 1981/1/2455 1982/1/2455 1983/1/2455
f 1983/1/2456 1982/1/2456 1984/1/2456
f 1983/1/2456 1984/1/2456 1985/1/2456
f 1985/1/2457 1984/1/2457 1986/1/2457
f 1985/1/2457 1986/1/2457 1987/1/2457
f 1987/1/2458 1986/1/2458 1988/1/2458
f 1987/1/2459 1988/1/2459 1989/1/2459
f 1989/1/2460 1988/1/2460 1990/1/2460
f 1989/1/2460 1990/1/2460 1991/1/2460
f 1991/1/2461 1990/1/2461 1992/1/2461
f 1991/1/2461 1992/1/2461 1993/1/2461
f 1993/1/2462 1992/1/2462 1994/1/2462
f 1993/1/2462 1994/1/2462 1995/1/2462
f 1995/1/2463 1994/1/2463 1996/1/2463
f 1995/1/2464 1996/1/2464 1997/1/2464
f 1802/1/2465 1814/1/2465 1815/1/2465
f 1815/1/2466 1814/1/2466 1969/1/2466
f 1815/1/2466 1969/1/2466 1953/1/2466
f 1953/1/2467 1969/1/2467 1971/1/2467
f 1953/1/2467 1971/1/2467 1954/1/2467
f 1954/1/2468 1971/1/2468 1973/1/2468
f 1954/1/2468 1973/1/2468 1955/1/2468
f 1955/1/2469 1973/1/2469 1975/1/2469
f 1955/1/2469 1975/1/2469 1956/1/2469
f 1956/1/2470 1975/1/2470 1977/1/2470
f 1956/1/2470 1977/1/2470 1957/1/2470
f 1957/1/2471 1977/1/2471 1979/1/2471
f 1957/1/2471 1979/1/2471 1958/1/2471
f 1958/1/2472 1979/1/2472 1981/1/2472
f 1958/1/2472 1981/1/2472 1959/1/2472
f 1959/1/2473 1981/1/2473 1983/1/2473
f 1959/1/2473 1983/1/2473 1960/1/2473
f 1960/1/2474 1983/1/2474 1985/1/2474
f 1960/1/2474 1985/1/2474 1961/1/2474
f 1961/1/2475 1985/1/2475 1987/1/2475
f 1961/1/2475 1987/1/2475 1962/1/2475
f 1962/1/2476 1987/1/2476 1989/1/2476
f 1962/1/2476 1989/1/2476 1963/1/2476
f 1963/1/2477 1989/1/2477 1991/1/2477
f 1963/1/2477 1991/1/2477 1964/1/2477
f 1964/1/2478 1991/1/2478 1993/1/2478
f 1964/1/2478 1993/1/2478 1965/1/2478
f 1965/1/2479 1993/1/2479 1995/1/2479
f 1965/1/2479 1995/1/2479 1966/1/2479
f 1966/1/2480 1995/1/2480 1997/1/2480
f 1966/1/2481 1997/1/2481 1967/1/2481
f 1790/1/2482 1788/1/2482 1810/1/2482
f 1810/1/2483 1788/1/2483 1812/1/2483
f 1810/1/2484 1812/1/2484 1835/1/2484
f 1835/1/2485 1812/1/2485 1076/1/2485
f 1835/1/2486 1076/1/2486 1836/1/2486
f 1836/1/2487 1076/1/2487 1074/1/2487
f 1791/1/2488 1790/1/2488 1843/1/2488
f 1843/1/2489 1790/1/2489 1811/1/2489
f 1843/1/2281 1811/1/2281 1844/1/2281
f 1844/1/2272 1811/1/2272 1834/1/2272
f 1844/1/2282 1834/1/2282 1845/1/2282
f 1845/1/2490 1834/1/2490 1836/1/2490
f 1845/1/2284 1836/1/2284 1847/1/2284
f 1847/1/2491 1836/1/2491 1074/1/2491
f 1847/1/2492 1074/1/2492 1848/1/2492
f 1848/1/2493 1074/1/2493 1073/1/2493
f 1797/1/2494 1796/1/2494 1825/1/2494
f 1825/1/2495 1796/1/2495 1809/1/2495
f 1825/1/2336 1809/1/2336 1867/1/2336
f 1867/1/2268 1809/1/2268 1830/1/2268
f 1867/1/2298 1830/1/2298 1868/1/2298
f 1868/1/2270 1830/1/2270 1832/1/2270
f 1868/1/2323 1832/1/2323 1839/1/2323
f 1839/1/2496 1832/1/2496 1833/1/2496
f 1839/1/2497 1833/1/2497 1837/1/2497
f 1837/1/2283 1833/1/2283 1846/1/2283
f 1837/1/2318 1846/1/2318 1893/1/2318
f 1893/1/2285 1846/1/2285 1848/1/2285
f 1893/1/2314 1848/1/2314 1894/1/2314
f 1894/1/2498 1848/1/2498 1073/1/2498
f 1894/1/2499 1073/1/2499 1896/1/2499
f 1896/1/2500 1073/1/2500 1075/1/2500
f 1896/1/2501 1075/1/2501 1898/1/2501
f 1898/1/2502 1075/1/2502 1998/1/2502
f 1898/1/2503 1998/1/2503 1899/1/2503
f 1899/1/2504 1998/1/2504 1999/1/2504
f 1899/1/2505 1999/1/2505 1891/1/2505
f 1891/1/2506 1999/1/2506 2000/1/2506
f 1891/1/2507 2000/1/2507 1892/1/2507
f 1892/1/2508 2000/1/2508 2001/1/2508
f 1892/1/2509 2001/1/2509 1884/1/2509
f 1884/1/2510 2001/1/2510 2002/1/2510
f 1884/1/2511 2002/1/2511 1885/1/2511
f 1885/1/2512 2002/1/2512 2003/1/2512
f 1885/1/2513 2003/1/2513 1905/1/2513
f 1799/1/2242 1824/1/2242 1813/1/2242
f 1813/1/2514 1824/1/2514 1826/1/2514
f 1813/1/2514 1826/1/2514 1968/1/2514
f 1968/1/2515 1826/1/2515 1828/1/2515
f 1968/1/2515 1828/1/2515 1970/1/2515
f 1970/1/2516 1828/1/2516 1849/1/2516
f 1970/1/2516 1849/1/2516 1972/1/2516
f 1972/1/2517 1849/1/2517 1851/1/2517
f 1972/1/2517 1851/1/2517 1974/1/2517
f 1974/1/2518 1851/1/2518 1853/1/2518
f 1974/1/2518 1853/1/2518 1976/1/2518
f 1976/1/2519 1853/1/2519 1855/1/2519
f 1976/1/2520 1855/1/2520 1978/1/2520
f 1978/1/2521 1855/1/2521 1857/1/2521
f 1978/1/2521 1857/1/2521 1980/1/2521
f 1980/1/2522 1857/1/2522 1859/1/2522
f 1980/1/2523 1859/1/2523 1982/1/2523
f 1982/1/2524 1859/1/2524 1861/1/2524
f 1982/1/2524 1861/1/2524 1984/1/2524
f 1984/1/2525 1861/1/2525 1863/1/2525
f 1984/1/2526 1863/1/2526 1986/1/2526
f 1986/1/2527 1863/1/2527 1864/1/2527
f 1986/1/2527 1864/1/2527 1988/1/2527
f 1988/1/2528 1864/1/2528 1866/1/2528
f 1988/1/2528 1866/1/2528 1990/1/2528
f 1990/1/2529 1866/1/2529 1900/1/2529
f 1990/1/2529 1900/1/2529 1992/1/2529
f 1992/1/2530 1900/1/2530 1902/1/2530
f 1992/1/2530 1902/1/2530 1994/1/2530
f 1994/1/2531 1902/1/2531 1904/1/2531
f 1994/1/2532 1904/1/2532 1996/1/2532
f 1632/1/2533 1634/1/2533 2004/1/2533
f 1625/1/2534 1636/1/2534 2005/1/2534
f 2006/1/2535 2007/1/2535 2008/1/2535
f 2009/1/2536 2010/1/2536 2011/1/2536
f 2012/1/2537 1586/1/2537 1585/1/2537
f 1585/1/2538 1591/1/2538 2012/1/2538
f 2012/1/2539 1591/1/2539 1593/1/2539
f 2012/1/2540 1593/1/2540 1596/1/2540
f 1590/1/2541 1588/1/2541 2013/1/2541
f 1579/1/2542 1578/1/2542 2014/1/2542
f 2014/1/2543 1578/1/2543 1584/1/2543
f 2014/1/2544 1584/1/2544 2015/1/2544
f 2015/1/2545 1584/1/2545 1583/1/2545
f 2015/1/2546 1583/1/2546 1581/1/2546
f 2016/1/2547 1614/1/2547 1267/1/2547
f 1267/1/2548 1572/1/2548 2016/1/2548
f 2016/1/2549 1572/1/2549 1573/1/2549
f 2016/1/2550 1573/1/2550 1576/1/2550
f 1999/1/2551 1998/1/2551 2017/1/2551
f 2017/1/2552 1998/1/2552 1075/1/2552
f 2017/1/2553 1075/1/2553 1077/1/2553
f 2001/1/2554 2000/1/2554 2018/1/2554
f 2018/1/2555 2000/1/2555 2019/1/2555
f 2018/1/2556 2019/1/2556 2020/1/2556
f 2020/1/2557 2019/1/2557 2021/1/2557
f 2020/1/2558 2021/1/2558 2022/1/2558
f 2023/1/2559 2024/1/2559 2025/1/2559
f 1903/1/2560 2026/1/2560 1904/1/2560
f 1904/1/2561 2026/1/2561 2027/1/2561
f 1904/1/2562 2027/1/2562 1996/1/2562
f 2008/1/2563 2007/1/2563 2028/1/2563
f 1595/1/2564 1967/1/2564 2029/1/2564
f 2029/1/2565 1967/1/2565 2030/1/2565
f 2029/1/2566 2030/1/2566 2031/1/2566
f 2031/1/2567 2030/1/2567 2032/1/2567
f 2031/1/2568 2032/1/2568 2033/1/2568
f 2033/1/2569 2032/1/2569 2034/1/2569
f 2033/1/2570 2034/1/2570 2035/1/2570
f 1580/1/2571 1590/1/2571 2036/1/2571
f 2036/1/2572 1590/1/2572 2013/1/2572
f 2036/1/2573 2013/1/2573 2037/1/2573
f 2037/1/2574 2013/1/2574 2038/1/2574
f 2037/1/2575 2038/1/2575 2039/1/2575
f 2039/1/2576 2038/1/2576 2040/1/2576
f 2039/1/2577 2040/1/2577 2041/1/2577
f 2041/1/2578 2040/1/2578 2042/1/2578
f 2043/1/2579 2042/1/2579 2044/1/2579
f 2044/1/2578 2042/1/2578 2040/1/2578
f 2044/1/2580 2040/1/2580 2045/1/2580
f 2045/1/2576 2040/1/2576 2038/1/2576
f 2045/1/2581 2038/1/2581 2046/1/2581
f 2046/1/2574 2038/1/2574 2013/1/2574
f 2046/1/2582 2013/1/2582 2012/1/2582
f 2012/1/2583 2013/1/2583 1588/1/2583
f 2012/1/2584 1588/1/2584 1586/1/2584
f 1644/1/2585 1614/1/2585 2047/1/2585
f 2047/1/2586 1614/1/2586 2016/1/2586
f 2047/1/2587 2016/1/2587 2048/1/2587
f 2048/1/2587 2016/1/2587 2049/1/2587
f 2048/1/2588 2049/1/2588 2050/1/2588
f 2050/1/2588 2049/1/2588 2051/1/2588
f 2050/1/2589 2051/1/2589 2052/1/2589
f 2052/1/2589 2051/1/2589 2053/1/2589
f 2052/1/2590 2053/1/2590 2054/1/2590
f 2011/1/2591 2010/1/2591 2055/1/2591
f 2055/1/2591 2010/1/2591 2056/1/2591
f 2055/1/2592 2056/1/2592 2057/1/2592
f 2057/1/2592 2056/1/2592 2058/1/2592
f 2057/1/2593 2058/1/2593 2059/1/2593
f 2059/1/2594 2058/1/2594 2060/1/2594
f 2059/1/2595 2060/1/2595 2061/1/2595
f 2061/1/2595 2060/1/2595 2062/1/2595
f 2061/1/2596 2062/1/2596 2063/1/2596
f 2063/1/2596 2062/1/2596 2064/1/2596
f 2063/1/2597 2064/1/2597 1642/1/2597
f 1638/1/2598 1640/1/2598 2065/1/2598
f 2065/1/2599 1640/1/2599 2066/1/2599
f 2065/1/2600 2066/1/2600 2067/1/2600
f 2067/1/2600 2066/1/2600 2068/1/2600
f 2067/1/2601 2068/1/2601 2069/1/2601
f 2069/1/2601 2068/1/2601 2070/1/2601
f 2069/1/2602 2070/1/2602 2071/1/2602
f 2071/1/2602 2070/1/2602 2072/1/2602
f 2071/1/2603 2072/1/2603 2073/1/2603
f 2073/1/2603 2072/1/2603 2074/1/2603
f 2073/1/2604 2074/1/2604 2075/1/2604
f 2075/1/2605 2074/1/2605 2076/1/2605
f 2075/1/2606 2076/1/2606 2077/1/2606
f 2077/1/2606 2076/1/2606 2078/1/2606
f 2077/1/2607 2078/1/2607 2079/1/2607
f 2079/1/2607 2078/1/2607 2080/1/2607
f 2079/1/2608 2080/1/2608 2081/1/2608
f 1635/1/2609 1626/1/2609 2082/1/2609
f 2082/1/2610 1626/1/2610 2083/1/2610
f 2082/1/2611 2083/1/2611 2084/1/2611
f 2084/1/2611 2083/1/2611 2085/1/2611
f 2084/1/2612 2085/1/2612 2086/1/2612
f 2086/1/2612 2085/1/2612 2087/1/2612
f 2086/1/2613 2087/1/2613 2088/1/2613
f 2088/1/2613 2087/1/2613 2089/1/2613
f 2088/1/2614 2089/1/2614 2090/1/2614
f 2090/1/2614 2089/1/2614 2091/1/2614
f 2090/1/2615 2091/1/2615 2092/1/2615
f 2092/1/2615 2091/1/2615 2093/1/2615
f 2092/1/2616 2093/1/2616 2094/1/2616
f 2094/1/2616 2093/1/2616 2095/1/2616
f 2094/1/2617 2095/1/2617 2096/1/2617
f 2096/1/2617 2095/1/2617 2097/1/2617
f 2096/1/2618 2097/1/2618 2098/1/2618
f 2098/1/2618 2097/1/2618 2099/1/2618
f 2098/1/2619 2099/1/2619 2100/1/2619
f 2100/1/2619 2099/1/2619 2101/1/2619
f 2100/1/2620 2101/1/2620 2102/1/2620
f 2102/1/2620 2101/1/2620 2103/1/2620
f 2102/1/2621 2103/1/2621 2104/1/2621
f 2105/1/2622 2106/1/2622 2107/1/2622
f 2107/1/2622 2106/1/2622 2108/1/2622
f 2107/1/2623 2108/1/2623 2109/1/2623
f 2109/1/2623 2108/1/2623 2110/1/2623
f 2109/1/2624 2110/1/2624 2111/1/2624
f 2111/1/2624 2110/1/2624 2112/1/2624
f 2111/1/2625 2112/1/2625 2113/1/2625
f 2113/1/2625 2112/1/2625 2114/1/2625
f 2113/1/2626 2114/1/2626 2115/1/2626
f 2115/1/2626 2114/1/2626 2116/1/2626
f 2115/1/2627 2116/1/2627 2117/1/2627
f 2117/1/2627 2116/1/2627 2118/1/2627
f 2117/1/2628 2118/1/2628 2119/1/2628
f 2119/1/2628 2118/1/2628 2120/1/2628
f 2119/1/2629 2120/1/2629 2121/1/2629
f 2121/1/2629 2120/1/2629 2122/1/2629
f 2121/1/2630 2122/1/2630 2123/1/2630
f 2123/1/2630 2122/1/2630 2124/1/2630
f 2123/1/2631 2124/1/2631 2125/1/2631
f 2125/1/2631 2124/1/2631 2126/1/2631
f 2125/1/2632 2126/1/2632 2004/1/2632
f 2004/1/2632 2126/1/2632 2127/1/2632
f 2004/1/2633 2127/1/2633 1632/1/2633
f 1632/1/2634 2127/1/2634 1630/1/2634
f 1103/1/2635 1628/1/2635 1101/1/2635
f 1101/1/2636 1628/1/2636 2128/1/2636
f 1101/1/2637 2128/1/2637 1100/1/2637
f 1100/1/2638 2128/1/2638 2129/1/2638
f 1100/1/2639 2129/1/2639 1098/1/2639
f 1098/1/2640 2129/1/2640 2130/1/2640
f 1098/1/2641 2130/1/2641 1097/1/2641
f 1097/1/2642 2130/1/2642 2131/1/2642
f 1097/1/2643 2131/1/2643 1095/1/2643
f 1095/1/2644 2131/1/2644 2132/1/2644
f 1095/1/2645 2132/1/2645 1094/1/2645
f 1094/1/2646 2132/1/2646 2133/1/2646
f 1094/1/2647 2133/1/2647 1092/1/2647
f 1092/1/2648 2133/1/2648 2134/1/2648
f 1092/1/2649 2134/1/2649 1091/1/2649
f 1091/1/2650 2134/1/2650 2135/1/2650
f 1091/1/2651 2135/1/2651 1089/1/2651
f 1089/1/2652 2135/1/2652 2136/1/2652
f 1089/1/2653 2136/1/2653 1088/1/2653
f 1088/1/2654 2136/1/2654 2137/1/2654
f 1088/1/2655 2137/1/2655 1086/1/2655
f 1086/1/2656 2137/1/2656 2138/1/2656
f 1086/1/2657 2138/1/2657 1085/1/2657
f 1085/1/2658 2138/1/2658 2139/1/2658
f 1085/1/2659 2139/1/2659 1083/1/2659
f 1083/1/2660 2139/1/2660 2024/1/2660
f 1083/1/2661 2024/1/2661 1081/1/2661
f 1081/1/2662 2024/1/2662 2023/1/2662
f 1081/1/2663 2023/1/2663 1104/1/2663
f 2000/1/2664 1999/1/2664 2019/1/2664
f 2019/1/2665 1999/1/2665 2017/1/2665
f 2019/1/2557 2017/1/2557 2021/1/2557
f 2021/1/2666 2017/1/2666 1077/1/2666
f 2021/1/2667 1077/1/2667 2022/1/2667
f 2022/1/2668 1077/1/2668 1078/1/2668
f 2002/1/2669 2001/1/2669 2140/1/2669
f 2140/1/2670 2001/1/2670 2018/1/2670
f 2140/1/2671 2018/1/2671 2141/1/2671
f 2141/1/2556 2018/1/2556 2020/1/2556
f 2141/1/2672 2020/1/2672 2142/1/2672
f 2142/1/2558 2020/1/2558 2022/1/2558
f 2142/1/2673 2022/1/2673 2143/1/2673
f 2143/1/2674 2022/1/2674 1078/1/2674
f 2003/1/2675 2002/1/2675 2144/1/2675
f 2144/1/2676 2002/1/2676 2140/1/2676
f 2144/1/2677 2140/1/2677 2145/1/2677
f 2145/1/2671 2140/1/2671 2141/1/2671
f 2145/1/2678 2141/1/2678 2146/1/2678
f 2146/1/2672 2141/1/2672 2142/1/2672
f 2146/1/2679 2142/1/2679 2147/1/2679
f 2147/1/2673 2142/1/2673 2143/1/2673
f 2147/1/2680 2143/1/2680 2148/1/2680
f 2148/1/2681 2143/1/2681 1078/1/2681
f 2148/1/2682 1078/1/2682 1079/1/2682
f 1905/1/2683 2003/1/2683 2149/1/2683
f 2149/1/2684 2003/1/2684 2144/1/2684
f 2149/1/2685 2144/1/2685 2150/1/2685
f 2150/1/2677 2144/1/2677 2145/1/2677
f 2150/1/2686 2145/1/2686 2151/1/2686
f 2151/1/2678 2145/1/2678 2146/1/2678
f 2151/1/2687 2146/1/2687 2152/1/2687
f 2152/1/2679 2146/1/2679 2147/1/2679
f 2152/1/2688 2147/1/2688 2153/1/2688
f 2153/1/2680 2147/1/2680 2148/1/2680
f 2153/1/2689 2148/1/2689 2154/1/2689
f 2154/1/2690 2148/1/2690 1079/1/2690
f 1903/1/2691 1905/1/2691 2026/1/2691
f 2026/1/2692 1905/1/2692 2149/1/2692
f 2026/1/2693 2149/1/2693 2155/1/2693
f 2155/1/2685 2149/1/2685 2150/1/2685
f 2155/1/2694 2150/1/2694 2156/1/2694
f 2156/1/2686 2150/1/2686 2151/1/2686
f 2156/1/2695 2151/1/2695 2157/1/2695
f 2157/1/2687 2151/1/2687 2152/1/2687
f 2157/1/2696 2152/1/2696 2158/1/2696
f 2158/1/2688 2152/1/2688 2153/1/2688
f 2158/1/2697 2153/1/2697 2159/1/2697
f 2159/1/2689 2153/1/2689 2154/1/2689
f 2159/1/2698 2154/1/2698 2160/1/2698
f 2160/1/2699 2154/1/2699 1079/1/2699
f 2160/1/2700 1079/1/2700 1080/1/2700
f 2161/1/2701 2162/1/2701 2163/1/2701
f 2163/1/2702 2162/1/2702 2164/1/2702
f 2163/1/2703 2164/1/2703 2165/1/2703
f 2165/1/2704 2164/1/2704 2166/1/2704
f 2165/1/2705 2166/1/2705 2167/1/2705
f 2167/1/2706 2166/1/2706 2168/1/2706
f 2167/1/2707 2168/1/2707 2169/1/2707
f 2007/1/2708 2168/1/2708 2028/1/2708
f 2028/1/2706 2168/1/2706 2166/1/2706
f 2028/1/2709 2166/1/2709 2170/1/2709
f 2170/1/2704 2166/1/2704 2164/1/2704
f 2170/1/2710 2164/1/2710 2171/1/2710
f 2171/1/2702 2164/1/2702 2162/1/2702
f 2171/1/2711 2162/1/2711 2172/1/2711
f 2172/1/2712 2162/1/2712 2161/1/2712
f 2172/1/2713 2161/1/2713 2025/1/2713
f 2025/1/2714 2161/1/2714 2173/1/2714
f 2025/1/2559 2173/1/2559 2023/1/2559
f 2023/1/2715 2173/1/2715 2174/1/2715
f 2023/1/2716 2174/1/2716 1104/1/2716
f 1104/1/2717 2174/1/2717 1071/1/2717
f 1997/1/2718 1996/1/2718 2175/1/2718
f 2175/1/2719 1996/1/2719 2027/1/2719
f 2175/1/2720 2027/1/2720 2176/1/2720
f 2176/1/2721 2027/1/2721 2026/1/2721
f 2176/1/2722 2026/1/2722 2169/1/2722
f 2169/1/2693 2026/1/2693 2155/1/2693
f 2169/1/2707 2155/1/2707 2167/1/2707
f 2167/1/2694 2155/1/2694 2156/1/2694
f 2167/1/2705 2156/1/2705 2165/1/2705
f 2165/1/2695 2156/1/2695 2157/1/2695
f 2165/1/2703 2157/1/2703 2163/1/2703
f 2163/1/2723 2157/1/2723 2158/1/2723
f 2163/1/2701 2158/1/2701 2161/1/2701
f 2161/1/2697 2158/1/2697 2159/1/2697
f 2161/1/2714 2159/1/2714 2173/1/2714
f 2173/1/2698 2159/1/2698 2160/1/2698
f 2173/1/2715 2160/1/2715 2174/1/2715
f 2174/1/2724 2160/1/2724 1080/1/2724
f 2174/1/2725 1080/1/2725 1071/1/2725
f 1596/1/2726 1595/1/2726 2012/1/2726
f 2012/1/2727 1595/1/2727 2029/1/2727
f 2012/1/2582 2029/1/2582 2046/1/2582
f 2046/1/2566 2029/1/2566 2031/1/2566
f 2046/1/2728 2031/1/2728 2045/1/2728
f 2045/1/2729 2031/1/2729 2033/1/2729
f 2045/1/2580 2033/1/2580 2044/1/2580
f 2044/1/2570 2033/1/2570 2035/1/2570
f 2044/1/2579 2035/1/2579 2043/1/2579
f 1967/1/2730 1997/1/2730 2030/1/2730
f 2030/1/2731 1997/1/2731 2175/1/2731
f 2030/1/2567 2175/1/2567 2032/1/2567
f 2032/1/2720 2175/1/2720 2176/1/2720
f 2032/1/2569 2176/1/2569 2034/1/2569
f 2034/1/2732 2176/1/2732 2169/1/2732
f 2034/1/2733 2169/1/2733 2035/1/2733
f 2035/1/2734 2169/1/2734 2168/1/2734
f 2035/1/2735 2168/1/2735 2043/1/2735
f 2043/1/2736 2168/1/2736 2007/1/2736
f 2043/1/2737 2007/1/2737 2042/1/2737
f 2042/1/2738 2007/1/2738 2006/1/2738
f 2042/1/2739 2006/1/2739 2041/1/2739
f 1576/1/2740 1575/1/2740 2016/1/2740
f 2016/1/2741 1575/1/2741 1579/1/2741
f 2016/1/2742 1579/1/2742 2049/1/2742
f 2049/1/2743 1579/1/2743 2014/1/2743
f 2049/1/2744 2014/1/2744 2051/1/2744
f 2051/1/2744 2014/1/2744 2015/1/2744
f 2051/1/2745 2015/1/2745 2053/1/2745
f 1642/1/2746 1644/1/2746 2063/1/2746
f 2063/1/2747 1644/1/2747 2047/1/2747
f 2063/1/2748 2047/1/2748 2061/1/2748
f 2061/1/2748 2047/1/2748 2048/1/2748
f 2061/1/2749 2048/1/2749 2059/1/2749
f 2059/1/2749 2048/1/2749 2050/1/2749
f 2059/1/2750 2050/1/2750 2057/1/2750
f 2057/1/2750 2050/1/2750 2052/1/2750
f 2057/1/2751 2052/1/2751 2055/1/2751
f 2055/1/2751 2052/1/2751 2054/1/2751
f 2055/1/2752 2054/1/2752 2011/1/2752
f 1640/1/2753 1642/1/2753 2066/1/2753
f 2066/1/2754 1642/1/2754 2064/1/2754
f 2066/1/2755 2064/1/2755 2068/1/2755
f 2068/1/2755 2064/1/2755 2062/1/2755
f 2068/1/2756 2062/1/2756 2070/1/2756
f 2070/1/2756 2062/1/2756 2060/1/2756
f 2070/1/2757 2060/1/2757 2072/1/2757
f 2072/1/2757 2060/1/2757 2058/1/2757
f 2072/1/2758 2058/1/2758 2074/1/2758
f 2074/1/2758 2058/1/2758 2056/1/2758
f 2074/1/2759 2056/1/2759 2076/1/2759
f 2076/1/2759 2056/1/2759 2010/1/2759
f 2076/1/2760 2010/1/2760 2078/1/2760
f 2078/1/2760 2010/1/2760 2009/1/2760
f 2078/1/2761 2009/1/2761 2080/1/2761
f 1636/1/2762 1638/1/2762 2005/1/2762
f 2005/1/2763 1638/1/2763 2065/1/2763
f 2005/1/2764 2065/1/2764 2177/1/2764
f 2177/1/2764 2065/1/2764 2067/1/2764
f 2177/1/2765 2067/1/2765 2178/1/2765
f 2178/1/2765 2067/1/2765 2069/1/2765
f 2178/1/2766 2069/1/2766 2179/1/2766
f 2179/1/2766 2069/1/2766 2071/1/2766
f 2179/1/2767 2071/1/2767 2180/1/2767
f 2180/1/2767 2071/1/2767 2073/1/2767
f 2180/1/2768 2073/1/2768 2181/1/2768
f 2181/1/2768 2073/1/2768 2075/1/2768
f 2181/1/2769 2075/1/2769 2182/1/2769
f 2182/1/2769 2075/1/2769 2077/1/2769
f 2182/1/2770 2077/1/2770 2183/1/2770
f 2183/1/2770 2077/1/2770 2079/1/2770
f 2183/1/2771 2079/1/2771 2184/1/2771
f 2184/1/2771 2079/1/2771 2081/1/2771
f 2184/1/2772 2081/1/2772 2185/1/2772
f 1626/1/2773 1625/1/2773 2083/1/2773
f 2083/1/2774 1625/1/2774 2005/1/2774
f 2083/1/2775 2005/1/2775 2085/1/2775
f 2085/1/2775 2005/1/2775 2177/1/2775
f 2085/1/2776 2177/1/2776 2087/1/2776
f 2087/1/2776 2177/1/2776 2178/1/2776
f 2087/1/2777 2178/1/2777 2089/1/2777
f 2089/1/2777 2178/1/2777 2179/1/2777
f 2089/1/2778 2179/1/2778 2091/1/2778
f 2091/1/2778 2179/1/2778 2180/1/2778
f 2091/1/2779 2180/1/2779 2093/1/2779
f 2093/1/2779 2180/1/2779 2181/1/2779
f 2093/1/2780 2181/1/2780 2095/1/2780
f 2095/1/2780 2181/1/2780 2182/1/2780
f 2095/1/2781 2182/1/2781 2097/1/2781
f 2097/1/2781 2182/1/2781 2183/1/2781
f 2097/1/2782 2183/1/2782 2099/1/2782
f 2099/1/2782 2183/1/2782 2184/1/2782
f 2099/1/2783 2184/1/2783 2101/1/2783
f 2101/1/2783 2184/1/2783 2185/1/2783
f 2101/1/2784 2185/1/2784 2103/1/2784
f 2104/1/2785 2105/1/2785 2102/1/2785
f 2102/1/2785 2105/1/2785 2107/1/2785
f 2102/1/2786 2107/1/2786 2100/1/2786
f 2100/1/2786 2107/1/2786 2109/1/2786
f 2100/1/2787 2109/1/2787 2098/1/2787
f 2098/1/2787 2109/1/2787 2111/1/2787
f 2098/1/2788 2111/1/2788 2096/1/2788
f 2096/1/2788 2111/1/2788 2113/1/2788
f 2096/1/2789 2113/1/2789 2094/1/2789
f 2094/1/2789 2113/1/2789 2115/1/2789
f 2094/1/2790 2115/1/2790 2092/1/2790
f 2092/1/2790 2115/1/2790 2117/1/2790
f 2092/1/2791 2117/1/2791 2090/1/2791
f 2090/1/2791 2117/1/2791 2119/1/2791
f 2090/1/2792 2119/1/2792 2088/1/2792
f 2088/1/2792 2119/1/2792 2121/1/2792
f 2088/1/2793 2121/1/2793 2086/1/2793
f 2086/1/2793 2121/1/2793 2123/1/2793
f 2086/1/2794 2123/1/2794 2084/1/2794
f 2084/1/2794 2123/1/2794 2125/1/2794
f 2084/1/2795 2125/1/2795 2082/1/2795
f 2082/1/2795 2125/1/2795 2004/1/2795
f 2082/1/2796 2004/1/2796 1635/1/2796
f 1635/1/2796 2004/1/2796 1634/1/2796
f 1628/1/2797 1630/1/2797 2128/1/2797
f 2128/1/2798 1630/1/2798 2127/1/2798
f 2128/1/2799 2127/1/2799 2129/1/2799
f 2129/1/2799 2127/1/2799 2126/1/2799
f 2129/1/2800 2126/1/2800 2130/1/2800
f 2130/1/2800 2126/1/2800 2124/1/2800
f 2130/1/2801 2124/1/2801 2131/1/2801
f 2131/1/2801 2124/1/2801 2122/1/2801
f 2131/1/2802 2122/1/2802 2132/1/2802
f 2132/1/2802 2122/1/2802 2120/1/2802
f 2132/1/2803 2120/1/2803 2133/1/2803
f 2133/1/2803 2120/1/2803 2118/1/2803
f 2133/1/2804 2118/1/2804 2134/1/2804
f 2134/1/2804 2118/1/2804 2116/1/2804
f 2134/1/2805 2116/1/2805 2135/1/2805
f 2135/1/2805 2116/1/2805 2114/1/2805
f 2135/1/2806 2114/1/2806 2136/1/2806
f 2136/1/2806 2114/1/2806 2112/1/2806
f 2136/1/2807 2112/1/2807 2137/1/2807
f 2137/1/2807 2112/1/2807 2110/1/2807
f 2137/1/2808 2110/1/2808 2138/1/2808
f 2138/1/2808 2110/1/2808 2108/1/2808
f 2138/1/2809 2108/1/2809 2139/1/2809
f 2139/1/2809 2108/1/2809 2106/1/2809
f 2139/1/2810 2106/1/2810 2024/1/2810
f 2024/1/2811 2106/1/2811 2105/1/2811
f 2024/1/2812 2105/1/2812 2025/1/2812
f 2025/1/2813 2105/1/2813 2104/1/2813
f 2025/1/2814 2104/1/2814 2172/1/2814
f 2172/1/2621 2104/1/2621 2103/1/2621
f 2172/1/2711 2103/1/2711 2171/1/2711
f 2171/1/2784 2103/1/2784 2185/1/2784
f 2171/1/2710 2185/1/2710 2170/1/2710
f 2170/1/2772 2185/1/2772 2081/1/2772
f 2170/1/2709 2081/1/2709 2028/1/2709
f 2028/1/2815 2081/1/2815 2080/1/2815
f 2028/1/2816 2080/1/2816 2008/1/2816
f 2008/1/2761 2080/1/2761 2009/1/2761
f 2008/1/2535 2009/1/2535 2006/1/2535
f 2006/1/2536 2009/1/2536 2011/1/2536
f 2006/1/2739 2011/1/2739 2041/1/2739
f 2041/1/2752 2011/1/2752 2054/1/2752
f 2041/1/2577 2054/1/2577 2039/1/2577
f 2039/1/2590 2054/1/2590 2053/1/2590
f 2039/1/2575 2053/1/2575 2037/1/2575
f 2037/1/2817 2053/1/2817 2015/1/2817
f 2037/1/2573 2015/1/2573 2036/1/2573
f 2036/1/2818 2015/1/2818 1581/1/2818
f 2036/1/2819 1581/1/2819 1580/1/2819
f 1022/1/2229 1024/1/2229 1803/1/2229
f 849/1/2212 1056/1/2212 1069/1/2212
f 849/1/2820 1069/1/2820 850/1/2820
f 850/1/2821 1069/1/2821 1789/1/2821
f 850/1/2215 1789/1/2215 901/1/2215
f 901/1/2822 1789/1/2822 1792/1/2822
f 901/1/2217 1792/1/2217 903/1/2217
f 903/1/2218 1792/1/2218 904/1/2218
f 904/1/2823 1792/1/2823 1795/1/2823
f 904/1/2220 1795/1/2220 892/1/2220
f 1028/1/2225 1029/1/2225 1798/1/2225
f 1798/1/2824 1029/1/2824 896/1/2824
f 1798/1/2825 896/1/2825 1795/1/2825
f 1795/1/2826 896/1/2826 894/1/2826
f 1795/1/2221 894/1/2221 892/1/2221
f 1803/1/2827 1024/1/2827 1798/1/2827
f 1798/1/2828 1024/1/2828 1026/1/2828
f 1798/1/2226 1026/1/2226 1028/1/2226
f 1022/1/2829 1803/1/2829 1019/1/2829
f 1019/1/2830 1803/1/2830 1806/1/2830
f 1019/1/2233 1806/1/2233 1017/1/2233
f 1017/1/2831 1806/1/2831 1765/1/2831
f 1017/1/2231 1765/1/2231 1015/1/2231
f 813/1/1061 640/1/1061 1082/1/1061
f 1082/1/2832 640/1/2832 1084/1/2832
f 640/1/1063 826/1/1063 1084/1/1063
f 1084/1/1064 826/1/1064 827/1/1064
f 1084/1/2833 827/1/2833 1087/1/2833
f 827/1/1066 828/1/1066 1087/1/1066
f 1087/1/1067 828/1/1067 829/1/1067
f 1087/1/2834 829/1/2834 1090/1/2834
f 829/1/1069 830/1/1069 1090/1/1069
f 1090/1/1070 830/1/1070 831/1/1070
f 1090/1/2835 831/1/2835 1093/1/2835
f 831/1/1072 832/1/1072 1093/1/1072
f 1093/1/1073 832/1/1073 833/1/1073
f 1093/1/2836 833/1/2836 1096/1/2836
f 1096/1/1075 833/1/1075 836/1/1075
f 1096/1/2837 836/1/2837 1099/1/2837
f 1099/1/2838 836/1/2838 835/1/2838
f 612/1/1081 1102/1/1081 613/1/1081
f 613/1/2839 1102/1/2839 1099/1/2839
f 613/1/1079 1099/1/1079 834/1/1079
f 834/1/1078 1099/1/1078 835/1/1078
f 1068/1/2840 811/1/2840 1082/1/2840
f 1082/1/2841 811/1/2841 812/1/2841
f 1082/1/1084 812/1/1084 813/1/1084
f 592/1/2842 587/1/2842 2186/1/2842
f 2186/1/2843 587/1/2843 2187/1/2843
f 2186/1/2844 2187/1/2844 2188/1/2844
f 2189/1/2845 579/1/2845 2190/1/2845
f 2190/1/2846 579/1/2846 576/1/2846
f 1211/1/2847 1210/1/2847 612/1/2847
f 2191/1/2848 2192/1/2848 1190/1/2848
f 1190/1/2849 2192/1/2849 2193/1/2849
f 2193/1/2850 2194/1/2850 1190/1/2850
f 1190/1/2851 2194/1/2851 2195/1/2851
f 1190/1/2852 2195/1/2852 2196/1/2852
f 2197/1/2852 2198/1/2852 863/1/2852
f 863/1/2852 2198/1/2852 2199/1/2852
f 863/1/2852 2199/1/2852 864/1/2852
f 1244/1/2853 1243/1/2853 2200/1/2853
f 2200/1/2854 2201/1/2854 1244/1/2854
f 1244/1/2855 2201/1/2855 2202/1/2855
f 1244/1/2856 2202/1/2856 2203/1/2856
f 2204/1/2857 1188/1/2857 2205/1/2857
f 2205/1/2858 1188/1/2858 1244/1/2858
f 2205/1/2859 1244/1/2859 2206/1/2859
f 2206/1/2860 1244/1/2860 2203/1/2860
f 2204/1/2861 2207/1/2861 1188/1/2861
f 1188/1/2862 2207/1/2862 2208/1/2862
f 1188/1/2863 2208/1/2863 1189/1/2863
f 1189/1/2864 2208/1/2864 2209/1/2864
f 1189/1/2865 2209/1/2865 1190/1/2865
f 1190/1/2866 2209/1/2866 2210/1/2866
f 1190/1/2867 2210/1/2867 2191/1/2867
f 2211/1/2868 2212/1/2868 1123/1/2868
f 1123/1/2869 2212/1/2869 1124/1/2869
f 1124/1/2870 2212/1/2870 2213/1/2870
f 1124/1/2871 2213/1/2871 2214/1/2871
f 2214/1/2872 2215/1/2872 1124/1/2872
f 1124/1/2873 2215/1/2873 2216/1/2873
f 1124/1/2874 2216/1/2874 1243/1/2874
f 1243/1/2875 2216/1/2875 2217/1/2875
f 1243/1/2876 2217/1/2876 2200/1/2876
f 2218/1/2877 2219/1/2877 1120/1/2877
f 1120/1/2878 2219/1/2878 2220/1/2878
f 1120/1/2879 2220/1/2879 2221/1/2879
f 621/1/2877 2222/1/2877 619/1/2877
f 619/1/2877 2222/1/2877 2223/1/2877
f 619/1/2877 2223/1/2877 2224/1/2877
f 2221/1/2880 2225/1/2880 1120/1/2880
f 1120/1/2881 2225/1/2881 2226/1/2881
f 1120/1/2882 2226/1/2882 2227/1/2882
f 2227/1/2883 2228/1/2883 1120/1/2883
f 1120/1/2884 2228/1/2884 2229/1/2884
f 1120/1/2885 2229/1/2885 1121/1/2885
f 1121/1/2886 2229/1/2886 2230/1/2886
f 1121/1/2887 2230/1/2887 1123/1/2887
f 1123/1/2888 2230/1/2888 2231/1/2888
f 1123/1/2889 2231/1/2889 2211/1/2889
f 612/1/2890 611/1/2890 1211/1/2890
f 1211/1/2891 611/1/2891 696/1/2891
f 1211/1/2892 696/1/2892 1108/1/2892
f 696/1/2893 609/1/2893 1108/1/2893
f 1108/1/2894 609/1/2894 608/1/2894
f 1108/1/2895 608/1/2895 1109/1/2895
f 1109/1/2896 608/1/2896 708/1/2896
f 1109/1/2897 708/1/2897 1221/1/2897
f 1221/1/2898 708/1/2898 707/1/2898
f 1221/1/2899 707/1/2899 1111/1/2899
f 1111/1/2900 707/1/2900 1112/1/2900
f 1112/1/2901 707/1/2901 725/1/2901
f 1112/1/2902 725/1/2902 1114/1/2902
f 1114/1/2903 725/1/2903 724/1/2903
f 1114/1/2904 724/1/2904 1115/1/2904
f 1115/1/2905 724/1/2905 746/1/2905
f 1115/1/2906 746/1/2906 1117/1/2906
f 1117/1/2907 746/1/2907 745/1/2907
f 1117/1/2908 745/1/2908 1118/1/2908
f 1118/1/2909 745/1/2909 793/1/2909
f 1118/1/2910 793/1/2910 1232/1/2910
f 1232/1/2911 793/1/2911 619/1/2911
f 1232/1/2912 619/1/2912 1120/1/2912
f 1120/1/2877 619/1/2877 2224/1/2877
f 1120/1/2877 2224/1/2877 2218/1/2877
f 2196/1/2852 2197/1/2852 1190/1/2852
f 1190/1/2852 2197/1/2852 863/1/2852
f 1190/1/2913 863/1/2913 1191/1/2913
f 1191/1/2914 863/1/2914 912/1/2914
f 1191/1/2915 912/1/2915 1184/1/2915
f 1184/1/2916 912/1/2916 946/1/2916
f 1184/1/2917 946/1/2917 1186/1/2917
f 1186/1/2918 946/1/2918 1187/1/2918
f 1187/1/2919 946/1/2919 948/1/2919
f 1187/1/2920 948/1/2920 1182/1/2920
f 1182/1/2921 948/1/2921 947/1/2921
f 1182/1/2922 947/1/2922 1183/1/2922
f 1183/1/2923 947/1/2923 841/1/2923
f 1183/1/2924 841/1/2924 1179/1/2924
f 1179/1/2925 841/1/2925 840/1/2925
f 1179/1/2926 840/1/2926 1180/1/2926
f 1180/1/2927 840/1/2927 967/1/2927
f 1180/1/2928 967/1/2928 1176/1/2928
f 967/1/2929 966/1/2929 1176/1/2929
f 1176/1/2930 966/1/2930 838/1/2930
f 1176/1/2931 838/1/2931 1174/1/2931
f 1015/1/2932 1196/1/2932 1016/1/2932
f 1016/1/2933 1196/1/2933 1172/1/2933
f 1016/1/2934 1172/1/2934 1014/1/2934
f 1014/1/2935 1172/1/2935 1174/1/2935
f 1014/1/2936 1174/1/2936 837/1/2936
f 837/1/2937 1174/1/2937 838/1/2937
f 2232/1/2938 596/1/2938 2233/1/2938
f 2233/1/2939 2234/1/2939 2232/1/2939
f 2232/1/2940 2234/1/2940 2235/1/2940
f 2232/1/2941 2235/1/2941 563/1/2941
f 566/1/2942 2236/1/2942 2237/1/2942
f 2237/1/2943 2236/1/2943 527/1/2943
f 2237/1/2944 527/1/2944 574/1/2944
f 2238/1/2945 2186/1/2945 2188/1/2945
f 591/1/2946 592/1/2946 2186/1/2946
f 2186/1/2947 2238/1/2947 591/1/2947
f 591/1/2948 2238/1/2948 2239/1/2948
f 591/1/2949 2239/1/2949 593/1/2949
f 2240/1/2950 2241/1/2950 556/1/2950
f 556/1/2951 2241/1/2951 557/1/2951
f 2242/1/2952 2241/1/2952 2243/1/2952
f 2243/1/2953 2241/1/2953 2240/1/2953
f 2243/1/2954 2240/1/2954 594/1/2954
f 594/1/2955 2240/1/2955 556/1/2955
f 594/1/2956 556/1/2956 555/1/2956
f 2188/1/2957 2244/1/2957 2238/1/2957
f 2238/1/2958 2244/1/2958 2242/1/2958
f 2238/1/2959 2242/1/2959 2239/1/2959
f 2239/1/2960 2242/1/2960 2243/1/2960
f 2239/1/2961 2243/1/2961 593/1/2961
f 593/1/2962 2243/1/2962 594/1/2962
f 588/1/2963 2187/1/2963 587/1/2963
f 2187/1/2964 588/1/2964 589/1/2964
f 2187/1/2965 589/1/2965 2245/1/2965
f 589/1/2966 590/1/2966 2245/1/2966
f 2245/1/2967 590/1/2967 586/1/2967
f 2245/1/2968 586/1/2968 2246/1/2968
f 2246/1/2969 586/1/2969 585/1/2969
f 2246/1/2970 585/1/2970 2247/1/2970
f 2247/1/2971 585/1/2971 553/1/2971
f 2247/1/2972 553/1/2972 551/1/2972
f 580/1/2973 2189/1/2973 2248/1/2973
f 580/1/2974 2248/1/2974 581/1/2974
f 581/1/2975 2248/1/2975 2249/1/2975
f 581/1/2976 2249/1/2976 582/1/2976
f 582/1/2977 2249/1/2977 2250/1/2977
f 582/1/2978 2250/1/2978 583/1/2978
f 583/1/2979 2250/1/2979 2251/1/2979
f 583/1/2980 2251/1/2980 584/1/2980
f 2251/1/2981 2252/1/2981 584/1/2981
f 584/1/2982 2252/1/2982 546/1/2982
f 584/1/2983 546/1/2983 547/1/2983
f 2189/1/2984 580/1/2984 579/1/2984
f 2253/1/2985 2190/1/2985 576/1/2985
f 2254/1/2986 541/1/2986 540/1/2986
f 578/1/2987 542/1/2987 541/1/2987
f 541/1/2988 2254/1/2988 578/1/2988
f 578/1/2989 2254/1/2989 2255/1/2989
f 578/1/2990 2255/1/2990 577/1/2990
f 2190/1/2991 2253/1/2991 2256/1/2991
f 2256/1/2992 2253/1/2992 2257/1/2992
f 2256/1/2993 2257/1/2993 2258/1/2993
f 540/1/2994 2259/1/2994 2254/1/2994
f 2254/1/2995 2259/1/2995 2258/1/2995
f 2254/1/2996 2258/1/2996 2255/1/2996
f 2255/1/2997 2258/1/2997 2257/1/2997
f 2255/1/2998 2257/1/2998 577/1/2998
f 577/1/2999 2257/1/2999 2253/1/2999
f 577/1/3000 2253/1/3000 575/1/3000
f 575/1/3001 2253/1/3001 576/1/3001
f 569/1/3002 525/1/3002 524/1/3002
f 566/1/3003 567/1/3003 2260/1/3003
f 2260/1/3004 567/1/3004 568/1/3004
f 2260/1/3005 568/1/3005 2261/1/3005
f 2261/1/3006 568/1/3006 569/1/3006
f 2261/1/3007 569/1/3007 2262/1/3007
f 2262/1/3008 569/1/3008 524/1/3008
f 2262/1/3009 524/1/3009 523/1/3009
f 523/1/3010 2263/1/3010 2262/1/3010
f 2262/1/3011 2263/1/3011 2264/1/3011
f 2262/1/3012 2264/1/3012 2261/1/3012
f 2261/1/3013 2264/1/3013 2265/1/3013
f 2261/1/3014 2265/1/3014 2260/1/3014
f 2260/1/3015 2265/1/3015 2236/1/3015
f 2260/1/3016 2236/1/3016 566/1/3016
f 563/1/3017 2235/1/3017 2266/1/3017
f 563/1/3018 2266/1/3018 562/1/3018
f 562/1/3019 2266/1/3019 2267/1/3019
f 562/1/3020 2267/1/3020 561/1/3020
f 561/1/3021 2267/1/3021 2268/1/3021
f 561/1/3022 2268/1/3022 560/1/3022
f 2269/1/3023 520/1/3023 519/1/3023
f 2235/1/3024 2270/1/3024 2266/1/3024
f 2266/1/3025 2270/1/3025 2271/1/3025
f 2266/1/3026 2271/1/3026 2267/1/3026
f 2267/1/3027 2271/1/3027 2269/1/3027
f 2267/1/3028 2269/1/3028 2268/1/3028
f 2268/1/3029 2269/1/3029 519/1/3029
f 2268/1/3030 519/1/3030 560/1/3030
f 560/1/3031 519/1/3031 518/1/3031
f 2272/1/3032 516/1/3032 515/1/3032
f 599/1/3033 517/1/3033 516/1/3033
f 516/1/3034 2272/1/3034 599/1/3034
f 599/1/3035 2272/1/3035 2273/1/3035
f 599/1/3036 2273/1/3036 598/1/3036
f 2274/1/3037 595/1/3037 2275/1/3037
f 2275/1/3038 595/1/3038 597/1/3038
f 2275/1/3039 597/1/3039 2276/1/3039
f 596/1/3040 595/1/3040 2233/1/3040
f 2233/1/3041 595/1/3041 2274/1/3041
f 2233/1/3042 2274/1/3042 2234/1/3042
f 2234/1/3043 2274/1/3043 2275/1/3043
f 2234/1/3044 2275/1/3044 2277/1/3044
f 2277/1/3045 2275/1/3045 2276/1/3045
f 2277/1/3046 2276/1/3046 2278/1/3046
f 515/1/3047 2279/1/3047 2272/1/3047
f 2272/1/3048 2279/1/3048 2278/1/3048
f 2272/1/3049 2278/1/3049 2273/1/3049
f 2273/1/3050 2278/1/3050 2276/1/3050
f 2273/1/3051 2276/1/3051 598/1/3051
f 598/1/3052 2276/1/3052 597/1/3052
f 2232/1/3053 563/1/3053 262/1/3053
f 2232/1/3054 262/1/3054 596/1/3054
f 596/1/3055 262/1/3055 261/1/3055
f 596/1/3056 261/1/3056 259/1/3056
f 330/1/3057 587/1/3057 332/1/3057
f 332/1/3058 587/1/3058 592/1/3058
f 332/1/3059 592/1/3059 333/1/3059
f 290/1/3060 576/1/3060 291/1/3060
f 291/1/3061 576/1/3061 579/1/3061
f 291/1/3062 579/1/3062 292/1/3062
f 268/1/3063 564/1/3063 2237/1/3063
f 2237/1/3064 564/1/3064 565/1/3064
f 2237/1/3065 565/1/3065 566/1/3065
f 268/1/3066 2237/1/3066 269/1/3066
f 269/1/3067 2237/1/3067 574/1/3067
f 269/1/3068 574/1/3068 270/1/3068
f 2195/1/3069 231/1/3069 233/1/3069
f 288/1/3069 864/1/3069 289/1/3069
f 289/1/3069 864/1/3069 2199/1/3069
f 2195/1/3069 233/1/3069 2196/1/3069
f 2196/1/3069 233/1/3069 235/1/3069
f 2196/1/3069 235/1/3069 2197/1/3069
f 2197/1/3069 235/1/3069 2280/1/3069
f 2197/1/3069 2280/1/3069 2198/1/3069
f 2198/1/3069 2280/1/3069 2281/1/3069
f 2198/1/3069 2281/1/3069 2199/1/3069
f 2199/1/3069 2281/1/3069 2282/1/3069
f 2199/1/3069 2282/1/3069 289/1/3069
f 247/1/3070 272/1/3070 2283/1/3070
f 238/1/3071 621/1/3071 2284/1/3071
f 2284/1/3072 621/1/3072 620/1/3072
f 852/1/3073 922/1/3073 2285/1/3073
f 2286/1/3074 2287/1/3074 857/1/3074
f 864/1/3075 2288/1/3075 866/1/3075
f 866/1/3076 2288/1/3076 2289/1/3076
f 866/1/3077 2289/1/3077 935/1/3077
f 935/1/3078 2289/1/3078 2286/1/3078
f 935/1/3079 2286/1/3079 856/1/3079
f 856/1/3080 2286/1/3080 857/1/3080
f 2285/1/3081 922/1/3081 2290/1/3081
f 2290/1/3082 922/1/3082 921/1/3082
f 2290/1/3083 921/1/3083 2291/1/3083
f 2291/1/3084 921/1/3084 862/1/3084
f 2291/1/3085 862/1/3085 2292/1/3085
f 2292/1/3086 862/1/3086 861/1/3086
f 2292/1/3087 861/1/3087 2287/1/3087
f 2287/1/3088 861/1/3088 859/1/3088
f 2287/1/3089 859/1/3089 857/1/3089
f 2293/1/3090 637/1/3090 2294/1/3090
f 2294/1/3091 637/1/3091 695/1/3091
f 2294/1/3092 695/1/3092 2295/1/3092
f 2295/1/3093 695/1/3093 694/1/3093
f 2295/1/3094 694/1/3094 2296/1/3094
f 2296/1/3095 694/1/3095 855/1/3095
f 2296/1/3096 855/1/3096 2297/1/3096
f 2297/1/3097 855/1/3097 853/1/3097
f 2297/1/3098 853/1/3098 2283/1/3098
f 627/1/3099 632/1/3099 2298/1/3099
f 2298/1/3100 632/1/3100 634/1/3100
f 2298/1/3101 634/1/3101 2299/1/3101
f 2299/1/3102 634/1/3102 636/1/3102
f 627/1/3103 2298/1/3103 628/1/3103
f 628/1/3104 2298/1/3104 2300/1/3104
f 628/1/3105 2300/1/3105 630/1/3105
f 630/1/3106 2300/1/3106 631/1/3106
f 631/1/3107 2300/1/3107 2301/1/3107
f 631/1/3108 2301/1/3108 622/1/3108
f 622/1/3109 2301/1/3109 623/1/3109
f 623/1/3110 2301/1/3110 2302/1/3110
f 623/1/3111 2302/1/3111 625/1/3111
f 625/1/3112 2302/1/3112 2303/1/3112
f 625/1/3113 2303/1/3113 618/1/3113
f 620/1/3114 618/1/3114 2284/1/3114
f 2284/1/3115 618/1/3115 2303/1/3115
f 2284/1/3116 2303/1/3116 238/1/3116
f 238/1/3117 2303/1/3117 280/1/3117
f 280/1/3118 2303/1/3118 281/1/3118
f 281/1/3119 2303/1/3119 2302/1/3119
f 281/1/3120 2302/1/3120 298/1/3120
f 298/1/3121 2302/1/3121 2301/1/3121
f 298/1/3121 2301/1/3121 297/1/3121
f 297/1/3122 2301/1/3122 2300/1/3122
f 297/1/3123 2300/1/3123 251/1/3123
f 251/1/3124 2300/1/3124 2298/1/3124
f 251/1/3125 2298/1/3125 260/1/3125
f 260/1/3126 2298/1/3126 258/1/3126
f 258/1/3127 2298/1/3127 2299/1/3127
f 258/1/3128 2299/1/3128 2293/1/3128
f 2293/1/3129 2299/1/3129 636/1/3129
f 2293/1/3130 636/1/3130 637/1/3130
f 2296/1/3131 293/1/3131 2295/1/3131
f 2295/1/3132 293/1/3132 331/1/3132
f 2295/1/3132 331/1/3132 2294/1/3132
f 2294/1/3133 331/1/3133 279/1/3133
f 2294/1/3134 279/1/3134 2293/1/3134
f 2293/1/3135 279/1/3135 256/1/3135
f 2293/1/3136 256/1/3136 258/1/3136
f 2283/1/3137 272/1/3137 2297/1/3137
f 2297/1/3138 272/1/3138 275/1/3138
f 2297/1/3139 275/1/3139 2296/1/3139
f 2296/1/3140 275/1/3140 274/1/3140
f 2296/1/3131 274/1/3131 293/1/3131
f 2289/1/3141 283/1/3141 2286/1/3141
f 2286/1/3142 283/1/3142 299/1/3142
f 2286/1/3142 299/1/3142 2287/1/3142
f 2287/1/3143 299/1/3143 265/1/3143
f 2287/1/3144 265/1/3144 2292/1/3144
f 2292/1/3145 265/1/3145 267/1/3145
f 2292/1/3146 267/1/3146 2291/1/3146
f 2291/1/3147 267/1/3147 248/1/3147
f 2291/1/3148 248/1/3148 2290/1/3148
f 2290/1/3149 248/1/3149 247/1/3149
f 2290/1/3150 247/1/3150 2285/1/3150
f 2285/1/3151 247/1/3151 2283/1/3151
f 2285/1/3152 2283/1/3152 852/1/3152
f 852/1/3153 2283/1/3153 853/1/3153
f 864/1/3154 288/1/3154 2288/1/3154
f 2288/1/3155 288/1/3155 286/1/3155
f 2288/1/3156 286/1/3156 2289/1/3156
f 2289/1/3157 286/1/3157 284/1/3157
f 2289/1/3141 284/1/3141 283/1/3141
f 621/1/3158 238/1/3158 237/1/3158
f 346/1/3158 2218/1/3158 2224/1/3158
f 621/1/3158 237/1/3158 2222/1/3158
f 2222/1/3158 237/1/3158 2304/1/3158
f 2222/1/3158 2304/1/3158 2223/1/3158
f 2223/1/3158 2304/1/3158 2305/1/3158
f 2223/1/3158 2305/1/3158 2224/1/3158
f 2224/1/3158 2305/1/3158 2306/1/3158
f 2224/1/3158 2306/1/3158 346/1/3158
f 346/1/3158 345/1/3158 2218/1/3158
f 2218/1/3158 345/1/3158 343/1/3158
f 2218/1/3158 343/1/3158 2219/1/3158
f 2307/1/3159 2308/1/3159 2188/1/3159
f 2188/1/3160 2308/1/3160 2244/1/3160
f 2309/1/3161 558/1/3161 557/1/3161
f 2308/1/3162 2310/1/3162 2244/1/3162
f 2244/1/3163 2310/1/3163 2311/1/3163
f 2244/1/3164 2311/1/3164 2242/1/3164
f 2242/1/3165 2311/1/3165 2309/1/3165
f 2242/1/3166 2309/1/3166 2241/1/3166
f 2241/1/3167 2309/1/3167 557/1/3167
f 2307/1/3168 2188/1/3168 2312/1/3168
f 2312/1/3169 2188/1/3169 2187/1/3169
f 2312/1/3170 2187/1/3170 2313/1/3170
f 2247/1/3171 551/1/3171 550/1/3171
f 550/1/3172 2314/1/3172 2247/1/3172
f 2247/1/3173 2314/1/3173 2315/1/3173
f 2247/1/3174 2315/1/3174 2246/1/3174
f 2246/1/3175 2315/1/3175 2316/1/3175
f 2316/1/3176 2317/1/3176 2246/1/3176
f 2246/1/3177 2317/1/3177 2318/1/3177
f 2246/1/3178 2318/1/3178 2245/1/3178
f 2245/1/3179 2318/1/3179 2313/1/3179
f 2245/1/3180 2313/1/3180 2187/1/3180
f 2189/1/3181 2319/1/3181 2320/1/3181
f 2189/1/3182 2320/1/3182 2248/1/3182
f 2248/1/3183 2320/1/3183 2321/1/3183
f 2248/1/3184 2321/1/3184 2249/1/3184
f 2249/1/3185 2321/1/3185 2322/1/3185
f 2249/1/3186 2322/1/3186 2250/1/3186
f 2250/1/3187 2322/1/3187 2323/1/3187
f 2250/1/3188 2323/1/3188 2251/1/3188
f 2251/1/3189 2323/1/3189 2324/1/3189
f 2251/1/3190 2324/1/3190 2252/1/3190
f 2252/1/3191 2324/1/3191 544/1/3191
f 2252/1/3192 544/1/3192 546/1/3192
f 2319/1/3193 2189/1/3193 2325/1/3193
f 2325/1/3194 2189/1/3194 2190/1/3194
f 2325/1/3195 2190/1/3195 2326/1/3195
f 540/1/3196 539/1/3196 2327/1/3196
f 540/1/3197 2327/1/3197 2259/1/3197
f 2328/1/3198 2326/1/3198 2190/1/3198
f 2327/1/3199 2329/1/3199 2259/1/3199
f 2259/1/3200 2329/1/3200 2330/1/3200
f 2259/1/3201 2330/1/3201 2258/1/3201
f 2258/1/2918 2330/1/2918 2328/1/2918
f 2258/1/3202 2328/1/3202 2256/1/3202
f 2256/1/3203 2328/1/3203 2190/1/3203
f 528/1/3204 527/1/3204 2331/1/3204
f 2331/1/3205 527/1/3205 2236/1/3205
f 2331/1/3206 2236/1/3206 2332/1/3206
f 2333/1/3207 2332/1/3207 2236/1/3207
f 2236/1/3208 2265/1/3208 2333/1/3208
f 2333/1/3209 2265/1/3209 2264/1/3209
f 2333/1/3210 2264/1/3210 2334/1/3210
f 2334/1/3211 2264/1/3211 2263/1/3211
f 2334/1/3212 2263/1/3212 2335/1/3212
f 2335/1/3213 2263/1/3213 523/1/3213
f 2335/1/3214 523/1/3214 522/1/3214
f 500/1/3215 2336/1/3215 343/1/3215
f 483/1/3216 491/1/3216 2337/1/3216
f 2221/1/3217 2220/1/3217 2336/1/3217
f 2336/1/3218 2220/1/3218 2219/1/3218
f 2336/1/3219 2219/1/3219 343/1/3219
f 2226/1/3220 2338/1/3220 2227/1/3220
f 2227/1/3221 2338/1/3221 2339/1/3221
f 2227/1/3222 2339/1/3222 2228/1/3222
f 2340/1/3223 2229/1/3223 2228/1/3223
f 2229/1/3224 2340/1/3224 2230/1/3224
f 2230/1/3225 2340/1/3225 2341/1/3225
f 2230/1/3226 2341/1/3226 2231/1/3226
f 2231/1/3227 2341/1/3227 2211/1/3227
f 2211/1/3228 2341/1/3228 2342/1/3228
f 2211/1/3229 2342/1/3229 2212/1/3229
f 2212/1/3230 2342/1/3230 2213/1/3230
f 2213/1/3231 2342/1/3231 2343/1/3231
f 2213/1/3232 2343/1/3232 2214/1/3232
f 2214/1/3233 2343/1/3233 2215/1/3233
f 2215/1/3234 2343/1/3234 2344/1/3234
f 2215/1/3235 2344/1/3235 2216/1/3235
f 2216/1/3236 2344/1/3236 2345/1/3236
f 2216/1/3237 2345/1/3237 2217/1/3237
f 2217/1/3238 2345/1/3238 2200/1/3238
f 2200/1/3239 2345/1/3239 2346/1/3239
f 2200/1/3240 2346/1/3240 2201/1/3240
f 2201/1/3241 2346/1/3241 2347/1/3241
f 2201/1/3242 2347/1/3242 2202/1/3242
f 2204/1/3243 2205/1/3243 2337/1/3243
f 2337/1/3244 2205/1/3244 2206/1/3244
f 2337/1/3245 2206/1/3245 2347/1/3245
f 2347/1/3246 2206/1/3246 2203/1/3246
f 2347/1/3247 2203/1/3247 2202/1/3247
f 2348/1/3248 2208/1/3248 2337/1/3248
f 2337/1/3249 2208/1/3249 2207/1/3249
f 2337/1/3250 2207/1/3250 2204/1/3250
f 2194/1/3251 2193/1/3251 2349/1/3251
f 2349/1/3252 2193/1/3252 2192/1/3252
f 2349/1/3253 2192/1/3253 2350/1/3253
f 2350/1/3254 2192/1/3254 2191/1/3254
f 2350/1/3255 2191/1/3255 2351/1/3255
f 2351/1/3256 2191/1/3256 2210/1/3256
f 2351/1/3257 2210/1/3257 2348/1/3257
f 2348/1/3258 2210/1/3258 2209/1/3258
f 2348/1/3259 2209/1/3259 2208/1/3259
f 231/1/3260 2352/1/3260 509/1/3260
f 509/1/3261 2352/1/3261 505/1/3261
f 506/1/3262 505/1/3262 2349/1/3262
f 2349/1/3263 505/1/3263 2352/1/3263
f 2349/1/3264 2352/1/3264 2194/1/3264
f 2194/1/3265 2352/1/3265 231/1/3265
f 2194/1/3266 231/1/3266 2195/1/3266
f 506/1/3267 2349/1/3267 508/1/3267
f 508/1/3268 2349/1/3268 2350/1/3268
f 508/1/3269 2350/1/3269 507/1/3269
f 2348/1/3270 503/1/3270 2351/1/3270
f 2351/1/3271 503/1/3271 502/1/3271
f 2351/1/3272 502/1/3272 2350/1/3272
f 2350/1/3273 502/1/3273 504/1/3273
f 2350/1/3274 504/1/3274 507/1/3274
f 491/1/3275 492/1/3275 2337/1/3275
f 2337/1/3276 492/1/3276 493/1/3276
f 2337/1/3277 493/1/3277 2348/1/3277
f 2348/1/3278 493/1/3278 494/1/3278
f 2348/1/3279 494/1/3279 503/1/3279
f 483/1/3280 2337/1/3280 484/1/3280
f 484/1/3281 2337/1/3281 2347/1/3281
f 484/1/3282 2347/1/3282 485/1/3282
f 488/1/3283 489/1/3283 2346/1/3283
f 2346/1/3284 489/1/3284 487/1/3284
f 2346/1/3285 487/1/3285 2347/1/3285
f 2347/1/3286 487/1/3286 486/1/3286
f 2347/1/3287 486/1/3287 485/1/3287
f 488/1/3288 2346/1/3288 480/1/3288
f 480/1/3289 2346/1/3289 2345/1/3289
f 480/1/3290 2345/1/3290 481/1/3290
f 2344/1/3291 478/1/3291 477/1/3291
f 477/1/3292 474/1/3292 2344/1/3292
f 2344/1/3293 474/1/3293 475/1/3293
f 2344/1/3294 475/1/3294 2345/1/3294
f 2345/1/3295 475/1/3295 476/1/3295
f 2345/1/3296 476/1/3296 481/1/3296
f 478/1/3297 2344/1/3297 479/1/3297
f 479/1/3298 2344/1/3298 2343/1/3298
f 479/1/3299 2343/1/3299 473/1/3299
f 473/1/3300 2343/1/3300 2342/1/3300
f 473/1/3301 2342/1/3301 467/1/3301
f 467/1/3302 2342/1/3302 2341/1/3302
f 467/1/3303 2341/1/3303 468/1/3303
f 468/1/3304 2341/1/3304 469/1/3304
f 469/1/3305 2341/1/3305 2340/1/3305
f 469/1/3306 2340/1/3306 470/1/3306
f 2228/1/3307 2339/1/3307 2340/1/3307
f 2340/1/3308 2339/1/3308 466/1/3308
f 2340/1/3309 466/1/3309 470/1/3309
f 501/1/3310 499/1/3310 2353/1/3310
f 2353/1/3311 499/1/3311 498/1/3311
f 2353/1/3312 498/1/3312 2338/1/3312
f 498/1/3313 497/1/3313 2338/1/3313
f 2338/1/3314 497/1/3314 496/1/3314
f 2338/1/3315 496/1/3315 2339/1/3315
f 2339/1/3316 496/1/3316 495/1/3316
f 2339/1/3317 495/1/3317 466/1/3317
f 500/1/3318 501/1/3318 2336/1/3318
f 2336/1/3319 501/1/3319 2353/1/3319
f 2336/1/3320 2353/1/3320 2221/1/3320
f 2221/1/3321 2353/1/3321 2338/1/3321
f 2221/1/3322 2338/1/3322 2225/1/3322
f 2225/1/3323 2338/1/3323 2226/1/3323
f 2270/1/3324 2235/1/3324 2354/1/3324
f 521/1/3325 520/1/3325 2355/1/3325
f 2355/1/3326 520/1/3326 2269/1/3326
f 2354/1/3327 2356/1/3327 2270/1/3327
f 2270/1/3328 2356/1/3328 2357/1/3328
f 2270/1/3329 2357/1/3329 2271/1/3329
f 2271/1/3330 2357/1/3330 2358/1/3330
f 2271/1/3331 2358/1/3331 2269/1/3331
f 2269/1/3332 2358/1/3332 2359/1/3332
f 2269/1/3333 2359/1/3333 2355/1/3333
f 2354/1/3334 2235/1/3334 2360/1/3334
f 2360/1/3335 2235/1/3335 2234/1/3335
f 2360/1/3336 2234/1/3336 2361/1/3336
f 2279/1/3337 515/1/3337 514/1/3337
f 2277/1/3338 2278/1/3338 2362/1/3338
f 2361/1/3339 2234/1/3339 2363/1/3339
f 2363/1/3340 2234/1/3340 2277/1/3340
f 2363/1/3341 2277/1/3341 2364/1/3341
f 2364/1/3342 2277/1/3342 2362/1/3342
f 514/1/3343 2365/1/3343 2279/1/3343
f 2279/1/3344 2365/1/3344 2366/1/3344
f 2279/1/3345 2366/1/3345 2278/1/3345
f 2278/1/3346 2366/1/3346 2367/1/3346
f 2278/1/3347 2367/1/3347 2362/1/3347
f 2368/1/129 2369/1/129 2370/1/129
f 2370/1/129 2369/1/129 2371/1/129
f 2372/1/129 2373/1/129 2374/1/129
f 2374/1/129 2373/1/129 2375/1/129
f 2374/1/129 2375/1/129 2376/1/129
f 2372/1/129 2374/1/129 2377/1/129
f 2377/1/129 2374/1/129 2378/1/129
f 2377/1/129 2378/1/129 2379/1/129
f 2379/1/129 2378/1/129 2380/1/129
f 2379/1/129 2380/1/129 2369/1/129
f 2369/1/129 2380/1/129 2381/1/129
f 2369/1/129 2381/1/129 2371/1/129
f 2382/1/129 2370/1/129 2383/1/129
f 2383/1/128 2370/1/128 2384/1/128
f 2382/1/129 2385/1/129 2370/1/129
f 2370/1/129 2385/1/129 2386/1/129
f 2370/1/129 2386/1/129 2368/1/129
f 2375/1/129 2387/1/129 2376/1/129
f 2376/1/129 2387/1/129 2388/1/129
f 2376/1/129 2388/1/129 2389/1/129
f 2389/1/129 2388/1/129 2390/1/129
f 2389/1/129 2390/1/129 2391/1/129
f 2370/1/3348 1780/1/3348 1779/1/3348
f 2370/1/3348 1779/1/3348 2384/1/3348
f 2384/1/3349 1779/1/3349 1775/1/3349
f 2384/1/3349 1775/1/3349 2383/1/3349
f 2383/1/3350 1775/1/3350 1774/1/3350
f 2383/1/3350 1774/1/3350 2382/1/3350
f 2382/1/3351 1774/1/3351 1767/1/3351
f 2382/1/3351 1767/1/3351 2385/1/3351
f 2385/1/3352 1767/1/3352 1766/1/3352
f 2385/1/3352 1766/1/3352 2386/1/3352
f 2386/1/3353 1766/1/3353 1773/1/3353
f 2386/1/3353 1773/1/3353 2368/1/3353
f 2368/1/3354 1773/1/3354 1772/1/3354
f 2368/1/3354 1772/1/3354 2369/1/3354
f 2369/1/3355 1772/1/3355 2379/1/3355
f 2379/1/3356 1772/1/3356 1771/1/3356
f 2379/1/3357 1771/1/3357 2377/1/3357
f 2377/1/3358 1771/1/3358 1770/1/3358
f 2377/1/3358 1770/1/3358 2372/1/3358
f 2372/1/3359 1770/1/3359 1769/1/3359
f 2372/1/3359 1769/1/3359 2373/1/3359
f 2373/1/3360 1769/1/3360 1768/1/3360
f 2373/1/3360 1768/1/3360 2375/1/3360
f 2375/1/3361 1768/1/3361 1787/1/3361
f 2375/1/3361 1787/1/3361 2387/1/3361
f 2387/1/3362 1787/1/3362 1786/1/3362
f 2387/1/3362 1786/1/3362 2388/1/3362
f 2388/1/3363 1786/1/3363 1785/1/3363
f 2388/1/3363 1785/1/3363 2390/1/3363
f 2390/1/3364 1785/1/3364 1776/1/3364
f 2390/1/3364 1776/1/3364 2391/1/3364
f 2391/1/3365 1776/1/3365 1777/1/3365
f 2391/1/3365 1777/1/3365 2389/1/3365
f 2389/1/3366 1777/1/3366 1778/1/3366
f 2389/1/3366 1778/1/3366 2376/1/3366
f 2376/1/3367 1778/1/3367 1784/1/3367
f 2376/1/3367 1784/1/3367 2374/1/3367
f 2374/1/3368 1784/1/3368 2378/1/3368
f 2378/1/3369 1784/1/3369 1783/1/3369
f 2378/1/3370 1783/1/3370 2380/1/3370
f 2380/1/3371 1783/1/3371 1782/1/3371
f 2380/1/3371 1782/1/3371 2381/1/3371
f 2381/1/3372 1782/1/3372 1781/1/3372
f 2381/1/3372 1781/1/3372 2371/1/3372
f 2371/1/3373 1781/1/3373 1780/1/3373
f 2371/1/3373 1780/1/3373 2370/1/3373
f 2392/1/3374 2393/1/3374 2394/1/3374
f 2394/1/3375 2393/1/3375 2395/1/3375
f 2394/1/3376 2395/1/3376 2396/1/3376
f 2396/1/3377 2395/1/3377 2397/1/3377
f 2398/1/3378 2399/1/3378 2400/1/3378
f 2400/1/3379 2399/1/3379 2396/1/3379
f 2401/1/3380 2392/1/3380 2394/1/3380
f 2402/1/3381 2403/1/3381 2404/1/3381
f 2404/1/3382 2403/1/3382 2405/1/3382
f 2404/1/3383 2405/1/3383 2406/1/3383
f 2406/1/3384 2405/1/3384 2407/1/3384
f 2406/1/3385 2407/1/3385 2408/1/3385
f 2408/1/3386 2407/1/3386 2409/1/3386
f 2408/1/3387 2409/1/3387 2410/1/3387
f 2410/1/3388 2409/1/3388 2411/1/3388
f 2410/1/3389 2411/1/3389 2398/1/3389
f 2398/1/3390 2411/1/3390 2401/1/3390
f 2398/1/3391 2401/1/3391 2399/1/3391
f 2399/1/3392 2401/1/3392 2394/1/3392
f 2399/1/3393 2394/1/3393 2396/1/3393
f 2402/1/3394 2404/1/3394 2412/1/3394
f 2412/1/3395 2404/1/3395 2413/1/3395
f 2412/1/3396 2413/1/3396 2414/1/3396
f 2415/1/3397 2416/1/3397 2417/1/3397
f 2418/1/3398 2419/1/3398 2420/1/3398
f 2420/1/3399 2421/1/3399 2418/1/3399
f 2418/1/3400 2421/1/3400 2422/1/3400
f 2418/1/3401 2422/1/3401 2416/1/3401
f 2416/1/3402 2422/1/3402 2423/1/3402
f 2416/1/3403 2423/1/3403 2417/1/3403
f 2417/1/3404 2414/1/3404 2415/1/3404
f 2415/1/3405 2414/1/3405 2413/1/3405
f 2415/1/3406 2413/1/3406 2424/1/3406
f 2424/1/3406 2413/1/3406 2404/1/3406
f 2424/1/3407 2404/1/3407 2425/1/3407
f 2425/1/3407 2404/1/3407 2406/1/3407
f 2425/1/3408 2406/1/3408 2426/1/3408
f 2426/1/3408 2406/1/3408 2408/1/3408
f 2426/1/3409 2408/1/3409 2427/1/3409
f 2427/1/3409 2408/1/3409 2410/1/3409
f 2427/1/3410 2410/1/3410 2428/1/3410
f 2428/1/3411 2410/1/3411 2398/1/3411
f 2428/1/3412 2398/1/3412 2429/1/3412
f 2429/1/3378 2398/1/3378 2400/1/3378
f 2430/1/3413 2431/1/3413 2432/1/3413
f 2432/1/3414 2431/1/3414 2433/1/3414
f 2432/1/3415 2433/1/3415 2419/1/3415
f 2419/1/3416 2433/1/3416 2434/1/3416
f 2419/1/3417 2434/1/3417 2420/1/3417
f 2435/1/3418 2436/1/3418 2430/1/3418
f 2430/1/3419 2436/1/3419 2437/1/3419
f 2430/1/3420 2437/1/3420 2431/1/3420
f 2438/1/3421 2439/1/3421 2440/1/3421
f 2440/1/3422 2439/1/3422 2441/1/3422
f 2440/1/3423 2441/1/3423 2435/1/3423
f 2435/1/3424 2441/1/3424 2442/1/3424
f 2435/1/3425 2442/1/3425 2436/1/3425
f 2443/1/3426 2444/1/3426 2445/1/3426
f 2445/1/3427 2444/1/3427 2446/1/3427
f 2445/1/3428 2446/1/3428 2447/1/3428
f 2447/1/3429 2446/1/3429 2448/1/3429
f 2447/1/3430 2448/1/3430 2449/1/3430
f 2449/1/3431 2448/1/3431 2450/1/3431
f 2449/1/3432 2450/1/3432 2451/1/3432
f 2451/1/3433 2450/1/3433 2452/1/3433
f 2451/1/3434 2452/1/3434 2453/1/3434
f 2453/1/3435 2452/1/3435 2454/1/3435
f 2453/1/3436 2454/1/3436 2455/1/3436
f 2443/1/3437 2439/1/3437 2444/1/3437
f 2444/1/3438 2439/1/3438 2438/1/3438
f 2444/1/3439 2438/1/3439 2446/1/3439
f 2446/1/3439 2438/1/3439 2456/1/3439
f 2446/1/3440 2456/1/3440 2448/1/3440
f 2448/1/3440 2456/1/3440 2457/1/3440
f 2448/1/3441 2457/1/3441 2450/1/3441
f 2450/1/3441 2457/1/3441 2458/1/3441
f 2450/1/3442 2458/1/3442 2452/1/3442
f 2452/1/3442 2458/1/3442 2459/1/3442
f 2452/1/3443 2459/1/3443 2454/1/3443
f 2454/1/3443 2459/1/3443 2460/1/3443
f 2460/1/3444 2461/1/3444 2454/1/3444
f 2454/1/3445 2461/1/3445 2462/1/3445
f 2454/1/3446 2462/1/3446 2455/1/3446
f 2455/1/3447 2462/1/3447 2463/1/3447
f 2464/1/3447 2463/1/3447 2462/1/3447
f 2464/1/3447 2462/1/3447 2465/1/3447
f 2465/1/3448 2462/1/3448 2461/1/3448
f 2465/1/3448 2461/1/3448 2466/1/3448
f 2467/1/3447 2464/1/3447 2465/1/3447
f 2467/1/3449 2465/1/3449 2468/1/3449
f 2468/1/3448 2465/1/3448 2466/1/3448
f 2468/1/3450 2466/1/3450 2469/1/3450
f 2470/1/3451 2471/1/3451 2472/1/3451
f 2473/1/3452 2468/1/3452 2469/1/3452
f 2467/1/3453 2468/1/3453 2474/1/3453
f 2474/1/3454 2468/1/3454 2473/1/3454
f 2474/1/3455 2473/1/3455 2475/1/3455
f 2476/1/3456 2477/1/3456 2475/1/3456
f 2475/1/3457 2477/1/3457 2478/1/3457
f 2475/1/3458 2478/1/3458 2474/1/3458
f 2479/1/3459 2480/1/3459 2481/1/3459
f 2481/1/3460 2480/1/3460 2482/1/3460
f 2481/1/3461 2482/1/3461 2483/1/3461
f 2483/1/3462 2482/1/3462 2476/1/3462
f 2483/1/3463 2476/1/3463 2484/1/3463
f 2484/1/3464 2476/1/3464 2475/1/3464
f 2485/1/3465 2486/1/3465 2487/1/3465
f 2487/1/3466 2486/1/3466 2488/1/3466
f 2487/1/3467 2488/1/3467 2489/1/3467
f 2472/1/3468 2471/1/3468 2487/1/3468
f 2487/1/3469 2471/1/3469 2490/1/3469
f 2487/1/3470 2490/1/3470 2485/1/3470
f 2470/1/3471 2472/1/3471 2491/1/3471
f 2491/1/3472 2472/1/3472 2492/1/3472
f 2491/1/3473 2492/1/3473 2493/1/3473
f 2493/1/3474 2492/1/3474 2494/1/3474
f 2493/1/3475 2494/1/3475 2495/1/3475
f 2495/1/3476 2494/1/3476 2496/1/3476
f 2496/1/3477 2494/1/3477 2497/1/3477
f 2496/1/3478 2497/1/3478 2498/1/3478
f 2469/1/3452 2499/1/3452 2473/1/3452
f 2473/1/3479 2499/1/3479 2500/1/3479
f 2473/1/3480 2500/1/3480 2475/1/3480
f 2475/1/3481 2500/1/3481 2501/1/3481
f 2475/1/3481 2501/1/3481 2484/1/3481
f 2484/1/3482 2501/1/3482 2502/1/3482
f 2484/1/3483 2502/1/3483 2483/1/3483
f 2483/1/3484 2502/1/3484 2489/1/3484
f 2483/1/3484 2489/1/3484 2481/1/3484
f 2481/1/3467 2489/1/3467 2488/1/3467
f 2481/1/3485 2488/1/3485 2479/1/3485
f 2498/1/3486 2497/1/3486 2503/1/3486
f 2503/1/3487 2497/1/3487 2504/1/3487
f 2505/1/3488 2506/1/3488 2504/1/3488
f 2504/1/3489 2506/1/3489 2507/1/3489
f 2504/1/3490 2507/1/3490 2503/1/3490
f 2508/1/3491 2509/1/3491 2505/1/3491
f 2505/1/3492 2509/1/3492 2510/1/3492
f 2505/1/3493 2510/1/3493 2506/1/3493
f 2511/1/3494 2512/1/3494 2513/1/3494
f 2513/1/3495 2512/1/3495 2514/1/3495
f 2514/1/3496 2512/1/3496 2515/1/3496
f 2515/1/3497 2512/1/3497 2516/1/3497
f 2515/1/3498 2516/1/3498 2517/1/3498
f 2517/1/3499 2516/1/3499 2518/1/3499
f 2517/1/3500 2518/1/3500 2519/1/3500
f 2519/1/3501 2518/1/3501 2520/1/3501
f 2519/1/3502 2520/1/3502 2521/1/3502
f 2521/1/3503 2520/1/3503 2522/1/3503
f 2521/1/3504 2522/1/3504 2523/1/3504
f 2523/1/3505 2522/1/3505 2524/1/3505
f 2523/1/3506 2524/1/3506 2525/1/3506
f 2525/1/3507 2524/1/3507 2526/1/3507
f 2525/1/3508 2526/1/3508 2527/1/3508
f 2513/1/3509 2509/1/3509 2511/1/3509
f 2511/1/3510 2509/1/3510 2508/1/3510
f 2511/1/3511 2508/1/3511 2512/1/3511
f 2512/1/3511 2508/1/3511 2528/1/3511
f 2512/1/3512 2528/1/3512 2516/1/3512
f 2516/1/3512 2528/1/3512 2529/1/3512
f 2516/1/3513 2529/1/3513 2518/1/3513
f 2518/1/3513 2529/1/3513 2530/1/3513
f 2518/1/3514 2530/1/3514 2520/1/3514
f 2520/1/3514 2530/1/3514 2531/1/3514
f 2520/1/3515 2531/1/3515 2522/1/3515
f 2522/1/3515 2531/1/3515 2532/1/3515
f 2522/1/3516 2532/1/3516 2524/1/3516
f 2524/1/3516 2532/1/3516 2533/1/3516
f 2524/1/3517 2533/1/3517 2526/1/3517
f 2526/1/3517 2533/1/3517 2534/1/3517
f 2534/1/3518 2535/1/3518 2526/1/3518
f 2526/1/3519 2535/1/3519 2536/1/3519
f 2536/1/3520 2537/1/3520 2526/1/3520
f 2526/1/3521 2537/1/3521 2538/1/3521
f 2526/1/3522 2538/1/3522 2527/1/3522
f 2535/1/3523 2397/1/3523 2536/1/3523
f 2536/1/3377 2397/1/3377 2395/1/3377
f 2536/1/3520 2395/1/3520 2537/1/3520
f 2537/1/3524 2395/1/3524 2393/1/3524
f 2537/1/3525 2393/1/3525 2538/1/3525
f 2539/1/3526 2540/1/3526 2541/1/3526
f 2542/1/3527 2543/1/3527 2544/1/3527
f 2545/1/3528 2546/1/3528 2547/1/3528
f 2548/1/3529 2549/1/3529 2550/1/3529
f 2550/1/3529 2549/1/3529 2551/1/3529
f 2550/1/3530 2551/1/3530 2552/1/3530
f 2552/1/3531 2551/1/3531 2539/1/3531
f 2552/1/3532 2539/1/3532 2553/1/3532
f 2553/1/3526 2539/1/3526 2541/1/3526
f 2554/1/3533 2555/1/3533 2556/1/3533
f 2556/1/3534 2555/1/3534 2557/1/3534
f 2556/1/3535 2557/1/3535 2540/1/3535
f 2540/1/3536 2557/1/3536 2558/1/3536
f 2540/1/3537 2558/1/3537 2541/1/3537
f 2559/1/3538 2560/1/3538 2561/1/3538
f 2561/1/3538 2560/1/3538 2562/1/3538
f 2561/1/3539 2562/1/3539 2554/1/3539
f 2554/1/3539 2562/1/3539 2563/1/3539
f 2554/1/3540 2563/1/3540 2555/1/3540
f 2564/1/3541 2565/1/3541 2566/1/3541
f 2566/1/3542 2565/1/3542 2567/1/3542
f 2566/1/3543 2567/1/3543 2568/1/3543
f 2568/1/3544 2567/1/3544 2569/1/3544
f 2568/1/3545 2569/1/3545 2559/1/3545
f 2559/1/3546 2569/1/3546 2570/1/3546
f 2559/1/3547 2570/1/3547 2560/1/3547
f 2549/1/3548 2571/1/3548 2551/1/3548
f 2551/1/3548 2571/1/3548 2572/1/3548
f 2551/1/3549 2572/1/3549 2539/1/3549
f 2539/1/3549 2572/1/3549 2573/1/3549
f 2539/1/3550 2573/1/3550 2540/1/3550
f 2540/1/3550 2573/1/3550 2574/1/3550
f 2540/1/3551 2574/1/3551 2556/1/3551
f 2556/1/3551 2574/1/3551 2575/1/3551
f 2556/1/3552 2575/1/3552 2554/1/3552
f 2554/1/3552 2575/1/3552 2576/1/3552
f 2554/1/3553 2576/1/3553 2561/1/3553
f 2561/1/3554 2576/1/3554 2577/1/3554
f 2561/1/3555 2577/1/3555 2559/1/3555
f 2559/1/3555 2577/1/3555 2578/1/3555
f 2559/1/3556 2578/1/3556 2568/1/3556
f 2568/1/3556 2578/1/3556 2579/1/3556
f 2568/1/3557 2579/1/3557 2566/1/3557
f 2543/1/3558 2545/1/3558 2544/1/3558
f 2544/1/3559 2545/1/3559 2547/1/3559
f 2544/1/3560 2547/1/3560 2580/1/3560
f 2571/1/3561 2581/1/3561 2572/1/3561
f 2572/1/3561 2581/1/3561 2582/1/3561
f 2572/1/3562 2582/1/3562 2573/1/3562
f 2573/1/3562 2582/1/3562 2583/1/3562
f 2573/1/3563 2583/1/3563 2574/1/3563
f 2574/1/3563 2583/1/3563 2584/1/3563
f 2574/1/3564 2584/1/3564 2575/1/3564
f 2575/1/3564 2584/1/3564 2585/1/3564
f 2575/1/3565 2585/1/3565 2576/1/3565
f 2576/1/3565 2585/1/3565 2586/1/3565
f 2576/1/3566 2586/1/3566 2577/1/3566
f 2577/1/3566 2586/1/3566 2587/1/3566
f 2577/1/3567 2587/1/3567 2578/1/3567
f 2578/1/3567 2587/1/3567 2588/1/3567
f 2578/1/3568 2588/1/3568 2579/1/3568
f 2589/1/3569 2542/1/3569 2590/1/3569
f 2590/1/3570 2542/1/3570 2544/1/3570
f 2590/1/3571 2544/1/3571 2591/1/3571
f 2591/1/3572 2544/1/3572 2580/1/3572
f 2591/1/3573 2580/1/3573 2592/1/3573
f 2581/1/3574 2593/1/3574 2582/1/3574
f 2582/1/3574 2593/1/3574 2594/1/3574
f 2582/1/3575 2594/1/3575 2583/1/3575
f 2583/1/3575 2594/1/3575 2595/1/3575
f 2583/1/3576 2595/1/3576 2584/1/3576
f 2584/1/3576 2595/1/3576 2596/1/3576
f 2584/1/3577 2596/1/3577 2585/1/3577
f 2585/1/3577 2596/1/3577 2597/1/3577
f 2585/1/3578 2597/1/3578 2586/1/3578
f 2586/1/3578 2597/1/3578 2598/1/3578
f 2586/1/3579 2598/1/3579 2587/1/3579
f 2587/1/3579 2598/1/3579 2599/1/3579
f 2587/1/3580 2599/1/3580 2588/1/3580
f 2600/1/3581 2589/1/3581 2601/1/3581
f 2601/1/3581 2589/1/3581 2590/1/3581
f 2601/1/3582 2590/1/3582 2602/1/3582
f 2602/1/3582 2590/1/3582 2591/1/3582
f 2602/1/3583 2591/1/3583 2603/1/3583
f 2603/1/3583 2591/1/3583 2592/1/3583
f 2603/1/3584 2592/1/3584 2604/1/3584
f 2605/1/3585 2599/1/3585 2606/1/3585
f 2606/1/3586 2599/1/3586 2598/1/3586
f 2606/1/3587 2598/1/3587 2607/1/3587
f 2607/1/3588 2598/1/3588 2597/1/3588
f 2607/1/3589 2597/1/3589 2608/1/3589
f 2608/1/3590 2597/1/3590 2596/1/3590
f 2608/1/3591 2596/1/3591 2609/1/3591
f 2609/1/3592 2596/1/3592 2595/1/3592
f 2609/1/3593 2595/1/3593 2610/1/3593
f 2610/1/3594 2595/1/3594 2594/1/3594
f 2610/1/3595 2594/1/3595 2611/1/3595
f 2611/1/3596 2594/1/3596 2593/1/3596
f 2605/1/3597 2612/1/3597 2599/1/3597
f 2599/1/3598 2612/1/3598 2604/1/3598
f 2599/1/3580 2604/1/3580 2588/1/3580
f 2588/1/3584 2604/1/3584 2592/1/3584
f 2588/1/3568 2592/1/3568 2579/1/3568
f 2579/1/3573 2592/1/3573 2580/1/3573
f 2579/1/3557 2580/1/3557 2566/1/3557
f 2566/1/3560 2580/1/3560 2547/1/3560
f 2566/1/3541 2547/1/3541 2564/1/3541
f 2564/1/3599 2547/1/3599 2546/1/3599
f 2564/1/3600 2546/1/3600 2613/1/3600
f 2614/1/3601 2600/1/3601 2615/1/3601
f 2615/1/3602 2600/1/3602 2601/1/3602
f 2615/1/3603 2601/1/3603 2616/1/3603
f 2616/1/3604 2601/1/3604 2602/1/3604
f 2616/1/3605 2602/1/3605 2617/1/3605
f 2617/1/3606 2602/1/3606 2603/1/3606
f 2617/1/3607 2603/1/3607 2618/1/3607
f 2618/1/3608 2603/1/3608 2604/1/3608
f 2618/1/3609 2604/1/3609 2619/1/3609
f 2619/1/3610 2604/1/3610 2612/1/3610
f 2620/1/3611 2621/1/3611 2622/1/3611
f 2623/1/3612 2624/1/3612 2625/1/3612
f 2626/1/3613 2627/1/3613 2628/1/3613
f 2629/1/3614 2630/1/3614 2631/1/3614
f 2632/1/3615 2633/1/3615 2634/1/3615
f 2635/1/3616 2636/1/3616 2634/1/3616
f 2634/1/3616 2636/1/3616 2637/1/3616
f 2634/1/3615 2637/1/3615 2632/1/3615
f 2638/1/3617 2639/1/3617 2640/1/3617
f 2640/1/3618 2639/1/3618 2641/1/3618
f 2640/1/3619 2641/1/3619 2635/1/3619
f 2635/1/3620 2641/1/3620 2642/1/3620
f 2635/1/3621 2642/1/3621 2636/1/3621
f 2643/1/3622 2644/1/3622 2645/1/3622
f 2645/1/3622 2644/1/3622 2646/1/3622
f 2645/1/3623 2646/1/3623 2638/1/3623
f 2638/1/3623 2646/1/3623 2647/1/3623
f 2638/1/3624 2647/1/3624 2639/1/3624
f 2622/1/3611 2648/1/3611 2620/1/3611
f 2620/1/3625 2648/1/3625 2649/1/3625
f 2620/1/3626 2649/1/3626 2650/1/3626
f 2650/1/3627 2649/1/3627 2651/1/3627
f 2650/1/3628 2651/1/3628 2643/1/3628
f 2643/1/3629 2651/1/3629 2652/1/3629
f 2643/1/3630 2652/1/3630 2644/1/3630
f 2549/1/3631 2548/1/3631 2653/1/3631
f 2653/1/3632 2548/1/3632 2654/1/3632
f 2653/1/3633 2654/1/3633 2621/1/3633
f 2621/1/3634 2654/1/3634 2655/1/3634
f 2621/1/3635 2655/1/3635 2622/1/3635
f 2633/1/3636 2623/1/3636 2634/1/3636
f 2634/1/3637 2623/1/3637 2625/1/3637
f 2634/1/3638 2625/1/3638 2635/1/3638
f 2635/1/3638 2625/1/3638 2656/1/3638
f 2635/1/3639 2656/1/3639 2640/1/3639
f 2640/1/3639 2656/1/3639 2657/1/3639
f 2640/1/3640 2657/1/3640 2638/1/3640
f 2638/1/3640 2657/1/3640 2658/1/3640
f 2638/1/3641 2658/1/3641 2645/1/3641
f 2645/1/3641 2658/1/3641 2659/1/3641
f 2645/1/3642 2659/1/3642 2643/1/3642
f 2643/1/3642 2659/1/3642 2660/1/3642
f 2643/1/3643 2660/1/3643 2650/1/3643
f 2650/1/3643 2660/1/3643 2661/1/3643
f 2650/1/3644 2661/1/3644 2620/1/3644
f 2620/1/3644 2661/1/3644 2662/1/3644
f 2620/1/3645 2662/1/3645 2621/1/3645
f 2621/1/3645 2662/1/3645 2663/1/3645
f 2621/1/3646 2663/1/3646 2653/1/3646
f 2653/1/3646 2663/1/3646 2664/1/3646
f 2653/1/3647 2664/1/3647 2549/1/3647
f 2549/1/3648 2664/1/3648 2571/1/3648
f 2624/1/3649 2626/1/3649 2625/1/3649
f 2625/1/3650 2626/1/3650 2628/1/3650
f 2625/1/3651 2628/1/3651 2656/1/3651
f 2656/1/3651 2628/1/3651 2665/1/3651
f 2656/1/3652 2665/1/3652 2657/1/3652
f 2657/1/3652 2665/1/3652 2666/1/3652
f 2657/1/3653 2666/1/3653 2658/1/3653
f 2658/1/3653 2666/1/3653 2667/1/3653
f 2658/1/3654 2667/1/3654 2659/1/3654
f 2659/1/3654 2667/1/3654 2668/1/3654
f 2659/1/3655 2668/1/3655 2660/1/3655
f 2660/1/3656 2668/1/3656 2669/1/3656
f 2660/1/3657 2669/1/3657 2661/1/3657
f 2661/1/3657 2669/1/3657 2670/1/3657
f 2661/1/3658 2670/1/3658 2662/1/3658
f 2662/1/3658 2670/1/3658 2671/1/3658
f 2662/1/3659 2671/1/3659 2663/1/3659
f 2663/1/3659 2671/1/3659 2672/1/3659
f 2663/1/3660 2672/1/3660 2664/1/3660
f 2664/1/3660 2672/1/3660 2673/1/3660
f 2664/1/3661 2673/1/3661 2571/1/3661
f 2571/1/3662 2673/1/3662 2581/1/3662
f 2627/1/3663 2629/1/3663 2628/1/3663
f 2628/1/3664 2629/1/3664 2631/1/3664
f 2628/1/3665 2631/1/3665 2665/1/3665
f 2665/1/3665 2631/1/3665 2674/1/3665
f 2665/1/3666 2674/1/3666 2666/1/3666
f 2666/1/3666 2674/1/3666 2675/1/3666
f 2666/1/3667 2675/1/3667 2667/1/3667
f 2667/1/3667 2675/1/3667 2676/1/3667
f 2667/1/3668 2676/1/3668 2668/1/3668
f 2668/1/3668 2676/1/3668 2677/1/3668
f 2668/1/3669 2677/1/3669 2669/1/3669
f 2669/1/3669 2677/1/3669 2678/1/3669
f 2669/1/3670 2678/1/3670 2670/1/3670
f 2670/1/3670 2678/1/3670 2679/1/3670
f 2670/1/3671 2679/1/3671 2671/1/3671
f 2671/1/3671 2679/1/3671 2680/1/3671
f 2671/1/3672 2680/1/3672 2672/1/3672
f 2672/1/3672 2680/1/3672 2681/1/3672
f 2672/1/3673 2681/1/3673 2673/1/3673
f 2673/1/3674 2681/1/3674 2682/1/3674
f 2673/1/3675 2682/1/3675 2581/1/3675
f 2581/1/3676 2682/1/3676 2593/1/3676
f 2611/1/3677 2593/1/3677 2683/1/3677
f 2683/1/3678 2593/1/3678 2682/1/3678
f 2683/1/3679 2682/1/3679 2684/1/3679
f 2684/1/3679 2682/1/3679 2681/1/3679
f 2684/1/3680 2681/1/3680 2685/1/3680
f 2685/1/3680 2681/1/3680 2680/1/3680
f 2685/1/3681 2680/1/3681 2686/1/3681
f 2686/1/3681 2680/1/3681 2679/1/3681
f 2686/1/3682 2679/1/3682 2687/1/3682
f 2687/1/3682 2679/1/3682 2678/1/3682
f 2687/1/3683 2678/1/3683 2688/1/3683
f 2688/1/3683 2678/1/3683 2677/1/3683
f 2688/1/3684 2677/1/3684 2689/1/3684
f 2689/1/3684 2677/1/3684 2676/1/3684
f 2689/1/3685 2676/1/3685 2690/1/3685
f 2690/1/3685 2676/1/3685 2675/1/3685
f 2690/1/3686 2675/1/3686 2691/1/3686
f 2691/1/3686 2675/1/3686 2674/1/3686
f 2691/1/3687 2674/1/3687 2692/1/3687
f 2692/1/3687 2674/1/3687 2631/1/3687
f 2692/1/3688 2631/1/3688 2693/1/3688
f 2693/1/3689 2631/1/3689 2630/1/3689
f 2694/1/3690 2695/1/3690 2696/1/3690
f 2696/1/3691 2695/1/3691 2697/1/3691
f 2698/1/3692 2699/1/3692 2697/1/3692
f 2697/1/3693 2699/1/3693 2700/1/3693
f 2697/1/3694 2700/1/3694 2696/1/3694
f 2701/1/3695 2702/1/3695 2703/1/3695
f 2703/1/3696 2702/1/3696 2704/1/3696
f 2703/1/3697 2704/1/3697 2705/1/3697
f 2703/1/3698 2705/1/3698 2698/1/3698
f 2698/1/3699 2705/1/3699 2706/1/3699
f 2698/1/3700 2706/1/3700 2699/1/3700
f 2707/1/129 2702/1/129 2708/1/129
f 2708/1/3701 2702/1/3701 2701/1/3701
f 2708/1/129 2701/1/129 2709/1/129
f 2709/1/129 2701/1/129 2710/1/129
f 2709/1/3702 2710/1/3702 2632/1/3702
f 2711/1/3703 2712/1/3703 2713/1/3703
f 2714/1/3704 2715/1/3704 2716/1/3704
f 2717/1/3705 2718/1/3705 2719/1/3705
f 2720/1/3706 2721/1/3706 2722/1/3706
f 2723/1/3707 2724/1/3707 2725/1/3707
f 2726/1/3708 2727/1/3708 2728/1/3708
f 2728/1/3709 2729/1/3709 2726/1/3709
f 2726/1/3710 2729/1/3710 2730/1/3710
f 2726/1/3710 2730/1/3710 2731/1/3710
f 2731/1/3711 2730/1/3711 2732/1/3711
f 2731/1/3711 2732/1/3711 2733/1/3711
f 2733/1/3712 2732/1/3712 2734/1/3712
f 2733/1/3712 2734/1/3712 2735/1/3712
f 2735/1/3713 2734/1/3713 2736/1/3713
f 2735/1/3714 2736/1/3714 2737/1/3714
f 2738/1/3715 2739/1/3715 2740/1/3715
f 2740/1/3715 2739/1/3715 2741/1/3715
f 2740/1/3716 2741/1/3716 2742/1/3716
f 2742/1/3717 2741/1/3717 2743/1/3717
f 2744/1/3718 2745/1/3718 2746/1/3718
f 2746/1/3719 2745/1/3719 2747/1/3719
f 2746/1/3720 2747/1/3720 2738/1/3720
f 2738/1/3721 2747/1/3721 2748/1/3721
f 2738/1/3722 2748/1/3722 2739/1/3722
f 2716/1/3723 2715/1/3723 2749/1/3723
f 2715/1/3724 2750/1/3724 2749/1/3724
f 2749/1/3725 2750/1/3725 2751/1/3725
f 2749/1/3726 2751/1/3726 2752/1/3726
f 2752/1/3726 2751/1/3726 2753/1/3726
f 2752/1/3727 2753/1/3727 2744/1/3727
f 2744/1/3727 2753/1/3727 2754/1/3727
f 2744/1/3728 2754/1/3728 2745/1/3728
f 2755/1/3729 2756/1/3729 2714/1/3729
f 2756/1/3730 2755/1/3730 2712/1/3730
f 2711/1/3731 2713/1/3731 2737/1/3731
f 2742/1/3732 2717/1/3732 2740/1/3732
f 2740/1/3733 2717/1/3733 2719/1/3733
f 2740/1/3734 2719/1/3734 2738/1/3734
f 2738/1/3734 2719/1/3734 2757/1/3734
f 2738/1/3735 2757/1/3735 2746/1/3735
f 2746/1/3736 2757/1/3736 2758/1/3736
f 2746/1/3737 2758/1/3737 2744/1/3737
f 2744/1/3737 2758/1/3737 2759/1/3737
f 2744/1/3738 2759/1/3738 2752/1/3738
f 2752/1/3738 2759/1/3738 2760/1/3738
f 2752/1/3739 2760/1/3739 2749/1/3739
f 2749/1/3739 2760/1/3739 2761/1/3739
f 2749/1/3740 2761/1/3740 2716/1/3740
f 2716/1/3740 2761/1/3740 2762/1/3740
f 2718/1/3741 2720/1/3741 2719/1/3741
f 2719/1/3742 2720/1/3742 2722/1/3742
f 2719/1/3743 2722/1/3743 2757/1/3743
f 2757/1/3743 2722/1/3743 2763/1/3743
f 2757/1/3744 2763/1/3744 2758/1/3744
f 2758/1/3745 2763/1/3745 2764/1/3745
f 2758/1/3746 2764/1/3746 2759/1/3746
f 2759/1/3746 2764/1/3746 2765/1/3746
f 2759/1/3747 2765/1/3747 2760/1/3747
f 2760/1/3747 2765/1/3747 2766/1/3747
f 2760/1/3748 2766/1/3748 2761/1/3748
f 2761/1/3748 2766/1/3748 2767/1/3748
f 2761/1/3749 2767/1/3749 2762/1/3749
f 2762/1/3749 2767/1/3749 2768/1/3749
f 2721/1/3750 2723/1/3750 2722/1/3750
f 2722/1/3751 2723/1/3751 2725/1/3751
f 2722/1/3752 2725/1/3752 2763/1/3752
f 2763/1/3752 2725/1/3752 2769/1/3752
f 2763/1/3753 2769/1/3753 2764/1/3753
f 2764/1/3753 2769/1/3753 2770/1/3753
f 2764/1/3754 2770/1/3754 2765/1/3754
f 2765/1/3754 2770/1/3754 2771/1/3754
f 2765/1/3755 2771/1/3755 2766/1/3755
f 2766/1/3755 2771/1/3755 2772/1/3755
f 2766/1/3756 2772/1/3756 2767/1/3756
f 2767/1/3756 2772/1/3756 2773/1/3756
f 2767/1/3757 2773/1/3757 2768/1/3757
f 2768/1/3757 2773/1/3757 2774/1/3757
f 2724/1/3758 2775/1/3758 2725/1/3758
f 2725/1/3759 2775/1/3759 2776/1/3759
f 2725/1/3760 2776/1/3760 2769/1/3760
f 2769/1/3761 2776/1/3761 2777/1/3761
f 2769/1/3762 2777/1/3762 2770/1/3762
f 2770/1/3763 2777/1/3763 2778/1/3763
f 2770/1/3764 2778/1/3764 2771/1/3764
f 2771/1/3765 2778/1/3765 2779/1/3765
f 2771/1/3766 2779/1/3766 2772/1/3766
f 2772/1/3767 2779/1/3767 2780/1/3767
f 2772/1/3768 2780/1/3768 2773/1/3768
f 2780/1/3769 2781/1/3769 2773/1/3769
f 2773/1/3770 2781/1/3770 2782/1/3770
f 2773/1/3771 2782/1/3771 2774/1/3771
f 2774/1/3772 2782/1/3772 2783/1/3772
f 2774/1/3773 2783/1/3773 2784/1/3773
f 2714/1/3774 2716/1/3774 2755/1/3774
f 2755/1/3775 2716/1/3775 2762/1/3775
f 2755/1/3775 2762/1/3775 2785/1/3775
f 2785/1/3776 2762/1/3776 2768/1/3776
f 2785/1/3776 2768/1/3776 2786/1/3776
f 2786/1/3777 2768/1/3777 2774/1/3777
f 2786/1/3777 2774/1/3777 2787/1/3777
f 2787/1/3778 2774/1/3778 2784/1/3778
f 2787/1/3779 2784/1/3779 2788/1/3779
f 2712/1/3730 2755/1/3730 2713/1/3730
f 2713/1/3780 2755/1/3780 2785/1/3780
f 2713/1/3780 2785/1/3780 2789/1/3780
f 2789/1/3781 2785/1/3781 2786/1/3781
f 2789/1/3781 2786/1/3781 2790/1/3781
f 2790/1/3782 2786/1/3782 2787/1/3782
f 2790/1/3782 2787/1/3782 2791/1/3782
f 2791/1/3783 2787/1/3783 2788/1/3783
f 2791/1/3784 2788/1/3784 2792/1/3784
f 2737/1/3785 2713/1/3785 2735/1/3785
f 2735/1/3786 2713/1/3786 2789/1/3786
f 2735/1/3786 2789/1/3786 2733/1/3786
f 2733/1/3787 2789/1/3787 2790/1/3787
f 2733/1/3787 2790/1/3787 2731/1/3787
f 2731/1/3788 2790/1/3788 2791/1/3788
f 2731/1/3788 2791/1/3788 2726/1/3788
f 2726/1/3789 2791/1/3789 2792/1/3789
f 2726/1/3790 2792/1/3790 2727/1/3790
f 2793/1/3791 2794/1/3791 2795/1/3791
f 2796/1/3792 2797/1/3792 2798/1/3792
f 2799/1/3793 2800/1/3793 2801/1/3793
f 2801/1/3794 2800/1/3794 2707/1/3794
f 2729/1/3795 2728/1/3795 2802/1/3795
f 2803/1/3796 2804/1/3796 2805/1/3796
f 2805/1/3797 2804/1/3797 2793/1/3797
f 2805/1/3798 2793/1/3798 2806/1/3798
f 2806/1/3791 2793/1/3791 2795/1/3791
f 2807/1/3799 2808/1/3799 2809/1/3799
f 2809/1/3800 2808/1/3800 2810/1/3800
f 2809/1/3801 2810/1/3801 2794/1/3801
f 2794/1/3802 2810/1/3802 2811/1/3802
f 2794/1/3803 2811/1/3803 2795/1/3803
f 2812/1/3804 2813/1/3804 2814/1/3804
f 2814/1/3804 2813/1/3804 2815/1/3804
f 2814/1/3805 2815/1/3805 2807/1/3805
f 2807/1/3805 2815/1/3805 2816/1/3805
f 2807/1/3806 2816/1/3806 2808/1/3806
f 2817/1/3807 2818/1/3807 2819/1/3807
f 2819/1/3808 2818/1/3808 2820/1/3808
f 2819/1/3809 2820/1/3809 2821/1/3809
f 2821/1/3810 2820/1/3810 2822/1/3810
f 2821/1/3811 2822/1/3811 2812/1/3811
f 2812/1/3812 2822/1/3812 2823/1/3812
f 2812/1/3813 2823/1/3813 2813/1/3813
f 2804/1/3814 2824/1/3814 2793/1/3814
f 2793/1/3814 2824/1/3814 2825/1/3814
f 2793/1/3815 2825/1/3815 2794/1/3815
f 2794/1/3815 2825/1/3815 2826/1/3815
f 2794/1/3816 2826/1/3816 2809/1/3816
f 2809/1/3816 2826/1/3816 2827/1/3816
f 2809/1/3817 2827/1/3817 2807/1/3817
f 2807/1/3817 2827/1/3817 2828/1/3817
f 2807/1/3818 2828/1/3818 2814/1/3818
f 2814/1/3818 2828/1/3818 2829/1/3818
f 2814/1/3819 2829/1/3819 2812/1/3819
f 2812/1/3819 2829/1/3819 2830/1/3819
f 2812/1/3820 2830/1/3820 2821/1/3820
f 2821/1/3820 2830/1/3820 2831/1/3820
f 2821/1/3821 2831/1/3821 2819/1/3821
f 2797/1/3822 2799/1/3822 2798/1/3822
f 2798/1/3823 2799/1/3823 2801/1/3823
f 2798/1/3824 2801/1/3824 2832/1/3824
f 2824/1/3825 2833/1/3825 2825/1/3825
f 2825/1/3825 2833/1/3825 2834/1/3825
f 2825/1/3826 2834/1/3826 2826/1/3826
f 2826/1/3826 2834/1/3826 2835/1/3826
f 2826/1/3827 2835/1/3827 2827/1/3827
f 2827/1/3827 2835/1/3827 2836/1/3827
f 2827/1/3828 2836/1/3828 2828/1/3828
f 2828/1/3828 2836/1/3828 2837/1/3828
f 2828/1/3829 2837/1/3829 2829/1/3829
f 2829/1/3829 2837/1/3829 2838/1/3829
f 2829/1/3830 2838/1/3830 2830/1/3830
f 2830/1/3830 2838/1/3830 2839/1/3830
f 2830/1/3831 2839/1/3831 2831/1/3831
f 2840/1/3832 2796/1/3832 2841/1/3832
f 2841/1/3833 2796/1/3833 2798/1/3833
f 2841/1/3834 2798/1/3834 2842/1/3834
f 2842/1/3834 2798/1/3834 2832/1/3834
f 2842/1/3835 2832/1/3835 2843/1/3835
f 2833/1/3836 2844/1/3836 2834/1/3836
f 2834/1/3836 2844/1/3836 2845/1/3836
f 2834/1/3837 2845/1/3837 2835/1/3837
f 2835/1/3837 2845/1/3837 2846/1/3837
f 2835/1/3838 2846/1/3838 2836/1/3838
f 2836/1/3838 2846/1/3838 2847/1/3838
f 2836/1/3839 2847/1/3839 2837/1/3839
f 2837/1/3839 2847/1/3839 2848/1/3839
f 2837/1/3840 2848/1/3840 2838/1/3840
f 2838/1/3840 2848/1/3840 2849/1/3840
f 2838/1/3841 2849/1/3841 2839/1/3841
f 2850/1/3842 2840/1/3842 2851/1/3842
f 2851/1/3842 2840/1/3842 2841/1/3842
f 2851/1/3843 2841/1/3843 2852/1/3843
f 2852/1/3843 2841/1/3843 2842/1/3843
f 2852/1/3844 2842/1/3844 2853/1/3844
f 2853/1/3844 2842/1/3844 2843/1/3844
f 2853/1/3845 2843/1/3845 2854/1/3845
f 2855/1/3846 2849/1/3846 2856/1/3846
f 2856/1/3847 2849/1/3847 2848/1/3847
f 2856/1/3848 2848/1/3848 2857/1/3848
f 2857/1/3849 2848/1/3849 2847/1/3849
f 2857/1/3850 2847/1/3850 2858/1/3850
f 2858/1/3851 2847/1/3851 2846/1/3851
f 2858/1/3852 2846/1/3852 2859/1/3852
f 2859/1/3853 2846/1/3853 2845/1/3853
f 2859/1/3854 2845/1/3854 2802/1/3854
f 2802/1/3855 2845/1/3855 2844/1/3855
f 2802/1/3856 2844/1/3856 2729/1/3856
f 2729/1/3857 2844/1/3857 2833/1/3857
f 2729/1/3857 2833/1/3857 2730/1/3857
f 2730/1/3858 2833/1/3858 2824/1/3858
f 2730/1/3858 2824/1/3858 2732/1/3858
f 2732/1/3859 2824/1/3859 2804/1/3859
f 2732/1/3859 2804/1/3859 2734/1/3859
f 2734/1/3860 2804/1/3860 2803/1/3860
f 2734/1/3861 2803/1/3861 2736/1/3861
f 2855/1/3862 2860/1/3862 2849/1/3862
f 2849/1/3863 2860/1/3863 2854/1/3863
f 2849/1/3841 2854/1/3841 2839/1/3841
f 2839/1/3845 2854/1/3845 2843/1/3845
f 2839/1/3831 2843/1/3831 2831/1/3831
f 2831/1/3835 2843/1/3835 2832/1/3835
f 2831/1/3821 2832/1/3821 2819/1/3821
f 2819/1/3824 2832/1/3824 2801/1/3824
f 2819/1/3807 2801/1/3807 2817/1/3807
f 2817/1/3864 2801/1/3864 2707/1/3864
f 2861/1/3865 2850/1/3865 2862/1/3865
f 2862/1/3866 2850/1/3866 2851/1/3866
f 2862/1/3867 2851/1/3867 2863/1/3867
f 2863/1/3868 2851/1/3868 2852/1/3868
f 2863/1/3869 2852/1/3869 2864/1/3869
f 2864/1/3870 2852/1/3870 2853/1/3870
f 2864/1/3871 2853/1/3871 2865/1/3871
f 2865/1/3872 2853/1/3872 2854/1/3872
f 2865/1/3873 2854/1/3873 2866/1/3873
f 2866/1/3874 2854/1/3874 2860/1/3874
f 2707/1/3875 2708/1/3875 2817/1/3875
f 2817/1/3876 2708/1/3876 2867/1/3876
f 2817/1/3877 2867/1/3877 2818/1/3877
f 2818/1/3878 2867/1/3878 2868/1/3878
f 2818/1/3879 2868/1/3879 2820/1/3879
f 2820/1/3880 2868/1/3880 2869/1/3880
f 2820/1/3881 2869/1/3881 2822/1/3881
f 2822/1/3882 2869/1/3882 2870/1/3882
f 2822/1/3883 2870/1/3883 2823/1/3883
f 2823/1/3884 2870/1/3884 2871/1/3884
f 2823/1/3885 2871/1/3885 2813/1/3885
f 2813/1/3886 2871/1/3886 2872/1/3886
f 2813/1/3887 2872/1/3887 2815/1/3887
f 2872/1/3888 2873/1/3888 2815/1/3888
f 2815/1/3889 2873/1/3889 2874/1/3889
f 2815/1/3890 2874/1/3890 2816/1/3890
f 2816/1/3891 2874/1/3891 2875/1/3891
f 2816/1/3892 2875/1/3892 2808/1/3892
f 2808/1/3893 2875/1/3893 2876/1/3893
f 2808/1/3894 2876/1/3894 2810/1/3894
f 2810/1/3895 2876/1/3895 2877/1/3895
f 2810/1/3896 2877/1/3896 2811/1/3896
f 2811/1/3897 2877/1/3897 2878/1/3897
f 2811/1/3898 2878/1/3898 2795/1/3898
f 2795/1/3899 2878/1/3899 2879/1/3899
f 2795/1/3900 2879/1/3900 2806/1/3900
f 2806/1/3901 2879/1/3901 2880/1/3901
f 2806/1/3902 2880/1/3902 2805/1/3902
f 2805/1/3903 2880/1/3903 2881/1/3903
f 2805/1/3904 2881/1/3904 2803/1/3904
f 2803/1/3905 2881/1/3905 2882/1/3905
f 2803/1/3906 2882/1/3906 2736/1/3906
f 2736/1/3907 2882/1/3907 2737/1/3907
f 2737/1/3908 2882/1/3908 2883/1/3908
f 2737/1/3909 2883/1/3909 2711/1/3909
f 2711/1/3910 2883/1/3910 2884/1/3910
f 2711/1/3911 2884/1/3911 2712/1/3911
f 2712/1/3912 2884/1/3912 2885/1/3912
f 2712/1/3913 2885/1/3913 2756/1/3913
f 2756/1/3914 2885/1/3914 2886/1/3914
f 2756/1/3915 2886/1/3915 2714/1/3915
f 2714/1/3916 2886/1/3916 2887/1/3916
f 2714/1/3917 2887/1/3917 2715/1/3917
f 2715/1/3918 2887/1/3918 2888/1/3918
f 2715/1/3919 2888/1/3919 2750/1/3919
f 2750/1/3920 2888/1/3920 2889/1/3920
f 2750/1/3921 2889/1/3921 2751/1/3921
f 2751/1/3922 2889/1/3922 2890/1/3922
f 2751/1/3923 2890/1/3923 2753/1/3923
f 2890/1/3924 2891/1/3924 2753/1/3924
f 2753/1/3925 2891/1/3925 2892/1/3925
f 2753/1/3926 2892/1/3926 2754/1/3926
f 2754/1/3927 2892/1/3927 2893/1/3927
f 2754/1/3928 2893/1/3928 2745/1/3928
f 2745/1/3929 2893/1/3929 2894/1/3929
f 2745/1/3930 2894/1/3930 2747/1/3930
f 2747/1/3931 2894/1/3931 2895/1/3931
f 2747/1/3932 2895/1/3932 2748/1/3932
f 2748/1/3933 2895/1/3933 2896/1/3933
f 2748/1/3934 2896/1/3934 2739/1/3934
f 2739/1/3935 2896/1/3935 2897/1/3935
f 2739/1/3936 2897/1/3936 2741/1/3936
f 2741/1/3937 2897/1/3937 2898/1/3937
f 2741/1/3938 2898/1/3938 2743/1/3938
f 1764/1/3939 1127/1/3939 2899/1/3939
f 2899/1/3939 1127/1/3939 2900/1/3939
f 2899/1/3940 2900/1/3940 2901/1/3940
f 2901/1/3941 2900/1/3941 2902/1/3941
f 2901/1/3942 2902/1/3942 2903/1/3942
f 2903/1/3943 2902/1/3943 2904/1/3943
f 2903/1/3944 2904/1/3944 2905/1/3944
f 2905/1/3944 2904/1/3944 2906/1/3944
f 2905/1/3945 2906/1/3945 2907/1/3945
f 2907/1/3946 2906/1/3946 2908/1/3946
f 2907/1/3947 2908/1/3947 2709/1/3947
f 2709/1/3948 2908/1/3948 2708/1/3948
f 2909/1/3949 2910/1/3949 2911/1/3949
f 2910/1/3950 2775/1/3950 2911/1/3950
f 2911/1/3951 2775/1/3951 2724/1/3951
f 2911/1/3952 2724/1/3952 2723/1/3952
f 2912/1/3953 2913/1/3953 2914/1/3953
f 2914/1/3954 2913/1/3954 2915/1/3954
f 2916/1/3955 2917/1/3955 2918/1/3955
f 2918/1/3956 2917/1/3956 2919/1/3956
f 2918/1/3957 2919/1/3957 2912/1/3957
f 2912/1/3958 2919/1/3958 2920/1/3958
f 2912/1/3959 2920/1/3959 2913/1/3959
f 2921/1/3960 2922/1/3960 2916/1/3960
f 2918/1/3961 2717/1/3961 2742/1/3961
f 2916/1/3962 2918/1/3962 2921/1/3962
f 2921/1/3963 2918/1/3963 2742/1/3963
f 2921/1/3964 2742/1/3964 2743/1/3964
f 2717/1/3965 2918/1/3965 2718/1/3965
f 2718/1/3966 2918/1/3966 2912/1/3966
f 2718/1/3967 2912/1/3967 2720/1/3967
f 2923/1/3968 2909/1/3968 2915/1/3968
f 2915/1/3969 2909/1/3969 2911/1/3969
f 2915/1/3970 2911/1/3970 2914/1/3970
f 2914/1/3971 2911/1/3971 2723/1/3971
f 2914/1/3972 2723/1/3972 2912/1/3972
f 2912/1/3973 2723/1/3973 2721/1/3973
f 2912/1/3974 2721/1/3974 2720/1/3974
f 2906/1/3975 2904/1/3975 2924/1/3975
f 2867/1/3976 2925/1/3976 2868/1/3976
f 2868/1/3977 2925/1/3977 2926/1/3977
f 2868/1/3978 2926/1/3978 2869/1/3978
f 2869/1/3979 2926/1/3979 2927/1/3979
f 2869/1/3980 2927/1/3980 2870/1/3980
f 2870/1/3981 2927/1/3981 2871/1/3981
f 2871/1/3982 2927/1/3982 2928/1/3982
f 2871/1/3983 2928/1/3983 2872/1/3983
f 2872/1/3984 2928/1/3984 2873/1/3984
f 2873/1/3985 2928/1/3985 2929/1/3985
f 2873/1/3986 2929/1/3986 2874/1/3986
f 2874/1/3987 2929/1/3987 2875/1/3987
f 2875/1/3988 2929/1/3988 2930/1/3988
f 2875/1/3989 2930/1/3989 2876/1/3989
f 2876/1/3990 2930/1/3990 2931/1/3990
f 2876/1/3990 2931/1/3990 2877/1/3990
f 2877/1/3991 2931/1/3991 2878/1/3991
f 2878/1/3992 2931/1/3992 2932/1/3992
f 2878/1/3993 2932/1/3993 2879/1/3993
f 2879/1/3994 2932/1/3994 2880/1/3994
f 2880/1/3995 2932/1/3995 2933/1/3995
f 2880/1/3996 2933/1/3996 2881/1/3996
f 2881/1/3997 2933/1/3997 2934/1/3997
f 2881/1/3998 2934/1/3998 2882/1/3998
f 2882/1/3999 2934/1/3999 2935/1/3999
f 2882/1/3999 2935/1/3999 2883/1/3999
f 2883/1/4000 2935/1/4000 2884/1/4000
f 2884/1/4001 2935/1/4001 2936/1/4001
f 2884/1/4002 2936/1/4002 2885/1/4002
f 2885/1/4003 2936/1/4003 2886/1/4003
f 2886/1/4004 2936/1/4004 2937/1/4004
f 2886/1/4005 2937/1/4005 2887/1/4005
f 2887/1/4006 2937/1/4006 2938/1/4006
f 2887/1/4006 2938/1/4006 2888/1/4006
f 2888/1/4007 2938/1/4007 2889/1/4007
f 2889/1/4008 2938/1/4008 2939/1/4008
f 2889/1/4009 2939/1/4009 2890/1/4009
f 2890/1/4010 2939/1/4010 2891/1/4010
f 2891/1/4011 2939/1/4011 2940/1/4011
f 2891/1/4012 2940/1/4012 2892/1/4012
f 2892/1/4013 2940/1/4013 2893/1/4013
f 2893/1/4014 2940/1/4014 2941/1/4014
f 2893/1/4015 2941/1/4015 2894/1/4015
f 2894/1/4016 2941/1/4016 2942/1/4016
f 2894/1/4017 2942/1/4017 2895/1/4017
f 2943/1/4018 2944/1/4018 2945/1/4018
f 2895/1/4019 2942/1/4019 2896/1/4019
f 2896/1/4020 2942/1/4020 2943/1/4020
f 2896/1/4021 2943/1/4021 2897/1/4021
f 2897/1/4022 2943/1/4022 2945/1/4022
f 2897/1/4023 2945/1/4023 2898/1/4023
f 1255/1/4024 2946/1/4024 1171/1/4024
f 1171/1/4025 2946/1/4025 2947/1/4025
f 1171/1/4026 2947/1/4026 1169/1/4026
f 2948/1/4027 1155/1/4027 1157/1/4027
f 2949/1/4028 1150/1/4028 2950/1/4028
f 2950/1/4029 1150/1/4029 1153/1/4029
f 2950/1/4030 1153/1/4030 2951/1/4030
f 1148/1/4031 2952/1/4031 2953/1/4031
f 1148/1/4032 2953/1/4032 1146/1/4032
f 1146/1/4033 2953/1/4033 2954/1/4033
f 1146/1/4034 2954/1/4034 1144/1/4034
f 1143/1/4035 2955/1/4035 1141/1/4035
f 1141/1/4036 2955/1/4036 2956/1/4036
f 1141/1/4037 2956/1/4037 1139/1/4037
f 1139/1/4038 2956/1/4038 2957/1/4038
f 1139/1/4039 2957/1/4039 1137/1/4039
f 1136/1/4040 2958/1/4040 1134/1/4040
f 1134/1/4041 2958/1/4041 2959/1/4041
f 1134/1/4042 2959/1/4042 1132/1/4042
f 1132/1/4043 2959/1/4043 2960/1/4043
f 1132/1/4044 2960/1/4044 1130/1/4044
f 2900/1/4045 1127/1/4045 2961/1/4045
f 2961/1/4046 1127/1/4046 1126/1/4046
f 2961/1/4047 1126/1/4047 2962/1/4047
f 2962/1/4048 1126/1/4048 1209/1/4048
f 2962/1/4049 1209/1/4049 2963/1/4049
f 2963/1/4050 1209/1/4050 1216/1/4050
f 2904/1/130 2902/1/130 2900/1/130
f 2900/1/4051 2961/1/4051 2904/1/4051
f 2904/1/4052 2961/1/4052 2962/1/4052
f 2904/1/4053 2962/1/4053 2924/1/4053
f 2924/1/4054 2962/1/4054 2963/1/4054
f 2924/1/4055 2963/1/4055 2964/1/4055
f 2965/1/4056 2966/1/4056 2967/1/4056
f 2967/1/4057 2966/1/4057 2968/1/4057
f 2967/1/4058 2968/1/4058 2969/1/4058
f 2969/1/4059 2968/1/4059 2964/1/4059
f 2969/1/4060 2964/1/4060 2970/1/4060
f 2970/1/4061 2964/1/4061 2971/1/4061
f 2964/1/4062 2963/1/4062 2971/1/4062
f 2971/1/4063 2963/1/4063 1216/1/4063
f 2971/1/4064 1216/1/4064 2970/1/4064
f 2970/1/4065 1216/1/4065 1226/1/4065
f 2970/1/4066 1226/1/4066 2969/1/4066
f 2969/1/4067 1226/1/4067 1227/1/4067
f 2969/1/4068 1227/1/4068 2967/1/4068
f 2967/1/4069 1227/1/4069 1130/1/4069
f 2967/1/4070 1130/1/4070 2965/1/4070
f 2965/1/4071 1130/1/4071 2960/1/4071
f 2965/1/4072 2960/1/4072 2966/1/4072
f 2966/1/4073 2960/1/4073 2959/1/4073
f 2966/1/4074 2959/1/4074 2972/1/4074
f 2972/1/4075 2959/1/4075 2958/1/4075
f 2972/1/4076 2958/1/4076 2973/1/4076
f 2974/1/4077 2975/1/4077 2976/1/4077
f 2976/1/4078 2975/1/4078 2977/1/4078
f 2976/1/4079 2977/1/4079 2978/1/4079
f 2978/1/4080 2977/1/4080 2973/1/4080
f 2978/1/4081 2973/1/4081 2979/1/4081
f 2979/1/4082 2973/1/4082 2980/1/4082
f 2973/1/4083 2958/1/4083 2980/1/4083
f 2980/1/4084 2958/1/4084 1136/1/4084
f 2980/1/4085 1136/1/4085 2979/1/4085
f 2979/1/4086 1136/1/4086 1237/1/4086
f 2979/1/4087 1237/1/4087 2978/1/4087
f 2978/1/4088 1237/1/4088 1238/1/4088
f 2978/1/4089 1238/1/4089 2976/1/4089
f 2976/1/4090 1238/1/4090 1137/1/4090
f 2976/1/4091 1137/1/4091 2974/1/4091
f 2974/1/4092 1137/1/4092 2957/1/4092
f 2974/1/4093 2957/1/4093 2975/1/4093
f 2975/1/4094 2957/1/4094 2956/1/4094
f 2975/1/4095 2956/1/4095 2981/1/4095
f 2981/1/4096 2956/1/4096 2955/1/4096
f 2981/1/4097 2955/1/4097 2982/1/4097
f 2983/1/4098 2984/1/4098 2985/1/4098
f 2985/1/4099 2984/1/4099 2986/1/4099
f 2985/1/4100 2986/1/4100 2987/1/4100
f 2987/1/4101 2986/1/4101 2982/1/4101
f 2987/1/4102 2982/1/4102 2988/1/4102
f 2988/1/4103 2982/1/4103 2989/1/4103
f 2982/1/4104 2955/1/4104 2989/1/4104
f 2989/1/4105 2955/1/4105 1143/1/4105
f 2989/1/4106 1143/1/4106 2988/1/4106
f 2988/1/4107 1143/1/4107 1250/1/4107
f 2988/1/4108 1250/1/4108 2987/1/4108
f 2987/1/4109 1250/1/4109 1251/1/4109
f 2987/1/4110 1251/1/4110 2985/1/4110
f 2985/1/4111 1251/1/4111 1144/1/4111
f 2985/1/4112 1144/1/4112 2983/1/4112
f 2983/1/4113 1144/1/4113 2954/1/4113
f 2983/1/4114 2954/1/4114 2984/1/4114
f 2984/1/4115 2954/1/4115 2953/1/4115
f 2984/1/4116 2953/1/4116 2990/1/4116
f 2990/1/4117 2953/1/4117 2952/1/4117
f 2990/1/4118 2952/1/4118 2991/1/4118
f 1148/1/4119 1150/1/4119 2952/1/4119
f 2952/1/4120 1150/1/4120 2949/1/4120
f 2952/1/4121 2949/1/4121 2991/1/4121
f 2991/1/4122 2949/1/4122 2950/1/4122
f 2991/1/4123 2950/1/4123 2992/1/4123
f 2992/1/4124 2950/1/4124 2951/1/4124
f 2992/1/4125 2951/1/4125 2993/1/4125
f 2994/1/4126 2995/1/4126 2996/1/4126
f 2997/1/4127 2998/1/4127 2999/1/4127
f 2951/1/4128 3000/1/4128 2993/1/4128
f 2993/1/4129 3000/1/4129 3001/1/4129
f 2993/1/4130 3001/1/4130 3002/1/4130
f 3002/1/4131 3001/1/4131 2994/1/4131
f 3002/1/4132 2994/1/4132 2999/1/4132
f 2999/1/4133 2994/1/4133 2996/1/4133
f 2999/1/4134 2996/1/4134 2997/1/4134
f 1165/1/4135 1169/1/4135 3003/1/4135
f 3003/1/4136 1169/1/4136 2947/1/4136
f 3003/1/4137 2947/1/4137 3004/1/4137
f 3004/1/4138 2947/1/4138 2946/1/4138
f 3004/1/144 2946/1/144 3005/1/144
f 2867/1/4139 2708/1/4139 2925/1/4139
f 2925/1/4140 2708/1/4140 2908/1/4140
f 2925/1/4141 2908/1/4141 2906/1/4141
f 1153/1/4142 1155/1/4142 2951/1/4142
f 2951/1/4143 1155/1/4143 2948/1/4143
f 2951/1/4144 2948/1/4144 3000/1/4144
f 3000/1/4145 2948/1/4145 1157/1/4145
f 3000/1/4146 1157/1/4146 3001/1/4146
f 3001/1/4147 1157/1/4147 1160/1/4147
f 3001/1/4148 1160/1/4148 2994/1/4148
f 2994/1/4149 1160/1/4149 1162/1/4149
f 2994/1/4150 1162/1/4150 2995/1/4150
f 2995/1/4151 1162/1/4151 1164/1/4151
f 2995/1/4152 1164/1/4152 2996/1/4152
f 2996/1/4153 1164/1/4153 1165/1/4153
f 2996/1/4154 1165/1/4154 2997/1/4154
f 2997/1/4155 1165/1/4155 3003/1/4155
f 2997/1/4156 3003/1/4156 2998/1/4156
f 2998/1/4157 3003/1/4157 3004/1/4157
f 2998/1/4158 3004/1/4158 3006/1/4158
f 2906/1/4159 2924/1/4159 2925/1/4159
f 2925/1/4160 2924/1/4160 2964/1/4160
f 2925/1/4160 2964/1/4160 2926/1/4160
f 2926/1/4161 2964/1/4161 2968/1/4161
f 2926/1/4162 2968/1/4162 2927/1/4162
f 2927/1/4163 2968/1/4163 2966/1/4163
f 2927/1/4163 2966/1/4163 2928/1/4163
f 2928/1/4164 2966/1/4164 2972/1/4164
f 2928/1/4165 2972/1/4165 2929/1/4165
f 2929/1/4166 2972/1/4166 2973/1/4166
f 2929/1/4167 2973/1/4167 2930/1/4167
f 2930/1/4168 2973/1/4168 2977/1/4168
f 2930/1/4169 2977/1/4169 2931/1/4169
f 2931/1/4170 2977/1/4170 2975/1/4170
f 2931/1/4170 2975/1/4170 2932/1/4170
f 2932/1/4171 2975/1/4171 2981/1/4171
f 2932/1/4171 2981/1/4171 2933/1/4171
f 2933/1/4172 2981/1/4172 2982/1/4172
f 2933/1/4172 2982/1/4172 2934/1/4172
f 2934/1/4173 2982/1/4173 2986/1/4173
f 2934/1/4174 2986/1/4174 2935/1/4174
f 2935/1/4175 2986/1/4175 2984/1/4175
f 2935/1/4175 2984/1/4175 2936/1/4175
f 2936/1/4176 2984/1/4176 2990/1/4176
f 2936/1/4177 2990/1/4177 2937/1/4177
f 2937/1/4178 2990/1/4178 2991/1/4178
f 2937/1/4179 2991/1/4179 2938/1/4179
f 2938/1/4180 2991/1/4180 2992/1/4180
f 2938/1/4180 2992/1/4180 2939/1/4180
f 2939/1/4181 2992/1/4181 2993/1/4181
f 2939/1/4181 2993/1/4181 2940/1/4181
f 2940/1/4182 2993/1/4182 3002/1/4182
f 2940/1/4183 3002/1/4183 2941/1/4183
f 2941/1/4184 3002/1/4184 2999/1/4184
f 2941/1/4184 2999/1/4184 2942/1/4184
f 2942/1/4185 2999/1/4185 2998/1/4185
f 2942/1/4186 2998/1/4186 2943/1/4186
f 2943/1/4187 2998/1/4187 3006/1/4187
f 2943/1/4188 3006/1/4188 2944/1/4188
f 3007/1/4189 2923/1/4189 2915/1/4189
f 3007/1/4190 2915/1/4190 3008/1/4190
f 2915/1/4191 2913/1/4191 3008/1/4191
f 3008/1/4192 2913/1/4192 2920/1/4192
f 3008/1/4193 2920/1/4193 3009/1/4193
f 2922/1/4194 3010/1/4194 2916/1/4194
f 2916/1/4195 3010/1/4195 3011/1/4195
f 2916/1/4196 3011/1/4196 2917/1/4196
f 2917/1/4197 3011/1/4197 3009/1/4197
f 2917/1/4198 3009/1/4198 2919/1/4198
f 2919/1/4199 3009/1/4199 2920/1/4199
f 3012/1/4200 3013/1/4200 3014/1/4200
f 3015/1/4201 3016/1/4201 3017/1/4201
f 3015/1/4202 3018/1/4202 3019/1/4202
f 3019/1/4203 3018/1/4203 3020/1/4203
f 3019/1/4204 3020/1/4204 3021/1/4204
f 3021/1/4205 3020/1/4205 3022/1/4205
f 3021/1/4205 3022/1/4205 3023/1/4205
f 3023/1/4206 3022/1/4206 3024/1/4206
f 3024/1/4207 3022/1/4207 3025/1/4207
f 3024/1/4208 3025/1/4208 3026/1/4208
f 3026/1/4209 3025/1/4209 3027/1/4209
f 3027/1/4210 3025/1/4210 3028/1/4210
f 3027/1/4211 3028/1/4211 3029/1/4211
f 3029/1/4212 3028/1/4212 3030/1/4212
f 3030/1/4213 3028/1/4213 3031/1/4213
f 3030/1/4214 3031/1/4214 3032/1/4214
f 3032/1/4215 3031/1/4215 3033/1/4215
f 3032/1/4216 3033/1/4216 3034/1/4216
f 3034/1/4217 3033/1/4217 3035/1/4217
f 3035/1/4218 3033/1/4218 3036/1/4218
f 3035/1/4219 3036/1/4219 3037/1/4219
f 3037/1/4220 3036/1/4220 3038/1/4220
f 3038/1/4221 3036/1/4221 3039/1/4221
f 3038/1/4222 3039/1/4222 3040/1/4222
f 3040/1/4223 3039/1/4223 3041/1/4223
f 3040/1/4223 3041/1/4223 3042/1/4223
f 3042/1/4224 3041/1/4224 3043/1/4224
f 3042/1/4225 3043/1/4225 3044/1/4225
f 3044/1/4226 3043/1/4226 3045/1/4226
f 3045/1/4227 3043/1/4227 3046/1/4227
f 3045/1/4228 3046/1/4228 3047/1/4228
f 3047/1/4229 3046/1/4229 3048/1/4229
f 3048/1/4230 3046/1/4230 3049/1/4230
f 3048/1/4231 3049/1/4231 3050/1/4231
f 3050/1/4232 3049/1/4232 3051/1/4232
f 3050/1/4233 3051/1/4233 3052/1/4233
f 3052/1/4234 3051/1/4234 3053/1/4234
f 3053/1/4235 3051/1/4235 3054/1/4235
f 3053/1/4236 3054/1/4236 3055/1/4236
f 3055/1/4237 3054/1/4237 3056/1/4237
f 3056/1/4238 3054/1/4238 3057/1/4238
f 3056/1/4239 3057/1/4239 3058/1/4239
f 3058/1/4240 3057/1/4240 3059/1/4240
f 3059/1/4241 3057/1/4241 3060/1/4241
f 3059/1/4242 3060/1/4242 3061/1/4242
f 3061/1/4243 3060/1/4243 3062/1/4243
f 3061/1/4244 3062/1/4244 3063/1/4244
f 3063/1/4245 3062/1/4245 3064/1/4245
f 3064/1/4246 3062/1/4246 3065/1/4246
f 3064/1/4247 3065/1/4247 3066/1/4247
f 3066/1/4248 3065/1/4248 2907/1/4248
f 3066/1/4248 2907/1/4248 2709/1/4248
f 3067/1/4249 1729/1/4249 1730/1/4249
f 1729/1/4250 3067/1/4250 1726/1/4250
f 1726/1/4251 3067/1/4251 3068/1/4251
f 1726/1/4252 3068/1/4252 1725/1/4252
f 1725/1/4253 3068/1/4253 3069/1/4253
f 1725/1/4254 3069/1/4254 1723/1/4254
f 3070/1/4255 3071/1/4255 1721/1/4255
f 1721/1/4256 3071/1/4256 1719/1/4256
f 1719/1/4257 3071/1/4257 3072/1/4257
f 1719/1/4258 3072/1/4258 1715/1/4258
f 1715/1/4259 3072/1/4259 3073/1/4259
f 1715/1/4260 3073/1/4260 1716/1/4260
f 1714/1/4261 1718/1/4261 3074/1/4261
f 3074/1/4262 1718/1/4262 1717/1/4262
f 3074/1/4263 1717/1/4263 3075/1/4263
f 1712/1/4264 3076/1/4264 1710/1/4264
f 1710/1/4265 3076/1/4265 3077/1/4265
f 1710/1/4266 3077/1/4266 1708/1/4266
f 1708/1/4267 3077/1/4267 3078/1/4267
f 1708/1/4268 3078/1/4268 1702/1/4268
f 1702/1/4269 3078/1/4269 3079/1/4269
f 1702/1/4270 3079/1/4270 1703/1/4270
f 3080/1/4271 1699/1/4271 3081/1/4271
f 3081/1/4272 1699/1/4272 1701/1/4272
f 3081/1/4273 1701/1/4273 3082/1/4273
f 3082/1/4274 1701/1/4274 1706/1/4274
f 3082/1/4275 1706/1/4275 1705/1/4275
f 3083/1/4276 1760/1/4276 1759/1/4276
f 1760/1/4277 3083/1/4277 1697/1/4277
f 1697/1/4278 3083/1/4278 3084/1/4278
f 1697/1/4279 3084/1/4279 1698/1/4279
f 1698/1/4280 3084/1/4280 3085/1/4280
f 1698/1/4281 3085/1/4281 1696/1/4281
f 1693/1/4282 3086/1/4282 3087/1/4282
f 1693/1/4283 3087/1/4283 1691/1/4283
f 1691/1/4284 3087/1/4284 3088/1/4284
f 1691/1/4285 3088/1/4285 1689/1/4285
f 1684/1/4286 1685/1/4286 3089/1/4286
f 3089/1/4287 1685/1/4287 1686/1/4287
f 3089/1/4288 1686/1/4288 3090/1/4288
f 3090/1/4289 1686/1/4289 1687/1/4289
f 3090/1/4290 1687/1/4290 3091/1/4290
f 1683/1/4291 3092/1/4291 1682/1/4291
f 1682/1/4292 3092/1/4292 3093/1/4292
f 1682/1/4293 3093/1/4293 1680/1/4293
f 1680/1/4294 3093/1/4294 3094/1/4294
f 1680/1/4295 3094/1/4295 1678/1/4295
f 1678/1/4296 3094/1/4296 3095/1/4296
f 1678/1/4297 3095/1/4297 1676/1/4297
f 3096/1/4298 1670/1/4298 3097/1/4298
f 3097/1/4299 1670/1/4299 1669/1/4299
f 3097/1/4300 1669/1/4300 3098/1/4300
f 3098/1/4301 1669/1/4301 1668/1/4301
f 3098/1/4302 1668/1/4302 1667/1/4302
f 1674/1/4303 3099/1/4303 3100/1/4303
f 3100/1/4304 3099/1/4304 3101/1/4304
f 3100/1/4305 3101/1/4305 3014/1/4305
f 3102/1/1 3096/1/1 3013/1/1
f 3013/1/4306 3096/1/4306 3097/1/4306
f 3013/1/4307 3097/1/4307 3014/1/4307
f 3014/1/4308 3097/1/4308 3098/1/4308
f 3014/1/4309 3098/1/4309 3100/1/4309
f 3100/1/4310 3098/1/4310 1667/1/4310
f 3100/1/4311 1667/1/4311 1674/1/4311
f 3103/1/4312 3104/1/4312 3105/1/4312
f 1683/1/4313 3103/1/4313 3092/1/4313
f 3092/1/4314 3103/1/4314 3105/1/4314
f 3092/1/4315 3105/1/4315 3093/1/4315
f 3093/1/4316 3105/1/4316 3106/1/4316
f 3093/1/4317 3106/1/4317 3094/1/4317
f 3094/1/4318 3106/1/4318 3101/1/4318
f 3094/1/4319 3101/1/4319 3095/1/4319
f 3095/1/4320 3101/1/4320 3099/1/4320
f 3095/1/4321 3099/1/4321 1676/1/4321
f 1676/1/4322 3099/1/4322 1674/1/4322
f 3091/1/4323 3107/1/4323 3090/1/4323
f 3090/1/4324 3107/1/4324 3104/1/4324
f 3090/1/4325 3104/1/4325 3089/1/4325
f 3089/1/4326 3104/1/4326 3103/1/4326
f 3089/1/4327 3103/1/4327 1684/1/4327
f 1684/1/4328 3103/1/4328 1683/1/4328
f 1687/1/4329 1689/1/4329 3091/1/4329
f 3091/1/4330 1689/1/4330 3088/1/4330
f 3091/1/4331 3088/1/4331 3107/1/4331
f 3107/1/4332 3088/1/4332 3087/1/4332
f 3107/1/4333 3087/1/4333 3108/1/4333
f 3108/1/4334 3087/1/4334 3086/1/4334
f 3108/1/4335 3086/1/4335 3109/1/4335
f 3110/1/4336 3111/1/4336 3112/1/4336
f 1759/1/4337 3110/1/4337 3083/1/4337
f 3083/1/4338 3110/1/4338 3112/1/4338
f 3083/1/4339 3112/1/4339 3084/1/4339
f 3084/1/4340 3112/1/4340 3109/1/4340
f 3084/1/4341 3109/1/4341 3085/1/4341
f 3085/1/4342 3109/1/4342 3086/1/4342
f 3085/1/4343 3086/1/4343 1696/1/4343
f 1696/1/4344 3086/1/4344 1693/1/4344
f 1704/1/4345 3113/1/4345 3114/1/4345
f 3114/1/4346 3113/1/4346 3115/1/4346
f 3114/1/4347 3115/1/4347 3116/1/4347
f 1759/1/4348 1699/1/4348 3110/1/4348
f 3110/1/4349 1699/1/4349 3080/1/4349
f 3110/1/4350 3080/1/4350 3111/1/4350
f 3111/1/4351 3080/1/4351 3081/1/4351
f 3111/1/4352 3081/1/4352 3116/1/4352
f 3116/1/4353 3081/1/4353 3082/1/4353
f 3116/1/4354 3082/1/4354 3114/1/4354
f 3114/1/4355 3082/1/4355 1705/1/4355
f 3114/1/4356 1705/1/4356 1704/1/4356
f 3117/1/4357 3118/1/4357 3119/1/4357
f 1712/1/4358 3117/1/4358 3076/1/4358
f 3076/1/4359 3117/1/4359 3119/1/4359
f 3076/1/4360 3119/1/4360 3077/1/4360
f 3077/1/4361 3119/1/4361 3120/1/4361
f 3077/1/4362 3120/1/4362 3078/1/4362
f 3078/1/4363 3120/1/4363 3115/1/4363
f 3078/1/4364 3115/1/4364 3079/1/4364
f 3079/1/4365 3115/1/4365 3113/1/4365
f 3079/1/4366 3113/1/4366 1703/1/4366
f 1703/1/4367 3113/1/4367 1704/1/4367
f 1712/1/4368 1714/1/4368 3117/1/4368
f 3117/1/4369 1714/1/4369 3074/1/4369
f 3117/1/4370 3074/1/4370 3118/1/4370
f 3118/1/4371 3074/1/4371 3075/1/4371
f 3118/1/4372 3075/1/4372 3121/1/4372
f 1717/1/4373 1716/1/4373 3075/1/4373
f 3075/1/4374 1716/1/4374 3073/1/4374
f 3075/1/4375 3073/1/4375 3121/1/4375
f 3121/1/4376 3073/1/4376 3072/1/4376
f 3121/1/4377 3072/1/4377 3122/1/4377
f 3122/1/4378 3072/1/4378 3071/1/4378
f 3122/1/4379 3071/1/4379 3123/1/4379
f 3123/1/4380 3071/1/4380 3070/1/4380
f 2899/1/1 2901/1/1 2903/1/1
f 1721/1/4381 1723/1/4381 3070/1/4381
f 3070/1/4382 1723/1/4382 3069/1/4382
f 3070/1/4383 3069/1/4383 3123/1/4383
f 3123/1/4384 3069/1/4384 3068/1/4384
f 3123/1/4385 3068/1/4385 3124/1/4385
f 3124/1/4386 3068/1/4386 3067/1/4386
f 3124/1/4387 3067/1/4387 3125/1/4387
f 3125/1/4388 3067/1/4388 1730/1/4388
f 3125/1/4389 1730/1/4389 1732/1/4389
f 3015/1/4390 3017/1/4390 3018/1/4390
f 3018/1/4391 3017/1/4391 3126/1/4391
f 3018/1/4392 3126/1/4392 3012/1/4392
f 2905/1/4393 3124/1/4393 2903/1/4393
f 2903/1/4394 3124/1/4394 3125/1/4394
f 2903/1/4395 3125/1/4395 2899/1/4395
f 2899/1/4396 3125/1/4396 1732/1/4396
f 2899/1/4397 1732/1/4397 1764/1/4397
f 3012/1/4398 3014/1/4398 3018/1/4398
f 3018/1/4399 3014/1/4399 3101/1/4399
f 3018/1/4400 3101/1/4400 3020/1/4400
f 3020/1/4401 3101/1/4401 3106/1/4401
f 3020/1/4401 3106/1/4401 3022/1/4401
f 3022/1/4402 3106/1/4402 3105/1/4402
f 3022/1/4403 3105/1/4403 3025/1/4403
f 3025/1/4404 3105/1/4404 3104/1/4404
f 3025/1/4405 3104/1/4405 3028/1/4405
f 3028/1/4406 3104/1/4406 3107/1/4406
f 3028/1/4407 3107/1/4407 3031/1/4407
f 3031/1/4408 3107/1/4408 3108/1/4408
f 3031/1/4409 3108/1/4409 3033/1/4409
f 3033/1/4410 3108/1/4410 3109/1/4410
f 3033/1/4410 3109/1/4410 3036/1/4410
f 3036/1/4411 3109/1/4411 3112/1/4411
f 3036/1/4412 3112/1/4412 3039/1/4412
f 3039/1/4413 3112/1/4413 3111/1/4413
f 3039/1/4414 3111/1/4414 3041/1/4414
f 3041/1/4415 3111/1/4415 3116/1/4415
f 3041/1/4416 3116/1/4416 3043/1/4416
f 3043/1/4417 3116/1/4417 3115/1/4417
f 3043/1/4418 3115/1/4418 3046/1/4418
f 3046/1/4419 3115/1/4419 3120/1/4419
f 3046/1/4420 3120/1/4420 3049/1/4420
f 3049/1/4421 3120/1/4421 3119/1/4421
f 3049/1/4422 3119/1/4422 3051/1/4422
f 3051/1/4423 3119/1/4423 3118/1/4423
f 3051/1/4424 3118/1/4424 3054/1/4424
f 3054/1/4425 3118/1/4425 3121/1/4425
f 3054/1/4425 3121/1/4425 3057/1/4425
f 3057/1/4426 3121/1/4426 3122/1/4426
f 3057/1/4427 3122/1/4427 3060/1/4427
f 3060/1/4428 3122/1/4428 3123/1/4428
f 3060/1/4429 3123/1/4429 3062/1/4429
f 3062/1/4430 3123/1/4430 3124/1/4430
f 3062/1/4430 3124/1/4430 3065/1/4430
f 3065/1/4431 3124/1/4431 2905/1/4431
f 3065/1/4432 2905/1/4432 2907/1/4432
f 3127/1/4433 3007/1/4433 3128/1/4433
f 3128/1/4434 3007/1/4434 3008/1/4434
f 3010/1/4435 3129/1/4435 3130/1/4435
f 3010/1/4195 3130/1/4195 3011/1/4195
f 3011/1/4436 3130/1/4436 3131/1/4436
f 3011/1/4437 3131/1/4437 3009/1/4437
f 3131/1/4438 3132/1/4438 3009/1/4438
f 3009/1/4439 3132/1/4439 3133/1/4439
f 3009/1/4440 3133/1/4440 3008/1/4440
f 3008/1/4441 3133/1/4441 3134/1/4441
f 3008/1/4442 3134/1/4442 3128/1/4442
f 2921/1/4443 2743/1/4443 2898/1/4443
f 2613/1/126 3129/1/126 3016/1/126
f 3016/1/4444 3129/1/4444 3010/1/4444
f 3016/1/4443 3010/1/4443 2898/1/4443
f 2898/1/127 3010/1/127 2922/1/127
f 2898/1/4445 2922/1/4445 2921/1/4445
f 3017/1/4446 3016/1/4446 2945/1/4446
f 2945/1/4447 3016/1/4447 2898/1/4447
f 1255/1/4448 1670/1/4448 2946/1/4448
f 2946/1/4449 1670/1/4449 3096/1/4449
f 2946/1/4450 3096/1/4450 3005/1/4450
f 3005/1/4450 3096/1/4450 3102/1/4450
f 3005/1/4451 3102/1/4451 3004/1/4451
f 3004/1/4451 3102/1/4451 3013/1/4451
f 3004/1/4452 3013/1/4452 3006/1/4452
f 3006/1/4453 3013/1/4453 3012/1/4453
f 3006/1/4454 3012/1/4454 2944/1/4454
f 2944/1/4454 3012/1/4454 3126/1/4454
f 2944/1/4455 3126/1/4455 2945/1/4455
f 2945/1/4455 3126/1/4455 3017/1/4455
f 2694/1/4456 2696/1/4456 3135/1/4456
f 2707/1/4457 2800/1/4457 2702/1/4457
f 2702/1/4458 2800/1/4458 3136/1/4458
f 2702/1/4459 3136/1/4459 2704/1/4459
f 2861/1/4460 2694/1/4460 2850/1/4460
f 2850/1/4461 2694/1/4461 3135/1/4461
f 2850/1/4462 3135/1/4462 2840/1/4462
f 2796/1/4463 3137/1/4463 2797/1/4463
f 2797/1/4464 3137/1/4464 3136/1/4464
f 2797/1/4465 3136/1/4465 2799/1/4465
f 2799/1/4466 3136/1/4466 2800/1/4466
f 2696/1/4467 2700/1/4467 3135/1/4467
f 3135/1/4468 2700/1/4468 3137/1/4468
f 3135/1/4469 3137/1/4469 2840/1/4469
f 2840/1/4470 3137/1/4470 2796/1/4470
f 2700/1/4471 2699/1/4471 3137/1/4471
f 3137/1/4472 2699/1/4472 2706/1/4472
f 3137/1/4473 2706/1/4473 3136/1/4473
f 3136/1/4474 2706/1/4474 2705/1/4474
f 3136/1/4475 2705/1/4475 2704/1/4475
f 2710/1/3695 2701/1/3695 2703/1/3695
f 2710/1/3695 2703/1/3695 3138/1/3695
f 3138/1/4476 2703/1/4476 3139/1/4476
f 3139/1/4477 2703/1/4477 2698/1/4477
f 3139/1/4478 2698/1/4478 3140/1/4478
f 3140/1/3700 2698/1/3700 3141/1/3700
f 3141/1/4479 2698/1/4479 2697/1/4479
f 3141/1/3693 2697/1/3693 3142/1/3693
f 2695/1/4480 3143/1/4480 2697/1/4480
f 2697/1/4481 3143/1/4481 3144/1/4481
f 2697/1/4482 3144/1/4482 3142/1/4482
f 3139/1/4483 2633/1/4483 3138/1/4483
f 3138/1/4484 2633/1/4484 2632/1/4484
f 3138/1/3695 2632/1/3695 2710/1/3695
f 3144/1/4485 3143/1/4485 3145/1/4485
f 3145/1/4485 3146/1/4485 3144/1/4485
f 3144/1/4486 3146/1/4486 2629/1/4486
f 3144/1/4487 2629/1/4487 3142/1/4487
f 3142/1/4488 2629/1/4488 2627/1/4488
f 3142/1/4489 2627/1/4489 3141/1/4489
f 3141/1/4490 2627/1/4490 2626/1/4490
f 3141/1/4491 2626/1/4491 3140/1/4491
f 3140/1/4492 2626/1/4492 2624/1/4492
f 3140/1/4493 2624/1/4493 3139/1/4493
f 3139/1/4494 2624/1/4494 2623/1/4494
f 3139/1/4495 2623/1/4495 2633/1/4495
f 3146/1/4486 3147/1/4486 2629/1/4486
f 2629/1/4496 3147/1/4496 3148/1/4496
f 2629/1/4497 3148/1/4497 2630/1/4497
f 2630/1/4498 3148/1/4498 2693/1/4498
f 3133/1/4499 2589/1/4499 3134/1/4499
f 3134/1/4500 2589/1/4500 2600/1/4500
f 3134/1/4501 2600/1/4501 3128/1/4501
f 3149/1/4502 3127/1/4502 3128/1/4502
f 2614/1/4503 3150/1/4503 2600/1/4503
f 2600/1/4504 3150/1/4504 3151/1/4504
f 2600/1/4505 3151/1/4505 3152/1/4505
f 3152/1/4506 3153/1/4506 2600/1/4506
f 2600/1/4507 3153/1/4507 3154/1/4507
f 2600/1/4508 3154/1/4508 3128/1/4508
f 3128/1/4509 3154/1/4509 3155/1/4509
f 3128/1/4510 3155/1/4510 3149/1/4510
f 3129/1/4194 2613/1/4194 3130/1/4194
f 3130/1/4511 2613/1/4511 2546/1/4511
f 3130/1/4512 2546/1/4512 3131/1/4512
f 3131/1/4513 2546/1/4513 2545/1/4513
f 3131/1/4438 2545/1/4438 3132/1/4438
f 3132/1/4514 2545/1/4514 2543/1/4514
f 3132/1/4515 2543/1/4515 3133/1/4515
f 3133/1/4516 2543/1/4516 2542/1/4516
f 3133/1/4517 2542/1/4517 2589/1/4517
f 2613/1/4518 3016/1/4518 2564/1/4518
f 2564/1/4519 3016/1/4519 3015/1/4519
f 2564/1/4520 3015/1/4520 2565/1/4520
f 2565/1/4521 3015/1/4521 3019/1/4521
f 2565/1/4522 3019/1/4522 2567/1/4522
f 2567/1/4523 3019/1/4523 3021/1/4523
f 2567/1/4524 3021/1/4524 2569/1/4524
f 2569/1/4525 3021/1/4525 3023/1/4525
f 2569/1/4526 3023/1/4526 2570/1/4526
f 2570/1/4527 3023/1/4527 3024/1/4527
f 2570/1/4528 3024/1/4528 2560/1/4528
f 2560/1/4529 3024/1/4529 3026/1/4529
f 2560/1/4530 3026/1/4530 2562/1/4530
f 3026/1/4531 3027/1/4531 2562/1/4531
f 2562/1/4532 3027/1/4532 3029/1/4532
f 2562/1/4533 3029/1/4533 2563/1/4533
f 2563/1/4534 3029/1/4534 3030/1/4534
f 2563/1/4535 3030/1/4535 2555/1/4535
f 2555/1/4536 3030/1/4536 3032/1/4536
f 2555/1/4537 3032/1/4537 2557/1/4537
f 2557/1/4538 3032/1/4538 3034/1/4538
f 2557/1/4539 3034/1/4539 2558/1/4539
f 2558/1/4540 3034/1/4540 3035/1/4540
f 2558/1/4541 3035/1/4541 2541/1/4541
f 2541/1/4542 3035/1/4542 3037/1/4542
f 2541/1/4543 3037/1/4543 2553/1/4543
f 2553/1/4544 3037/1/4544 3038/1/4544
f 2553/1/4545 3038/1/4545 2552/1/4545
f 2552/1/4546 3038/1/4546 3040/1/4546
f 2552/1/4547 3040/1/4547 2550/1/4547
f 2550/1/4548 3040/1/4548 3042/1/4548
f 2550/1/4549 3042/1/4549 2548/1/4549
f 2548/1/4550 3042/1/4550 2654/1/4550
f 2654/1/4551 3042/1/4551 3044/1/4551
f 2654/1/4552 3044/1/4552 2655/1/4552
f 2655/1/4553 3044/1/4553 3045/1/4553
f 2655/1/4554 3045/1/4554 2622/1/4554
f 2622/1/4555 3045/1/4555 3047/1/4555
f 2622/1/4556 3047/1/4556 2648/1/4556
f 2648/1/4557 3047/1/4557 3048/1/4557
f 2648/1/4558 3048/1/4558 2649/1/4558
f 2649/1/4559 3048/1/4559 3050/1/4559
f 2649/1/4560 3050/1/4560 2651/1/4560
f 2651/1/4561 3050/1/4561 3052/1/4561
f 2651/1/4562 3052/1/4562 2652/1/4562
f 2652/1/4563 3052/1/4563 3053/1/4563
f 2652/1/4564 3053/1/4564 2644/1/4564
f 2644/1/4565 3053/1/4565 3055/1/4565
f 2644/1/4566 3055/1/4566 2646/1/4566
f 3055/1/4567 3056/1/4567 2646/1/4567
f 2646/1/4568 3056/1/4568 3058/1/4568
f 2646/1/4569 3058/1/4569 2647/1/4569
f 2647/1/4570 3058/1/4570 3059/1/4570
f 2647/1/4571 3059/1/4571 2639/1/4571
f 2639/1/4572 3059/1/4572 3061/1/4572
f 2639/1/4573 3061/1/4573 2641/1/4573
f 2641/1/4574 3061/1/4574 3063/1/4574
f 2641/1/4575 3063/1/4575 2642/1/4575
f 2642/1/4576 3063/1/4576 3064/1/4576
f 2642/1/4577 3064/1/4577 2636/1/4577
f 2636/1/4578 3064/1/4578 3066/1/4578
f 2636/1/4579 3066/1/4579 2637/1/4579
f 2637/1/4580 3066/1/4580 2709/1/4580
f 2637/1/4581 2709/1/4581 2632/1/4581
f 3156/1/4582 3157/1/4582 3158/1/4582
f 2610/1/4583 2611/1/4583 3156/1/4583
f 3156/1/4584 3158/1/4584 2610/1/4584
f 2610/1/4585 3158/1/4585 3159/1/4585
f 2610/1/4585 3159/1/4585 2609/1/4585
f 2609/1/4586 3159/1/4586 3160/1/4586
f 2609/1/4586 3160/1/4586 2608/1/4586
f 2608/1/4587 3160/1/4587 3161/1/4587
f 2608/1/4587 3161/1/4587 2607/1/4587
f 2607/1/4588 3161/1/4588 3162/1/4588
f 2607/1/4588 3162/1/4588 2606/1/4588
f 2606/1/4589 3162/1/4589 3163/1/4589
f 2606/1/4589 3163/1/4589 2605/1/4589
f 2612/1/4590 3164/1/4590 2619/1/4590
f 2619/1/4591 3164/1/4591 3165/1/4591
f 2619/1/4592 3165/1/4592 2618/1/4592
f 2618/1/4593 3165/1/4593 3166/1/4593
f 2618/1/4593 3166/1/4593 2617/1/4593
f 2617/1/4594 3166/1/4594 3167/1/4594
f 2617/1/4594 3167/1/4594 2616/1/4594
f 2616/1/4595 3167/1/4595 3168/1/4595
f 2616/1/4595 3168/1/4595 2615/1/4595
f 3169/1/4596 3170/1/4596 3171/1/4596
f 3164/1/4597 3172/1/4597 3165/1/4597
f 3165/1/4598 3172/1/4598 3173/1/4598
f 3165/1/4599 3173/1/4599 3166/1/4599
f 3166/1/4600 3173/1/4600 3174/1/4600
f 3166/1/4601 3174/1/4601 3167/1/4601
f 3167/1/4602 3174/1/4602 3169/1/4602
f 3167/1/4603 3169/1/4603 3168/1/4603
f 3168/1/4604 3169/1/4604 3171/1/4604
f 3168/1/4605 3171/1/4605 2615/1/4605
f 2615/1/4606 3171/1/4606 2614/1/4606
f 3175/1/4607 3176/1/4607 3164/1/4607
f 3164/1/4608 3176/1/4608 3177/1/4608
f 3164/1/4609 3177/1/4609 3172/1/4609
f 2612/1/4610 2605/1/4610 3164/1/4610
f 3164/1/4610 2605/1/4610 3163/1/4610
f 3164/1/4611 3163/1/4611 3175/1/4611
f 3175/1/4612 3163/1/4612 3162/1/4612
f 3175/1/4613 3162/1/4613 3178/1/4613
f 3178/1/4614 3162/1/4614 3161/1/4614
f 3178/1/4615 3161/1/4615 3179/1/4615
f 3179/1/4616 3161/1/4616 3160/1/4616
f 3179/1/4617 3160/1/4617 3180/1/4617
f 3180/1/4618 3160/1/4618 3181/1/4618
f 3181/1/4619 3160/1/4619 3159/1/4619
f 3181/1/4620 3159/1/4620 3182/1/4620
f 3182/1/4621 3159/1/4621 3158/1/4621
f 3182/1/4622 3158/1/4622 3183/1/4622
f 3183/1/4623 3158/1/4623 3157/1/4623
f 3183/1/4624 3157/1/4624 3184/1/4624
f 3156/1/4625 2611/1/4625 2683/1/4625
f 3157/1/4626 3156/1/4626 3185/1/4626
f 3185/1/4627 3156/1/4627 2683/1/4627
f 3185/1/4628 2683/1/4628 3186/1/4628
f 3186/1/4628 2683/1/4628 2684/1/4628
f 3186/1/4629 2684/1/4629 3187/1/4629
f 3187/1/4629 2684/1/4629 2685/1/4629
f 3187/1/4630 2685/1/4630 3188/1/4630
f 3188/1/4631 2685/1/4631 2686/1/4631
f 3188/1/4632 2686/1/4632 3189/1/4632
f 3189/1/4632 2686/1/4632 2687/1/4632
f 3189/1/4633 2687/1/4633 3190/1/4633
f 3190/1/4633 2687/1/4633 2688/1/4633
f 3190/1/4634 2688/1/4634 3191/1/4634
f 3191/1/4634 2688/1/4634 2689/1/4634
f 3191/1/4635 2689/1/4635 3192/1/4635
f 3192/1/4635 2689/1/4635 2690/1/4635
f 3192/1/4636 2690/1/4636 3193/1/4636
f 3193/1/4636 2690/1/4636 2691/1/4636
f 3193/1/4637 2691/1/4637 3194/1/4637
f 3194/1/4637 2691/1/4637 2692/1/4637
f 3194/1/4638 2692/1/4638 3195/1/4638
f 3195/1/4639 2692/1/4639 2693/1/4639
f 3195/1/4640 3196/1/4640 3194/1/4640
f 3194/1/4640 3196/1/4640 3197/1/4640
f 3194/1/4641 3197/1/4641 3193/1/4641
f 3193/1/4641 3197/1/4641 3198/1/4641
f 3193/1/4642 3198/1/4642 3192/1/4642
f 3192/1/4642 3198/1/4642 3199/1/4642
f 3192/1/4643 3199/1/4643 3191/1/4643
f 3191/1/4643 3199/1/4643 3200/1/4643
f 3191/1/4644 3200/1/4644 3190/1/4644
f 3190/1/4644 3200/1/4644 3201/1/4644
f 3190/1/4645 3201/1/4645 3189/1/4645
f 3184/1/4646 3157/1/4646 3202/1/4646
f 3202/1/4647 3157/1/4647 3185/1/4647
f 3202/1/4648 3185/1/4648 3203/1/4648
f 3203/1/4648 3185/1/4648 3186/1/4648
f 3203/1/4649 3186/1/4649 3204/1/4649
f 3204/1/4649 3186/1/4649 3187/1/4649
f 3204/1/4650 3187/1/4650 3205/1/4650
f 3205/1/4650 3187/1/4650 3188/1/4650
f 3205/1/4651 3188/1/4651 3206/1/4651
f 3206/1/4651 3188/1/4651 3189/1/4651
f 3206/1/4652 3189/1/4652 3207/1/4652
f 3207/1/4653 3189/1/4653 3201/1/4653
f 2424/1/4654 3208/1/4654 3209/1/4654
f 2396/1/4655 3210/1/4655 3211/1/4655
f 3177/1/4656 3212/1/4656 3213/1/4656
f 3183/1/4657 3184/1/4657 3214/1/4657
f 3183/1/4658 3214/1/4658 3182/1/4658
f 3179/1/4659 3215/1/4659 3178/1/4659
f 3178/1/4660 3215/1/4660 3216/1/4660
f 3178/1/4661 3216/1/4661 3175/1/4661
f 3175/1/4662 3216/1/4662 3217/1/4662
f 3175/1/4663 3217/1/4663 3176/1/4663
f 3177/1/4664 3213/1/4664 3172/1/4664
f 3172/1/4665 3213/1/4665 3218/1/4665
f 3172/1/4666 3218/1/4666 3173/1/4666
f 3173/1/4667 3218/1/4667 3219/1/4667
f 3173/1/4668 3219/1/4668 3174/1/4668
f 3174/1/4669 3219/1/4669 3211/1/4669
f 3174/1/4670 3211/1/4670 3169/1/4670
f 3169/1/4671 3211/1/4671 3210/1/4671
f 3169/1/4672 3210/1/4672 3170/1/4672
f 2396/1/4673 3211/1/4673 2400/1/4673
f 2400/1/4674 3211/1/4674 3219/1/4674
f 2400/1/4675 3219/1/4675 2429/1/4675
f 2429/1/4676 3219/1/4676 3218/1/4676
f 2429/1/4677 3218/1/4677 2428/1/4677
f 2428/1/4678 3218/1/4678 3213/1/4678
f 2428/1/4679 3213/1/4679 2427/1/4679
f 2427/1/4680 3213/1/4680 3212/1/4680
f 2427/1/4681 3212/1/4681 2426/1/4681
f 3215/1/4682 2425/1/4682 3216/1/4682
f 3216/1/4683 2425/1/4683 2426/1/4683
f 3216/1/4684 2426/1/4684 3217/1/4684
f 3217/1/4685 2426/1/4685 3212/1/4685
f 3217/1/4686 3212/1/4686 3176/1/4686
f 3176/1/4687 3212/1/4687 3177/1/4687
f 2424/1/4688 3209/1/4688 2415/1/4688
f 2415/1/4689 3209/1/4689 3220/1/4689
f 2415/1/4690 3220/1/4690 2416/1/4690
f 3220/1/4691 3221/1/4691 2416/1/4691
f 2416/1/4692 3221/1/4692 3222/1/4692
f 2416/1/4693 3222/1/4693 2418/1/4693
f 2419/1/4694 2418/1/4694 3214/1/4694
f 3214/1/4695 2418/1/4695 3222/1/4695
f 3214/1/4696 3222/1/4696 3182/1/4696
f 3182/1/4697 3222/1/4697 3221/1/4697
f 3182/1/4698 3221/1/4698 3181/1/4698
f 3181/1/4699 3221/1/4699 3220/1/4699
f 3181/1/4700 3220/1/4700 3180/1/4700
f 3180/1/4701 3220/1/4701 3209/1/4701
f 3180/1/4702 3209/1/4702 3179/1/4702
f 3179/1/4703 3209/1/4703 3208/1/4703
f 3179/1/4704 3208/1/4704 3215/1/4704
f 3215/1/4705 3208/1/4705 2424/1/4705
f 3215/1/4706 2424/1/4706 2425/1/4706
f 3155/1/4707 3223/1/4707 3149/1/4707
f 3149/1/4708 3223/1/4708 3127/1/4708
f 3154/1/4709 3153/1/4709 3171/1/4709
f 3171/1/4710 3153/1/4710 3152/1/4710
f 3152/1/4711 3151/1/4711 3171/1/4711
f 3171/1/4712 3151/1/4712 3150/1/4712
f 3171/1/4713 3150/1/4713 2614/1/4713
f 2396/1/4714 2397/1/4714 3210/1/4714
f 3210/1/4715 2397/1/4715 3224/1/4715
f 3210/1/4716 3224/1/4716 3170/1/4716
f 3170/1/4717 3224/1/4717 3223/1/4717
f 3170/1/4718 3223/1/4718 3171/1/4718
f 3171/1/4719 3223/1/4719 3155/1/4719
f 3171/1/4720 3155/1/4720 3154/1/4720
f 3225/1/4721 3226/1/4721 3227/1/4721
f 3227/1/4722 3228/1/4722 3225/1/4722
f 3225/1/4723 3228/1/4723 2923/1/4723
f 3225/1/4724 2923/1/4724 3007/1/4724
f 2909/1/4725 2923/1/4725 3228/1/4725
f 2535/1/4726 2534/1/4726 3229/1/4726
f 2535/1/4727 3229/1/4727 3227/1/4727
f 3227/1/4728 3229/1/4728 3230/1/4728
f 3227/1/4729 3230/1/4729 3228/1/4729
f 3228/1/4730 3230/1/4730 3231/1/4730
f 3228/1/4731 3231/1/4731 3232/1/4731
f 3232/1/4732 2775/1/4732 3228/1/4732
f 3228/1/4733 2775/1/4733 2910/1/4733
f 3228/1/4734 2910/1/4734 2909/1/4734
f 3223/1/4717 3224/1/4717 3226/1/4717
f 3226/1/4721 3225/1/4721 3223/1/4721
f 3223/1/4724 3225/1/4724 3007/1/4724
f 3223/1/4724 3007/1/4724 3127/1/4724
f 3233/1/4735 3234/1/4735 3235/1/4735
f 3235/1/4736 3234/1/4736 3236/1/4736
f 3235/1/4737 3236/1/4737 3237/1/4737
f 3237/1/4738 3236/1/4738 2695/1/4738
f 3237/1/4738 2695/1/4738 2694/1/4738
f 3143/1/4739 2695/1/4739 3238/1/4739
f 3238/1/4738 2695/1/4738 3236/1/4738
f 3238/1/4740 3236/1/4740 3239/1/4740
f 3239/1/4741 3236/1/4741 3234/1/4741
f 3195/1/4742 2693/1/4742 3148/1/4742
f 3147/1/4743 3146/1/4743 3238/1/4743
f 3238/1/4744 3146/1/4744 3145/1/4744
f 3238/1/4745 3145/1/4745 3143/1/4745
f 3148/1/4746 3147/1/4746 3195/1/4746
f 3195/1/4747 3147/1/4747 3238/1/4747
f 3195/1/4748 3238/1/4748 3196/1/4748
f 3196/1/4749 3238/1/4749 3239/1/4749
f 3196/1/4750 3239/1/4750 3240/1/4750
f 3240/1/4751 3239/1/4751 2461/1/4751
f 3240/1/4752 2461/1/4752 2460/1/4752
f 2694/1/4753 2861/1/4753 3237/1/4753
f 3237/1/4754 2861/1/4754 3241/1/4754
f 3237/1/4755 3241/1/4755 3235/1/4755
f 3235/1/4756 3241/1/4756 3233/1/4756
f 2469/1/4757 2466/1/4757 3242/1/4757
f 3242/1/4758 2466/1/4758 3233/1/4758
f 3242/1/4759 3233/1/4759 3243/1/4759
f 3243/1/4760 3233/1/4760 3241/1/4760
f 3244/1/4761 3200/1/4761 3245/1/4761
f 3245/1/4762 3200/1/4762 3199/1/4762
f 3245/1/4763 3199/1/4763 3246/1/4763
f 3246/1/4764 3199/1/4764 3198/1/4764
f 3247/1/4765 3206/1/4765 3248/1/4765
f 3248/1/4766 3206/1/4766 3207/1/4766
f 3248/1/4767 3207/1/4767 3249/1/4767
f 3249/1/4768 3207/1/4768 3201/1/4768
f 3250/1/4769 3204/1/4769 3251/1/4769
f 3251/1/4770 3204/1/4770 3205/1/4770
f 3251/1/4771 3205/1/4771 3252/1/4771
f 3214/1/4772 3184/1/4772 3253/1/4772
f 3253/1/4773 3184/1/4773 3202/1/4773
f 3253/1/4774 3202/1/4774 3254/1/4774
f 3254/1/4775 3202/1/4775 3203/1/4775
f 2458/1/4776 3255/1/4776 2459/1/4776
f 2459/1/4777 3255/1/4777 3256/1/4777
f 2459/1/4778 3256/1/4778 2460/1/4778
f 2460/1/4779 3256/1/4779 3240/1/4779
f 2456/1/4780 3244/1/4780 2457/1/4780
f 2457/1/4781 3244/1/4781 3245/1/4781
f 2457/1/4782 3245/1/4782 2458/1/4782
f 2458/1/4783 3245/1/4783 3246/1/4783
f 2458/1/4784 3246/1/4784 3255/1/4784
f 3255/1/4785 3246/1/4785 3198/1/4785
f 3255/1/4786 3198/1/4786 3256/1/4786
f 3256/1/4787 3198/1/4787 3197/1/4787
f 3256/1/4788 3197/1/4788 3240/1/4788
f 3240/1/4789 3197/1/4789 3196/1/4789
f 2440/1/4790 3247/1/4790 2438/1/4790
f 2438/1/4791 3247/1/4791 3248/1/4791
f 2438/1/4792 3248/1/4792 2456/1/4792
f 2456/1/4793 3248/1/4793 3249/1/4793
f 2456/1/4794 3249/1/4794 3244/1/4794
f 3244/1/4795 3249/1/4795 3201/1/4795
f 3244/1/4796 3201/1/4796 3200/1/4796
f 2430/1/4797 3250/1/4797 2435/1/4797
f 2435/1/4798 3250/1/4798 3251/1/4798
f 2435/1/4799 3251/1/4799 2440/1/4799
f 2440/1/4800 3251/1/4800 3252/1/4800
f 2440/1/4801 3252/1/4801 3247/1/4801
f 3247/1/4802 3252/1/4802 3205/1/4802
f 3247/1/4803 3205/1/4803 3206/1/4803
f 2419/1/4804 3214/1/4804 2432/1/4804
f 2432/1/4805 3214/1/4805 3253/1/4805
f 2432/1/4806 3253/1/4806 2430/1/4806
f 2430/1/4807 3253/1/4807 3254/1/4807
f 2430/1/4808 3254/1/4808 3250/1/4808
f 3250/1/4809 3254/1/4809 3203/1/4809
f 3250/1/4810 3203/1/4810 3204/1/4810
f 3224/1/4811 2397/1/4811 3226/1/4811
f 3226/1/4812 2397/1/4812 2535/1/4812
f 3226/1/4813 2535/1/4813 3227/1/4813
f 3257/1/4814 3258/1/4814 3259/1/4814
f 3260/1/4815 3261/1/4815 3262/1/4815
f 3263/1/4816 3264/1/4816 3265/1/4816
f 3265/1/4817 3264/1/4817 3266/1/4817
f 3265/1/4818 3266/1/4818 3267/1/4818
f 3267/1/4819 3266/1/4819 3268/1/4819
f 3257/1/4820 3259/1/4820 3269/1/4820
f 3269/1/4821 3259/1/4821 3270/1/4821
f 3269/1/4822 3270/1/4822 3271/1/4822
f 2534/1/4823 3262/1/4823 3229/1/4823
f 3229/1/4824 3262/1/4824 3261/1/4824
f 3229/1/4825 3261/1/4825 3230/1/4825
f 2534/1/4826 2533/1/4826 3262/1/4826
f 3262/1/4827 2533/1/4827 3272/1/4827
f 3262/1/4828 3272/1/4828 3260/1/4828
f 3260/1/4829 3272/1/4829 3273/1/4829
f 2530/1/4830 3274/1/4830 2531/1/4830
f 2531/1/4831 3274/1/4831 3275/1/4831
f 2531/1/4832 3275/1/4832 2532/1/4832
f 2532/1/4833 3275/1/4833 3276/1/4833
f 2528/1/4834 3277/1/4834 2529/1/4834
f 2529/1/4835 3277/1/4835 3278/1/4835
f 2529/1/4836 3278/1/4836 2530/1/4836
f 2530/1/4837 3278/1/4837 3279/1/4837
f 2530/1/4838 3279/1/4838 3274/1/4838
f 2505/1/4839 3263/1/4839 2508/1/4839
f 2508/1/4840 3263/1/4840 3265/1/4840
f 2508/1/4841 3265/1/4841 2528/1/4841
f 2528/1/4842 3265/1/4842 3267/1/4842
f 2528/1/4843 3267/1/4843 3277/1/4843
f 3277/1/4844 3267/1/4844 3268/1/4844
f 3277/1/4845 3268/1/4845 3278/1/4845
f 3278/1/4846 3268/1/4846 3280/1/4846
f 3278/1/4847 3280/1/4847 3279/1/4847
f 3279/1/4848 3280/1/4848 3281/1/4848
f 3279/1/4849 3281/1/4849 3274/1/4849
f 3274/1/4850 3281/1/4850 3282/1/4850
f 3274/1/4851 3282/1/4851 3275/1/4851
f 3275/1/4852 3282/1/4852 3273/1/4852
f 3275/1/4853 3273/1/4853 3276/1/4853
f 3276/1/4854 3273/1/4854 3272/1/4854
f 3276/1/4855 3272/1/4855 2532/1/4855
f 2532/1/4856 3272/1/4856 2533/1/4856
f 2497/1/4857 3257/1/4857 2504/1/4857
f 2504/1/4858 3257/1/4858 3269/1/4858
f 2504/1/4859 3269/1/4859 2505/1/4859
f 2505/1/4860 3269/1/4860 3271/1/4860
f 2505/1/4861 3271/1/4861 3263/1/4861
f 3263/1/4862 3271/1/4862 3270/1/4862
f 3263/1/4863 3270/1/4863 3264/1/4863
f 3231/1/4864 3230/1/4864 3261/1/4864
f 3283/1/4865 2728/1/4865 2727/1/4865
f 2775/1/4866 3232/1/4866 2776/1/4866
f 2776/1/4866 3232/1/4866 3284/1/4866
f 2776/1/4867 3284/1/4867 2777/1/4867
f 2777/1/4867 3284/1/4867 3285/1/4867
f 2777/1/4868 3285/1/4868 2778/1/4868
f 2778/1/4868 3285/1/4868 3286/1/4868
f 2778/1/4869 3286/1/4869 2779/1/4869
f 2779/1/4869 3286/1/4869 3287/1/4869
f 2779/1/4870 3287/1/4870 2780/1/4870
f 2780/1/4870 3287/1/4870 3288/1/4870
f 2780/1/4871 3288/1/4871 2781/1/4871
f 2781/1/4871 3288/1/4871 3289/1/4871
f 2781/1/4872 3289/1/4872 2782/1/4872
f 2782/1/4872 3289/1/4872 3290/1/4872
f 2782/1/4873 3290/1/4873 2783/1/4873
f 2783/1/4874 3290/1/4874 3291/1/4874
f 3292/1/4875 3283/1/4875 3293/1/4875
f 3293/1/4876 3283/1/4876 2727/1/4876
f 3293/1/4877 2727/1/4877 3294/1/4877
f 3294/1/4877 2727/1/4877 2792/1/4877
f 3294/1/4878 2792/1/4878 3295/1/4878
f 3295/1/4878 2792/1/4878 2788/1/4878
f 3295/1/4879 2788/1/4879 3291/1/4879
f 3291/1/4879 2788/1/4879 2784/1/4879
f 3291/1/4880 2784/1/4880 2783/1/4880
f 3258/1/4881 3292/1/4881 3259/1/4881
f 3259/1/4882 3292/1/4882 3293/1/4882
f 3259/1/4883 3293/1/4883 3270/1/4883
f 3270/1/4883 3293/1/4883 3294/1/4883
f 3270/1/4884 3294/1/4884 3264/1/4884
f 3264/1/4884 3294/1/4884 3295/1/4884
f 3264/1/4885 3295/1/4885 3266/1/4885
f 3266/1/4885 3295/1/4885 3291/1/4885
f 3266/1/4886 3291/1/4886 3268/1/4886
f 3268/1/4886 3291/1/4886 3290/1/4886
f 3268/1/4887 3290/1/4887 3280/1/4887
f 3280/1/4887 3290/1/4887 3289/1/4887
f 3280/1/4888 3289/1/4888 3281/1/4888
f 3281/1/4888 3289/1/4888 3288/1/4888
f 3281/1/4889 3288/1/4889 3282/1/4889
f 3282/1/4889 3288/1/4889 3287/1/4889
f 3282/1/4890 3287/1/4890 3273/1/4890
f 3273/1/4890 3287/1/4890 3286/1/4890
f 3273/1/4891 3286/1/4891 3260/1/4891
f 3260/1/4891 3286/1/4891 3285/1/4891
f 3260/1/4892 3285/1/4892 3261/1/4892
f 3261/1/4892 3285/1/4892 3284/1/4892
f 3261/1/4893 3284/1/4893 3231/1/4893
f 3231/1/4894 3284/1/4894 3232/1/4894
f 3283/1/4895 3292/1/4895 3296/1/4895
f 2802/1/4896 2728/1/4896 3283/1/4896
f 3283/1/4897 3296/1/4897 2802/1/4897
f 2802/1/4898 3296/1/4898 3297/1/4898
f 2802/1/4898 3297/1/4898 2859/1/4898
f 2859/1/4899 3297/1/4899 3298/1/4899
f 2859/1/4899 3298/1/4899 2858/1/4899
f 2858/1/4900 3298/1/4900 3299/1/4900
f 2858/1/4900 3299/1/4900 2857/1/4900
f 2857/1/4901 3299/1/4901 3300/1/4901
f 2857/1/4901 3300/1/4901 2856/1/4901
f 2856/1/4902 3300/1/4902 3301/1/4902
f 2856/1/4902 3301/1/4902 2855/1/4902
f 2860/1/4903 3302/1/4903 2866/1/4903
f 2866/1/4904 3302/1/4904 3303/1/4904
f 2866/1/4905 3303/1/4905 2865/1/4905
f 2865/1/4906 3303/1/4906 3304/1/4906
f 2865/1/4906 3304/1/4906 2864/1/4906
f 2864/1/4907 3304/1/4907 3305/1/4907
f 2864/1/4908 3305/1/4908 2863/1/4908
f 2863/1/4909 3305/1/4909 3306/1/4909
f 2863/1/4909 3306/1/4909 2862/1/4909
f 3307/1/4910 3243/1/4910 3241/1/4910
f 3302/1/4911 3308/1/4911 3303/1/4911
f 3303/1/4912 3308/1/4912 3309/1/4912
f 3303/1/4913 3309/1/4913 3304/1/4913
f 3304/1/4914 3309/1/4914 3310/1/4914
f 3304/1/4915 3310/1/4915 3305/1/4915
f 3305/1/4916 3310/1/4916 3307/1/4916
f 3305/1/4917 3307/1/4917 3306/1/4917
f 3306/1/4918 3307/1/4918 3241/1/4918
f 3306/1/4919 3241/1/4919 2862/1/4919
f 2862/1/4920 3241/1/4920 2861/1/4920
f 3311/1/4921 3312/1/4921 3302/1/4921
f 3302/1/4922 3312/1/4922 3313/1/4922
f 3302/1/4923 3313/1/4923 3308/1/4923
f 2860/1/4924 2855/1/4924 3302/1/4924
f 3302/1/4924 2855/1/4924 3301/1/4924
f 3302/1/4925 3301/1/4925 3311/1/4925
f 3311/1/4926 3301/1/4926 3300/1/4926
f 3311/1/4927 3300/1/4927 3314/1/4927
f 3314/1/4928 3300/1/4928 3299/1/4928
f 3314/1/4929 3299/1/4929 3315/1/4929
f 3315/1/4930 3299/1/4930 3298/1/4930
f 3315/1/4931 3298/1/4931 3316/1/4931
f 3316/1/4932 3298/1/4932 3317/1/4932
f 3317/1/4933 3298/1/4933 3297/1/4933
f 3317/1/4934 3297/1/4934 3318/1/4934
f 3318/1/4935 3297/1/4935 3296/1/4935
f 3318/1/4936 3296/1/4936 3319/1/4936
f 3319/1/4937 3296/1/4937 3292/1/4937
f 3319/1/4938 3292/1/4938 3258/1/4938
f 2487/1/4939 3320/1/4939 3321/1/4939
f 3313/1/4940 3322/1/4940 3323/1/4940
f 3319/1/4941 3258/1/4941 3257/1/4941
f 3319/1/4942 3257/1/4942 3318/1/4942
f 3315/1/4943 3324/1/4943 3314/1/4943
f 3314/1/4944 3324/1/4944 3325/1/4944
f 3314/1/4945 3325/1/4945 3311/1/4945
f 3311/1/4946 3325/1/4946 3326/1/4946
f 3311/1/4947 3326/1/4947 3312/1/4947
f 3313/1/4948 3323/1/4948 3308/1/4948
f 3308/1/4949 3323/1/4949 3327/1/4949
f 3308/1/4950 3327/1/4950 3309/1/4950
f 3243/1/4951 3307/1/4951 3242/1/4951
f 3242/1/4952 3307/1/4952 3328/1/4952
f 3242/1/4953 3328/1/4953 2469/1/4953
f 2469/1/4954 3328/1/4954 2499/1/4954
f 3307/1/4955 3310/1/4955 3328/1/4955
f 3328/1/4956 3310/1/4956 3329/1/4956
f 3328/1/4957 3329/1/4957 2499/1/4957
f 2499/1/4958 3329/1/4958 2500/1/4958
f 3310/1/4959 3309/1/4959 3329/1/4959
f 3329/1/4960 3309/1/4960 3327/1/4960
f 3329/1/4961 3327/1/4961 2500/1/4961
f 2500/1/4962 3327/1/4962 3323/1/4962
f 2500/1/4963 3323/1/4963 2501/1/4963
f 2501/1/4964 3323/1/4964 3322/1/4964
f 2501/1/4965 3322/1/4965 2502/1/4965
f 3324/1/4966 2489/1/4966 3325/1/4966
f 3325/1/4967 2489/1/4967 2502/1/4967
f 3325/1/4968 2502/1/4968 3326/1/4968
f 3326/1/4969 2502/1/4969 3322/1/4969
f 3326/1/4970 3322/1/4970 3312/1/4970
f 3312/1/4971 3322/1/4971 3313/1/4971
f 2487/1/4972 3321/1/4972 2472/1/4972
f 2472/1/4973 3321/1/4973 3330/1/4973
f 2472/1/4974 3330/1/4974 2492/1/4974
f 3330/1/4975 3331/1/4975 2492/1/4975
f 2492/1/4976 3331/1/4976 3332/1/4976
f 2492/1/4977 3332/1/4977 2494/1/4977
f 2497/1/4978 2494/1/4978 3257/1/4978
f 3257/1/4979 2494/1/4979 3332/1/4979
f 3257/1/4980 3332/1/4980 3318/1/4980
f 3318/1/4981 3332/1/4981 3331/1/4981
f 3318/1/4982 3331/1/4982 3317/1/4982
f 3317/1/4983 3331/1/4983 3330/1/4983
f 3317/1/4984 3330/1/4984 3316/1/4984
f 3316/1/4985 3330/1/4985 3321/1/4985
f 3316/1/4986 3321/1/4986 3315/1/4986
f 3315/1/4987 3321/1/4987 3320/1/4987
f 3315/1/4988 3320/1/4988 3324/1/4988
f 3324/1/4989 3320/1/4989 2487/1/4989
f 3324/1/4990 2487/1/4990 2489/1/4990
f 3233/1/4991 2466/1/4991 3234/1/4991
f 3234/1/4992 2466/1/4992 2461/1/4992
f 3234/1/4993 2461/1/4993 3239/1/4993
f 3333/1/4994 3334/1/4994 3335/1/4994
f 3335/1/4995 3334/1/4995 3336/1/4995
f 3335/1/4996 3336/1/4996 3337/1/4996
f 3337/1/4997 3336/1/4997 3338/1/4997
f 3338/1/4998 3336/1/4998 3339/1/4998
f 3338/1/4999 3339/1/4999 3340/1/4999
f 3340/1/5000 3339/1/5000 3341/1/5000
f 3341/1/5001 3339/1/5001 3342/1/5001
f 3341/1/5002 3342/1/5002 3343/1/5002
f 3343/1/5003 3342/1/5003 3344/1/5003
f 3344/1/5004 3342/1/5004 3345/1/5004
f 3344/1/5005 3345/1/5005 3346/1/5005
f 3346/1/5006 3345/1/5006 3347/1/5006
f 3347/1/5007 3345/1/5007 3348/1/5007
f 3347/1/5008 3348/1/5008 3349/1/5008
f 3350/1/5009 3351/1/5009 3352/1/5009
f 3352/1/5010 3351/1/5010 3353/1/5010
f 3354/1/5011 3355/1/5011 3353/1/5011
f 3353/1/5012 3355/1/5012 3356/1/5012
f 3353/1/5013 3356/1/5013 3352/1/5013
f 3334/1/5014 3333/1/5014 3357/1/5014
f 3357/1/5015 3333/1/5015 3358/1/5015
f 3357/1/5016 3358/1/5016 3359/1/5016
f 3359/1/5017 3358/1/5017 3360/1/5017
f 3359/1/5018 3360/1/5018 3361/1/5018
f 3361/1/5019 3360/1/5019 3362/1/5019
f 3361/1/5020 3362/1/5020 3363/1/5020
f 3363/1/5021 3364/1/5021 3361/1/5021
f 3361/1/5022 3364/1/5022 3365/1/5022
f 3361/1/5023 3365/1/5023 3366/1/5023
f 3366/1/5024 3365/1/5024 3367/1/5024
f 3366/1/5025 3367/1/5025 3368/1/5025
f 3368/1/5026 3367/1/5026 3369/1/5026
f 3368/1/5027 3369/1/5027 3354/1/5027
f 3354/1/5028 3369/1/5028 3370/1/5028
f 3354/1/5029 3370/1/5029 3355/1/5029
f 3371/1/5030 3372/1/5030 3373/1/5030
f 3351/1/5030 3350/1/5030 3374/1/5030
f 3374/1/5030 3375/1/5030 3351/1/5030
f 3351/1/5030 3375/1/5030 3376/1/5030
f 3351/1/5030 3376/1/5030 3371/1/5030
f 3371/1/5030 3376/1/5030 3377/1/5030
f 3371/1/5030 3377/1/5030 3372/1/5030
f 3373/1/5030 3378/1/5030 3371/1/5030
f 3371/1/5030 3378/1/5030 3379/1/5030
f 3371/1/5030 3379/1/5030 3380/1/5030
f 3381/1/5031 3382/1/5031 3383/1/5031
f 3384/1/5032 3385/1/5032 3386/1/5032
f 3386/1/5033 3385/1/5033 3387/1/5033
f 3386/1/5034 3387/1/5034 3388/1/5034
f 3388/1/5035 3387/1/5035 3389/1/5035
f 3390/1/5036 3391/1/5036 3392/1/5036
f 3392/1/5037 3391/1/5037 3393/1/5037
f 3392/1/5038 3393/1/5038 3389/1/5038
f 3389/1/5039 3393/1/5039 3394/1/5039
f 3389/1/5040 3394/1/5040 3388/1/5040
f 3381/1/5041 3383/1/5041 3395/1/5041
f 3395/1/5042 3383/1/5042 3396/1/5042
f 3395/1/5043 3396/1/5043 3397/1/5043
f 3397/1/5044 3396/1/5044 3398/1/5044
f 3397/1/5045 3398/1/5045 3399/1/5045
f 3399/1/5046 3398/1/5046 3400/1/5046
f 3399/1/5047 3400/1/5047 3390/1/5047
f 3390/1/5048 3400/1/5048 3401/1/5048
f 3390/1/5049 3401/1/5049 3391/1/5049
f 3382/1/5050 3381/1/5050 3402/1/5050
f 3402/1/5051 3381/1/5051 3403/1/5051
f 3404/1/5052 3405/1/5052 3406/1/5052
f 3406/1/5053 3405/1/5053 3407/1/5053
f 3406/1/5054 3407/1/5054 3408/1/5054
f 3408/1/5055 3407/1/5055 3409/1/5055
f 3408/1/5056 3409/1/5056 3410/1/5056
f 3410/1/5057 3409/1/5057 3411/1/5057
f 3410/1/5058 3411/1/5058 3412/1/5058
f 3412/1/5059 3411/1/5059 3413/1/5059
f 3412/1/5060 3413/1/5060 3403/1/5060
f 3403/1/5061 3413/1/5061 3414/1/5061
f 3403/1/5062 3414/1/5062 3402/1/5062
f 3406/1/5063 3415/1/5063 3404/1/5063
f 3404/1/5064 3415/1/5064 3416/1/5064
f 3404/1/5065 3416/1/5065 3417/1/5065
f 3417/1/5066 3416/1/5066 3418/1/5066
f 3418/1/5067 3416/1/5067 3371/1/5067
f 3418/1/5068 3371/1/5068 3380/1/5068
f 3419/1/5069 3349/1/5069 3348/1/5069
f 3385/1/5069 3384/1/5069 3420/1/5069
f 3420/1/5069 3421/1/5069 3385/1/5069
f 3385/1/5069 3421/1/5069 3422/1/5069
f 3385/1/5070 3422/1/5070 3423/1/5070
f 3423/1/5069 3424/1/5069 3385/1/5069
f 3385/1/5069 3424/1/5069 3425/1/5069
f 3385/1/5069 3425/1/5069 3348/1/5069
f 3348/1/5069 3425/1/5069 3426/1/5069
f 3348/1/5069 3426/1/5069 3419/1/5069
f 3427/1/5071 3428/1/5071 3429/1/5071
f 3429/1/5071 3428/1/5071 3430/1/5071
f 3430/1/5071 3428/1/5071 3431/1/5071
f 3430/1/5071 3431/1/5071 3432/1/5071
f 3432/1/5071 3431/1/5071 3433/1/5071
f 3433/1/5071 3431/1/5071 3434/1/5071
f 3433/1/5071 3434/1/5071 3435/1/5071
f 3435/1/5071 3434/1/5071 3436/1/5071
f 3435/1/5071 3436/1/5071 3437/1/5071
f 3438/1/5071 3439/1/5071 3440/1/5071
f 3440/1/5071 3439/1/5071 3441/1/5071
f 3440/1/5071 3441/1/5071 3442/1/5071
f 3442/1/5071 3441/1/5071 3443/1/5071
f 3442/1/5071 3443/1/5071 3444/1/5071
f 3445/1/5071 3446/1/5071 3447/1/5071
f 3447/1/5071 3446/1/5071 3448/1/5071
f 3447/1/5071 3448/1/5071 3449/1/5071
f 3450/1/5071 3451/1/5071 3452/1/5071
f 3452/1/5071 3451/1/5071 3453/1/5071
f 3452/1/5071 3453/1/5071 3445/1/5071
f 3445/1/5071 3453/1/5071 3454/1/5071
f 3437/1/5071 3436/1/5071 3455/1/5071
f 3455/1/5071 3436/1/5071 3456/1/5071
f 3455/1/5071 3456/1/5071 3457/1/5071
f 3443/1/5071 3458/1/5071 3444/1/5071
f 3444/1/5071 3458/1/5071 3459/1/5071
f 3444/1/5071 3459/1/5071 3460/1/5071
f 3460/1/5071 3459/1/5071 3461/1/5071
f 3460/1/5071 3461/1/5071 3462/1/5071
f 3462/1/5071 3461/1/5071 3463/1/5071
f 3462/1/5071 3463/1/5071 3464/1/5071
f 3464/1/5071 3463/1/5071 3455/1/5071
f 3464/1/5071 3455/1/5071 3450/1/5071
f 3450/1/5071 3455/1/5071 3457/1/5071
f 3450/1/5071 3457/1/5071 3451/1/5071
f 3449/1/5071 3448/1/5071 3465/1/5071
f 3465/1/5071 3448/1/5071 3466/1/5071
f 3465/1/5071 3466/1/5071 3438/1/5071
f 3438/1/5071 3466/1/5071 3467/1/5071
f 3438/1/5071 3467/1/5071 3439/1/5071
f 3454/1/5071 3468/1/5071 3445/1/5071
f 3445/1/5071 3468/1/5071 3469/1/5071
f 3445/1/5071 3469/1/5071 3446/1/5071
f 3446/1/5071 3469/1/5071 3470/1/5071
f 3446/1/5071 3470/1/5071 3471/1/5071
f 3471/1/5071 3470/1/5071 3427/1/5071
f 3471/1/5071 3427/1/5071 3472/1/5071
f 3472/1/5071 3427/1/5071 3429/1/5071
f 3424/1/5072 3423/1/5072 3473/1/5072
f 3473/1/5072 3423/1/5072 3422/1/5072
f 2527/1/5073 2538/1/5073 3474/1/5073
f 3474/1/5074 2538/1/5074 3475/1/5074
f 3474/1/5075 3475/1/5075 3476/1/5075
f 3476/1/5076 3475/1/5076 3473/1/5076
f 3476/1/5077 3473/1/5077 3477/1/5077
f 3477/1/5078 3473/1/5078 3422/1/5078
f 3477/1/5079 3422/1/5079 3421/1/5079
f 3420/1/5080 3384/1/5080 3478/1/5080
f 2521/1/5081 2523/1/5081 3474/1/5081
f 3474/1/5082 2523/1/5082 2525/1/5082
f 3474/1/5083 2525/1/5083 2527/1/5083
f 2515/1/5084 2517/1/5084 3479/1/5084
f 3479/1/5085 2517/1/5085 2519/1/5085
f 3421/1/5086 3420/1/5086 3477/1/5086
f 3477/1/5087 3420/1/5087 3478/1/5087
f 3477/1/5088 3478/1/5088 3476/1/5088
f 3476/1/5089 3478/1/5089 3480/1/5089
f 3476/1/5090 3480/1/5090 3474/1/5090
f 3474/1/5091 3480/1/5091 3479/1/5091
f 3474/1/5092 3479/1/5092 2521/1/5092
f 2521/1/5093 3479/1/5093 2519/1/5093
f 3481/1/5094 3425/1/5094 3424/1/5094
f 3475/1/5095 2538/1/5095 2393/1/5095
f 3424/1/5096 3473/1/5096 3481/1/5096
f 3481/1/5097 3473/1/5097 3475/1/5097
f 3481/1/5097 3475/1/5097 3482/1/5097
f 3482/1/5098 3475/1/5098 2393/1/5098
f 3394/1/5099 3393/1/5099 3483/1/5099
f 3483/1/5100 3393/1/5100 3484/1/5100
f 3483/1/5101 3484/1/5101 3485/1/5101
f 3485/1/5102 3484/1/5102 3486/1/5102
f 3485/1/5103 3486/1/5103 3487/1/5103
f 3487/1/5104 3486/1/5104 3488/1/5104
f 3487/1/5105 3488/1/5105 2509/1/5105
f 2509/1/5106 3488/1/5106 2510/1/5106
f 3388/1/5107 3394/1/5107 3489/1/5107
f 3489/1/5108 3394/1/5108 3483/1/5108
f 3489/1/5109 3483/1/5109 3490/1/5109
f 3490/1/5110 3483/1/5110 3485/1/5110
f 3490/1/5111 3485/1/5111 3491/1/5111
f 3491/1/5112 3485/1/5112 3487/1/5112
f 3491/1/5113 3487/1/5113 2513/1/5113
f 2513/1/5114 3487/1/5114 2509/1/5114
f 3386/1/5115 3388/1/5115 3492/1/5115
f 3492/1/5116 3388/1/5116 3489/1/5116
f 3492/1/5117 3489/1/5117 3493/1/5117
f 3493/1/5118 3489/1/5118 3490/1/5118
f 3493/1/5119 3490/1/5119 3494/1/5119
f 3494/1/5120 3490/1/5120 3491/1/5120
f 3494/1/5121 3491/1/5121 2514/1/5121
f 2514/1/5122 3491/1/5122 2513/1/5122
f 3384/1/5123 3386/1/5123 3478/1/5123
f 3478/1/5124 3386/1/5124 3492/1/5124
f 3478/1/5125 3492/1/5125 3480/1/5125
f 3480/1/5126 3492/1/5126 3493/1/5126
f 3480/1/5127 3493/1/5127 3479/1/5127
f 3479/1/5128 3493/1/5128 3494/1/5128
f 3479/1/5129 3494/1/5129 2515/1/5129
f 2515/1/5130 3494/1/5130 2514/1/5130
f 3495/1/5131 3398/1/5131 3496/1/5131
f 3496/1/5132 3398/1/5132 3396/1/5132
f 3496/1/5133 3396/1/5133 3497/1/5133
f 3497/1/5134 3396/1/5134 3383/1/5134
f 3497/1/5135 3383/1/5135 3498/1/5135
f 3488/1/5136 3486/1/5136 3495/1/5136
f 3495/1/5137 3486/1/5137 3484/1/5137
f 3393/1/5138 3391/1/5138 3484/1/5138
f 3484/1/5139 3391/1/5139 3401/1/5139
f 3484/1/5140 3401/1/5140 3495/1/5140
f 3495/1/5141 3401/1/5141 3400/1/5141
f 3495/1/5142 3400/1/5142 3398/1/5142
f 3498/1/5143 2498/1/5143 3497/1/5143
f 3497/1/5144 2498/1/5144 2503/1/5144
f 3497/1/5145 2503/1/5145 3496/1/5145
f 3496/1/5146 2503/1/5146 2507/1/5146
f 3496/1/5147 2507/1/5147 3495/1/5147
f 3495/1/5148 2507/1/5148 2506/1/5148
f 3495/1/5149 2506/1/5149 3488/1/5149
f 3488/1/5150 2506/1/5150 2510/1/5150
f 3481/1/5151 3499/1/5151 3425/1/5151
f 3425/1/5152 3499/1/5152 3426/1/5152
f 2393/1/5098 2392/1/5098 3482/1/5098
f 3482/1/5153 2392/1/5153 3500/1/5153
f 3482/1/5154 3500/1/5154 3481/1/5154
f 3481/1/5155 3500/1/5155 3501/1/5155
f 3481/1/5156 3501/1/5156 3499/1/5156
f 2496/1/5157 2498/1/5157 3498/1/5157
f 2496/1/5158 3498/1/5158 2495/1/5158
f 3502/1/5159 2493/1/5159 3503/1/5159
f 3503/1/5160 2493/1/5160 2495/1/5160
f 3503/1/5161 2495/1/5161 3504/1/5161
f 3504/1/5162 2495/1/5162 3498/1/5162
f 3505/1/5163 2470/1/5163 3502/1/5163
f 3502/1/5164 2470/1/5164 2491/1/5164
f 3502/1/5165 2491/1/5165 2493/1/5165
f 3506/1/5166 2490/1/5166 3505/1/5166
f 3505/1/5167 2490/1/5167 2471/1/5167
f 3505/1/5168 2471/1/5168 2470/1/5168
f 2488/1/5169 2486/1/5169 3506/1/5169
f 3506/1/5170 2486/1/5170 2485/1/5170
f 3506/1/5171 2485/1/5171 2490/1/5171
f 2482/1/5172 2480/1/5172 3507/1/5172
f 3507/1/5173 2480/1/5173 3508/1/5173
f 3507/1/5174 3508/1/5174 3380/1/5174
f 3380/1/5175 3508/1/5175 3418/1/5175
f 3418/1/5176 3508/1/5176 3509/1/5176
f 3418/1/5177 3509/1/5177 3417/1/5177
f 2480/1/5178 2479/1/5178 3508/1/5178
f 3508/1/5179 2479/1/5179 2488/1/5179
f 3508/1/5180 2488/1/5180 3509/1/5180
f 3509/1/5181 2488/1/5181 3506/1/5181
f 3509/1/5182 3506/1/5182 3417/1/5182
f 3417/1/5183 3506/1/5183 3404/1/5183
f 3404/1/5184 3506/1/5184 3405/1/5184
f 3405/1/5185 3506/1/5185 3505/1/5185
f 3405/1/5186 3505/1/5186 3407/1/5186
f 3407/1/5187 3505/1/5187 3502/1/5187
f 3407/1/5188 3502/1/5188 3409/1/5188
f 3409/1/5189 3502/1/5189 3411/1/5189
f 3411/1/5190 3502/1/5190 3503/1/5190
f 3411/1/5191 3503/1/5191 3413/1/5191
f 3413/1/5192 3503/1/5192 3504/1/5192
f 3413/1/5193 3504/1/5193 3414/1/5193
f 3498/1/5194 3383/1/5194 3382/1/5194
f 3498/1/5195 3382/1/5195 3504/1/5195
f 3504/1/5196 3382/1/5196 3402/1/5196
f 3504/1/5197 3402/1/5197 3414/1/5197
f 3419/1/5198 3426/1/5198 3499/1/5198
f 2392/1/5199 2401/1/5199 3500/1/5199
f 3500/1/5200 2401/1/5200 2411/1/5200
f 2409/1/5201 2407/1/5201 3510/1/5201
f 3510/1/5202 2407/1/5202 2405/1/5202
f 3510/1/5203 2405/1/5203 2403/1/5203
f 3349/1/5204 3419/1/5204 3511/1/5204
f 3511/1/5205 3419/1/5205 3499/1/5205
f 3511/1/5206 3499/1/5206 3512/1/5206
f 3512/1/5207 3499/1/5207 3501/1/5207
f 3512/1/5208 3501/1/5208 3510/1/5208
f 3510/1/5209 3501/1/5209 3500/1/5209
f 3510/1/5210 3500/1/5210 2409/1/5210
f 2409/1/5211 3500/1/5211 2411/1/5211
f 2482/1/5212 3507/1/5212 2476/1/5212
f 2476/1/5213 3507/1/5213 3513/1/5213
f 2476/1/5214 3513/1/5214 2477/1/5214
f 2477/1/5215 3513/1/5215 2478/1/5215
f 3514/1/5216 2467/1/5216 2474/1/5216
f 3380/1/5217 3379/1/5217 3507/1/5217
f 3507/1/5218 3379/1/5218 3515/1/5218
f 3507/1/5219 3515/1/5219 3513/1/5219
f 3379/1/5220 3378/1/5220 3515/1/5220
f 3515/1/5221 3378/1/5221 3516/1/5221
f 3515/1/5222 3516/1/5222 3513/1/5222
f 3513/1/5223 3516/1/5223 3514/1/5223
f 3513/1/5224 3514/1/5224 2478/1/5224
f 2478/1/5225 3514/1/5225 2474/1/5225
f 3517/1/5226 2417/1/5226 2423/1/5226
f 3343/1/5227 3518/1/5227 3341/1/5227
f 3341/1/5228 3518/1/5228 3519/1/5228
f 3341/1/5229 3519/1/5229 3340/1/5229
f 3340/1/5230 3519/1/5230 3520/1/5230
f 3340/1/5231 3520/1/5231 3338/1/5231
f 3338/1/5232 3520/1/5232 3521/1/5232
f 3338/1/5233 3521/1/5233 3337/1/5233
f 3337/1/5234 3521/1/5234 3522/1/5234
f 3337/1/5235 3522/1/5235 3335/1/5235
f 3517/1/5236 2423/1/5236 3523/1/5236
f 3518/1/5237 3523/1/5237 3519/1/5237
f 3519/1/5238 3523/1/5238 2423/1/5238
f 3519/1/5239 2423/1/5239 3520/1/5239
f 3520/1/5240 2423/1/5240 2422/1/5240
f 3520/1/5241 2422/1/5241 3521/1/5241
f 3521/1/5242 2422/1/5242 2421/1/5242
f 3521/1/5243 2421/1/5243 3522/1/5243
f 3522/1/5244 2421/1/5244 2420/1/5244
f 3347/1/5245 3349/1/5245 3524/1/5245
f 3524/1/5246 3349/1/5246 3511/1/5246
f 3524/1/5247 3511/1/5247 3525/1/5247
f 3525/1/5248 3511/1/5248 3512/1/5248
f 3525/1/5249 3512/1/5249 3526/1/5249
f 3526/1/5250 3512/1/5250 3510/1/5250
f 3526/1/5251 3510/1/5251 2402/1/5251
f 2402/1/5252 3510/1/5252 2403/1/5252
f 3346/1/5253 3347/1/5253 3527/1/5253
f 3527/1/5254 3347/1/5254 3524/1/5254
f 3527/1/5255 3524/1/5255 3528/1/5255
f 3528/1/5256 3524/1/5256 3525/1/5256
f 3528/1/5257 3525/1/5257 3529/1/5257
f 3529/1/5258 3525/1/5258 3526/1/5258
f 3529/1/5259 3526/1/5259 2412/1/5259
f 2412/1/5260 3526/1/5260 2402/1/5260
f 3344/1/5261 3346/1/5261 3530/1/5261
f 3530/1/5262 3346/1/5262 3527/1/5262
f 3530/1/5263 3527/1/5263 3531/1/5263
f 3531/1/5264 3527/1/5264 3528/1/5264
f 3531/1/5265 3528/1/5265 3532/1/5265
f 3532/1/5266 3528/1/5266 3529/1/5266
f 3532/1/5267 3529/1/5267 2414/1/5267
f 2414/1/5268 3529/1/5268 2412/1/5268
f 3343/1/5269 3344/1/5269 3518/1/5269
f 3518/1/5270 3344/1/5270 3530/1/5270
f 3518/1/5271 3530/1/5271 3523/1/5271
f 3523/1/5272 3530/1/5272 3531/1/5272
f 3523/1/5273 3531/1/5273 3517/1/5273
f 3517/1/5274 3531/1/5274 3532/1/5274
f 3517/1/5275 3532/1/5275 2417/1/5275
f 2417/1/5276 3532/1/5276 2414/1/5276
f 3372/1/5277 3377/1/5277 3533/1/5277
f 2464/1/5278 2467/1/5278 3533/1/5278
f 3533/1/5279 2467/1/5279 3514/1/5279
f 3533/1/5280 3514/1/5280 3516/1/5280
f 3372/1/5281 3533/1/5281 3373/1/5281
f 3373/1/5282 3533/1/5282 3516/1/5282
f 3373/1/5283 3516/1/5283 3378/1/5283
f 3333/1/5284 3335/1/5284 3522/1/5284
f 3364/1/5285 3363/1/5285 3534/1/5285
f 3534/1/5286 3363/1/5286 3362/1/5286
f 3364/1/5287 3534/1/5287 3365/1/5287
f 3365/1/5288 3534/1/5288 3535/1/5288
f 3365/1/5289 3535/1/5289 3367/1/5289
f 3367/1/5290 3535/1/5290 3536/1/5290
f 3367/1/5291 3536/1/5291 3369/1/5291
f 3369/1/5292 3536/1/5292 3537/1/5292
f 3369/1/5293 3537/1/5293 3370/1/5293
f 3370/1/5294 3537/1/5294 3538/1/5294
f 3370/1/5295 3538/1/5295 3355/1/5295
f 3355/1/5296 3538/1/5296 3356/1/5296
f 3356/1/5297 3538/1/5297 3539/1/5297
f 3356/1/5298 3539/1/5298 3352/1/5298
f 3352/1/5299 3539/1/5299 3540/1/5299
f 3352/1/5300 3540/1/5300 3350/1/5300
f 2434/1/5301 2433/1/5301 3541/1/5301
f 3541/1/5302 2433/1/5302 2431/1/5302
f 3541/1/5303 2431/1/5303 3534/1/5303
f 3534/1/5304 2431/1/5304 2437/1/5304
f 3534/1/5305 2437/1/5305 3535/1/5305
f 3333/1/5306 3522/1/5306 3358/1/5306
f 2420/1/5307 2434/1/5307 3522/1/5307
f 3522/1/5308 2434/1/5308 3541/1/5308
f 3522/1/5309 3541/1/5309 3358/1/5309
f 3358/1/5310 3541/1/5310 3534/1/5310
f 3358/1/5311 3534/1/5311 3360/1/5311
f 3360/1/5312 3534/1/5312 3362/1/5312
f 2437/1/5313 2436/1/5313 3535/1/5313
f 3535/1/5314 2436/1/5314 2442/1/5314
f 3535/1/5315 2442/1/5315 3536/1/5315
f 3536/1/5316 2442/1/5316 2441/1/5316
f 3536/1/5317 2441/1/5317 3537/1/5317
f 3537/1/5318 2441/1/5318 2439/1/5318
f 3537/1/5319 2439/1/5319 3538/1/5319
f 3538/1/5320 2439/1/5320 2443/1/5320
f 3538/1/5321 2443/1/5321 3539/1/5321
f 3539/1/5322 2443/1/5322 2445/1/5322
f 3539/1/5323 2445/1/5323 3540/1/5323
f 2463/1/5324 2464/1/5324 3542/1/5324
f 3542/1/5278 2464/1/5278 3533/1/5278
f 3542/1/5325 3533/1/5325 3376/1/5325
f 3376/1/5326 3533/1/5326 3377/1/5326
f 2453/1/5327 2455/1/5327 3543/1/5327
f 2447/1/5328 2449/1/5328 3544/1/5328
f 2445/1/5329 2447/1/5329 3540/1/5329
f 3540/1/5330 2447/1/5330 3544/1/5330
f 3540/1/5331 3544/1/5331 3350/1/5331
f 3350/1/5332 3544/1/5332 3545/1/5332
f 3350/1/5333 3545/1/5333 3374/1/5333
f 2453/1/5334 3543/1/5334 2451/1/5334
f 3375/1/5335 3374/1/5335 3546/1/5335
f 3546/1/5336 3374/1/5336 3545/1/5336
f 3546/1/5337 3545/1/5337 3543/1/5337
f 3543/1/5338 3545/1/5338 3544/1/5338
f 3543/1/5339 3544/1/5339 2451/1/5339
f 2451/1/5340 3544/1/5340 2449/1/5340
f 2455/1/5341 2463/1/5341 3543/1/5341
f 3543/1/5324 2463/1/5324 3542/1/5324
f 3543/1/5342 3542/1/5342 3546/1/5342
f 3546/1/5343 3542/1/5343 3376/1/5343
f 3546/1/5344 3376/1/5344 3375/1/5344
f 3449/1/5345 3547/1/5345 3447/1/5345
f 3447/1/5345 3547/1/5345 3548/1/5345
f 3447/1/5346 3548/1/5346 3445/1/5346
f 3445/1/5346 3548/1/5346 3549/1/5346
f 3445/1/5347 3549/1/5347 3452/1/5347
f 3452/1/5347 3549/1/5347 3550/1/5347
f 3452/1/5348 3550/1/5348 3450/1/5348
f 3450/1/5348 3550/1/5348 3551/1/5348
f 3450/1/5349 3551/1/5349 3464/1/5349
f 3464/1/5349 3551/1/5349 3552/1/5349
f 3464/1/5350 3552/1/5350 3462/1/5350
f 3462/1/5350 3552/1/5350 3553/1/5350
f 3462/1/5351 3553/1/5351 3460/1/5351
f 3460/1/5351 3553/1/5351 3554/1/5351
f 3460/1/5352 3554/1/5352 3444/1/5352
f 3444/1/5352 3554/1/5352 3555/1/5352
f 3444/1/5353 3555/1/5353 3442/1/5353
f 3442/1/5353 3555/1/5353 3556/1/5353
f 3442/1/130 3556/1/130 3440/1/130
f 3440/1/130 3556/1/130 3557/1/130
f 3440/1/5354 3557/1/5354 3438/1/5354
f 3438/1/5354 3557/1/5354 3558/1/5354
f 3438/1/5355 3558/1/5355 3465/1/5355
f 3465/1/5355 3558/1/5355 3559/1/5355
f 3465/1/5356 3559/1/5356 3449/1/5356
f 3449/1/5356 3559/1/5356 3547/1/5356
f 3470/1/5345 3560/1/5345 3427/1/5345
f 3427/1/5345 3560/1/5345 3561/1/5345
f 3427/1/5346 3561/1/5346 3428/1/5346
f 3428/1/5346 3561/1/5346 3562/1/5346
f 3428/1/5347 3562/1/5347 3431/1/5347
f 3431/1/5347 3562/1/5347 3563/1/5347
f 3431/1/5348 3563/1/5348 3434/1/5348
f 3434/1/5348 3563/1/5348 3564/1/5348
f 3434/1/5349 3564/1/5349 3436/1/5349
f 3436/1/5349 3564/1/5349 3565/1/5349
f 3436/1/5350 3565/1/5350 3456/1/5350
f 3456/1/5350 3565/1/5350 3566/1/5350
f 3456/1/5351 3566/1/5351 3457/1/5351
f 3457/1/5351 3566/1/5351 3567/1/5351
f 3457/1/5352 3567/1/5352 3451/1/5352
f 3451/1/5352 3567/1/5352 3568/1/5352
f 3451/1/5353 3568/1/5353 3453/1/5353
f 3453/1/5353 3568/1/5353 3569/1/5353
f 3453/1/130 3569/1/130 3454/1/130
f 3454/1/130 3569/1/130 3570/1/130
f 3454/1/5354 3570/1/5354 3468/1/5354
f 3468/1/5354 3570/1/5354 3571/1/5354
f 3468/1/5355 3571/1/5355 3469/1/5355
f 3469/1/5355 3571/1/5355 3572/1/5355
f 3469/1/5356 3572/1/5356 3470/1/5356
f 3470/1/5356 3572/1/5356 3560/1/5356
f 3472/1/5357 3573/1/5357 3471/1/5357
f 3471/1/5357 3573/1/5357 3574/1/5357
f 3471/1/5358 3574/1/5358 3446/1/5358
f 3446/1/5358 3574/1/5358 3575/1/5358
f 3430/1/5359 3576/1/5359 3429/1/5359
f 3429/1/5359 3576/1/5359 3577/1/5359
f 3429/1/5360 3577/1/5360 3472/1/5360
f 3433/1/5361 3578/1/5361 3432/1/5361
f 3432/1/5361 3578/1/5361 3579/1/5361
f 3432/1/5362 3579/1/5362 3430/1/5362
f 3455/1/5363 3580/1/5363 3437/1/5363
f 3437/1/5363 3580/1/5363 3581/1/5363
f 3437/1/5364 3581/1/5364 3435/1/5364
f 3435/1/5364 3581/1/5364 3582/1/5364
f 3385/1/5365 3575/1/5365 3387/1/5365
f 3387/1/5365 3575/1/5365 3574/1/5365
f 3387/1/5366 3574/1/5366 3389/1/5366
f 3389/1/5367 3574/1/5367 3573/1/5367
f 3389/1/5368 3573/1/5368 3392/1/5368
f 3472/1/5360 3577/1/5360 3573/1/5360
f 3573/1/5369 3577/1/5369 3390/1/5369
f 3573/1/5370 3390/1/5370 3392/1/5370
f 3381/1/5371 3395/1/5371 3576/1/5371
f 3576/1/5372 3395/1/5372 3397/1/5372
f 3576/1/5373 3397/1/5373 3577/1/5373
f 3577/1/5374 3397/1/5374 3399/1/5374
f 3577/1/5375 3399/1/5375 3390/1/5375
f 3430/1/5362 3579/1/5362 3576/1/5362
f 3576/1/5376 3579/1/5376 3403/1/5376
f 3576/1/5377 3403/1/5377 3381/1/5377
f 3406/1/5378 3578/1/5378 3582/1/5378
f 3582/1/5379 3578/1/5379 3433/1/5379
f 3582/1/5379 3433/1/5379 3435/1/5379
f 3406/1/5380 3408/1/5380 3578/1/5380
f 3578/1/5381 3408/1/5381 3410/1/5381
f 3578/1/5382 3410/1/5382 3579/1/5382
f 3579/1/5383 3410/1/5383 3412/1/5383
f 3579/1/5384 3412/1/5384 3403/1/5384
f 3580/1/5385 3371/1/5385 3581/1/5385
f 3581/1/5385 3371/1/5385 3416/1/5385
f 3581/1/5386 3416/1/5386 3582/1/5386
f 3582/1/5387 3416/1/5387 3415/1/5387
f 3582/1/5388 3415/1/5388 3406/1/5388
f 3351/1/5389 3371/1/5389 3583/1/5389
f 3583/1/5389 3371/1/5389 3580/1/5389
f 3583/1/5390 3580/1/5390 3463/1/5390
f 3463/1/5390 3580/1/5390 3455/1/5390
f 3385/1/5391 3348/1/5391 3575/1/5391
f 3575/1/5391 3348/1/5391 3584/1/5391
f 3575/1/5392 3584/1/5392 3446/1/5392
f 3446/1/5392 3584/1/5392 3448/1/5392
f 3448/1/5393 3584/1/5393 3466/1/5393
f 3466/1/5393 3584/1/5393 3585/1/5393
f 3466/1/5394 3585/1/5394 3467/1/5394
f 3467/1/5394 3585/1/5394 3586/1/5394
f 3467/1/5395 3586/1/5395 3439/1/5395
f 3439/1/5395 3586/1/5395 3587/1/5395
f 3439/1/5396 3587/1/5396 3441/1/5396
f 3441/1/5396 3587/1/5396 3588/1/5396
f 3441/1/5397 3588/1/5397 3443/1/5397
f 3443/1/5397 3588/1/5397 3589/1/5397
f 3443/1/5398 3589/1/5398 3458/1/5398
f 3458/1/5398 3589/1/5398 3590/1/5398
f 3458/1/5399 3590/1/5399 3459/1/5399
f 3459/1/5399 3590/1/5399 3591/1/5399
f 3459/1/5400 3591/1/5400 3461/1/5400
f 3461/1/5400 3591/1/5400 3592/1/5400
f 3461/1/5401 3592/1/5401 3463/1/5401
f 3463/1/5401 3592/1/5401 3583/1/5401
f 3351/1/5402 3583/1/5402 3353/1/5402
f 3353/1/5402 3583/1/5402 3592/1/5402
f 3353/1/5403 3592/1/5403 3354/1/5403
f 3354/1/5404 3592/1/5404 3591/1/5404
f 3354/1/5405 3591/1/5405 3368/1/5405
f 3368/1/5406 3591/1/5406 3366/1/5406
f 3366/1/5407 3591/1/5407 3590/1/5407
f 3366/1/5408 3590/1/5408 3361/1/5408
f 3361/1/5409 3590/1/5409 3359/1/5409
f 3359/1/5410 3590/1/5410 3589/1/5410
f 3359/1/5411 3589/1/5411 3357/1/5411
f 3584/1/5412 3348/1/5412 3585/1/5412
f 3585/1/5412 3348/1/5412 3345/1/5412
f 3585/1/5413 3345/1/5413 3586/1/5413
f 3586/1/5413 3345/1/5413 3342/1/5413
f 3586/1/5414 3342/1/5414 3587/1/5414
f 3587/1/5414 3342/1/5414 3339/1/5414
f 3587/1/5415 3339/1/5415 3588/1/5415
f 3588/1/5416 3339/1/5416 3336/1/5416
f 3588/1/5417 3336/1/5417 3589/1/5417
f 3589/1/5418 3336/1/5418 3334/1/5418
f 3589/1/5419 3334/1/5419 3357/1/5419
f 3547/1/5071 3559/1/5071 3552/1/5071
f 3552/1/5071 3559/1/5071 3554/1/5071
f 3552/1/5071 3554/1/5071 3553/1/5071
f 3552/1/5071 3551/1/5071 3550/1/5071
f 3555/1/5071 3554/1/5071 3556/1/5071
f 3556/1/5071 3554/1/5071 3559/1/5071
f 3556/1/5071 3559/1/5071 3557/1/5071
f 3557/1/5071 3559/1/5071 3558/1/5071
f 3547/1/5071 3552/1/5071 3548/1/5071
f 3548/1/5071 3552/1/5071 3550/1/5071
f 3548/1/5071 3550/1/5071 3549/1/5071
f 3567/1/5071 3566/1/5071 3565/1/5071
f 3569/1/5071 3568/1/5071 3567/1/5071
f 3565/1/5071 3564/1/5071 3561/1/5071
f 3561/1/5071 3564/1/5071 3563/1/5071
f 3561/1/5071 3563/1/5071 3562/1/5071
f 3570/1/5071 3569/1/5071 3571/1/5071
f 3571/1/5071 3569/1/5071 3567/1/5071
f 3571/1/5071 3567/1/5071 3572/1/5071
f 3572/1/5071 3567/1/5071 3565/1/5071
f 3572/1/5071 3565/1/5071 3560/1/5071
f 3560/1/5071 3565/1/5071 3561/1/5071
f 543/1/5420 324/1/5420 538/1/5420
f 538/1/5420 324/1/5420 326/1/5420
f 549/1/5421 552/1/5421 3593/1/5421
f 549/1/5422 3593/1/5422 3594/1/5422
f 3594/1/5423 3593/1/5423 548/1/5423
f 3594/1/5424 548/1/5424 545/1/5424
f 289/1/1 2282/1/1 3595/1/1
f 3595/1/1 2282/1/1 2281/1/1
f 3595/1/1 2281/1/1 3596/1/1
f 3596/1/1 2281/1/1 2280/1/1
f 3596/1/1 2280/1/1 235/1/1
f 3597/1/126 3598/1/126 3596/1/126
f 3596/1/126 3598/1/126 3595/1/126
f 386/1/5425 383/1/5425 3599/1/5425
f 386/1/5426 3599/1/5426 388/1/5426
f 388/1/5427 3599/1/5427 3600/1/5427
f 388/1/5428 3600/1/5428 3601/1/5428
f 383/1/5429 381/1/5429 3599/1/5429
f 3599/1/5430 381/1/5430 379/1/5430
f 3599/1/5431 379/1/5431 3602/1/5431
f 3602/1/5432 379/1/5432 377/1/5432
f 3602/1/5433 377/1/5433 376/1/5433
f 347/1/5434 463/1/5434 3602/1/5434
f 240/1/5435 347/1/5435 241/1/5435
f 241/1/5435 347/1/5435 3602/1/5435
f 241/1/5436 3602/1/5436 243/1/5436
f 243/1/5437 3602/1/5437 376/1/5437
f 243/1/5438 376/1/5438 559/1/5438
f 452/1/5439 450/1/5439 3603/1/5439
f 463/1/5440 457/1/5440 3602/1/5440
f 3602/1/5441 457/1/5441 456/1/5441
f 3602/1/5442 456/1/5442 454/1/5442
f 452/1/5443 3603/1/5443 454/1/5443
f 454/1/5444 3603/1/5444 3604/1/5444
f 454/1/5445 3604/1/5445 3602/1/5445
f 450/1/5446 447/1/5446 3603/1/5446
f 3603/1/5447 447/1/5447 445/1/5447
f 3603/1/5448 445/1/5448 3605/1/5448
f 340/1/5449 342/1/5449 353/1/5449
f 353/1/5450 342/1/5450 3605/1/5450
f 353/1/5451 3605/1/5451 444/1/5451
f 444/1/5452 3605/1/5452 445/1/5452
f 344/1/5453 3606/1/5453 342/1/5453
f 342/1/5454 3606/1/5454 3607/1/5454
f 342/1/5455 3607/1/5455 3605/1/5455
f 3608/1/5456 3609/1/5456 346/1/5456
f 346/1/5457 3609/1/5457 3610/1/5457
f 346/1/5458 3610/1/5458 344/1/5458
f 344/1/5459 3610/1/5459 3611/1/5459
f 344/1/5460 3611/1/5460 3606/1/5460
f 369/1/5461 367/1/5461 3612/1/5461
f 3613/1/5462 3614/1/5462 418/1/5462
f 418/1/5463 414/1/5463 3613/1/5463
f 3613/1/5464 414/1/5464 408/1/5464
f 3613/1/5465 408/1/5465 410/1/5465
f 3593/1/5466 552/1/5466 401/1/5466
f 401/1/5467 410/1/5467 411/1/5467
f 548/1/5468 3593/1/5468 404/1/5468
f 404/1/5469 3593/1/5469 401/1/5469
f 404/1/5470 401/1/5470 405/1/5470
f 405/1/5471 401/1/5471 411/1/5471
f 410/1/5472 401/1/5472 3613/1/5472
f 3613/1/5473 401/1/5473 399/1/5473
f 3613/1/5474 399/1/5474 398/1/5474
f 398/1/5475 395/1/5475 3613/1/5475
f 3613/1/5476 395/1/5476 393/1/5476
f 3613/1/5477 393/1/5477 3601/1/5477
f 3601/1/5478 393/1/5478 390/1/5478
f 3601/1/5479 390/1/5479 388/1/5479
f 324/1/5480 543/1/5480 429/1/5480
f 365/1/5481 363/1/5481 429/1/5481
f 429/1/5482 363/1/5482 362/1/5482
f 322/1/5483 324/1/5483 361/1/5483
f 361/1/5484 324/1/5484 429/1/5484
f 361/1/5485 429/1/5485 359/1/5485
f 359/1/5486 429/1/5486 362/1/5486
f 367/1/5487 365/1/5487 3612/1/5487
f 3612/1/5488 365/1/5488 429/1/5488
f 3612/1/5489 429/1/5489 3615/1/5489
f 429/1/5490 428/1/5490 3615/1/5490
f 3615/1/5491 428/1/5491 426/1/5491
f 3615/1/5492 426/1/5492 425/1/5492
f 425/1/5493 422/1/5493 3615/1/5493
f 3615/1/5494 422/1/5494 421/1/5494
f 3615/1/5495 421/1/5495 3614/1/5495
f 3614/1/5496 421/1/5496 419/1/5496
f 3614/1/5497 419/1/5497 418/1/5497
f 3616/1/5498 232/1/5498 230/1/5498
f 230/1/5499 354/1/5499 3616/1/5499
f 3616/1/5500 354/1/5500 443/1/5500
f 3616/1/5501 443/1/5501 3617/1/5501
f 443/1/5502 442/1/5502 3617/1/5502
f 3617/1/5503 442/1/5503 441/1/5503
f 3617/1/5504 441/1/5504 439/1/5504
f 439/1/5505 438/1/5505 3617/1/5505
f 3617/1/5506 438/1/5506 433/1/5506
f 3617/1/5507 433/1/5507 3618/1/5507
f 3618/1/5508 433/1/5508 432/1/5508
f 3618/1/5509 432/1/5509 3612/1/5509
f 3612/1/5510 432/1/5510 371/1/5510
f 3612/1/5511 371/1/5511 369/1/5511
f 3597/1/5512 3596/1/5512 3619/1/5512
f 3619/1/5513 3596/1/5513 235/1/5513
f 3619/1/5514 235/1/5514 3620/1/5514
f 3620/1/5515 235/1/5515 234/1/5515
f 3620/1/5516 234/1/5516 3621/1/5516
f 3621/1/5517 234/1/5517 232/1/5517
f 3621/1/5518 232/1/5518 3622/1/5518
f 3622/1/5519 232/1/5519 3616/1/5519
f 3623/1/5520 3624/1/5520 3625/1/5520
f 3623/1/5520 3625/1/5520 3626/1/5520
f 3626/1/5521 3625/1/5521 3627/1/5521
f 3626/1/5522 3627/1/5522 3628/1/5522
f 3628/1/5523 3627/1/5523 3598/1/5523
f 3628/1/5523 3598/1/5523 3597/1/5523
f 522/1/5524 300/1/5524 285/1/5524
f 2326/1/5525 2328/1/5525 3629/1/5525
f 2326/1/5526 3629/1/5526 2325/1/5526
f 2325/1/5527 3629/1/5527 3630/1/5527
f 2325/1/5528 3630/1/5528 3631/1/5528
f 2328/1/5529 2330/1/5529 3629/1/5529
f 3629/1/5530 2330/1/5530 2329/1/5530
f 3629/1/5531 2329/1/5531 3632/1/5531
f 3632/1/5532 2329/1/5532 2327/1/5532
f 3632/1/5533 2327/1/5533 3633/1/5533
f 3633/1/5534 2327/1/5534 539/1/5534
f 530/1/5535 529/1/5535 3633/1/5535
f 328/1/5536 530/1/5536 327/1/5536
f 327/1/5536 530/1/5536 3633/1/5536
f 327/1/5537 3633/1/5537 326/1/5537
f 326/1/5538 3633/1/5538 539/1/5538
f 326/1/5539 539/1/5539 538/1/5539
f 529/1/5540 533/1/5540 3633/1/5540
f 3633/1/5541 533/1/5541 532/1/5541
f 3633/1/5542 532/1/5542 3634/1/5542
f 3634/1/5543 532/1/5543 528/1/5543
f 3634/1/5544 528/1/5544 3635/1/5544
f 3635/1/5545 528/1/5545 2331/1/5545
f 3635/1/5546 2331/1/5546 3636/1/5546
f 3636/1/5547 2331/1/5547 3637/1/5547
f 3637/1/5548 2331/1/5548 3638/1/5548
f 3638/1/5549 2331/1/5549 2332/1/5549
f 3638/1/5550 2332/1/5550 3639/1/5550
f 2332/1/5551 2333/1/5551 3639/1/5551
f 3639/1/5552 2333/1/5552 2334/1/5552
f 3639/1/5553 2334/1/5553 3640/1/5553
f 3640/1/5554 2334/1/5554 2335/1/5554
f 3640/1/5555 2335/1/5555 3641/1/5555
f 287/1/5556 3642/1/5556 285/1/5556
f 285/1/5557 3642/1/5557 3643/1/5557
f 285/1/5558 3643/1/5558 3644/1/5558
f 2335/1/5559 522/1/5559 3641/1/5559
f 3641/1/5560 522/1/5560 285/1/5560
f 3641/1/5561 285/1/5561 3645/1/5561
f 3645/1/5562 285/1/5562 3644/1/5562
f 3595/1/5563 3598/1/5563 289/1/5563
f 289/1/5564 3598/1/5564 3646/1/5564
f 289/1/5565 3646/1/5565 287/1/5565
f 287/1/5566 3646/1/5566 3647/1/5566
f 287/1/5567 3647/1/5567 3642/1/5567
f 3648/1/5568 3649/1/5568 2318/1/5568
f 3594/1/5569 545/1/5569 544/1/5569
f 2316/1/5570 2315/1/5570 544/1/5570
f 2316/1/5571 544/1/5571 2317/1/5571
f 549/1/5572 3594/1/5572 550/1/5572
f 550/1/5573 3594/1/5573 544/1/5573
f 550/1/5574 544/1/5574 2314/1/5574
f 2314/1/5575 544/1/5575 2315/1/5575
f 2317/1/5576 544/1/5576 2318/1/5576
f 2318/1/5577 544/1/5577 2324/1/5577
f 2318/1/5578 2324/1/5578 3648/1/5578
f 3648/1/5579 2324/1/5579 2323/1/5579
f 3648/1/5580 2323/1/5580 2322/1/5580
f 2322/1/5581 2321/1/5581 3648/1/5581
f 3648/1/5582 2321/1/5582 2320/1/5582
f 3648/1/5583 2320/1/5583 3631/1/5583
f 3631/1/5584 2320/1/5584 2319/1/5584
f 3631/1/5585 2319/1/5585 2325/1/5585
f 558/1/5586 2309/1/5586 3650/1/5586
f 3651/1/5587 2364/1/5587 3652/1/5587
f 3652/1/5588 2364/1/5588 2362/1/5588
f 245/1/5589 554/1/5589 558/1/5589
f 2366/1/5590 558/1/5590 2367/1/5590
f 2367/1/5591 558/1/5591 3650/1/5591
f 2367/1/5592 3650/1/5592 2362/1/5592
f 2362/1/5593 3650/1/5593 3653/1/5593
f 2362/1/5594 3653/1/5594 3652/1/5594
f 321/1/5595 245/1/5595 514/1/5595
f 514/1/5596 245/1/5596 558/1/5596
f 514/1/5597 558/1/5597 2365/1/5597
f 2365/1/5598 558/1/5598 2366/1/5598
f 2309/1/5599 2311/1/5599 3650/1/5599
f 3650/1/5600 2311/1/5600 2310/1/5600
f 3650/1/5601 2310/1/5601 3654/1/5601
f 2310/1/5602 2308/1/5602 3654/1/5602
f 3654/1/5603 2308/1/5603 2307/1/5603
f 3654/1/5604 2307/1/5604 3655/1/5604
f 3655/1/5605 2307/1/5605 2312/1/5605
f 3655/1/5606 2312/1/5606 3649/1/5606
f 3649/1/5607 2312/1/5607 2313/1/5607
f 3649/1/5608 2313/1/5608 2318/1/5608
f 282/1/5609 521/1/5609 3656/1/5609
f 3656/1/5610 521/1/5610 2355/1/5610
f 3656/1/5611 2355/1/5611 3657/1/5611
f 2355/1/5612 2359/1/5612 3657/1/5612
f 3657/1/5613 2359/1/5613 2358/1/5613
f 3657/1/5614 2358/1/5614 3658/1/5614
f 3658/1/5615 2358/1/5615 2357/1/5615
f 2360/1/5616 2361/1/5616 3651/1/5616
f 3651/1/5617 2361/1/5617 2363/1/5617
f 3651/1/5618 2363/1/5618 2364/1/5618
f 2360/1/5619 3651/1/5619 2354/1/5619
f 2354/1/5620 3651/1/5620 3659/1/5620
f 2354/1/5621 3659/1/5621 3660/1/5621
f 2357/1/5622 2356/1/5622 3658/1/5622
f 3658/1/5623 2356/1/5623 2354/1/5623
f 3658/1/5624 2354/1/5624 3661/1/5624
f 3661/1/5625 2354/1/5625 3660/1/5625
f 237/1/5626 236/1/5626 3662/1/5626
f 3663/1/5627 3664/1/5627 3665/1/5627
f 3665/1/5628 3664/1/5628 237/1/5628
f 3665/1/5629 237/1/5629 3666/1/5629
f 3666/1/5630 237/1/5630 3662/1/5630
f 3667/1/5631 3668/1/5631 250/1/5631
f 282/1/5609 3656/1/5609 250/1/5609
f 250/1/5632 3656/1/5632 3669/1/5632
f 250/1/5633 3669/1/5633 3667/1/5633
f 3668/1/5634 3670/1/5634 250/1/5634
f 250/1/5635 3670/1/5635 3671/1/5635
f 250/1/5636 3671/1/5636 236/1/5636
f 236/1/5637 3671/1/5637 3672/1/5637
f 236/1/5638 3672/1/5638 3662/1/5638
f 3623/1/5639 3626/1/5639 3673/1/5639
f 3673/1/5640 3626/1/5640 3674/1/5640
f 3673/1/5641 3674/1/5641 3675/1/5641
f 3675/1/5642 3674/1/5642 3676/1/5642
f 3675/2/5643 3676/2/5643 3677/2/5643
f 3677/2/5644 3676/2/5644 3678/2/5644
f 3677/1/5645 3678/1/5645 3679/1/5645
f 3679/2/5646 3678/2/5646 3680/2/5646
f 3679/2/5647 3680/2/5647 3681/2/5647
f 3681/1/5648 3680/1/5648 3682/1/5648
f 3681/2/5649 3682/2/5649 3683/2/5649
f 3683/2/5650 3682/2/5650 3684/2/5650
f 3683/2/5651 3684/2/5651 3685/2/5651
f 3685/2/5652 3684/2/5652 3686/2/5652
f 3686/2/5653 3684/2/5653 3687/2/5653
f 3686/2/5654 3687/2/5654 3688/2/5654
f 3688/2/5655 3687/2/5655 3689/2/5655
f 3688/2/5656 3689/2/5656 3690/2/5656
f 3690/2/5657 3689/2/5657 3691/2/5657
f 3690/2/5658 3691/2/5658 3692/2/5658
f 3692/2/5659 3691/2/5659 3693/2/5659
f 3693/2/5660 3691/2/5660 3694/2/5660
f 3693/2/5661 3694/2/5661 3695/2/5661
f 3695/2/5662 3694/2/5662 3696/2/5662
f 3695/2/5663 3696/2/5663 3697/2/5663
f 3697/2/5664 3696/2/5664 3698/2/5664
f 3697/2/5665 3698/2/5665 3699/2/5665
f 3699/2/5666 3698/2/5666 3700/2/5666
f 3699/2/5667 3700/2/5667 3701/2/5667
f 3701/2/5668 3700/2/5668 3702/2/5668
f 3702/2/5669 3700/2/5669 3703/2/5669
f 3702/2/5670 3703/2/5670 3704/2/5670
f 3704/2/5671 3703/2/5671 3705/2/5671
f 3704/2/5672 3705/2/5672 3706/2/5672
f 3707/1/5673 3708/1/5673 3709/1/5673
f 3609/1/5674 3707/1/5674 3710/1/5674
f 3711/1/5675 3606/1/5675 3712/1/5675
f 3712/1/5676 3606/1/5676 3611/1/5676
f 3712/1/5677 3611/1/5677 3710/1/5677
f 3710/1/5678 3611/1/5678 3610/1/5678
f 3710/1/5679 3610/1/5679 3609/1/5679
f 3713/1/5680 3603/1/5680 3714/1/5680
f 3714/1/5681 3603/1/5681 3605/1/5681
f 3714/1/5682 3605/1/5682 3711/1/5682
f 3711/1/5683 3605/1/5683 3607/1/5683
f 3711/1/5684 3607/1/5684 3606/1/5684
f 3715/1/5685 3599/1/5685 3716/1/5685
f 3716/1/5686 3599/1/5686 3602/1/5686
f 3716/1/5687 3602/1/5687 3713/1/5687
f 3713/1/5688 3602/1/5688 3604/1/5688
f 3713/1/5689 3604/1/5689 3603/1/5689
f 3613/1/5690 3601/1/5690 3715/1/5690
f 3715/1/5691 3601/1/5691 3600/1/5691
f 3715/1/5692 3600/1/5692 3599/1/5692
f 3715/1/5693 3717/1/5693 3613/1/5693
f 3613/1/5694 3717/1/5694 3718/1/5694
f 3613/1/5695 3718/1/5695 3614/1/5695
f 3614/1/5696 3718/1/5696 3719/1/5696
f 3720/1/5697 3618/1/5697 3721/1/5697
f 3721/1/5698 3618/1/5698 3612/1/5698
f 3721/1/5699 3612/1/5699 3719/1/5699
f 3719/1/5700 3612/1/5700 3615/1/5700
f 3719/1/5701 3615/1/5701 3614/1/5701
f 3707/1/5702 3709/1/5702 3710/1/5702
f 3710/1/5703 3709/1/5703 3722/1/5703
f 3710/1/5704 3722/1/5704 3712/1/5704
f 3712/1/5705 3722/1/5705 3723/1/5705
f 3712/1/5706 3723/1/5706 3711/1/5706
f 3711/1/5707 3723/1/5707 3724/1/5707
f 3711/1/5708 3724/1/5708 3714/1/5708
f 3714/1/5709 3724/1/5709 3725/1/5709
f 3714/1/5710 3725/1/5710 3713/1/5710
f 3713/1/5711 3725/1/5711 3726/1/5711
f 3713/1/5712 3726/1/5712 3716/1/5712
f 3716/1/5713 3726/1/5713 3727/1/5713
f 3716/1/5714 3727/1/5714 3715/1/5714
f 3715/1/5715 3727/1/5715 3728/1/5715
f 3715/1/5716 3728/1/5716 3717/1/5716
f 3717/1/5717 3728/1/5717 3729/1/5717
f 3717/1/5718 3729/1/5718 3718/1/5718
f 3718/1/5719 3729/1/5719 3730/1/5719
f 3718/1/5720 3730/1/5720 3719/1/5720
f 3719/1/5721 3730/1/5721 3731/1/5721
f 3719/1/5722 3731/1/5722 3721/1/5722
f 3721/1/5723 3731/1/5723 3732/1/5723
f 3721/1/5724 3732/1/5724 3720/1/5724
f 3720/1/5725 3732/1/5725 3733/1/5725
f 3720/1/5726 3733/1/5726 3734/1/5726
f 3734/1/5727 3733/1/5727 3735/1/5727
f 3734/1/5728 3735/1/5728 3736/1/5728
f 3620/1/5729 3621/1/5729 3736/1/5729
f 3736/1/5730 3621/1/5730 3622/1/5730
f 3736/1/5731 3622/1/5731 3734/1/5731
f 3734/1/5732 3622/1/5732 3616/1/5732
f 3734/1/5733 3616/1/5733 3720/1/5733
f 3720/1/5734 3616/1/5734 3617/1/5734
f 3720/1/5735 3617/1/5735 3618/1/5735
f 3735/1/5736 3737/1/5736 3736/1/5736
f 3736/1/5737 3737/1/5737 3738/1/5737
f 3736/1/5738 3738/1/5738 3620/1/5738
f 3620/1/5739 3738/1/5739 3619/1/5739
f 3597/1/5740 3619/1/5740 3628/1/5740
f 3628/1/5741 3619/1/5741 3738/1/5741
f 3628/1/5742 3738/1/5742 3626/1/5742
f 3626/1/5743 3738/1/5743 3737/1/5743
f 3626/1/5744 3737/1/5744 3674/1/5744
f 3674/1/5745 3737/1/5745 3735/1/5745
f 3674/1/5746 3735/1/5746 3676/1/5746
f 3676/1/5747 3735/1/5747 3733/1/5747
f 3676/2/5748 3733/2/5748 3678/2/5748
f 3678/2/5749 3733/2/5749 3732/2/5749
f 3678/2/5750 3732/2/5750 3680/2/5750
f 3680/1/5751 3732/1/5751 3731/1/5751
f 3680/1/5752 3731/1/5752 3682/1/5752
f 3682/1/5753 3731/1/5753 3730/1/5753
f 3682/1/5754 3730/1/5754 3684/1/5754
f 3684/1/5755 3730/1/5755 3729/1/5755
f 3684/1/5756 3729/1/5756 3687/1/5756
f 3687/1/5757 3729/1/5757 3728/1/5757
f 3687/1/5758 3728/1/5758 3689/1/5758
f 3689/1/5759 3728/1/5759 3727/1/5759
f 3689/1/5760 3727/1/5760 3691/1/5760
f 3691/1/5761 3727/1/5761 3726/1/5761
f 3691/1/5762 3726/1/5762 3694/1/5762
f 3694/1/5763 3726/1/5763 3725/1/5763
f 3694/1/5764 3725/1/5764 3696/1/5764
f 3696/1/5765 3725/1/5765 3724/1/5765
f 3696/1/5766 3724/1/5766 3698/1/5766
f 3698/1/5767 3724/1/5767 3723/1/5767
f 3698/1/5768 3723/1/5768 3700/1/5768
f 3700/1/5769 3723/1/5769 3722/1/5769
f 3700/1/5770 3722/1/5770 3703/1/5770
f 3703/1/5771 3722/1/5771 3709/1/5771
f 3703/1/5772 3709/1/5772 3705/1/5772
f 3705/1/5773 3709/1/5773 3708/1/5773
f 3705/2/5774 3708/2/5774 3706/2/5774
f 3706/2/5775 3708/2/5775 3739/2/5775
f 346/1/1 2306/1/1 3608/1/1
f 3608/1/1 2306/1/1 2305/1/1
f 3608/1/1 2305/1/1 3664/1/1
f 3664/1/1 2305/1/1 2304/1/1
f 3664/1/1 2304/1/1 237/1/1
f 3598/1/5776 3627/1/5776 3740/1/5776
f 3741/2/5777 3742/2/5777 3743/2/5777
f 3743/1/5778 3742/1/5778 3744/1/5778
f 3743/1/5779 3744/1/5779 3745/1/5779
f 3745/1/5780 3744/1/5780 3746/1/5780
f 3745/1/5781 3746/1/5781 3747/1/5781
f 3747/1/5782 3746/1/5782 3748/1/5782
f 3747/1/5783 3748/1/5783 3749/1/5783
f 3749/1/5784 3748/1/5784 3750/1/5784
f 3749/1/5785 3750/1/5785 3751/1/5785
f 3751/1/5786 3750/1/5786 3752/1/5786
f 3751/1/5787 3752/1/5787 3753/1/5787
f 3753/1/5788 3752/1/5788 3754/1/5788
f 3753/1/5789 3754/1/5789 3755/1/5789
f 3755/1/5790 3754/1/5790 3756/1/5790
f 3756/1/5791 3754/1/5791 3757/1/5791
f 3756/1/5792 3757/1/5792 3758/1/5792
f 3758/1/5793 3757/1/5793 3759/1/5793
f 3758/1/5794 3759/1/5794 3760/1/5794
f 3760/1/5795 3759/1/5795 3761/1/5795
f 3760/1/5796 3761/1/5796 3762/1/5796
f 3762/1/5797 3761/1/5797 3763/1/5797
f 3763/1/5798 3761/1/5798 3764/1/5798
f 3763/1/5799 3764/1/5799 3765/1/5799
f 3765/1/5800 3764/1/5800 3766/1/5800
f 3765/1/5801 3766/1/5801 3767/1/5801
f 3767/1/5802 3766/1/5802 3768/1/5802
f 3767/1/5803 3768/1/5803 3769/1/5803
f 3769/1/5804 3768/1/5804 3770/1/5804
f 3769/1/5805 3770/1/5805 3771/1/5805
f 3771/1/5806 3770/1/5806 3772/1/5806
f 3772/1/5807 3770/1/5807 3773/1/5807
f 3772/1/5808 3773/1/5808 3774/1/5808
f 3774/1/5809 3773/1/5809 3775/1/5809
f 3774/1/5810 3775/1/5810 3776/1/5810
f 3777/1/5811 3647/1/5811 3740/1/5811
f 3740/1/5812 3647/1/5812 3646/1/5812
f 3740/1/5813 3646/1/5813 3598/1/5813
f 3778/1/5814 3643/1/5814 3777/1/5814
f 3777/1/5815 3643/1/5815 3642/1/5815
f 3777/1/5816 3642/1/5816 3647/1/5816
f 3638/1/5817 3639/1/5817 3779/1/5817
f 3779/1/5818 3639/1/5818 3640/1/5818
f 3640/1/5819 3641/1/5819 3779/1/5819
f 3779/1/5820 3641/1/5820 3645/1/5820
f 3779/1/5821 3645/1/5821 3778/1/5821
f 3778/1/5822 3645/1/5822 3644/1/5822
f 3778/1/5823 3644/1/5823 3643/1/5823
f 3780/1/5824 3635/1/5824 3636/1/5824
f 3780/1/5825 3636/1/5825 3779/1/5825
f 3779/1/5826 3636/1/5826 3637/1/5826
f 3779/1/5827 3637/1/5827 3638/1/5827
f 3781/1/5828 3633/1/5828 3780/1/5828
f 3780/1/5829 3633/1/5829 3634/1/5829
f 3780/1/5830 3634/1/5830 3635/1/5830
f 3631/1/5831 3630/1/5831 3782/1/5831
f 3782/1/5832 3630/1/5832 3629/1/5832
f 3782/1/5833 3629/1/5833 3781/1/5833
f 3781/1/5834 3629/1/5834 3632/1/5834
f 3781/1/5835 3632/1/5835 3633/1/5835
f 3631/1/5836 3782/1/5836 3648/1/5836
f 3648/1/5837 3782/1/5837 3783/1/5837
f 3648/1/5838 3783/1/5838 3649/1/5838
f 3649/1/5839 3783/1/5839 3784/1/5839
f 3649/1/5840 3784/1/5840 3655/1/5840
f 3655/1/5841 3784/1/5841 3654/1/5841
f 3654/1/5842 3784/1/5842 3785/1/5842
f 3654/1/5843 3785/1/5843 3650/1/5843
f 3786/1/5844 3651/1/5844 3652/1/5844
f 3786/1/5845 3652/1/5845 3785/1/5845
f 3785/1/5846 3652/1/5846 3653/1/5846
f 3785/1/5847 3653/1/5847 3650/1/5847
f 3787/1/5848 3657/1/5848 3658/1/5848
f 3658/1/5849 3661/1/5849 3787/1/5849
f 3787/1/5850 3661/1/5850 3660/1/5850
f 3787/1/5851 3660/1/5851 3786/1/5851
f 3786/1/5852 3660/1/5852 3659/1/5852
f 3786/1/5853 3659/1/5853 3651/1/5853
f 3657/1/5854 3787/1/5854 3656/1/5854
f 3656/1/5855 3787/1/5855 3788/1/5855
f 3656/1/5856 3788/1/5856 3669/1/5856
f 3789/1/5857 3670/1/5857 3668/1/5857
f 3789/1/5858 3668/1/5858 3788/1/5858
f 3788/1/5859 3668/1/5859 3667/1/5859
f 3788/1/5860 3667/1/5860 3669/1/5860
f 3790/1/5861 3665/1/5861 3666/1/5861
f 3666/1/5862 3662/1/5862 3790/1/5862
f 3790/1/5863 3662/1/5863 3672/1/5863
f 3790/1/5864 3672/1/5864 3789/1/5864
f 3789/1/5865 3672/1/5865 3671/1/5865
f 3789/1/5866 3671/1/5866 3670/1/5866
f 3663/1/5867 3665/1/5867 3791/1/5867
f 3791/1/5868 3665/1/5868 3790/1/5868
f 3791/1/5869 3790/1/5869 3742/1/5869
f 3624/1/5870 3776/1/5870 3625/1/5870
f 3625/1/5871 3776/1/5871 3775/1/5871
f 3625/1/5872 3775/1/5872 3792/1/5872
f 3792/1/5873 3775/1/5873 3773/1/5873
f 3792/1/5874 3773/1/5874 3793/1/5874
f 3793/1/5875 3773/1/5875 3770/1/5875
f 3793/1/5876 3770/1/5876 3794/1/5876
f 3794/1/5877 3770/1/5877 3768/1/5877
f 3794/1/5878 3768/1/5878 3795/1/5878
f 3795/1/5879 3768/1/5879 3766/1/5879
f 3795/1/5880 3766/1/5880 3796/1/5880
f 3796/1/5881 3766/1/5881 3764/1/5881
f 3796/1/5882 3764/1/5882 3797/1/5882
f 3797/1/5883 3764/1/5883 3761/1/5883
f 3797/1/5884 3761/1/5884 3798/1/5884
f 3798/1/5885 3761/1/5885 3759/1/5885
f 3798/1/5886 3759/1/5886 3799/1/5886
f 3799/1/5887 3759/1/5887 3757/1/5887
f 3799/1/5888 3757/1/5888 3800/1/5888
f 3800/1/5889 3757/1/5889 3754/1/5889
f 3800/1/5890 3754/1/5890 3801/1/5890
f 3801/1/5891 3754/1/5891 3752/1/5891
f 3801/1/5892 3752/1/5892 3802/1/5892
f 3802/1/5893 3752/1/5893 3750/1/5893
f 3802/1/5894 3750/1/5894 3803/1/5894
f 3803/1/5895 3750/1/5895 3748/1/5895
f 3803/1/5896 3748/1/5896 3804/1/5896
f 3804/1/5897 3748/1/5897 3746/1/5897
f 3804/1/5898 3746/1/5898 3805/1/5898
f 3805/1/5899 3746/1/5899 3744/1/5899
f 3805/1/5900 3744/1/5900 3806/1/5900
f 3806/1/5901 3744/1/5901 3742/1/5901
f 3742/1/5902 3790/1/5902 3806/1/5902
f 3806/1/5903 3790/1/5903 3789/1/5903
f 3806/1/5904 3789/1/5904 3805/1/5904
f 3805/1/5905 3789/1/5905 3788/1/5905
f 3805/1/5906 3788/1/5906 3804/1/5906
f 3804/1/5907 3788/1/5907 3787/1/5907
f 3804/1/5908 3787/1/5908 3803/1/5908
f 3803/1/5909 3787/1/5909 3786/1/5909
f 3803/1/5910 3786/1/5910 3802/1/5910
f 3802/1/5911 3786/1/5911 3785/1/5911
f 3802/1/5912 3785/1/5912 3801/1/5912
f 3801/1/5913 3785/1/5913 3784/1/5913
f 3801/1/5914 3784/1/5914 3800/1/5914
f 3800/1/5915 3784/1/5915 3783/1/5915
f 3800/1/5916 3783/1/5916 3799/1/5916
f 3799/1/5917 3783/1/5917 3782/1/5917
f 3799/1/5918 3782/1/5918 3798/1/5918
f 3798/1/5919 3782/1/5919 3781/1/5919
f 3798/1/5920 3781/1/5920 3797/1/5920
f 3797/1/5921 3781/1/5921 3780/1/5921
f 3797/1/5922 3780/1/5922 3796/1/5922
f 3796/1/5923 3780/1/5923 3779/1/5923
f 3796/1/5924 3779/1/5924 3795/1/5924
f 3795/1/5925 3779/1/5925 3778/1/5925
f 3795/1/5926 3778/1/5926 3794/1/5926
f 3794/1/5927 3778/1/5927 3777/1/5927
f 3794/1/5928 3777/1/5928 3793/1/5928
f 3793/1/5929 3777/1/5929 3740/1/5929
f 3793/1/5930 3740/1/5930 3792/1/5930
f 3792/1/5931 3740/1/5931 3627/1/5931
f 3792/1/5932 3627/1/5932 3625/1/5932
f 3741/2/5933 3739/2/5933 3708/2/5933
f 3741/2/5933 3708/2/5933 3742/2/5933
f 3742/1/5934 3708/1/5934 3707/1/5934
f 3742/2/5934 3707/2/5934 3791/2/5934
f 3791/1/5935 3707/1/5935 3609/1/5935
f 3791/1/5935 3609/1/5935 3663/1/5935
f 3701/2/5936 3753/2/5936 3699/2/5936
f 3699/2/5937 3753/2/5937 3697/2/5937
f 3701/2/5938 3702/2/5938 3753/2/5938
f 3753/2/5939 3702/2/5939 3704/2/5939
f 3753/2/5940 3704/2/5940 3706/2/5940
f 3745/2/5941 3747/2/5941 3807/2/5941
f 3706/2/5942 3739/2/5942 3753/2/5942
f 3753/2/5943 3739/2/5943 3741/2/5943
f 3753/2/5944 3741/2/5944 3807/2/5944
f 3807/2/5945 3741/2/5945 3743/2/5945
f 3807/2/5946 3743/2/5946 3745/2/5946
f 3747/2/5947 3749/2/5947 3807/2/5947
f 3807/2/5948 3749/2/5948 3751/2/5948
f 3807/2/5949 3751/2/5949 3753/2/5949
f 3756/2/5950 3758/2/5950 3695/2/5950
f 3695/2/5951 3758/2/5951 3760/2/5951
f 3695/2/5952 3760/2/5952 3693/2/5952
f 3697/2/5953 3753/2/5953 3695/2/5953
f 3695/2/5954 3753/2/5954 3755/2/5954
f 3695/2/5955 3755/2/5955 3756/2/5955
f 3762/2/5956 3690/2/5956 3760/2/5956
f 3760/2/5957 3690/2/5957 3692/2/5957
f 3760/2/5958 3692/2/5958 3693/2/5958
f 3762/2/5959 3763/2/5959 3690/2/5959
f 3690/2/5960 3763/2/5960 3765/2/5960
f 3690/2/5961 3765/2/5961 3688/2/5961
f 3688/2/5962 3765/2/5962 3686/2/5962
f 3686/2/5963 3765/2/5963 3685/2/5963
f 3685/2/5964 3765/2/5964 3767/2/5964
f 3685/2/5965 3767/2/5965 3683/2/5965
f 3683/2/5966 3767/2/5966 3769/2/5966
f 3683/2/5967 3769/2/5967 3771/2/5967
f 3771/2/5968 3772/2/5968 3683/2/5968
f 3683/2/5969 3772/2/5969 3774/2/5969
f 3683/2/5970 3774/2/5970 3776/2/5970
f 3776/2/5971 3624/2/5971 3683/2/5971
f 3683/2/5972 3624/2/5972 3623/2/5972
f 3683/2/5973 3623/2/5973 3673/2/5973
f 3673/2/5974 3675/2/5974 3683/2/5974
f 3683/2/5975 3675/2/5975 3677/2/5975
f 3683/2/5976 3677/2/5976 3681/2/5976
f 3681/2/5977 3677/2/5977 3679/2/5977
f 3663/1/129 3609/1/129 3664/1/129
f 3664/1/128 3609/1/128 3608/1/128
f 554/1/5978 245/1/5978 559/1/5978
f 559/1/5978 245/1/5978 243/1/5978
f 85/1/130 1273/1/130 3808/1/130
f 3808/1/130 1273/1/130 1272/1/130
f 3808/1/130 1272/1/130 3809/1/130
f 3809/1/144 1272/1/144 1270/1/144
f 3809/1/130 1270/1/130 7/1/130
f 1453/1/5979 20/1/5979 1455/1/5979
f 1455/1/5979 20/1/5979 18/1/5979
f 1463/1/5980 1460/1/5980 3810/1/5980
f 1463/1/5981 3810/1/5981 3811/1/5981
f 3811/1/5982 3810/1/5982 1458/1/5982
f 3811/1/5983 1458/1/5983 1457/1/5983
f 3812/1/129 3813/1/129 3809/1/129
f 3809/1/128 3813/1/128 3808/1/128
f 121/1/5984 189/1/5984 3814/1/5984
f 121/1/5985 3814/1/5985 122/1/5985
f 122/1/5986 3814/1/5986 3815/1/5986
f 122/1/5987 3815/1/5987 3816/1/5987
f 189/1/5988 187/1/5988 3814/1/5988
f 3814/1/5989 187/1/5989 185/1/5989
f 3814/1/5990 185/1/5990 3817/1/5990
f 3817/1/5991 185/1/5991 183/1/5991
f 3817/1/5992 183/1/5992 182/1/5992
f 177/1/5993 179/1/5993 3817/1/5993
f 12/1/5994 177/1/5994 13/1/5994
f 13/1/5994 177/1/5994 3817/1/5994
f 13/1/5995 3817/1/5995 18/1/5995
f 18/1/5996 3817/1/5996 182/1/5996
f 18/1/5480 182/1/5480 1455/1/5480
f 116/1/5997 115/1/5997 3818/1/5997
f 179/1/5998 171/1/5998 3817/1/5998
f 3817/1/5999 171/1/5999 170/1/5999
f 3817/1/6000 170/1/6000 118/1/6000
f 116/1/6001 3818/1/6001 118/1/6001
f 118/1/6002 3818/1/6002 3819/1/6002
f 118/1/6003 3819/1/6003 3817/1/6003
f 115/1/6004 168/1/6004 3818/1/6004
f 3818/1/6005 168/1/6005 166/1/6005
f 3818/1/6006 166/1/6006 3820/1/6006
f 107/1/6007 109/1/6007 163/1/6007
f 163/1/6008 109/1/6008 3820/1/6008
f 163/1/6009 3820/1/6009 164/1/6009
f 164/1/6010 3820/1/6010 166/1/6010
f 111/1/6011 3821/1/6011 109/1/6011
f 109/1/6012 3821/1/6012 3822/1/6012
f 109/1/6013 3822/1/6013 3820/1/6013
f 3823/1/6014 3824/1/6014 113/1/6014
f 113/1/6015 3824/1/6015 3825/1/6015
f 113/1/6016 3825/1/6016 111/1/6016
f 111/1/6017 3825/1/6017 3826/1/6017
f 111/1/6018 3826/1/6018 3821/1/6018
f 144/1/6019 142/1/6019 3827/1/6019
f 3828/1/6020 3829/1/6020 129/1/6020
f 129/1/6021 127/1/6021 3828/1/6021
f 3828/1/6022 127/1/6022 207/1/6022
f 3828/1/6023 207/1/6023 209/1/6023
f 3811/1/6024 1457/1/6024 199/1/6024
f 199/1/6025 209/1/6025 210/1/6025
f 1463/1/6026 3811/1/6026 206/1/6026
f 206/1/6027 3811/1/6027 199/1/6027
f 206/1/6028 199/1/6028 204/1/6028
f 204/1/6029 199/1/6029 210/1/6029
f 209/1/6030 199/1/6030 3828/1/6030
f 3828/1/6031 199/1/6031 195/1/6031
f 3828/1/6032 195/1/6032 197/1/6032
f 197/1/6033 198/1/6033 3828/1/6033
f 3828/1/6034 198/1/6034 192/1/6034
f 3828/1/6035 192/1/6035 3816/1/6035
f 3816/1/6036 192/1/6036 124/1/6036
f 3816/1/6037 124/1/6037 122/1/6037
f 104/1/5438 1467/1/5438 218/1/5438
f 140/1/6038 138/1/6038 218/1/6038
f 218/1/6039 138/1/6039 137/1/6039
f 106/1/6040 104/1/6040 136/1/6040
f 136/1/6041 104/1/6041 218/1/6041
f 136/1/6042 218/1/6042 134/1/6042
f 134/1/6043 218/1/6043 137/1/6043
f 142/1/6044 140/1/6044 3827/1/6044
f 3827/1/6045 140/1/6045 218/1/6045
f 3827/1/6046 218/1/6046 3830/1/6046
f 3830/1/6047 218/1/6047 220/1/6047
f 3830/1/6048 220/1/6048 216/1/6048
f 216/1/6049 215/1/6049 3830/1/6049
f 3830/1/6050 215/1/6050 217/1/6050
f 3830/1/6051 217/1/6051 3829/1/6051
f 3829/1/6052 217/1/6052 131/1/6052
f 3829/1/6053 131/1/6053 129/1/6053
f 3831/1/6054 4/1/6054 2/1/6054
f 2/1/6055 162/1/6055 3831/1/6055
f 3831/1/6056 162/1/6056 161/1/6056
f 3831/1/6057 161/1/6057 3832/1/6057
f 161/1/6058 159/1/6058 3832/1/6058
f 3832/1/6059 159/1/6059 158/1/6059
f 3832/1/6060 158/1/6060 156/1/6060
f 156/1/6061 155/1/6061 3832/1/6061
f 3832/1/6062 155/1/6062 150/1/6062
f 3832/1/6063 150/1/6063 3833/1/6063
f 3833/1/6064 150/1/6064 149/1/6064
f 3833/1/6065 149/1/6065 3827/1/6065
f 3827/1/6066 149/1/6066 146/1/6066
f 3827/1/6067 146/1/6067 144/1/6067
f 3812/1/6068 3809/1/6068 3834/1/6068
f 3834/1/6069 3809/1/6069 7/1/6069
f 3834/1/6070 7/1/6070 3835/1/6070
f 3835/1/6071 7/1/6071 6/1/6071
f 3835/1/6072 6/1/6072 3836/1/6072
f 3836/1/6073 6/1/6073 4/1/6073
f 3836/1/6074 4/1/6074 3837/1/6074
f 3837/1/6075 4/1/6075 3831/1/6075
f 3838/1/6076 3839/1/6076 3840/1/6076
f 3838/1/6077 3840/1/6077 3841/1/6077
f 3841/1/6078 3840/1/6078 3842/1/6078
f 3841/1/6078 3842/1/6078 3843/1/6078
f 3843/1/6079 3842/1/6079 3813/1/6079
f 3843/1/6079 3813/1/6079 3812/1/6079
f 1412/1/6080 79/1/6080 81/1/6080
f 1377/1/6081 1445/1/6081 3844/1/6081
f 1377/1/6082 3844/1/6082 1376/1/6082
f 1376/1/6083 3844/1/6083 3845/1/6083
f 1376/1/6084 3845/1/6084 3846/1/6084
f 1445/1/6085 1447/1/6085 3844/1/6085
f 3844/1/6086 1447/1/6086 1446/1/6086
f 3844/1/6087 1446/1/6087 3847/1/6087
f 3847/1/6088 1446/1/6088 1444/1/6088
f 3847/1/6089 1444/1/6089 3848/1/6089
f 3848/1/6090 1444/1/6090 1443/1/6090
f 1382/1/6091 1381/1/6091 3848/1/6091
f 90/1/6092 1382/1/6092 89/1/6092
f 89/1/6093 1382/1/6093 3848/1/6093
f 89/1/6094 3848/1/6094 87/1/6094
f 87/1/6095 3848/1/6095 1443/1/6095
f 87/1/5589 1443/1/5589 1466/1/5589
f 1381/1/6096 1385/1/6096 3848/1/6096
f 3848/1/6097 1385/1/6097 1384/1/6097
f 3848/1/6098 1384/1/6098 3849/1/6098
f 3849/1/6099 1384/1/6099 1380/1/6099
f 3849/1/6100 1380/1/6100 3850/1/6100
f 3850/1/6101 1380/1/6101 1403/1/6101
f 3850/1/6102 1403/1/6102 3851/1/6102
f 3851/1/6103 1403/1/6103 3852/1/6103
f 3852/1/6104 1403/1/6104 3853/1/6104
f 3853/1/6105 1403/1/6105 1404/1/6105
f 3853/1/6106 1404/1/6106 3854/1/6106
f 1404/1/6107 1405/1/6107 3854/1/6107
f 3854/1/6108 1405/1/6108 1408/1/6108
f 3854/1/6109 1408/1/6109 3855/1/6109
f 3855/1/6110 1408/1/6110 1410/1/6110
f 3855/1/6111 1410/1/6111 3856/1/6111
f 83/1/6112 3857/1/6112 81/1/6112
f 81/1/6113 3857/1/6113 3858/1/6113
f 81/1/6114 3858/1/6114 3859/1/6114
f 1410/1/6115 1412/1/6115 3856/1/6115
f 3856/1/6116 1412/1/6116 81/1/6116
f 3856/1/6117 81/1/6117 3860/1/6117
f 3860/1/6118 81/1/6118 3859/1/6118
f 3808/1/6119 3813/1/6119 85/1/6119
f 85/1/6120 3813/1/6120 3861/1/6120
f 85/1/6121 3861/1/6121 83/1/6121
f 83/1/6122 3861/1/6122 3862/1/6122
f 83/1/6123 3862/1/6123 3857/1/6123
f 1437/1/6124 1436/1/6124 3863/1/6124
f 3863/1/6125 1436/1/6125 1433/1/6125
f 3863/1/6126 1433/1/6126 3864/1/6126
f 1442/1/6127 1435/1/6127 1434/1/6127
f 1460/1/6128 1442/1/6128 3810/1/6128
f 3810/1/6129 1442/1/6129 1434/1/6129
f 3810/1/6130 1434/1/6130 1458/1/6130
f 1440/1/6131 3864/1/6131 1441/1/6131
f 1441/1/6132 3864/1/6132 1433/1/6132
f 1441/1/6133 1433/1/6133 1442/1/6133
f 1442/1/6134 1433/1/6134 1432/1/6134
f 1442/1/6135 1432/1/6135 1435/1/6135
f 1440/1/6136 1439/1/6136 3864/1/6136
f 3864/1/6137 1439/1/6137 1438/1/6137
f 3864/1/6138 1438/1/6138 3846/1/6138
f 3846/1/6139 1438/1/6139 1375/1/6139
f 3846/1/6140 1375/1/6140 1376/1/6140
f 20/1/5539 1453/1/5539 1429/1/5539
f 1425/1/6141 1426/1/6141 1429/1/6141
f 1429/1/6142 1426/1/6142 1422/1/6142
f 102/1/6143 20/1/6143 1420/1/6143
f 1420/1/6144 20/1/6144 1429/1/6144
f 1420/1/6145 1429/1/6145 1421/1/6145
f 1421/1/6146 1429/1/6146 1422/1/6146
f 3865/1/6147 1429/1/6147 3866/1/6147
f 3866/1/6148 1429/1/6148 1428/1/6148
f 1424/1/6149 1425/1/6149 3867/1/6149
f 3867/1/6150 1425/1/6150 1429/1/6150
f 3867/1/6151 1429/1/6151 3868/1/6151
f 3868/1/6152 1429/1/6152 3865/1/6152
f 1428/1/6153 1431/1/6153 3866/1/6153
f 3866/1/6154 1431/1/6154 1430/1/6154
f 3866/1/6155 1430/1/6155 3869/1/6155
f 1430/1/6156 1427/1/6156 3869/1/6156
f 3869/1/6157 1427/1/6157 1372/1/6157
f 3869/1/6158 1372/1/6158 3870/1/6158
f 3870/1/6159 1372/1/6159 1373/1/6159
f 3870/1/6160 1373/1/6160 3863/1/6160
f 3863/1/6161 1373/1/6161 1374/1/6161
f 3863/1/6162 1374/1/6162 1437/1/6162
f 69/1/6163 1413/1/6163 3871/1/6163
f 3871/1/6164 1413/1/6164 1414/1/6164
f 3871/1/6165 1414/1/6165 3872/1/6165
f 1414/1/6166 1418/1/6166 3872/1/6166
f 3872/1/6167 1418/1/6167 1417/1/6167
f 3872/1/6168 1417/1/6168 3873/1/6168
f 3873/1/6169 1417/1/6169 1416/1/6169
f 1370/1/6170 1371/1/6170 3867/1/6170
f 3867/1/6171 1371/1/6171 1423/1/6171
f 3867/1/6172 1423/1/6172 1424/1/6172
f 1370/1/6173 3867/1/6173 1369/1/6173
f 1369/1/6174 3867/1/6174 3874/1/6174
f 1369/1/6175 3874/1/6175 3875/1/6175
f 1416/1/6176 1415/1/6176 3873/1/6176
f 3873/1/6177 1415/1/6177 1369/1/6177
f 3873/1/6178 1369/1/6178 3876/1/6178
f 3876/1/6179 1369/1/6179 3875/1/6179
f 9/1/6180 8/1/6180 3877/1/6180
f 3878/1/6181 3879/1/6181 3880/1/6181
f 3880/1/6182 3879/1/6182 9/1/6182
f 3880/1/6183 9/1/6183 3881/1/6183
f 3881/1/6184 9/1/6184 3877/1/6184
f 3882/1/6185 3883/1/6185 26/1/6185
f 69/1/6163 3871/1/6163 26/1/6163
f 26/1/6186 3871/1/6186 3884/1/6186
f 26/1/6187 3884/1/6187 3882/1/6187
f 3883/1/6188 3885/1/6188 26/1/6188
f 26/1/6189 3885/1/6189 3886/1/6189
f 26/1/6190 3886/1/6190 8/1/6190
f 8/1/6191 3886/1/6191 3887/1/6191
f 8/1/6192 3887/1/6192 3877/1/6192
f 3838/1/6193 3841/1/6193 3888/1/6193
f 3888/1/6194 3841/1/6194 3889/1/6194
f 3888/1/6195 3889/1/6195 3890/1/6195
f 3890/1/6196 3889/1/6196 3891/1/6196
f 3890/1/6197 3891/1/6197 3892/1/6197
f 3892/1/6198 3891/1/6198 3893/1/6198
f 3892/1/6199 3893/1/6199 3894/1/6199
f 3894/1/6200 3893/1/6200 3895/1/6200
f 3894/1/6201 3895/1/6201 3896/1/6201
f 3896/1/6202 3895/1/6202 3897/1/6202
f 3896/3/6203 3897/3/6203 3898/3/6203
f 3898/3/6204 3897/3/6204 3899/3/6204
f 3898/3/6205 3899/3/6205 3900/3/6205
f 3900/3/6206 3899/3/6206 3901/3/6206
f 3901/3/6207 3899/3/6207 3902/3/6207
f 3901/3/6208 3902/3/6208 3903/3/6208
f 3903/3/6209 3902/3/6209 3904/3/6209
f 3903/3/6210 3904/3/6210 3905/3/6210
f 3905/3/6211 3904/3/6211 3906/3/6211
f 3905/3/6212 3906/3/6212 3907/3/6212
f 3907/3/6213 3906/3/6213 3908/3/6213
f 3908/3/6214 3906/3/6214 3909/3/6214
f 3908/3/6215 3909/3/6215 3910/3/6215
f 3910/3/6216 3909/3/6216 3911/3/6216
f 3910/3/6217 3911/3/6217 3912/3/6217
f 3912/3/6218 3911/3/6218 3913/3/6218
f 3912/3/6219 3913/3/6219 3914/3/6219
f 3914/3/6220 3913/3/6220 3915/3/6220
f 3914/3/6221 3915/3/6221 3916/3/6221
f 3916/3/6222 3915/3/6222 3917/3/6222
f 3917/3/6223 3915/3/6223 3918/3/6223
f 3917/3/6224 3918/3/6224 3919/3/6224
f 3919/3/6225 3918/3/6225 3920/3/6225
f 3919/3/6226 3920/3/6226 3921/3/6226
f 3922/1/6227 3923/1/6227 3924/1/6227
f 3824/1/6228 3922/1/6228 3925/1/6228
f 3926/1/6229 3821/1/6229 3927/1/6229
f 3927/1/6230 3821/1/6230 3826/1/6230
f 3927/1/6231 3826/1/6231 3925/1/6231
f 3925/1/6232 3826/1/6232 3825/1/6232
f 3925/1/6233 3825/1/6233 3824/1/6233
f 3928/1/6234 3818/1/6234 3929/1/6234
f 3929/1/6235 3818/1/6235 3820/1/6235
f 3929/1/6236 3820/1/6236 3926/1/6236
f 3926/1/6237 3820/1/6237 3822/1/6237
f 3926/1/6238 3822/1/6238 3821/1/6238
f 3930/1/6239 3814/1/6239 3931/1/6239
f 3931/1/6240 3814/1/6240 3817/1/6240
f 3931/1/6241 3817/1/6241 3928/1/6241
f 3928/1/6242 3817/1/6242 3819/1/6242
f 3928/1/6243 3819/1/6243 3818/1/6243
f 3828/1/6244 3816/1/6244 3930/1/6244
f 3930/1/6245 3816/1/6245 3815/1/6245
f 3930/1/6246 3815/1/6246 3814/1/6246
f 3930/1/6247 3932/1/6247 3828/1/6247
f 3828/1/6248 3932/1/6248 3933/1/6248
f 3828/1/6249 3933/1/6249 3829/1/6249
f 3829/1/6250 3933/1/6250 3934/1/6250
f 3935/1/6251 3833/1/6251 3936/1/6251
f 3936/1/6252 3833/1/6252 3827/1/6252
f 3936/1/6253 3827/1/6253 3934/1/6253
f 3934/1/6254 3827/1/6254 3830/1/6254
f 3934/1/6255 3830/1/6255 3829/1/6255
f 3922/1/6256 3924/1/6256 3925/1/6256
f 3925/1/6257 3924/1/6257 3937/1/6257
f 3925/1/6258 3937/1/6258 3927/1/6258
f 3927/1/6259 3937/1/6259 3938/1/6259
f 3927/1/6260 3938/1/6260 3926/1/6260
f 3926/1/6261 3938/1/6261 3939/1/6261
f 3926/1/6262 3939/1/6262 3929/1/6262
f 3929/1/6263 3939/1/6263 3940/1/6263
f 3929/1/6264 3940/1/6264 3928/1/6264
f 3928/1/6265 3940/1/6265 3941/1/6265
f 3928/1/6266 3941/1/6266 3931/1/6266
f 3931/1/6267 3941/1/6267 3942/1/6267
f 3931/1/6268 3942/1/6268 3930/1/6268
f 3930/1/6269 3942/1/6269 3943/1/6269
f 3930/1/6270 3943/1/6270 3932/1/6270
f 3932/1/6271 3943/1/6271 3944/1/6271
f 3932/1/6272 3944/1/6272 3933/1/6272
f 3933/1/6273 3944/1/6273 3945/1/6273
f 3933/1/6274 3945/1/6274 3934/1/6274
f 3934/1/6275 3945/1/6275 3946/1/6275
f 3934/1/6276 3946/1/6276 3936/1/6276
f 3936/1/6277 3946/1/6277 3947/1/6277
f 3936/1/6278 3947/1/6278 3935/1/6278
f 3935/1/6279 3947/1/6279 3948/1/6279
f 3935/1/6280 3948/1/6280 3949/1/6280
f 3949/1/6281 3948/1/6281 3950/1/6281
f 3949/1/6282 3950/1/6282 3951/1/6282
f 3835/1/6283 3836/1/6283 3951/1/6283
f 3951/1/6284 3836/1/6284 3837/1/6284
f 3951/1/6285 3837/1/6285 3949/1/6285
f 3949/1/6286 3837/1/6286 3831/1/6286
f 3949/1/6287 3831/1/6287 3935/1/6287
f 3935/1/6288 3831/1/6288 3832/1/6288
f 3935/1/6289 3832/1/6289 3833/1/6289
f 3950/1/6290 3952/1/6290 3951/1/6290
f 3951/1/6291 3952/1/6291 3953/1/6291
f 3951/1/6292 3953/1/6292 3835/1/6292
f 3835/1/6293 3953/1/6293 3834/1/6293
f 3812/1/6294 3834/1/6294 3843/1/6294
f 3843/1/6295 3834/1/6295 3953/1/6295
f 3843/1/6296 3953/1/6296 3841/1/6296
f 3841/1/6297 3953/1/6297 3952/1/6297
f 3841/1/6298 3952/1/6298 3889/1/6298
f 3889/1/6299 3952/1/6299 3950/1/6299
f 3889/1/6300 3950/1/6300 3891/1/6300
f 3891/1/6301 3950/1/6301 3948/1/6301
f 3891/1/6302 3948/1/6302 3893/1/6302
f 3893/1/6303 3948/1/6303 3947/1/6303
f 3893/1/6304 3947/1/6304 3895/1/6304
f 3895/1/6305 3947/1/6305 3946/1/6305
f 3895/1/6306 3946/1/6306 3897/1/6306
f 3897/1/6307 3946/1/6307 3945/1/6307
f 3897/1/6308 3945/1/6308 3899/1/6308
f 3899/1/6309 3945/1/6309 3944/1/6309
f 3899/1/6310 3944/1/6310 3902/1/6310
f 3902/1/6311 3944/1/6311 3943/1/6311
f 3902/1/6312 3943/1/6312 3904/1/6312
f 3904/1/6313 3943/1/6313 3942/1/6313
f 3904/1/6314 3942/1/6314 3906/1/6314
f 3906/1/6315 3942/1/6315 3941/1/6315
f 3906/1/6316 3941/1/6316 3909/1/6316
f 3909/1/6317 3941/1/6317 3940/1/6317
f 3909/1/6318 3940/1/6318 3911/1/6318
f 3911/1/6319 3940/1/6319 3939/1/6319
f 3911/1/6320 3939/1/6320 3913/1/6320
f 3913/1/6321 3939/1/6321 3938/1/6321
f 3913/1/6322 3938/1/6322 3915/1/6322
f 3915/1/6323 3938/1/6323 3937/1/6323
f 3915/1/6324 3937/1/6324 3918/1/6324
f 3918/1/6325 3937/1/6325 3924/1/6325
f 3918/1/6326 3924/1/6326 3920/1/6326
f 3920/1/6327 3924/1/6327 3923/1/6327
f 3920/3/6328 3923/3/6328 3921/3/6328
f 3921/3/6329 3923/3/6329 3954/3/6329
f 113/1/130 1259/1/130 3823/1/130
f 3823/1/130 1259/1/130 1260/1/130
f 3823/1/130 1260/1/130 3879/1/130
f 3879/1/130 1260/1/130 1262/1/130
f 3879/1/130 1262/1/130 9/1/130
f 3813/1/6330 3842/1/6330 3955/1/6330
f 3956/3/6331 3957/3/6331 3958/3/6331
f 3958/3/6332 3957/3/6332 3959/3/6332
f 3958/3/6333 3959/3/6333 3960/3/6333
f 3960/3/6334 3959/3/6334 3961/3/6334
f 3960/1/6335 3961/1/6335 3962/1/6335
f 3962/1/6336 3961/1/6336 3963/1/6336
f 3962/1/6337 3963/1/6337 3964/1/6337
f 3964/1/6338 3963/1/6338 3965/1/6338
f 3964/1/6339 3965/1/6339 3966/1/6339
f 3966/4/6340 3965/4/6340 3967/4/6340
f 3966/4/6341 3967/4/6341 3968/4/6341
f 3968/1/6342 3967/1/6342 3969/1/6342
f 3968/1/6343 3969/1/6343 3970/1/6343
f 3970/1/6344 3969/1/6344 3971/1/6344
f 3971/1/6345 3969/1/6345 3972/1/6345
f 3971/1/6346 3972/1/6346 3973/1/6346
f 3973/1/6347 3972/1/6347 3974/1/6347
f 3973/1/6348 3974/1/6348 3975/1/6348
f 3975/1/6349 3974/1/6349 3976/1/6349
f 3975/1/6350 3976/1/6350 3977/1/6350
f 3977/1/6351 3976/1/6351 3978/1/6351
f 3978/1/6352 3976/1/6352 3979/1/6352
f 3978/1/6353 3979/1/6353 3980/1/6353
f 3980/1/6354 3979/1/6354 3981/1/6354
f 3980/1/6355 3981/1/6355 3982/1/6355
f 3982/1/6356 3981/1/6356 3983/1/6356
f 3982/1/6357 3983/1/6357 3984/1/6357
f 3984/1/6358 3983/1/6358 3985/1/6358
f 3984/1/6359 3985/1/6359 3986/1/6359
f 3986/1/6360 3985/1/6360 3987/1/6360
f 3987/1/6361 3985/1/6361 3988/1/6361
f 3987/1/6362 3988/1/6362 3989/1/6362
f 3989/1/6363 3988/1/6363 3990/1/6363
f 3989/1/6364 3990/1/6364 3991/1/6364
f 3992/1/6365 3862/1/6365 3955/1/6365
f 3955/1/6366 3862/1/6366 3861/1/6366
f 3955/1/6367 3861/1/6367 3813/1/6367
f 3993/1/6368 3858/1/6368 3992/1/6368
f 3992/1/6369 3858/1/6369 3857/1/6369
f 3992/1/6370 3857/1/6370 3862/1/6370
f 3853/1/6371 3854/1/6371 3994/1/6371
f 3994/1/6372 3854/1/6372 3855/1/6372
f 3855/1/6373 3856/1/6373 3994/1/6373
f 3994/1/6374 3856/1/6374 3860/1/6374
f 3994/1/6375 3860/1/6375 3993/1/6375
f 3993/1/6376 3860/1/6376 3859/1/6376
f 3993/1/6377 3859/1/6377 3858/1/6377
f 3995/1/6378 3850/1/6378 3851/1/6378
f 3995/1/6379 3851/1/6379 3994/1/6379
f 3994/1/6380 3851/1/6380 3852/1/6380
f 3994/1/6381 3852/1/6381 3853/1/6381
f 3996/1/6382 3848/1/6382 3995/1/6382
f 3995/1/6383 3848/1/6383 3849/1/6383
f 3995/1/6384 3849/1/6384 3850/1/6384
f 3846/1/6385 3845/1/6385 3997/1/6385
f 3997/1/6386 3845/1/6386 3844/1/6386
f 3997/1/6387 3844/1/6387 3996/1/6387
f 3996/1/6388 3844/1/6388 3847/1/6388
f 3996/1/6389 3847/1/6389 3848/1/6389
f 3846/1/6390 3997/1/6390 3864/1/6390
f 3864/1/6391 3997/1/6391 3998/1/6391
f 3864/1/6392 3998/1/6392 3863/1/6392
f 3863/1/6393 3998/1/6393 3999/1/6393
f 3863/1/6394 3999/1/6394 3870/1/6394
f 3870/1/6395 3999/1/6395 3869/1/6395
f 3869/1/6396 3999/1/6396 4000/1/6396
f 3869/1/6397 4000/1/6397 3866/1/6397
f 4001/1/6398 3867/1/6398 3868/1/6398
f 4001/1/6399 3868/1/6399 4000/1/6399
f 4000/1/6400 3868/1/6400 3865/1/6400
f 4000/1/6401 3865/1/6401 3866/1/6401
f 4002/1/6402 3872/1/6402 3873/1/6402
f 3873/1/6403 3876/1/6403 4002/1/6403
f 4002/1/6404 3876/1/6404 3875/1/6404
f 4002/1/6405 3875/1/6405 4001/1/6405
f 4001/1/6406 3875/1/6406 3874/1/6406
f 4001/1/6407 3874/1/6407 3867/1/6407
f 3872/1/6408 4002/1/6408 3871/1/6408
f 3871/1/6409 4002/1/6409 4003/1/6409
f 3871/1/6410 4003/1/6410 3884/1/6410
f 4004/1/6411 3885/1/6411 3883/1/6411
f 4004/1/6412 3883/1/6412 4003/1/6412
f 4003/1/6413 3883/1/6413 3882/1/6413
f 4003/1/6414 3882/1/6414 3884/1/6414
f 4005/1/6415 3880/1/6415 3881/1/6415
f 3881/1/6416 3877/1/6416 4005/1/6416
f 4005/1/6417 3877/1/6417 3887/1/6417
f 4005/1/6418 3887/1/6418 4004/1/6418
f 4004/1/6419 3887/1/6419 3886/1/6419
f 4004/1/6420 3886/1/6420 3885/1/6420
f 3878/1/6421 3880/1/6421 4006/1/6421
f 4006/1/6422 3880/1/6422 4005/1/6422
f 4006/1/6423 4005/1/6423 3957/1/6423
f 3839/1/6424 3991/1/6424 3840/1/6424
f 3840/1/6425 3991/1/6425 3990/1/6425
f 3840/1/6426 3990/1/6426 4007/1/6426
f 4007/1/6427 3990/1/6427 3988/1/6427
f 4007/1/6428 3988/1/6428 4008/1/6428
f 4008/1/6429 3988/1/6429 3985/1/6429
f 4008/1/6430 3985/1/6430 4009/1/6430
f 4009/1/6431 3985/1/6431 3983/1/6431
f 4009/1/6432 3983/1/6432 4010/1/6432
f 4010/1/6433 3983/1/6433 3981/1/6433
f 4010/1/6434 3981/1/6434 4011/1/6434
f 4011/1/6435 3981/1/6435 3979/1/6435
f 4011/1/6436 3979/1/6436 4012/1/6436
f 4012/1/6437 3979/1/6437 3976/1/6437
f 4012/1/6438 3976/1/6438 4013/1/6438
f 4013/1/6439 3976/1/6439 3974/1/6439
f 4013/1/6440 3974/1/6440 4014/1/6440
f 4014/1/6441 3974/1/6441 3972/1/6441
f 4014/1/6442 3972/1/6442 4015/1/6442
f 4015/1/6443 3972/1/6443 3969/1/6443
f 4015/1/6444 3969/1/6444 4016/1/6444
f 4016/1/6445 3969/1/6445 3967/1/6445
f 4016/1/6446 3967/1/6446 4017/1/6446
f 4017/4/6447 3967/4/6447 3965/4/6447
f 4017/1/6448 3965/1/6448 4018/1/6448
f 4018/1/6449 3965/1/6449 3963/1/6449
f 4018/1/6450 3963/1/6450 4019/1/6450
f 4019/1/6451 3963/1/6451 3961/1/6451
f 4019/1/6452 3961/1/6452 4020/1/6452
f 4020/1/6453 3961/1/6453 3959/1/6453
f 4020/1/6454 3959/1/6454 4021/1/6454
f 4021/1/6455 3959/1/6455 3957/1/6455
f 3957/1/6456 4005/1/6456 4021/1/6456
f 4021/1/6457 4005/1/6457 4004/1/6457
f 4021/1/6458 4004/1/6458 4020/1/6458
f 4020/1/6459 4004/1/6459 4003/1/6459
f 4020/1/6460 4003/1/6460 4019/1/6460
f 4019/1/6461 4003/1/6461 4002/1/6461
f 4019/1/6462 4002/1/6462 4018/1/6462
f 4018/1/6463 4002/1/6463 4001/1/6463
f 4018/1/6464 4001/1/6464 4017/1/6464
f 4017/1/6465 4001/1/6465 4000/1/6465
f 4017/1/6466 4000/1/6466 4016/1/6466
f 4016/1/6467 4000/1/6467 3999/1/6467
f 4016/1/6468 3999/1/6468 4015/1/6468
f 4015/1/6469 3999/1/6469 3998/1/6469
f 4015/1/6470 3998/1/6470 4014/1/6470
f 4014/1/6471 3998/1/6471 3997/1/6471
f 4014/1/6472 3997/1/6472 4013/1/6472
f 4013/1/6473 3997/1/6473 3996/1/6473
f 4013/1/6474 3996/1/6474 4012/1/6474
f 4012/1/6475 3996/1/6475 3995/1/6475
f 4012/1/6476 3995/1/6476 4011/1/6476
f 4011/1/6477 3995/1/6477 3994/1/6477
f 4011/1/6478 3994/1/6478 4010/1/6478
f 4010/1/6479 3994/1/6479 3993/1/6479
f 4010/1/6480 3993/1/6480 4009/1/6480
f 4009/1/6481 3993/1/6481 3992/1/6481
f 4009/1/6482 3992/1/6482 4008/1/6482
f 4008/1/6483 3992/1/6483 3955/1/6483
f 4008/1/6484 3955/1/6484 4007/1/6484
f 4007/1/6485 3955/1/6485 3842/1/6485
f 4007/1/6486 3842/1/6486 3840/1/6486
f 3956/3/6487 3954/3/6487 3923/3/6487
f 3956/3/6488 3923/3/6488 3957/3/6488
f 3957/1/6489 3923/1/6489 3922/1/6489
f 3957/1/6489 3922/1/6489 4006/1/6489
f 4006/1/6490 3922/1/6490 3824/1/6490
f 4006/1/6490 3824/1/6490 3878/1/6490
f 3916/4/6491 3968/4/6491 3914/4/6491
f 3914/4/6492 3968/4/6492 3912/4/6492
f 3916/4/6493 3917/4/6493 3968/4/6493
f 3968/1/6494 3917/1/6494 3919/1/6494
f 3968/4/6495 3919/4/6495 3921/4/6495
f 3960/3/6496 3962/3/6496 4022/3/6496
f 3921/4/6497 3954/4/6497 3968/4/6497
f 3968/4/6498 3954/4/6498 3956/4/6498
f 3968/4/6499 3956/4/6499 4022/4/6499
f 4022/5/6500 3956/5/6500 3958/5/6500
f 4022/3/6501 3958/3/6501 3960/3/6501
f 3962/3/6502 3964/3/6502 4022/3/6502
f 4022/6/6503 3964/6/6503 3966/6/6503
f 4022/4/6504 3966/4/6504 3968/4/6504
f 3971/4/6505 3973/4/6505 3910/4/6505
f 3910/4/6506 3973/4/6506 3975/4/6506
f 3910/4/6507 3975/4/6507 3908/4/6507
f 3912/4/6508 3968/4/6508 3910/4/6508
f 3910/4/6509 3968/4/6509 3970/4/6509
f 3910/4/6510 3970/4/6510 3971/4/6510
f 3977/4/6511 3905/4/6511 3975/4/6511
f 3975/4/6512 3905/4/6512 3907/4/6512
f 3975/4/6513 3907/4/6513 3908/4/6513
f 3977/4/6514 3978/4/6514 3905/4/6514
f 3905/4/6515 3978/4/6515 3980/4/6515
f 3905/4/6516 3980/4/6516 3903/4/6516
f 3903/4/6517 3980/4/6517 3901/4/6517
f 3901/4/6518 3980/4/6518 3900/4/6518
f 3900/4/6519 3980/4/6519 3982/4/6519
f 3900/4/6520 3982/4/6520 3898/4/6520
f 3898/4/6521 3982/4/6521 3984/4/6521
f 3898/4/6522 3984/4/6522 3986/4/6522
f 3986/4/6523 3987/4/6523 3898/4/6523
f 3898/4/6524 3987/4/6524 3989/4/6524
f 3898/4/6525 3989/4/6525 3991/4/6525
f 3991/4/6526 3839/4/6526 3898/4/6526
f 3898/4/6527 3839/4/6527 3838/4/6527
f 3898/4/6528 3838/4/6528 3888/4/6528
f 3888/4/6529 3890/4/6529 3898/4/6529
f 3898/1/6530 3890/1/6530 3892/1/6530
f 3898/3/6531 3892/3/6531 3896/3/6531
f 3896/1/6532 3892/1/6532 3894/1/6532
f 3878/1/127 3824/1/127 3879/1/127
f 3879/1/126 3824/1/126 3823/1/126
f 1467/1/6533 104/1/6533 1466/1/6533
f 1466/1/6534 104/1/6534 87/1/6534
f 4023/1/5071 4024/1/5071 4025/1/5071
f 4023/1/5071 4025/1/5071 4026/1/5071
f 4027/1/5071 4028/1/5071 4029/1/5071
f 4029/1/5071 4028/1/5071 4030/1/5071
f 4028/1/5071 4031/1/5071 4030/1/5071
f 4030/1/5071 4031/1/5071 4032/1/5071
f 4030/1/5071 4032/1/5071 4025/1/5071
f 4025/1/5071 4032/1/5071 4033/1/5071
f 4025/1/5071 4033/1/5071 4026/1/5071
f 4034/1/6535 4035/1/6535 4025/1/6535
f 4025/1/6536 4035/1/6536 4036/1/6536
f 4025/1/6536 4036/1/6536 4037/1/6536
f 4037/1/6537 4038/1/6537 4025/1/6537
f 4025/1/6538 4038/1/6538 4039/1/6538
f 4025/1/6539 4039/1/6539 4030/1/6539
f 4030/1/6540 4039/1/6540 4040/1/6540
f 4030/1/6539 4040/1/6539 4041/1/6539
f 4041/1/6536 4042/1/6536 4030/1/6536
f 4030/1/6536 4042/1/6536 4043/1/6536
f 4030/1/6541 4043/1/6541 4044/1/6541
f 4025/1/6542 4024/1/6542 4034/1/6542
f 4034/1/6543 4024/1/6543 4035/1/6543
f 4024/1/6544 4023/1/6544 4035/1/6544
f 4035/1/6545 4023/1/6545 4026/1/6545
f 4035/1/6546 4026/1/6546 4036/1/6546
f 4036/1/6547 4026/1/6547 4033/1/6547
f 4036/1/6548 4033/1/6548 4037/1/6548
f 4030/1/6549 4044/1/6549 4029/1/6549
f 4029/1/6550 4044/1/6550 4043/1/6550
f 4029/1/6551 4043/1/6551 4027/1/6551
f 4027/1/6552 4043/1/6552 4042/1/6552
f 4027/1/6553 4042/1/6553 4028/1/6553
f 4028/1/6554 4042/1/6554 4041/1/6554
f 4031/1/6555 4028/1/6555 4045/1/6555
f 4045/1/6556 4028/1/6556 4041/1/6556
f 4045/1/6557 4041/1/6557 4040/1/6557
f 4033/1/6558 4032/1/6558 4037/1/6558
f 4037/1/6559 4032/1/6559 4046/1/6559
f 4037/1/6560 4046/1/6560 4038/1/6560
f 4038/1/6561 4046/1/6561 4039/1/6561
f 4040/1/6562 4039/1/6562 4045/1/6562
f 4045/1/6563 4039/1/6563 4046/1/6563
f 4045/1/6564 4046/1/6564 4031/1/6564
f 4031/1/6559 4046/1/6559 4032/1/6559
